

================================================================
== Vitis HLS Report for 'matrix_mult'
================================================================
* Date:           Mon May 25 11:40:25 2026

* Version:        2025.2 (Build 6295257 on Nov 14 2025)
* Project:        matrix_mult_prj_solution5
* Solution:       hls (Vivado IP Flow Target)
* Product family: zynq
* Target device:  xc7z010-clg400-1


================================================================
== Performance Estimates
================================================================
+ Timing: 
    * Summary: 
    +--------+----------+----------+------------+
    |  Clock |  Target  | Estimated| Uncertainty|
    +--------+----------+----------+------------+
    |ap_clk  |  10.00 ns|  6.270 ns|     2.70 ns|
    +--------+----------+----------+------------+

+ Latency: 
    * Summary: 
    +---------+---------+----------+----------+-----+-----+---------+
    |  Latency (cycles) |  Latency (absolute) |  Interval | Pipeline|
    |   min   |   max   |    min   |    max   | min | max |   Type  |
    +---------+---------+----------+----------+-----+-----+---------+
    |       21|       21|  0.210 us|  0.210 us|   13|   13|      yes|
    +---------+---------+----------+----------+-----+-----+---------+

    + Detail: 
        * Instance: 
        N/A

        * Loop: 
        N/A

============================================================
+ Verbose Summary: Synthesis Manager
============================================================
InlineROM: 1
ExposeGlobal: 0
============================================================
+ Verbose Summary: CDFG Model
============================================================
IsTopModel: 1
ResetActiveHigh: 1
IsCombinational: 0
IsDatapathOnly: 0
HasWiredReturn: 1
HasMFsm: 2
HasVarLatency: 0
IsPipeline: 1
IsRtlPipelined: 1
IsInstanceOverlapped: 0
IsDontTouch: 0
HasImplIP: 0
IsGatedGlobalClock: 0

+ Individual pipeline summary: 
  * Pipeline-0: initiation interval (II) = 13, depth = 22


============================================================
+ Verbose Summary: Schedule
============================================================
* Number of FSM states : 22
* Pipeline : 1
  Pipeline-0 : II = 13, D = 22, States = { 1 2 3 4 5 6 7 8 9 10 11 12 13 14 15 16 17 18 19 20 21 22 }
* Dataflow Pipeline: 0

* FSM state transitions: 
1 --> 2 
2 --> 3 
3 --> 4 
4 --> 5 
5 --> 6 
6 --> 7 
7 --> 8 
8 --> 9 
9 --> 10 
10 --> 11 
11 --> 12 
12 --> 13 
13 --> 14 
14 --> 15 
15 --> 16 
16 --> 17 
17 --> 18 
18 --> 19 
19 --> 20 
20 --> 21 
21 --> 22 
22 --> 

* FSM state operations: 

State 1 <SV = 0> <Delay = 0.00>
ST_1 : Operation 23 [1/1] (0.00ns)   --->   "%a_addr = getelementptr i40 %a, i64 0, i64 0" [../solution5/matrix_mult.cpp:25]   --->   Operation 23 'getelementptr' 'a_addr' <Predicate = true> <Delay = 0.00>
ST_1 : Operation 24 [2/2] (0.00ns)   --->   "%a_load = load i3 %a_addr" [../solution5/matrix_mult.cpp:25]   --->   Operation 24 'load' 'a_load' <Predicate = true> <Delay = 0.00> <CoreInst = "RAM">   --->   Core 81 'RAM' <Latency = 1> <II = 1> <Delay = 2.32> <Storage> <Opcode : 'load' 'store'> <Ports = 2> <Width = 40> <Depth = 5> <RAM>
ST_1 : Operation 25 [1/1] (0.00ns)   --->   "%b_addr = getelementptr i40 %b, i64 0, i64 0" [../solution5/matrix_mult.cpp:25]   --->   Operation 25 'getelementptr' 'b_addr' <Predicate = true> <Delay = 0.00>
ST_1 : Operation 26 [2/2] (0.00ns)   --->   "%b_load = load i3 %b_addr" [../solution5/matrix_mult.cpp:25]   --->   Operation 26 'load' 'b_load' <Predicate = true> <Delay = 0.00> <CoreInst = "RAM">   --->   Core 81 'RAM' <Latency = 1> <II = 1> <Delay = 2.32> <Storage> <Opcode : 'load' 'store'> <Ports = 2> <Width = 40> <Depth = 5> <RAM>
ST_1 : Operation 27 [1/1] (0.00ns)   --->   "%b_addr_1 = getelementptr i40 %b, i64 0, i64 1" [../solution5/matrix_mult.cpp:25]   --->   Operation 27 'getelementptr' 'b_addr_1' <Predicate = true> <Delay = 0.00>
ST_1 : Operation 28 [2/2] (0.00ns)   --->   "%b_load_1 = load i3 %b_addr_1" [../solution5/matrix_mult.cpp:25]   --->   Operation 28 'load' 'b_load_1' <Predicate = true> <Delay = 0.00> <CoreInst = "RAM">   --->   Core 81 'RAM' <Latency = 1> <II = 1> <Delay = 2.32> <Storage> <Opcode : 'load' 'store'> <Ports = 2> <Width = 40> <Depth = 5> <RAM>
ST_1 : Operation 29 [1/1] (0.00ns)   --->   "%a_addr_1 = getelementptr i40 %a, i64 0, i64 1" [../solution5/matrix_mult.cpp:25]   --->   Operation 29 'getelementptr' 'a_addr_1' <Predicate = true> <Delay = 0.00>
ST_1 : Operation 30 [2/2] (0.00ns)   --->   "%a_load_1 = load i3 %a_addr_1" [../solution5/matrix_mult.cpp:25]   --->   Operation 30 'load' 'a_load_1' <Predicate = true> <Delay = 0.00> <CoreInst = "RAM">   --->   Core 81 'RAM' <Latency = 1> <II = 1> <Delay = 2.32> <Storage> <Opcode : 'load' 'store'> <Ports = 2> <Width = 40> <Depth = 5> <RAM>

State 2 <SV = 1> <Delay = 4.17>
ST_2 : Operation 31 [1/2] ( I:0.00ns O:0.00ns )   --->   "%a_load = load i3 %a_addr" [../solution5/matrix_mult.cpp:25]   --->   Operation 31 'load' 'a_load' <Predicate = true> <Delay = 0.00> <CoreInst = "RAM">   --->   Core 81 'RAM' <Latency = 1> <II = 1> <Delay = 2.32> <Storage> <Opcode : 'load' 'store'> <Ports = 2> <Width = 40> <Depth = 5> <RAM>
ST_2 : Operation 32 [1/1] (0.00ns)   --->   "%trunc_ln25 = trunc i40 %a_load" [../solution5/matrix_mult.cpp:25]   --->   Operation 32 'trunc' 'trunc_ln25' <Predicate = true> <Delay = 0.00>
ST_2 : Operation 33 [1/2] ( I:0.00ns O:0.00ns )   --->   "%b_load = load i3 %b_addr" [../solution5/matrix_mult.cpp:25]   --->   Operation 33 'load' 'b_load' <Predicate = true> <Delay = 0.00> <CoreInst = "RAM">   --->   Core 81 'RAM' <Latency = 1> <II = 1> <Delay = 2.32> <Storage> <Opcode : 'load' 'store'> <Ports = 2> <Width = 40> <Depth = 5> <RAM>
ST_2 : Operation 34 [1/1] (0.00ns)   --->   "%trunc_ln25_1 = trunc i40 %b_load" [../solution5/matrix_mult.cpp:25]   --->   Operation 34 'trunc' 'trunc_ln25_1' <Predicate = true> <Delay = 0.00>
ST_2 : Operation 35 [1/1] (0.00ns)   --->   "%tmp = partselect i8 @_ssdm_op_PartSelect.i8.i40.i40, i40 %a_load, i40 8" [../solution5/matrix_mult.cpp:25]   --->   Operation 35 'partselect' 'tmp' <Predicate = true> <Delay = 0.00>
ST_2 : Operation 36 [1/1] (0.00ns)   --->   "%tmp_1 = partselect i8 @_ssdm_op_PartSelect.i8.i40.i40, i40 %b_load, i40 8" [../solution5/matrix_mult.cpp:25]   --->   Operation 36 'partselect' 'tmp_1' <Predicate = true> <Delay = 0.00>
ST_2 : Operation 37 [1/1] (0.00ns)   --->   "%tmp_2 = partselect i8 @_ssdm_op_PartSelect.i8.i40.i40, i40 %a_load, i40 16" [../solution5/matrix_mult.cpp:25]   --->   Operation 37 'partselect' 'tmp_2' <Predicate = true> <Delay = 0.00>
ST_2 : Operation 38 [1/1] (0.00ns)   --->   "%tmp_3 = partselect i8 @_ssdm_op_PartSelect.i8.i40.i40, i40 %b_load, i40 16" [../solution5/matrix_mult.cpp:25]   --->   Operation 38 'partselect' 'tmp_3' <Predicate = true> <Delay = 0.00>
ST_2 : Operation 39 [1/1] (0.00ns)   --->   "%tmp_4 = partselect i8 @_ssdm_op_PartSelect.i8.i40.i40, i40 %a_load, i40 24" [../solution5/matrix_mult.cpp:25]   --->   Operation 39 'partselect' 'tmp_4' <Predicate = true> <Delay = 0.00>
ST_2 : Operation 40 [1/1] (0.00ns)   --->   "%zext_ln25_6 = zext i8 %tmp_4" [../solution5/matrix_mult.cpp:25]   --->   Operation 40 'zext' 'zext_ln25_6' <Predicate = true> <Delay = 0.00>
ST_2 : Operation 41 [1/1] (0.00ns)   --->   "%tmp_5 = partselect i8 @_ssdm_op_PartSelect.i8.i40.i40, i40 %b_load, i40 24" [../solution5/matrix_mult.cpp:25]   --->   Operation 41 'partselect' 'tmp_5' <Predicate = true> <Delay = 0.00>
ST_2 : Operation 42 [1/1] (0.00ns)   --->   "%zext_ln25_7 = zext i8 %tmp_5" [../solution5/matrix_mult.cpp:25]   --->   Operation 42 'zext' 'zext_ln25_7' <Predicate = true> <Delay = 0.00>
ST_2 : Operation 43 [1/1] (0.00ns)   --->   "%tmp_6 = partselect i8 @_ssdm_op_PartSelect.i8.i40.i40, i40 %a_load, i40 32" [../solution5/matrix_mult.cpp:25]   --->   Operation 43 'partselect' 'tmp_6' <Predicate = true> <Delay = 0.00>
ST_2 : Operation 44 [1/1] (0.00ns)   --->   "%zext_ln25_8 = zext i8 %tmp_6" [../solution5/matrix_mult.cpp:25]   --->   Operation 44 'zext' 'zext_ln25_8' <Predicate = true> <Delay = 0.00>
ST_2 : Operation 45 [1/1] (0.00ns)   --->   "%tmp_7 = partselect i8 @_ssdm_op_PartSelect.i8.i40.i40, i40 %b_load, i40 32" [../solution5/matrix_mult.cpp:25]   --->   Operation 45 'partselect' 'tmp_7' <Predicate = true> <Delay = 0.00>
ST_2 : Operation 46 [1/1] (0.00ns)   --->   "%zext_ln25_9 = zext i8 %tmp_7" [../solution5/matrix_mult.cpp:25]   --->   Operation 46 'zext' 'zext_ln25_9' <Predicate = true> <Delay = 0.00>
ST_2 : Operation 47 [3/3] (1.05ns) (grouped into DSP with root node add_ln25_1)   --->   "%mul_ln25_2 = mul i16 %zext_ln25_9, i16 %zext_ln25_8" [../solution5/matrix_mult.cpp:25]   --->   Operation 47 'mul' 'mul_ln25_2' <Predicate = true> <Delay = 1.05> <CoreInst = "DSP48">   --->   Core 116 'DSP48' <Latency = 3> <II = 1> <Delay = 2.15> <IPBlock> <Opcode : 'add' 'sub' 'mul' 'select'> <InPorts = 0> <OutPorts = 1> <Sync> <CReg>
ST_2 : Operation 48 [1/1] (4.17ns)   --->   "%mul_ln25_3 = mul i16 %zext_ln25_7, i16 %zext_ln25_6" [../solution5/matrix_mult.cpp:25]   --->   Operation 48 'mul' 'mul_ln25_3' <Predicate = true> <Delay = 4.17> <CoreInst = "Multiplier">   --->   Core 3 'Multiplier' <Latency = 0> <II = 1> <Delay = 4.17> <FuncUnit> <Opcode : 'mul'> <InPorts = 2> <OutPorts = 1>
ST_2 : Operation 49 [1/2] ( I:0.00ns O:0.00ns )   --->   "%b_load_1 = load i3 %b_addr_1" [../solution5/matrix_mult.cpp:25]   --->   Operation 49 'load' 'b_load_1' <Predicate = true> <Delay = 0.00> <CoreInst = "RAM">   --->   Core 81 'RAM' <Latency = 1> <II = 1> <Delay = 2.32> <Storage> <Opcode : 'load' 'store'> <Ports = 2> <Width = 40> <Depth = 5> <RAM>
ST_2 : Operation 50 [1/1] (0.00ns)   --->   "%trunc_ln25_2 = trunc i40 %b_load_1" [../solution5/matrix_mult.cpp:25]   --->   Operation 50 'trunc' 'trunc_ln25_2' <Predicate = true> <Delay = 0.00>
ST_2 : Operation 51 [1/1] (0.00ns)   --->   "%tmp_8 = partselect i8 @_ssdm_op_PartSelect.i8.i40.i40, i40 %b_load_1, i40 8" [../solution5/matrix_mult.cpp:25]   --->   Operation 51 'partselect' 'tmp_8' <Predicate = true> <Delay = 0.00>
ST_2 : Operation 52 [1/1] (0.00ns)   --->   "%tmp_9 = partselect i8 @_ssdm_op_PartSelect.i8.i40.i40, i40 %b_load_1, i40 16" [../solution5/matrix_mult.cpp:25]   --->   Operation 52 'partselect' 'tmp_9' <Predicate = true> <Delay = 0.00>
ST_2 : Operation 53 [1/1] (0.00ns)   --->   "%tmp_s = partselect i8 @_ssdm_op_PartSelect.i8.i40.i40, i40 %b_load_1, i40 24" [../solution5/matrix_mult.cpp:25]   --->   Operation 53 'partselect' 'tmp_s' <Predicate = true> <Delay = 0.00>
ST_2 : Operation 54 [1/1] (0.00ns)   --->   "%zext_ln25_13 = zext i8 %tmp_s" [../solution5/matrix_mult.cpp:25]   --->   Operation 54 'zext' 'zext_ln25_13' <Predicate = true> <Delay = 0.00>
ST_2 : Operation 55 [1/1] (0.00ns)   --->   "%tmp_10 = partselect i8 @_ssdm_op_PartSelect.i8.i40.i40, i40 %b_load_1, i40 32" [../solution5/matrix_mult.cpp:25]   --->   Operation 55 'partselect' 'tmp_10' <Predicate = true> <Delay = 0.00>
ST_2 : Operation 56 [1/1] (0.00ns)   --->   "%zext_ln25_14 = zext i8 %tmp_10" [../solution5/matrix_mult.cpp:25]   --->   Operation 56 'zext' 'zext_ln25_14' <Predicate = true> <Delay = 0.00>
ST_2 : Operation 57 [3/3] (1.05ns) (grouped into DSP with root node add_ln25_5)   --->   "%mul_ln25_7 = mul i16 %zext_ln25_14, i16 %zext_ln25_8" [../solution5/matrix_mult.cpp:25]   --->   Operation 57 'mul' 'mul_ln25_7' <Predicate = true> <Delay = 1.05> <CoreInst = "DSP48">   --->   Core 116 'DSP48' <Latency = 3> <II = 1> <Delay = 2.15> <IPBlock> <Opcode : 'add' 'sub' 'mul' 'select'> <InPorts = 0> <OutPorts = 1> <Sync> <CReg>
ST_2 : Operation 58 [1/1] (4.17ns)   --->   "%mul_ln25_8 = mul i16 %zext_ln25_13, i16 %zext_ln25_6" [../solution5/matrix_mult.cpp:25]   --->   Operation 58 'mul' 'mul_ln25_8' <Predicate = true> <Delay = 4.17> <CoreInst = "Multiplier">   --->   Core 3 'Multiplier' <Latency = 0> <II = 1> <Delay = 4.17> <FuncUnit> <Opcode : 'mul'> <InPorts = 2> <OutPorts = 1>
ST_2 : Operation 59 [1/1] (0.00ns)   --->   "%b_addr_2 = getelementptr i40 %b, i64 0, i64 2" [../solution5/matrix_mult.cpp:25]   --->   Operation 59 'getelementptr' 'b_addr_2' <Predicate = true> <Delay = 0.00>
ST_2 : Operation 60 [2/2] (0.00ns)   --->   "%b_load_2 = load i3 %b_addr_2" [../solution5/matrix_mult.cpp:25]   --->   Operation 60 'load' 'b_load_2' <Predicate = true> <Delay = 0.00> <CoreInst = "RAM">   --->   Core 81 'RAM' <Latency = 1> <II = 1> <Delay = 2.32> <Storage> <Opcode : 'load' 'store'> <Ports = 2> <Width = 40> <Depth = 5> <RAM>
ST_2 : Operation 61 [1/1] (0.00ns)   --->   "%b_addr_3 = getelementptr i40 %b, i64 0, i64 3" [../solution5/matrix_mult.cpp:25]   --->   Operation 61 'getelementptr' 'b_addr_3' <Predicate = true> <Delay = 0.00>
ST_2 : Operation 62 [2/2] (0.00ns)   --->   "%b_load_3 = load i3 %b_addr_3" [../solution5/matrix_mult.cpp:25]   --->   Operation 62 'load' 'b_load_3' <Predicate = true> <Delay = 0.00> <CoreInst = "RAM">   --->   Core 81 'RAM' <Latency = 1> <II = 1> <Delay = 2.32> <Storage> <Opcode : 'load' 'store'> <Ports = 2> <Width = 40> <Depth = 5> <RAM>
ST_2 : Operation 63 [1/2] ( I:0.00ns O:0.00ns )   --->   "%a_load_1 = load i3 %a_addr_1" [../solution5/matrix_mult.cpp:25]   --->   Operation 63 'load' 'a_load_1' <Predicate = true> <Delay = 0.00> <CoreInst = "RAM">   --->   Core 81 'RAM' <Latency = 1> <II = 1> <Delay = 2.32> <Storage> <Opcode : 'load' 'store'> <Ports = 2> <Width = 40> <Depth = 5> <RAM>
ST_2 : Operation 64 [1/1] (0.00ns)   --->   "%trunc_ln25_6 = trunc i40 %a_load_1" [../solution5/matrix_mult.cpp:25]   --->   Operation 64 'trunc' 'trunc_ln25_6' <Predicate = true> <Delay = 0.00>
ST_2 : Operation 65 [1/1] (0.00ns)   --->   "%tmp_23 = partselect i8 @_ssdm_op_PartSelect.i8.i40.i40, i40 %a_load_1, i40 8" [../solution5/matrix_mult.cpp:25]   --->   Operation 65 'partselect' 'tmp_23' <Predicate = true> <Delay = 0.00>
ST_2 : Operation 66 [1/1] (0.00ns)   --->   "%tmp_24 = partselect i8 @_ssdm_op_PartSelect.i8.i40.i40, i40 %a_load_1, i40 16" [../solution5/matrix_mult.cpp:25]   --->   Operation 66 'partselect' 'tmp_24' <Predicate = true> <Delay = 0.00>
ST_2 : Operation 67 [1/1] (0.00ns)   --->   "%tmp_25 = partselect i8 @_ssdm_op_PartSelect.i8.i40.i40, i40 %a_load_1, i40 24" [../solution5/matrix_mult.cpp:25]   --->   Operation 67 'partselect' 'tmp_25' <Predicate = true> <Delay = 0.00>
ST_2 : Operation 68 [1/1] (0.00ns)   --->   "%zext_ln25_33 = zext i8 %tmp_25" [../solution5/matrix_mult.cpp:25]   --->   Operation 68 'zext' 'zext_ln25_33' <Predicate = true> <Delay = 0.00>
ST_2 : Operation 69 [1/1] (0.00ns)   --->   "%tmp_26 = partselect i8 @_ssdm_op_PartSelect.i8.i40.i40, i40 %a_load_1, i40 32" [../solution5/matrix_mult.cpp:25]   --->   Operation 69 'partselect' 'tmp_26' <Predicate = true> <Delay = 0.00>
ST_2 : Operation 70 [1/1] (0.00ns)   --->   "%zext_ln25_34 = zext i8 %tmp_26" [../solution5/matrix_mult.cpp:25]   --->   Operation 70 'zext' 'zext_ln25_34' <Predicate = true> <Delay = 0.00>
ST_2 : Operation 71 [3/3] (1.05ns) (grouped into DSP with root node add_ln25_21)   --->   "%mul_ln25_27 = mul i16 %zext_ln25_34, i16 %zext_ln25_9" [../solution5/matrix_mult.cpp:25]   --->   Operation 71 'mul' 'mul_ln25_27' <Predicate = true> <Delay = 1.05> <CoreInst = "DSP48">   --->   Core 116 'DSP48' <Latency = 3> <II = 1> <Delay = 2.15> <IPBlock> <Opcode : 'add' 'sub' 'mul' 'select'> <InPorts = 0> <OutPorts = 1> <Sync> <CReg>
ST_2 : Operation 72 [1/1] (4.17ns)   --->   "%mul_ln25_28 = mul i16 %zext_ln25_33, i16 %zext_ln25_7" [../solution5/matrix_mult.cpp:25]   --->   Operation 72 'mul' 'mul_ln25_28' <Predicate = true> <Delay = 4.17> <CoreInst = "Multiplier">   --->   Core 3 'Multiplier' <Latency = 0> <II = 1> <Delay = 4.17> <FuncUnit> <Opcode : 'mul'> <InPorts = 2> <OutPorts = 1>
ST_2 : Operation 73 [3/3] (1.05ns) (grouped into DSP with root node add_ln25_25)   --->   "%mul_ln25_32 = mul i16 %zext_ln25_34, i16 %zext_ln25_14" [../solution5/matrix_mult.cpp:25]   --->   Operation 73 'mul' 'mul_ln25_32' <Predicate = true> <Delay = 1.05> <CoreInst = "DSP48">   --->   Core 116 'DSP48' <Latency = 3> <II = 1> <Delay = 2.15> <IPBlock> <Opcode : 'add' 'sub' 'mul' 'select'> <InPorts = 0> <OutPorts = 1> <Sync> <CReg>
ST_2 : Operation 74 [1/1] (4.17ns)   --->   "%mul_ln25_33 = mul i16 %zext_ln25_33, i16 %zext_ln25_13" [../solution5/matrix_mult.cpp:25]   --->   Operation 74 'mul' 'mul_ln25_33' <Predicate = true> <Delay = 4.17> <CoreInst = "Multiplier">   --->   Core 3 'Multiplier' <Latency = 0> <II = 1> <Delay = 4.17> <FuncUnit> <Opcode : 'mul'> <InPorts = 2> <OutPorts = 1>
ST_2 : Operation 75 [1/1] (0.00ns)   --->   "%a_addr_2 = getelementptr i40 %a, i64 0, i64 2" [../solution5/matrix_mult.cpp:25]   --->   Operation 75 'getelementptr' 'a_addr_2' <Predicate = true> <Delay = 0.00>
ST_2 : Operation 76 [2/2] (0.00ns)   --->   "%a_load_2 = load i3 %a_addr_2" [../solution5/matrix_mult.cpp:25]   --->   Operation 76 'load' 'a_load_2' <Predicate = true> <Delay = 0.00> <CoreInst = "RAM">   --->   Core 81 'RAM' <Latency = 1> <II = 1> <Delay = 2.32> <Storage> <Opcode : 'load' 'store'> <Ports = 2> <Width = 40> <Depth = 5> <RAM>
ST_2 : Operation 77 [1/1] (0.00ns)   --->   "%a_addr_3 = getelementptr i40 %a, i64 0, i64 3" [../solution5/matrix_mult.cpp:25]   --->   Operation 77 'getelementptr' 'a_addr_3' <Predicate = true> <Delay = 0.00>
ST_2 : Operation 78 [2/2] (0.00ns)   --->   "%a_load_3 = load i3 %a_addr_3" [../solution5/matrix_mult.cpp:25]   --->   Operation 78 'load' 'a_load_3' <Predicate = true> <Delay = 0.00> <CoreInst = "RAM">   --->   Core 81 'RAM' <Latency = 1> <II = 1> <Delay = 2.32> <Storage> <Opcode : 'load' 'store'> <Ports = 2> <Width = 40> <Depth = 5> <RAM>

State 3 <SV = 2> <Delay = 4.17>
ST_3 : Operation 79 [2/3] (1.05ns) (grouped into DSP with root node add_ln25_1)   --->   "%mul_ln25_2 = mul i16 %zext_ln25_9, i16 %zext_ln25_8" [../solution5/matrix_mult.cpp:25]   --->   Operation 79 'mul' 'mul_ln25_2' <Predicate = true> <Delay = 1.05> <CoreInst = "DSP48">   --->   Core 116 'DSP48' <Latency = 3> <II = 1> <Delay = 2.15> <IPBlock> <Opcode : 'add' 'sub' 'mul' 'select'> <InPorts = 0> <OutPorts = 1> <Sync> <CReg>
ST_3 : Operation 80 [2/3] (1.05ns) (grouped into DSP with root node add_ln25_5)   --->   "%mul_ln25_7 = mul i16 %zext_ln25_14, i16 %zext_ln25_8" [../solution5/matrix_mult.cpp:25]   --->   Operation 80 'mul' 'mul_ln25_7' <Predicate = true> <Delay = 1.05> <CoreInst = "DSP48">   --->   Core 116 'DSP48' <Latency = 3> <II = 1> <Delay = 2.15> <IPBlock> <Opcode : 'add' 'sub' 'mul' 'select'> <InPorts = 0> <OutPorts = 1> <Sync> <CReg>
ST_3 : Operation 81 [1/2] ( I:0.00ns O:0.00ns )   --->   "%b_load_2 = load i3 %b_addr_2" [../solution5/matrix_mult.cpp:25]   --->   Operation 81 'load' 'b_load_2' <Predicate = true> <Delay = 0.00> <CoreInst = "RAM">   --->   Core 81 'RAM' <Latency = 1> <II = 1> <Delay = 2.32> <Storage> <Opcode : 'load' 'store'> <Ports = 2> <Width = 40> <Depth = 5> <RAM>
ST_3 : Operation 82 [1/1] (0.00ns)   --->   "%trunc_ln25_3 = trunc i40 %b_load_2" [../solution5/matrix_mult.cpp:25]   --->   Operation 82 'trunc' 'trunc_ln25_3' <Predicate = true> <Delay = 0.00>
ST_3 : Operation 83 [1/1] (0.00ns)   --->   "%tmp_11 = partselect i8 @_ssdm_op_PartSelect.i8.i40.i40, i40 %b_load_2, i40 8" [../solution5/matrix_mult.cpp:25]   --->   Operation 83 'partselect' 'tmp_11' <Predicate = true> <Delay = 0.00>
ST_3 : Operation 84 [1/1] (0.00ns)   --->   "%tmp_12 = partselect i8 @_ssdm_op_PartSelect.i8.i40.i40, i40 %b_load_2, i40 16" [../solution5/matrix_mult.cpp:25]   --->   Operation 84 'partselect' 'tmp_12' <Predicate = true> <Delay = 0.00>
ST_3 : Operation 85 [1/1] (0.00ns)   --->   "%tmp_13 = partselect i8 @_ssdm_op_PartSelect.i8.i40.i40, i40 %b_load_2, i40 24" [../solution5/matrix_mult.cpp:25]   --->   Operation 85 'partselect' 'tmp_13' <Predicate = true> <Delay = 0.00>
ST_3 : Operation 86 [1/1] (0.00ns)   --->   "%zext_ln25_18 = zext i8 %tmp_13" [../solution5/matrix_mult.cpp:25]   --->   Operation 86 'zext' 'zext_ln25_18' <Predicate = true> <Delay = 0.00>
ST_3 : Operation 87 [1/1] (0.00ns)   --->   "%tmp_14 = partselect i8 @_ssdm_op_PartSelect.i8.i40.i40, i40 %b_load_2, i40 32" [../solution5/matrix_mult.cpp:25]   --->   Operation 87 'partselect' 'tmp_14' <Predicate = true> <Delay = 0.00>
ST_3 : Operation 88 [1/1] (0.00ns)   --->   "%zext_ln25_19 = zext i8 %tmp_14" [../solution5/matrix_mult.cpp:25]   --->   Operation 88 'zext' 'zext_ln25_19' <Predicate = true> <Delay = 0.00>
ST_3 : Operation 89 [3/3] (1.05ns) (grouped into DSP with root node add_ln25_9)   --->   "%mul_ln25_12 = mul i16 %zext_ln25_19, i16 %zext_ln25_8" [../solution5/matrix_mult.cpp:25]   --->   Operation 89 'mul' 'mul_ln25_12' <Predicate = true> <Delay = 1.05> <CoreInst = "DSP48">   --->   Core 116 'DSP48' <Latency = 3> <II = 1> <Delay = 2.15> <IPBlock> <Opcode : 'add' 'sub' 'mul' 'select'> <InPorts = 0> <OutPorts = 1> <Sync> <CReg>
ST_3 : Operation 90 [1/1] (4.17ns)   --->   "%mul_ln25_13 = mul i16 %zext_ln25_18, i16 %zext_ln25_6" [../solution5/matrix_mult.cpp:25]   --->   Operation 90 'mul' 'mul_ln25_13' <Predicate = true> <Delay = 4.17> <CoreInst = "Multiplier">   --->   Core 3 'Multiplier' <Latency = 0> <II = 1> <Delay = 4.17> <FuncUnit> <Opcode : 'mul'> <InPorts = 2> <OutPorts = 1>
ST_3 : Operation 91 [1/2] ( I:0.00ns O:0.00ns )   --->   "%b_load_3 = load i3 %b_addr_3" [../solution5/matrix_mult.cpp:25]   --->   Operation 91 'load' 'b_load_3' <Predicate = true> <Delay = 0.00> <CoreInst = "RAM">   --->   Core 81 'RAM' <Latency = 1> <II = 1> <Delay = 2.32> <Storage> <Opcode : 'load' 'store'> <Ports = 2> <Width = 40> <Depth = 5> <RAM>
ST_3 : Operation 92 [1/1] (0.00ns)   --->   "%trunc_ln25_4 = trunc i40 %b_load_3" [../solution5/matrix_mult.cpp:25]   --->   Operation 92 'trunc' 'trunc_ln25_4' <Predicate = true> <Delay = 0.00>
ST_3 : Operation 93 [1/1] (0.00ns)   --->   "%tmp_15 = partselect i8 @_ssdm_op_PartSelect.i8.i40.i40, i40 %b_load_3, i40 8" [../solution5/matrix_mult.cpp:25]   --->   Operation 93 'partselect' 'tmp_15' <Predicate = true> <Delay = 0.00>
ST_3 : Operation 94 [1/1] (0.00ns)   --->   "%tmp_16 = partselect i8 @_ssdm_op_PartSelect.i8.i40.i40, i40 %b_load_3, i40 16" [../solution5/matrix_mult.cpp:25]   --->   Operation 94 'partselect' 'tmp_16' <Predicate = true> <Delay = 0.00>
ST_3 : Operation 95 [1/1] (0.00ns)   --->   "%tmp_17 = partselect i8 @_ssdm_op_PartSelect.i8.i40.i40, i40 %b_load_3, i40 24" [../solution5/matrix_mult.cpp:25]   --->   Operation 95 'partselect' 'tmp_17' <Predicate = true> <Delay = 0.00>
ST_3 : Operation 96 [1/1] (0.00ns)   --->   "%zext_ln25_23 = zext i8 %tmp_17" [../solution5/matrix_mult.cpp:25]   --->   Operation 96 'zext' 'zext_ln25_23' <Predicate = true> <Delay = 0.00>
ST_3 : Operation 97 [1/1] (0.00ns)   --->   "%tmp_18 = partselect i8 @_ssdm_op_PartSelect.i8.i40.i40, i40 %b_load_3, i40 32" [../solution5/matrix_mult.cpp:25]   --->   Operation 97 'partselect' 'tmp_18' <Predicate = true> <Delay = 0.00>
ST_3 : Operation 98 [1/1] (0.00ns)   --->   "%zext_ln25_24 = zext i8 %tmp_18" [../solution5/matrix_mult.cpp:25]   --->   Operation 98 'zext' 'zext_ln25_24' <Predicate = true> <Delay = 0.00>
ST_3 : Operation 99 [3/3] (1.05ns) (grouped into DSP with root node add_ln25_13)   --->   "%mul_ln25_17 = mul i16 %zext_ln25_24, i16 %zext_ln25_8" [../solution5/matrix_mult.cpp:25]   --->   Operation 99 'mul' 'mul_ln25_17' <Predicate = true> <Delay = 1.05> <CoreInst = "DSP48">   --->   Core 116 'DSP48' <Latency = 3> <II = 1> <Delay = 2.15> <IPBlock> <Opcode : 'add' 'sub' 'mul' 'select'> <InPorts = 0> <OutPorts = 1> <Sync> <CReg>
ST_3 : Operation 100 [1/1] (4.17ns)   --->   "%mul_ln25_18 = mul i16 %zext_ln25_23, i16 %zext_ln25_6" [../solution5/matrix_mult.cpp:25]   --->   Operation 100 'mul' 'mul_ln25_18' <Predicate = true> <Delay = 4.17> <CoreInst = "Multiplier">   --->   Core 3 'Multiplier' <Latency = 0> <II = 1> <Delay = 4.17> <FuncUnit> <Opcode : 'mul'> <InPorts = 2> <OutPorts = 1>
ST_3 : Operation 101 [1/1] (0.00ns)   --->   "%b_addr_4 = getelementptr i40 %b, i64 0, i64 4" [../solution5/matrix_mult.cpp:25]   --->   Operation 101 'getelementptr' 'b_addr_4' <Predicate = true> <Delay = 0.00>
ST_3 : Operation 102 [2/2] (0.00ns)   --->   "%b_load_4 = load i3 %b_addr_4" [../solution5/matrix_mult.cpp:25]   --->   Operation 102 'load' 'b_load_4' <Predicate = true> <Delay = 0.00> <CoreInst = "RAM">   --->   Core 81 'RAM' <Latency = 1> <II = 1> <Delay = 2.32> <Storage> <Opcode : 'load' 'store'> <Ports = 2> <Width = 40> <Depth = 5> <RAM>
ST_3 : Operation 103 [2/3] (1.05ns) (grouped into DSP with root node add_ln25_21)   --->   "%mul_ln25_27 = mul i16 %zext_ln25_34, i16 %zext_ln25_9" [../solution5/matrix_mult.cpp:25]   --->   Operation 103 'mul' 'mul_ln25_27' <Predicate = true> <Delay = 1.05> <CoreInst = "DSP48">   --->   Core 116 'DSP48' <Latency = 3> <II = 1> <Delay = 2.15> <IPBlock> <Opcode : 'add' 'sub' 'mul' 'select'> <InPorts = 0> <OutPorts = 1> <Sync> <CReg>
ST_3 : Operation 104 [2/3] (1.05ns) (grouped into DSP with root node add_ln25_25)   --->   "%mul_ln25_32 = mul i16 %zext_ln25_34, i16 %zext_ln25_14" [../solution5/matrix_mult.cpp:25]   --->   Operation 104 'mul' 'mul_ln25_32' <Predicate = true> <Delay = 1.05> <CoreInst = "DSP48">   --->   Core 116 'DSP48' <Latency = 3> <II = 1> <Delay = 2.15> <IPBlock> <Opcode : 'add' 'sub' 'mul' 'select'> <InPorts = 0> <OutPorts = 1> <Sync> <CReg>
ST_3 : Operation 105 [3/3] (1.05ns) (grouped into DSP with root node add_ln25_29)   --->   "%mul_ln25_37 = mul i16 %zext_ln25_34, i16 %zext_ln25_19" [../solution5/matrix_mult.cpp:25]   --->   Operation 105 'mul' 'mul_ln25_37' <Predicate = true> <Delay = 1.05> <CoreInst = "DSP48">   --->   Core 116 'DSP48' <Latency = 3> <II = 1> <Delay = 2.15> <IPBlock> <Opcode : 'add' 'sub' 'mul' 'select'> <InPorts = 0> <OutPorts = 1> <Sync> <CReg>
ST_3 : Operation 106 [1/1] (4.17ns)   --->   "%mul_ln25_38 = mul i16 %zext_ln25_33, i16 %zext_ln25_18" [../solution5/matrix_mult.cpp:25]   --->   Operation 106 'mul' 'mul_ln25_38' <Predicate = true> <Delay = 4.17> <CoreInst = "Multiplier">   --->   Core 3 'Multiplier' <Latency = 0> <II = 1> <Delay = 4.17> <FuncUnit> <Opcode : 'mul'> <InPorts = 2> <OutPorts = 1>
ST_3 : Operation 107 [3/3] (1.05ns) (grouped into DSP with root node add_ln25_33)   --->   "%mul_ln25_42 = mul i16 %zext_ln25_34, i16 %zext_ln25_24" [../solution5/matrix_mult.cpp:25]   --->   Operation 107 'mul' 'mul_ln25_42' <Predicate = true> <Delay = 1.05> <CoreInst = "DSP48">   --->   Core 116 'DSP48' <Latency = 3> <II = 1> <Delay = 2.15> <IPBlock> <Opcode : 'add' 'sub' 'mul' 'select'> <InPorts = 0> <OutPorts = 1> <Sync> <CReg>
ST_3 : Operation 108 [1/1] (4.17ns)   --->   "%mul_ln25_43 = mul i16 %zext_ln25_33, i16 %zext_ln25_23" [../solution5/matrix_mult.cpp:25]   --->   Operation 108 'mul' 'mul_ln25_43' <Predicate = true> <Delay = 4.17> <CoreInst = "Multiplier">   --->   Core 3 'Multiplier' <Latency = 0> <II = 1> <Delay = 4.17> <FuncUnit> <Opcode : 'mul'> <InPorts = 2> <OutPorts = 1>
ST_3 : Operation 109 [1/2] ( I:0.00ns O:0.00ns )   --->   "%a_load_2 = load i3 %a_addr_2" [../solution5/matrix_mult.cpp:25]   --->   Operation 109 'load' 'a_load_2' <Predicate = true> <Delay = 0.00> <CoreInst = "RAM">   --->   Core 81 'RAM' <Latency = 1> <II = 1> <Delay = 2.32> <Storage> <Opcode : 'load' 'store'> <Ports = 2> <Width = 40> <Depth = 5> <RAM>
ST_3 : Operation 110 [1/1] (0.00ns)   --->   "%trunc_ln25_7 = trunc i40 %a_load_2" [../solution5/matrix_mult.cpp:25]   --->   Operation 110 'trunc' 'trunc_ln25_7' <Predicate = true> <Delay = 0.00>
ST_3 : Operation 111 [1/1] (0.00ns)   --->   "%tmp_27 = partselect i8 @_ssdm_op_PartSelect.i8.i40.i40, i40 %a_load_2, i40 8" [../solution5/matrix_mult.cpp:25]   --->   Operation 111 'partselect' 'tmp_27' <Predicate = true> <Delay = 0.00>
ST_3 : Operation 112 [1/1] (0.00ns)   --->   "%tmp_28 = partselect i8 @_ssdm_op_PartSelect.i8.i40.i40, i40 %a_load_2, i40 16" [../solution5/matrix_mult.cpp:25]   --->   Operation 112 'partselect' 'tmp_28' <Predicate = true> <Delay = 0.00>
ST_3 : Operation 113 [1/1] (0.00ns)   --->   "%tmp_29 = partselect i8 @_ssdm_op_PartSelect.i8.i40.i40, i40 %a_load_2, i40 24" [../solution5/matrix_mult.cpp:25]   --->   Operation 113 'partselect' 'tmp_29' <Predicate = true> <Delay = 0.00>
ST_3 : Operation 114 [1/1] (0.00ns)   --->   "%tmp_30 = partselect i8 @_ssdm_op_PartSelect.i8.i40.i40, i40 %a_load_2, i40 32" [../solution5/matrix_mult.cpp:25]   --->   Operation 114 'partselect' 'tmp_30' <Predicate = true> <Delay = 0.00>
ST_3 : Operation 115 [1/1] (0.00ns)   --->   "%zext_ln25_39 = zext i8 %tmp_30" [../solution5/matrix_mult.cpp:25]   --->   Operation 115 'zext' 'zext_ln25_39' <Predicate = true> <Delay = 0.00>
ST_3 : Operation 116 [3/3] (1.05ns) (grouped into DSP with root node add_ln25_41)   --->   "%mul_ln25_52 = mul i16 %zext_ln25_39, i16 %zext_ln25_9" [../solution5/matrix_mult.cpp:25]   --->   Operation 116 'mul' 'mul_ln25_52' <Predicate = true> <Delay = 1.05> <CoreInst = "DSP48">   --->   Core 116 'DSP48' <Latency = 3> <II = 1> <Delay = 2.15> <IPBlock> <Opcode : 'add' 'sub' 'mul' 'select'> <InPorts = 0> <OutPorts = 1> <Sync> <CReg>
ST_3 : Operation 117 [3/3] (1.05ns) (grouped into DSP with root node add_ln25_45)   --->   "%mul_ln25_57 = mul i16 %zext_ln25_39, i16 %zext_ln25_14" [../solution5/matrix_mult.cpp:25]   --->   Operation 117 'mul' 'mul_ln25_57' <Predicate = true> <Delay = 1.05> <CoreInst = "DSP48">   --->   Core 116 'DSP48' <Latency = 3> <II = 1> <Delay = 2.15> <IPBlock> <Opcode : 'add' 'sub' 'mul' 'select'> <InPorts = 0> <OutPorts = 1> <Sync> <CReg>
ST_3 : Operation 118 [1/2] ( I:0.00ns O:0.00ns )   --->   "%a_load_3 = load i3 %a_addr_3" [../solution5/matrix_mult.cpp:25]   --->   Operation 118 'load' 'a_load_3' <Predicate = true> <Delay = 0.00> <CoreInst = "RAM">   --->   Core 81 'RAM' <Latency = 1> <II = 1> <Delay = 2.32> <Storage> <Opcode : 'load' 'store'> <Ports = 2> <Width = 40> <Depth = 5> <RAM>
ST_3 : Operation 119 [1/1] (0.00ns)   --->   "%trunc_ln25_8 = trunc i40 %a_load_3" [../solution5/matrix_mult.cpp:25]   --->   Operation 119 'trunc' 'trunc_ln25_8' <Predicate = true> <Delay = 0.00>
ST_3 : Operation 120 [1/1] (0.00ns)   --->   "%tmp_31 = partselect i8 @_ssdm_op_PartSelect.i8.i40.i40, i40 %a_load_3, i40 8" [../solution5/matrix_mult.cpp:25]   --->   Operation 120 'partselect' 'tmp_31' <Predicate = true> <Delay = 0.00>
ST_3 : Operation 121 [1/1] (0.00ns)   --->   "%tmp_32 = partselect i8 @_ssdm_op_PartSelect.i8.i40.i40, i40 %a_load_3, i40 16" [../solution5/matrix_mult.cpp:25]   --->   Operation 121 'partselect' 'tmp_32' <Predicate = true> <Delay = 0.00>
ST_3 : Operation 122 [1/1] (0.00ns)   --->   "%tmp_33 = partselect i8 @_ssdm_op_PartSelect.i8.i40.i40, i40 %a_load_3, i40 24" [../solution5/matrix_mult.cpp:25]   --->   Operation 122 'partselect' 'tmp_33' <Predicate = true> <Delay = 0.00>
ST_3 : Operation 123 [1/1] (0.00ns)   --->   "%tmp_34 = partselect i8 @_ssdm_op_PartSelect.i8.i40.i40, i40 %a_load_3, i40 32" [../solution5/matrix_mult.cpp:25]   --->   Operation 123 'partselect' 'tmp_34' <Predicate = true> <Delay = 0.00>
ST_3 : Operation 124 [1/1] (0.00ns)   --->   "%a_addr_4 = getelementptr i40 %a, i64 0, i64 4" [../solution5/matrix_mult.cpp:25]   --->   Operation 124 'getelementptr' 'a_addr_4' <Predicate = true> <Delay = 0.00>
ST_3 : Operation 125 [2/2] (0.00ns)   --->   "%a_load_4 = load i3 %a_addr_4" [../solution5/matrix_mult.cpp:25]   --->   Operation 125 'load' 'a_load_4' <Predicate = true> <Delay = 0.00> <CoreInst = "RAM">   --->   Core 81 'RAM' <Latency = 1> <II = 1> <Delay = 2.32> <Storage> <Opcode : 'load' 'store'> <Ports = 2> <Width = 40> <Depth = 5> <RAM>

State 4 <SV = 3> <Delay = 4.17>
ST_4 : Operation 126 [1/3] (0.00ns) (grouped into DSP with root node add_ln25_1)   --->   "%mul_ln25_2 = mul i16 %zext_ln25_9, i16 %zext_ln25_8" [../solution5/matrix_mult.cpp:25]   --->   Operation 126 'mul' 'mul_ln25_2' <Predicate = true> <Delay = 0.00> <CoreInst = "DSP48">   --->   Core 116 'DSP48' <Latency = 3> <II = 1> <Delay = 2.15> <IPBlock> <Opcode : 'add' 'sub' 'mul' 'select'> <InPorts = 0> <OutPorts = 1> <Sync> <CReg>
ST_4 : Operation 127 [2/2] (2.10ns) (root node of the DSP)   --->   "%add_ln25_1 = add i16 %mul_ln25_3, i16 %mul_ln25_2" [../solution5/matrix_mult.cpp:25]   --->   Operation 127 'add' 'add_ln25_1' <Predicate = true> <Delay = 2.10> <CoreInst = "DSP48">   --->   Core 116 'DSP48' <Latency = 3> <II = 1> <Delay = 2.15> <IPBlock> <Opcode : 'add' 'sub' 'mul' 'select'> <InPorts = 0> <OutPorts = 1> <Sync> <CReg>
ST_4 : Operation 128 [1/3] (0.00ns) (grouped into DSP with root node add_ln25_5)   --->   "%mul_ln25_7 = mul i16 %zext_ln25_14, i16 %zext_ln25_8" [../solution5/matrix_mult.cpp:25]   --->   Operation 128 'mul' 'mul_ln25_7' <Predicate = true> <Delay = 0.00> <CoreInst = "DSP48">   --->   Core 116 'DSP48' <Latency = 3> <II = 1> <Delay = 2.15> <IPBlock> <Opcode : 'add' 'sub' 'mul' 'select'> <InPorts = 0> <OutPorts = 1> <Sync> <CReg>
ST_4 : Operation 129 [2/2] (2.10ns) (root node of the DSP)   --->   "%add_ln25_5 = add i16 %mul_ln25_8, i16 %mul_ln25_7" [../solution5/matrix_mult.cpp:25]   --->   Operation 129 'add' 'add_ln25_5' <Predicate = true> <Delay = 2.10> <CoreInst = "DSP48">   --->   Core 116 'DSP48' <Latency = 3> <II = 1> <Delay = 2.15> <IPBlock> <Opcode : 'add' 'sub' 'mul' 'select'> <InPorts = 0> <OutPorts = 1> <Sync> <CReg>
ST_4 : Operation 130 [2/3] (1.05ns) (grouped into DSP with root node add_ln25_9)   --->   "%mul_ln25_12 = mul i16 %zext_ln25_19, i16 %zext_ln25_8" [../solution5/matrix_mult.cpp:25]   --->   Operation 130 'mul' 'mul_ln25_12' <Predicate = true> <Delay = 1.05> <CoreInst = "DSP48">   --->   Core 116 'DSP48' <Latency = 3> <II = 1> <Delay = 2.15> <IPBlock> <Opcode : 'add' 'sub' 'mul' 'select'> <InPorts = 0> <OutPorts = 1> <Sync> <CReg>
ST_4 : Operation 131 [2/3] (1.05ns) (grouped into DSP with root node add_ln25_13)   --->   "%mul_ln25_17 = mul i16 %zext_ln25_24, i16 %zext_ln25_8" [../solution5/matrix_mult.cpp:25]   --->   Operation 131 'mul' 'mul_ln25_17' <Predicate = true> <Delay = 1.05> <CoreInst = "DSP48">   --->   Core 116 'DSP48' <Latency = 3> <II = 1> <Delay = 2.15> <IPBlock> <Opcode : 'add' 'sub' 'mul' 'select'> <InPorts = 0> <OutPorts = 1> <Sync> <CReg>
ST_4 : Operation 132 [1/2] ( I:0.00ns O:0.00ns )   --->   "%b_load_4 = load i3 %b_addr_4" [../solution5/matrix_mult.cpp:25]   --->   Operation 132 'load' 'b_load_4' <Predicate = true> <Delay = 0.00> <CoreInst = "RAM">   --->   Core 81 'RAM' <Latency = 1> <II = 1> <Delay = 2.32> <Storage> <Opcode : 'load' 'store'> <Ports = 2> <Width = 40> <Depth = 5> <RAM>
ST_4 : Operation 133 [1/1] (0.00ns)   --->   "%trunc_ln25_5 = trunc i40 %b_load_4" [../solution5/matrix_mult.cpp:25]   --->   Operation 133 'trunc' 'trunc_ln25_5' <Predicate = true> <Delay = 0.00>
ST_4 : Operation 134 [1/1] (0.00ns)   --->   "%tmp_19 = partselect i8 @_ssdm_op_PartSelect.i8.i40.i40, i40 %b_load_4, i40 8" [../solution5/matrix_mult.cpp:25]   --->   Operation 134 'partselect' 'tmp_19' <Predicate = true> <Delay = 0.00>
ST_4 : Operation 135 [1/1] (0.00ns)   --->   "%tmp_20 = partselect i8 @_ssdm_op_PartSelect.i8.i40.i40, i40 %b_load_4, i40 16" [../solution5/matrix_mult.cpp:25]   --->   Operation 135 'partselect' 'tmp_20' <Predicate = true> <Delay = 0.00>
ST_4 : Operation 136 [1/1] (0.00ns)   --->   "%tmp_21 = partselect i8 @_ssdm_op_PartSelect.i8.i40.i40, i40 %b_load_4, i40 24" [../solution5/matrix_mult.cpp:25]   --->   Operation 136 'partselect' 'tmp_21' <Predicate = true> <Delay = 0.00>
ST_4 : Operation 137 [1/1] (0.00ns)   --->   "%zext_ln25_28 = zext i8 %tmp_21" [../solution5/matrix_mult.cpp:25]   --->   Operation 137 'zext' 'zext_ln25_28' <Predicate = true> <Delay = 0.00>
ST_4 : Operation 138 [1/1] (0.00ns)   --->   "%tmp_22 = partselect i8 @_ssdm_op_PartSelect.i8.i40.i40, i40 %b_load_4, i40 32" [../solution5/matrix_mult.cpp:25]   --->   Operation 138 'partselect' 'tmp_22' <Predicate = true> <Delay = 0.00>
ST_4 : Operation 139 [1/1] (0.00ns)   --->   "%zext_ln25_29 = zext i8 %tmp_22" [../solution5/matrix_mult.cpp:25]   --->   Operation 139 'zext' 'zext_ln25_29' <Predicate = true> <Delay = 0.00>
ST_4 : Operation 140 [3/3] (1.05ns) (grouped into DSP with root node add_ln25_17)   --->   "%mul_ln25_22 = mul i16 %zext_ln25_29, i16 %zext_ln25_8" [../solution5/matrix_mult.cpp:25]   --->   Operation 140 'mul' 'mul_ln25_22' <Predicate = true> <Delay = 1.05> <CoreInst = "DSP48">   --->   Core 116 'DSP48' <Latency = 3> <II = 1> <Delay = 2.15> <IPBlock> <Opcode : 'add' 'sub' 'mul' 'select'> <InPorts = 0> <OutPorts = 1> <Sync> <CReg>
ST_4 : Operation 141 [1/1] (4.17ns)   --->   "%mul_ln25_23 = mul i16 %zext_ln25_28, i16 %zext_ln25_6" [../solution5/matrix_mult.cpp:25]   --->   Operation 141 'mul' 'mul_ln25_23' <Predicate = true> <Delay = 4.17> <CoreInst = "Multiplier">   --->   Core 3 'Multiplier' <Latency = 0> <II = 1> <Delay = 4.17> <FuncUnit> <Opcode : 'mul'> <InPorts = 2> <OutPorts = 1>
ST_4 : Operation 142 [1/3] (0.00ns) (grouped into DSP with root node add_ln25_21)   --->   "%mul_ln25_27 = mul i16 %zext_ln25_34, i16 %zext_ln25_9" [../solution5/matrix_mult.cpp:25]   --->   Operation 142 'mul' 'mul_ln25_27' <Predicate = true> <Delay = 0.00> <CoreInst = "DSP48">   --->   Core 116 'DSP48' <Latency = 3> <II = 1> <Delay = 2.15> <IPBlock> <Opcode : 'add' 'sub' 'mul' 'select'> <InPorts = 0> <OutPorts = 1> <Sync> <CReg>
ST_4 : Operation 143 [2/2] (2.10ns) (root node of the DSP)   --->   "%add_ln25_21 = add i16 %mul_ln25_28, i16 %mul_ln25_27" [../solution5/matrix_mult.cpp:25]   --->   Operation 143 'add' 'add_ln25_21' <Predicate = true> <Delay = 2.10> <CoreInst = "DSP48">   --->   Core 116 'DSP48' <Latency = 3> <II = 1> <Delay = 2.15> <IPBlock> <Opcode : 'add' 'sub' 'mul' 'select'> <InPorts = 0> <OutPorts = 1> <Sync> <CReg>
ST_4 : Operation 144 [1/3] (0.00ns) (grouped into DSP with root node add_ln25_25)   --->   "%mul_ln25_32 = mul i16 %zext_ln25_34, i16 %zext_ln25_14" [../solution5/matrix_mult.cpp:25]   --->   Operation 144 'mul' 'mul_ln25_32' <Predicate = true> <Delay = 0.00> <CoreInst = "DSP48">   --->   Core 116 'DSP48' <Latency = 3> <II = 1> <Delay = 2.15> <IPBlock> <Opcode : 'add' 'sub' 'mul' 'select'> <InPorts = 0> <OutPorts = 1> <Sync> <CReg>
ST_4 : Operation 145 [2/2] (2.10ns) (root node of the DSP)   --->   "%add_ln25_25 = add i16 %mul_ln25_33, i16 %mul_ln25_32" [../solution5/matrix_mult.cpp:25]   --->   Operation 145 'add' 'add_ln25_25' <Predicate = true> <Delay = 2.10> <CoreInst = "DSP48">   --->   Core 116 'DSP48' <Latency = 3> <II = 1> <Delay = 2.15> <IPBlock> <Opcode : 'add' 'sub' 'mul' 'select'> <InPorts = 0> <OutPorts = 1> <Sync> <CReg>
ST_4 : Operation 146 [2/3] (1.05ns) (grouped into DSP with root node add_ln25_29)   --->   "%mul_ln25_37 = mul i16 %zext_ln25_34, i16 %zext_ln25_19" [../solution5/matrix_mult.cpp:25]   --->   Operation 146 'mul' 'mul_ln25_37' <Predicate = true> <Delay = 1.05> <CoreInst = "DSP48">   --->   Core 116 'DSP48' <Latency = 3> <II = 1> <Delay = 2.15> <IPBlock> <Opcode : 'add' 'sub' 'mul' 'select'> <InPorts = 0> <OutPorts = 1> <Sync> <CReg>
ST_4 : Operation 147 [2/3] (1.05ns) (grouped into DSP with root node add_ln25_33)   --->   "%mul_ln25_42 = mul i16 %zext_ln25_34, i16 %zext_ln25_24" [../solution5/matrix_mult.cpp:25]   --->   Operation 147 'mul' 'mul_ln25_42' <Predicate = true> <Delay = 1.05> <CoreInst = "DSP48">   --->   Core 116 'DSP48' <Latency = 3> <II = 1> <Delay = 2.15> <IPBlock> <Opcode : 'add' 'sub' 'mul' 'select'> <InPorts = 0> <OutPorts = 1> <Sync> <CReg>
ST_4 : Operation 148 [3/3] (1.05ns) (grouped into DSP with root node add_ln25_37)   --->   "%mul_ln25_47 = mul i16 %zext_ln25_34, i16 %zext_ln25_29" [../solution5/matrix_mult.cpp:25]   --->   Operation 148 'mul' 'mul_ln25_47' <Predicate = true> <Delay = 1.05> <CoreInst = "DSP48">   --->   Core 116 'DSP48' <Latency = 3> <II = 1> <Delay = 2.15> <IPBlock> <Opcode : 'add' 'sub' 'mul' 'select'> <InPorts = 0> <OutPorts = 1> <Sync> <CReg>
ST_4 : Operation 149 [1/1] (4.17ns)   --->   "%mul_ln25_48 = mul i16 %zext_ln25_33, i16 %zext_ln25_28" [../solution5/matrix_mult.cpp:25]   --->   Operation 149 'mul' 'mul_ln25_48' <Predicate = true> <Delay = 4.17> <CoreInst = "Multiplier">   --->   Core 3 'Multiplier' <Latency = 0> <II = 1> <Delay = 4.17> <FuncUnit> <Opcode : 'mul'> <InPorts = 2> <OutPorts = 1>
ST_4 : Operation 150 [1/1] (0.00ns)   --->   "%zext_ln25_38 = zext i8 %tmp_29" [../solution5/matrix_mult.cpp:25]   --->   Operation 150 'zext' 'zext_ln25_38' <Predicate = true> <Delay = 0.00>
ST_4 : Operation 151 [2/3] (1.05ns) (grouped into DSP with root node add_ln25_41)   --->   "%mul_ln25_52 = mul i16 %zext_ln25_39, i16 %zext_ln25_9" [../solution5/matrix_mult.cpp:25]   --->   Operation 151 'mul' 'mul_ln25_52' <Predicate = true> <Delay = 1.05> <CoreInst = "DSP48">   --->   Core 116 'DSP48' <Latency = 3> <II = 1> <Delay = 2.15> <IPBlock> <Opcode : 'add' 'sub' 'mul' 'select'> <InPorts = 0> <OutPorts = 1> <Sync> <CReg>
ST_4 : Operation 152 [1/1] (4.17ns)   --->   "%mul_ln25_53 = mul i16 %zext_ln25_38, i16 %zext_ln25_7" [../solution5/matrix_mult.cpp:25]   --->   Operation 152 'mul' 'mul_ln25_53' <Predicate = true> <Delay = 4.17> <CoreInst = "Multiplier">   --->   Core 3 'Multiplier' <Latency = 0> <II = 1> <Delay = 4.17> <FuncUnit> <Opcode : 'mul'> <InPorts = 2> <OutPorts = 1>
ST_4 : Operation 153 [2/3] (1.05ns) (grouped into DSP with root node add_ln25_45)   --->   "%mul_ln25_57 = mul i16 %zext_ln25_39, i16 %zext_ln25_14" [../solution5/matrix_mult.cpp:25]   --->   Operation 153 'mul' 'mul_ln25_57' <Predicate = true> <Delay = 1.05> <CoreInst = "DSP48">   --->   Core 116 'DSP48' <Latency = 3> <II = 1> <Delay = 2.15> <IPBlock> <Opcode : 'add' 'sub' 'mul' 'select'> <InPorts = 0> <OutPorts = 1> <Sync> <CReg>
ST_4 : Operation 154 [1/1] (4.17ns)   --->   "%mul_ln25_58 = mul i16 %zext_ln25_38, i16 %zext_ln25_13" [../solution5/matrix_mult.cpp:25]   --->   Operation 154 'mul' 'mul_ln25_58' <Predicate = true> <Delay = 4.17> <CoreInst = "Multiplier">   --->   Core 3 'Multiplier' <Latency = 0> <II = 1> <Delay = 4.17> <FuncUnit> <Opcode : 'mul'> <InPorts = 2> <OutPorts = 1>
ST_4 : Operation 155 [3/3] (1.05ns) (grouped into DSP with root node add_ln25_49)   --->   "%mul_ln25_62 = mul i16 %zext_ln25_39, i16 %zext_ln25_19" [../solution5/matrix_mult.cpp:25]   --->   Operation 155 'mul' 'mul_ln25_62' <Predicate = true> <Delay = 1.05> <CoreInst = "DSP48">   --->   Core 116 'DSP48' <Latency = 3> <II = 1> <Delay = 2.15> <IPBlock> <Opcode : 'add' 'sub' 'mul' 'select'> <InPorts = 0> <OutPorts = 1> <Sync> <CReg>
ST_4 : Operation 156 [3/3] (1.05ns) (grouped into DSP with root node add_ln25_53)   --->   "%mul_ln25_67 = mul i16 %zext_ln25_39, i16 %zext_ln25_24" [../solution5/matrix_mult.cpp:25]   --->   Operation 156 'mul' 'mul_ln25_67' <Predicate = true> <Delay = 1.05> <CoreInst = "DSP48">   --->   Core 116 'DSP48' <Latency = 3> <II = 1> <Delay = 2.15> <IPBlock> <Opcode : 'add' 'sub' 'mul' 'select'> <InPorts = 0> <OutPorts = 1> <Sync> <CReg>
ST_4 : Operation 157 [3/3] (1.05ns) (grouped into DSP with root node add_ln25_57)   --->   "%mul_ln25_72 = mul i16 %zext_ln25_39, i16 %zext_ln25_29" [../solution5/matrix_mult.cpp:25]   --->   Operation 157 'mul' 'mul_ln25_72' <Predicate = true> <Delay = 1.05> <CoreInst = "DSP48">   --->   Core 116 'DSP48' <Latency = 3> <II = 1> <Delay = 2.15> <IPBlock> <Opcode : 'add' 'sub' 'mul' 'select'> <InPorts = 0> <OutPorts = 1> <Sync> <CReg>
ST_4 : Operation 158 [1/1] (0.00ns)   --->   "%zext_ln25_44 = zext i8 %tmp_34" [../solution5/matrix_mult.cpp:25]   --->   Operation 158 'zext' 'zext_ln25_44' <Predicate = true> <Delay = 0.00>
ST_4 : Operation 159 [3/3] (1.05ns) (grouped into DSP with root node add_ln25_61)   --->   "%mul_ln25_77 = mul i16 %zext_ln25_44, i16 %zext_ln25_9" [../solution5/matrix_mult.cpp:25]   --->   Operation 159 'mul' 'mul_ln25_77' <Predicate = true> <Delay = 1.05> <CoreInst = "DSP48">   --->   Core 116 'DSP48' <Latency = 3> <II = 1> <Delay = 2.15> <IPBlock> <Opcode : 'add' 'sub' 'mul' 'select'> <InPorts = 0> <OutPorts = 1> <Sync> <CReg>
ST_4 : Operation 160 [1/2] ( I:0.00ns O:0.00ns )   --->   "%a_load_4 = load i3 %a_addr_4" [../solution5/matrix_mult.cpp:25]   --->   Operation 160 'load' 'a_load_4' <Predicate = true> <Delay = 0.00> <CoreInst = "RAM">   --->   Core 81 'RAM' <Latency = 1> <II = 1> <Delay = 2.32> <Storage> <Opcode : 'load' 'store'> <Ports = 2> <Width = 40> <Depth = 5> <RAM>
ST_4 : Operation 161 [1/1] (0.00ns)   --->   "%trunc_ln25_9 = trunc i40 %a_load_4" [../solution5/matrix_mult.cpp:25]   --->   Operation 161 'trunc' 'trunc_ln25_9' <Predicate = true> <Delay = 0.00>
ST_4 : Operation 162 [1/1] (0.00ns)   --->   "%tmp_35 = partselect i8 @_ssdm_op_PartSelect.i8.i40.i40, i40 %a_load_4, i40 8" [../solution5/matrix_mult.cpp:25]   --->   Operation 162 'partselect' 'tmp_35' <Predicate = true> <Delay = 0.00>
ST_4 : Operation 163 [1/1] (0.00ns)   --->   "%tmp_36 = partselect i8 @_ssdm_op_PartSelect.i8.i40.i40, i40 %a_load_4, i40 16" [../solution5/matrix_mult.cpp:25]   --->   Operation 163 'partselect' 'tmp_36' <Predicate = true> <Delay = 0.00>
ST_4 : Operation 164 [1/1] (0.00ns)   --->   "%tmp_37 = partselect i8 @_ssdm_op_PartSelect.i8.i40.i40, i40 %a_load_4, i40 24" [../solution5/matrix_mult.cpp:25]   --->   Operation 164 'partselect' 'tmp_37' <Predicate = true> <Delay = 0.00>
ST_4 : Operation 165 [1/1] (0.00ns)   --->   "%tmp_38 = partselect i8 @_ssdm_op_PartSelect.i8.i40.i40, i40 %a_load_4, i40 32" [../solution5/matrix_mult.cpp:25]   --->   Operation 165 'partselect' 'tmp_38' <Predicate = true> <Delay = 0.00>

State 5 <SV = 4> <Delay = 4.17>
ST_5 : Operation 166 [1/2] (2.10ns) (root node of the DSP)   --->   "%add_ln25_1 = add i16 %mul_ln25_3, i16 %mul_ln25_2" [../solution5/matrix_mult.cpp:25]   --->   Operation 166 'add' 'add_ln25_1' <Predicate = true> <Delay = 2.10> <CoreInst = "DSP48">   --->   Core 116 'DSP48' <Latency = 3> <II = 1> <Delay = 2.15> <IPBlock> <Opcode : 'add' 'sub' 'mul' 'select'> <InPorts = 0> <OutPorts = 1> <Sync> <CReg>
ST_5 : Operation 167 [1/2] (2.10ns) (root node of the DSP)   --->   "%add_ln25_5 = add i16 %mul_ln25_8, i16 %mul_ln25_7" [../solution5/matrix_mult.cpp:25]   --->   Operation 167 'add' 'add_ln25_5' <Predicate = true> <Delay = 2.10> <CoreInst = "DSP48">   --->   Core 116 'DSP48' <Latency = 3> <II = 1> <Delay = 2.15> <IPBlock> <Opcode : 'add' 'sub' 'mul' 'select'> <InPorts = 0> <OutPorts = 1> <Sync> <CReg>
ST_5 : Operation 168 [1/3] (0.00ns) (grouped into DSP with root node add_ln25_9)   --->   "%mul_ln25_12 = mul i16 %zext_ln25_19, i16 %zext_ln25_8" [../solution5/matrix_mult.cpp:25]   --->   Operation 168 'mul' 'mul_ln25_12' <Predicate = true> <Delay = 0.00> <CoreInst = "DSP48">   --->   Core 116 'DSP48' <Latency = 3> <II = 1> <Delay = 2.15> <IPBlock> <Opcode : 'add' 'sub' 'mul' 'select'> <InPorts = 0> <OutPorts = 1> <Sync> <CReg>
ST_5 : Operation 169 [2/2] (2.10ns) (root node of the DSP)   --->   "%add_ln25_9 = add i16 %mul_ln25_13, i16 %mul_ln25_12" [../solution5/matrix_mult.cpp:25]   --->   Operation 169 'add' 'add_ln25_9' <Predicate = true> <Delay = 2.10> <CoreInst = "DSP48">   --->   Core 116 'DSP48' <Latency = 3> <II = 1> <Delay = 2.15> <IPBlock> <Opcode : 'add' 'sub' 'mul' 'select'> <InPorts = 0> <OutPorts = 1> <Sync> <CReg>
ST_5 : Operation 170 [1/3] (0.00ns) (grouped into DSP with root node add_ln25_13)   --->   "%mul_ln25_17 = mul i16 %zext_ln25_24, i16 %zext_ln25_8" [../solution5/matrix_mult.cpp:25]   --->   Operation 170 'mul' 'mul_ln25_17' <Predicate = true> <Delay = 0.00> <CoreInst = "DSP48">   --->   Core 116 'DSP48' <Latency = 3> <II = 1> <Delay = 2.15> <IPBlock> <Opcode : 'add' 'sub' 'mul' 'select'> <InPorts = 0> <OutPorts = 1> <Sync> <CReg>
ST_5 : Operation 171 [2/2] (2.10ns) (root node of the DSP)   --->   "%add_ln25_13 = add i16 %mul_ln25_18, i16 %mul_ln25_17" [../solution5/matrix_mult.cpp:25]   --->   Operation 171 'add' 'add_ln25_13' <Predicate = true> <Delay = 2.10> <CoreInst = "DSP48">   --->   Core 116 'DSP48' <Latency = 3> <II = 1> <Delay = 2.15> <IPBlock> <Opcode : 'add' 'sub' 'mul' 'select'> <InPorts = 0> <OutPorts = 1> <Sync> <CReg>
ST_5 : Operation 172 [2/3] (1.05ns) (grouped into DSP with root node add_ln25_17)   --->   "%mul_ln25_22 = mul i16 %zext_ln25_29, i16 %zext_ln25_8" [../solution5/matrix_mult.cpp:25]   --->   Operation 172 'mul' 'mul_ln25_22' <Predicate = true> <Delay = 1.05> <CoreInst = "DSP48">   --->   Core 116 'DSP48' <Latency = 3> <II = 1> <Delay = 2.15> <IPBlock> <Opcode : 'add' 'sub' 'mul' 'select'> <InPorts = 0> <OutPorts = 1> <Sync> <CReg>
ST_5 : Operation 173 [1/2] (2.10ns) (root node of the DSP)   --->   "%add_ln25_21 = add i16 %mul_ln25_28, i16 %mul_ln25_27" [../solution5/matrix_mult.cpp:25]   --->   Operation 173 'add' 'add_ln25_21' <Predicate = true> <Delay = 2.10> <CoreInst = "DSP48">   --->   Core 116 'DSP48' <Latency = 3> <II = 1> <Delay = 2.15> <IPBlock> <Opcode : 'add' 'sub' 'mul' 'select'> <InPorts = 0> <OutPorts = 1> <Sync> <CReg>
ST_5 : Operation 174 [1/2] (2.10ns) (root node of the DSP)   --->   "%add_ln25_25 = add i16 %mul_ln25_33, i16 %mul_ln25_32" [../solution5/matrix_mult.cpp:25]   --->   Operation 174 'add' 'add_ln25_25' <Predicate = true> <Delay = 2.10> <CoreInst = "DSP48">   --->   Core 116 'DSP48' <Latency = 3> <II = 1> <Delay = 2.15> <IPBlock> <Opcode : 'add' 'sub' 'mul' 'select'> <InPorts = 0> <OutPorts = 1> <Sync> <CReg>
ST_5 : Operation 175 [1/3] (0.00ns) (grouped into DSP with root node add_ln25_29)   --->   "%mul_ln25_37 = mul i16 %zext_ln25_34, i16 %zext_ln25_19" [../solution5/matrix_mult.cpp:25]   --->   Operation 175 'mul' 'mul_ln25_37' <Predicate = true> <Delay = 0.00> <CoreInst = "DSP48">   --->   Core 116 'DSP48' <Latency = 3> <II = 1> <Delay = 2.15> <IPBlock> <Opcode : 'add' 'sub' 'mul' 'select'> <InPorts = 0> <OutPorts = 1> <Sync> <CReg>
ST_5 : Operation 176 [2/2] (2.10ns) (root node of the DSP)   --->   "%add_ln25_29 = add i16 %mul_ln25_38, i16 %mul_ln25_37" [../solution5/matrix_mult.cpp:25]   --->   Operation 176 'add' 'add_ln25_29' <Predicate = true> <Delay = 2.10> <CoreInst = "DSP48">   --->   Core 116 'DSP48' <Latency = 3> <II = 1> <Delay = 2.15> <IPBlock> <Opcode : 'add' 'sub' 'mul' 'select'> <InPorts = 0> <OutPorts = 1> <Sync> <CReg>
ST_5 : Operation 177 [1/3] (0.00ns) (grouped into DSP with root node add_ln25_33)   --->   "%mul_ln25_42 = mul i16 %zext_ln25_34, i16 %zext_ln25_24" [../solution5/matrix_mult.cpp:25]   --->   Operation 177 'mul' 'mul_ln25_42' <Predicate = true> <Delay = 0.00> <CoreInst = "DSP48">   --->   Core 116 'DSP48' <Latency = 3> <II = 1> <Delay = 2.15> <IPBlock> <Opcode : 'add' 'sub' 'mul' 'select'> <InPorts = 0> <OutPorts = 1> <Sync> <CReg>
ST_5 : Operation 178 [2/2] (2.10ns) (root node of the DSP)   --->   "%add_ln25_33 = add i16 %mul_ln25_43, i16 %mul_ln25_42" [../solution5/matrix_mult.cpp:25]   --->   Operation 178 'add' 'add_ln25_33' <Predicate = true> <Delay = 2.10> <CoreInst = "DSP48">   --->   Core 116 'DSP48' <Latency = 3> <II = 1> <Delay = 2.15> <IPBlock> <Opcode : 'add' 'sub' 'mul' 'select'> <InPorts = 0> <OutPorts = 1> <Sync> <CReg>
ST_5 : Operation 179 [2/3] (1.05ns) (grouped into DSP with root node add_ln25_37)   --->   "%mul_ln25_47 = mul i16 %zext_ln25_34, i16 %zext_ln25_29" [../solution5/matrix_mult.cpp:25]   --->   Operation 179 'mul' 'mul_ln25_47' <Predicate = true> <Delay = 1.05> <CoreInst = "DSP48">   --->   Core 116 'DSP48' <Latency = 3> <II = 1> <Delay = 2.15> <IPBlock> <Opcode : 'add' 'sub' 'mul' 'select'> <InPorts = 0> <OutPorts = 1> <Sync> <CReg>
ST_5 : Operation 180 [1/3] (0.00ns) (grouped into DSP with root node add_ln25_41)   --->   "%mul_ln25_52 = mul i16 %zext_ln25_39, i16 %zext_ln25_9" [../solution5/matrix_mult.cpp:25]   --->   Operation 180 'mul' 'mul_ln25_52' <Predicate = true> <Delay = 0.00> <CoreInst = "DSP48">   --->   Core 116 'DSP48' <Latency = 3> <II = 1> <Delay = 2.15> <IPBlock> <Opcode : 'add' 'sub' 'mul' 'select'> <InPorts = 0> <OutPorts = 1> <Sync> <CReg>
ST_5 : Operation 181 [2/2] (2.10ns) (root node of the DSP)   --->   "%add_ln25_41 = add i16 %mul_ln25_53, i16 %mul_ln25_52" [../solution5/matrix_mult.cpp:25]   --->   Operation 181 'add' 'add_ln25_41' <Predicate = true> <Delay = 2.10> <CoreInst = "DSP48">   --->   Core 116 'DSP48' <Latency = 3> <II = 1> <Delay = 2.15> <IPBlock> <Opcode : 'add' 'sub' 'mul' 'select'> <InPorts = 0> <OutPorts = 1> <Sync> <CReg>
ST_5 : Operation 182 [1/3] (0.00ns) (grouped into DSP with root node add_ln25_45)   --->   "%mul_ln25_57 = mul i16 %zext_ln25_39, i16 %zext_ln25_14" [../solution5/matrix_mult.cpp:25]   --->   Operation 182 'mul' 'mul_ln25_57' <Predicate = true> <Delay = 0.00> <CoreInst = "DSP48">   --->   Core 116 'DSP48' <Latency = 3> <II = 1> <Delay = 2.15> <IPBlock> <Opcode : 'add' 'sub' 'mul' 'select'> <InPorts = 0> <OutPorts = 1> <Sync> <CReg>
ST_5 : Operation 183 [2/2] (2.10ns) (root node of the DSP)   --->   "%add_ln25_45 = add i16 %mul_ln25_58, i16 %mul_ln25_57" [../solution5/matrix_mult.cpp:25]   --->   Operation 183 'add' 'add_ln25_45' <Predicate = true> <Delay = 2.10> <CoreInst = "DSP48">   --->   Core 116 'DSP48' <Latency = 3> <II = 1> <Delay = 2.15> <IPBlock> <Opcode : 'add' 'sub' 'mul' 'select'> <InPorts = 0> <OutPorts = 1> <Sync> <CReg>
ST_5 : Operation 184 [2/3] (1.05ns) (grouped into DSP with root node add_ln25_49)   --->   "%mul_ln25_62 = mul i16 %zext_ln25_39, i16 %zext_ln25_19" [../solution5/matrix_mult.cpp:25]   --->   Operation 184 'mul' 'mul_ln25_62' <Predicate = true> <Delay = 1.05> <CoreInst = "DSP48">   --->   Core 116 'DSP48' <Latency = 3> <II = 1> <Delay = 2.15> <IPBlock> <Opcode : 'add' 'sub' 'mul' 'select'> <InPorts = 0> <OutPorts = 1> <Sync> <CReg>
ST_5 : Operation 185 [1/1] (4.17ns)   --->   "%mul_ln25_63 = mul i16 %zext_ln25_38, i16 %zext_ln25_18" [../solution5/matrix_mult.cpp:25]   --->   Operation 185 'mul' 'mul_ln25_63' <Predicate = true> <Delay = 4.17> <CoreInst = "Multiplier">   --->   Core 3 'Multiplier' <Latency = 0> <II = 1> <Delay = 4.17> <FuncUnit> <Opcode : 'mul'> <InPorts = 2> <OutPorts = 1>
ST_5 : Operation 186 [2/3] (1.05ns) (grouped into DSP with root node add_ln25_53)   --->   "%mul_ln25_67 = mul i16 %zext_ln25_39, i16 %zext_ln25_24" [../solution5/matrix_mult.cpp:25]   --->   Operation 186 'mul' 'mul_ln25_67' <Predicate = true> <Delay = 1.05> <CoreInst = "DSP48">   --->   Core 116 'DSP48' <Latency = 3> <II = 1> <Delay = 2.15> <IPBlock> <Opcode : 'add' 'sub' 'mul' 'select'> <InPorts = 0> <OutPorts = 1> <Sync> <CReg>
ST_5 : Operation 187 [1/1] (4.17ns)   --->   "%mul_ln25_68 = mul i16 %zext_ln25_38, i16 %zext_ln25_23" [../solution5/matrix_mult.cpp:25]   --->   Operation 187 'mul' 'mul_ln25_68' <Predicate = true> <Delay = 4.17> <CoreInst = "Multiplier">   --->   Core 3 'Multiplier' <Latency = 0> <II = 1> <Delay = 4.17> <FuncUnit> <Opcode : 'mul'> <InPorts = 2> <OutPorts = 1>
ST_5 : Operation 188 [2/3] (1.05ns) (grouped into DSP with root node add_ln25_57)   --->   "%mul_ln25_72 = mul i16 %zext_ln25_39, i16 %zext_ln25_29" [../solution5/matrix_mult.cpp:25]   --->   Operation 188 'mul' 'mul_ln25_72' <Predicate = true> <Delay = 1.05> <CoreInst = "DSP48">   --->   Core 116 'DSP48' <Latency = 3> <II = 1> <Delay = 2.15> <IPBlock> <Opcode : 'add' 'sub' 'mul' 'select'> <InPorts = 0> <OutPorts = 1> <Sync> <CReg>
ST_5 : Operation 189 [1/1] (4.17ns)   --->   "%mul_ln25_73 = mul i16 %zext_ln25_38, i16 %zext_ln25_28" [../solution5/matrix_mult.cpp:25]   --->   Operation 189 'mul' 'mul_ln25_73' <Predicate = true> <Delay = 4.17> <CoreInst = "Multiplier">   --->   Core 3 'Multiplier' <Latency = 0> <II = 1> <Delay = 4.17> <FuncUnit> <Opcode : 'mul'> <InPorts = 2> <OutPorts = 1>
ST_5 : Operation 190 [1/1] (0.00ns)   --->   "%zext_ln25_43 = zext i8 %tmp_33" [../solution5/matrix_mult.cpp:25]   --->   Operation 190 'zext' 'zext_ln25_43' <Predicate = true> <Delay = 0.00>
ST_5 : Operation 191 [2/3] (1.05ns) (grouped into DSP with root node add_ln25_61)   --->   "%mul_ln25_77 = mul i16 %zext_ln25_44, i16 %zext_ln25_9" [../solution5/matrix_mult.cpp:25]   --->   Operation 191 'mul' 'mul_ln25_77' <Predicate = true> <Delay = 1.05> <CoreInst = "DSP48">   --->   Core 116 'DSP48' <Latency = 3> <II = 1> <Delay = 2.15> <IPBlock> <Opcode : 'add' 'sub' 'mul' 'select'> <InPorts = 0> <OutPorts = 1> <Sync> <CReg>
ST_5 : Operation 192 [1/1] (4.17ns)   --->   "%mul_ln25_78 = mul i16 %zext_ln25_43, i16 %zext_ln25_7" [../solution5/matrix_mult.cpp:25]   --->   Operation 192 'mul' 'mul_ln25_78' <Predicate = true> <Delay = 4.17> <CoreInst = "Multiplier">   --->   Core 3 'Multiplier' <Latency = 0> <II = 1> <Delay = 4.17> <FuncUnit> <Opcode : 'mul'> <InPorts = 2> <OutPorts = 1>
ST_5 : Operation 193 [3/3] (1.05ns) (grouped into DSP with root node add_ln25_65)   --->   "%mul_ln25_82 = mul i16 %zext_ln25_44, i16 %zext_ln25_14" [../solution5/matrix_mult.cpp:25]   --->   Operation 193 'mul' 'mul_ln25_82' <Predicate = true> <Delay = 1.05> <CoreInst = "DSP48">   --->   Core 116 'DSP48' <Latency = 3> <II = 1> <Delay = 2.15> <IPBlock> <Opcode : 'add' 'sub' 'mul' 'select'> <InPorts = 0> <OutPorts = 1> <Sync> <CReg>
ST_5 : Operation 194 [3/3] (1.05ns) (grouped into DSP with root node add_ln25_69)   --->   "%mul_ln25_87 = mul i16 %zext_ln25_44, i16 %zext_ln25_19" [../solution5/matrix_mult.cpp:25]   --->   Operation 194 'mul' 'mul_ln25_87' <Predicate = true> <Delay = 1.05> <CoreInst = "DSP48">   --->   Core 116 'DSP48' <Latency = 3> <II = 1> <Delay = 2.15> <IPBlock> <Opcode : 'add' 'sub' 'mul' 'select'> <InPorts = 0> <OutPorts = 1> <Sync> <CReg>
ST_5 : Operation 195 [3/3] (1.05ns) (grouped into DSP with root node add_ln25_73)   --->   "%mul_ln25_92 = mul i16 %zext_ln25_44, i16 %zext_ln25_24" [../solution5/matrix_mult.cpp:25]   --->   Operation 195 'mul' 'mul_ln25_92' <Predicate = true> <Delay = 1.05> <CoreInst = "DSP48">   --->   Core 116 'DSP48' <Latency = 3> <II = 1> <Delay = 2.15> <IPBlock> <Opcode : 'add' 'sub' 'mul' 'select'> <InPorts = 0> <OutPorts = 1> <Sync> <CReg>
ST_5 : Operation 196 [3/3] (1.05ns) (grouped into DSP with root node add_ln25_77)   --->   "%mul_ln25_97 = mul i16 %zext_ln25_44, i16 %zext_ln25_29" [../solution5/matrix_mult.cpp:25]   --->   Operation 196 'mul' 'mul_ln25_97' <Predicate = true> <Delay = 1.05> <CoreInst = "DSP48">   --->   Core 116 'DSP48' <Latency = 3> <II = 1> <Delay = 2.15> <IPBlock> <Opcode : 'add' 'sub' 'mul' 'select'> <InPorts = 0> <OutPorts = 1> <Sync> <CReg>
ST_5 : Operation 197 [1/1] (0.00ns)   --->   "%zext_ln25_49 = zext i8 %tmp_38" [../solution5/matrix_mult.cpp:25]   --->   Operation 197 'zext' 'zext_ln25_49' <Predicate = true> <Delay = 0.00>
ST_5 : Operation 198 [3/3] (1.05ns) (grouped into DSP with root node add_ln25_81)   --->   "%mul_ln25_102 = mul i16 %zext_ln25_49, i16 %zext_ln25_9" [../solution5/matrix_mult.cpp:25]   --->   Operation 198 'mul' 'mul_ln25_102' <Predicate = true> <Delay = 1.05> <CoreInst = "DSP48">   --->   Core 116 'DSP48' <Latency = 3> <II = 1> <Delay = 2.15> <IPBlock> <Opcode : 'add' 'sub' 'mul' 'select'> <InPorts = 0> <OutPorts = 1> <Sync> <CReg>
ST_5 : Operation 199 [3/3] (1.05ns) (grouped into DSP with root node add_ln25_85)   --->   "%mul_ln25_107 = mul i16 %zext_ln25_49, i16 %zext_ln25_14" [../solution5/matrix_mult.cpp:25]   --->   Operation 199 'mul' 'mul_ln25_107' <Predicate = true> <Delay = 1.05> <CoreInst = "DSP48">   --->   Core 116 'DSP48' <Latency = 3> <II = 1> <Delay = 2.15> <IPBlock> <Opcode : 'add' 'sub' 'mul' 'select'> <InPorts = 0> <OutPorts = 1> <Sync> <CReg>

State 6 <SV = 5> <Delay = 4.17>
ST_6 : Operation 200 [1/1] (0.00ns)   --->   "%zext_ln25 = zext i8 %trunc_ln25" [../solution5/matrix_mult.cpp:25]   --->   Operation 200 'zext' 'zext_ln25' <Predicate = true> <Delay = 0.00>
ST_6 : Operation 201 [1/1] (0.00ns)   --->   "%zext_ln25_1 = zext i8 %trunc_ln25_1" [../solution5/matrix_mult.cpp:25]   --->   Operation 201 'zext' 'zext_ln25_1' <Predicate = true> <Delay = 0.00>
ST_6 : Operation 202 [3/3] (1.05ns) (grouped into DSP with root node add_ln25)   --->   "%mul_ln25 = mul i16 %zext_ln25_1, i16 %zext_ln25" [../solution5/matrix_mult.cpp:25]   --->   Operation 202 'mul' 'mul_ln25' <Predicate = true> <Delay = 1.05> <CoreInst = "DSP48">   --->   Core 116 'DSP48' <Latency = 3> <II = 1> <Delay = 2.15> <IPBlock> <Opcode : 'add' 'sub' 'mul' 'select'> <InPorts = 0> <OutPorts = 1> <Sync> <CReg>
ST_6 : Operation 203 [1/1] (0.00ns)   --->   "%zext_ln25_10 = zext i8 %trunc_ln25_2" [../solution5/matrix_mult.cpp:25]   --->   Operation 203 'zext' 'zext_ln25_10' <Predicate = true> <Delay = 0.00>
ST_6 : Operation 204 [3/3] (1.05ns) (grouped into DSP with root node add_ln25_4)   --->   "%mul_ln25_5 = mul i16 %zext_ln25_10, i16 %zext_ln25" [../solution5/matrix_mult.cpp:25]   --->   Operation 204 'mul' 'mul_ln25_5' <Predicate = true> <Delay = 1.05> <CoreInst = "DSP48">   --->   Core 116 'DSP48' <Latency = 3> <II = 1> <Delay = 2.15> <IPBlock> <Opcode : 'add' 'sub' 'mul' 'select'> <InPorts = 0> <OutPorts = 1> <Sync> <CReg>
ST_6 : Operation 205 [1/1] (0.00ns)   --->   "%zext_ln25_15 = zext i8 %trunc_ln25_3" [../solution5/matrix_mult.cpp:25]   --->   Operation 205 'zext' 'zext_ln25_15' <Predicate = true> <Delay = 0.00>
ST_6 : Operation 206 [3/3] (1.05ns) (grouped into DSP with root node add_ln25_8)   --->   "%mul_ln25_10 = mul i16 %zext_ln25_15, i16 %zext_ln25" [../solution5/matrix_mult.cpp:25]   --->   Operation 206 'mul' 'mul_ln25_10' <Predicate = true> <Delay = 1.05> <CoreInst = "DSP48">   --->   Core 116 'DSP48' <Latency = 3> <II = 1> <Delay = 2.15> <IPBlock> <Opcode : 'add' 'sub' 'mul' 'select'> <InPorts = 0> <OutPorts = 1> <Sync> <CReg>
ST_6 : Operation 207 [1/2] (2.10ns) (root node of the DSP)   --->   "%add_ln25_9 = add i16 %mul_ln25_13, i16 %mul_ln25_12" [../solution5/matrix_mult.cpp:25]   --->   Operation 207 'add' 'add_ln25_9' <Predicate = true> <Delay = 2.10> <CoreInst = "DSP48">   --->   Core 116 'DSP48' <Latency = 3> <II = 1> <Delay = 2.15> <IPBlock> <Opcode : 'add' 'sub' 'mul' 'select'> <InPorts = 0> <OutPorts = 1> <Sync> <CReg>
ST_6 : Operation 208 [1/2] (2.10ns) (root node of the DSP)   --->   "%add_ln25_13 = add i16 %mul_ln25_18, i16 %mul_ln25_17" [../solution5/matrix_mult.cpp:25]   --->   Operation 208 'add' 'add_ln25_13' <Predicate = true> <Delay = 2.10> <CoreInst = "DSP48">   --->   Core 116 'DSP48' <Latency = 3> <II = 1> <Delay = 2.15> <IPBlock> <Opcode : 'add' 'sub' 'mul' 'select'> <InPorts = 0> <OutPorts = 1> <Sync> <CReg>
ST_6 : Operation 209 [1/3] (0.00ns) (grouped into DSP with root node add_ln25_17)   --->   "%mul_ln25_22 = mul i16 %zext_ln25_29, i16 %zext_ln25_8" [../solution5/matrix_mult.cpp:25]   --->   Operation 209 'mul' 'mul_ln25_22' <Predicate = true> <Delay = 0.00> <CoreInst = "DSP48">   --->   Core 116 'DSP48' <Latency = 3> <II = 1> <Delay = 2.15> <IPBlock> <Opcode : 'add' 'sub' 'mul' 'select'> <InPorts = 0> <OutPorts = 1> <Sync> <CReg>
ST_6 : Operation 210 [2/2] (2.10ns) (root node of the DSP)   --->   "%add_ln25_17 = add i16 %mul_ln25_23, i16 %mul_ln25_22" [../solution5/matrix_mult.cpp:25]   --->   Operation 210 'add' 'add_ln25_17' <Predicate = true> <Delay = 2.10> <CoreInst = "DSP48">   --->   Core 116 'DSP48' <Latency = 3> <II = 1> <Delay = 2.15> <IPBlock> <Opcode : 'add' 'sub' 'mul' 'select'> <InPorts = 0> <OutPorts = 1> <Sync> <CReg>
ST_6 : Operation 211 [1/2] (2.10ns) (root node of the DSP)   --->   "%add_ln25_29 = add i16 %mul_ln25_38, i16 %mul_ln25_37" [../solution5/matrix_mult.cpp:25]   --->   Operation 211 'add' 'add_ln25_29' <Predicate = true> <Delay = 2.10> <CoreInst = "DSP48">   --->   Core 116 'DSP48' <Latency = 3> <II = 1> <Delay = 2.15> <IPBlock> <Opcode : 'add' 'sub' 'mul' 'select'> <InPorts = 0> <OutPorts = 1> <Sync> <CReg>
ST_6 : Operation 212 [1/2] (2.10ns) (root node of the DSP)   --->   "%add_ln25_33 = add i16 %mul_ln25_43, i16 %mul_ln25_42" [../solution5/matrix_mult.cpp:25]   --->   Operation 212 'add' 'add_ln25_33' <Predicate = true> <Delay = 2.10> <CoreInst = "DSP48">   --->   Core 116 'DSP48' <Latency = 3> <II = 1> <Delay = 2.15> <IPBlock> <Opcode : 'add' 'sub' 'mul' 'select'> <InPorts = 0> <OutPorts = 1> <Sync> <CReg>
ST_6 : Operation 213 [1/3] (0.00ns) (grouped into DSP with root node add_ln25_37)   --->   "%mul_ln25_47 = mul i16 %zext_ln25_34, i16 %zext_ln25_29" [../solution5/matrix_mult.cpp:25]   --->   Operation 213 'mul' 'mul_ln25_47' <Predicate = true> <Delay = 0.00> <CoreInst = "DSP48">   --->   Core 116 'DSP48' <Latency = 3> <II = 1> <Delay = 2.15> <IPBlock> <Opcode : 'add' 'sub' 'mul' 'select'> <InPorts = 0> <OutPorts = 1> <Sync> <CReg>
ST_6 : Operation 214 [2/2] (2.10ns) (root node of the DSP)   --->   "%add_ln25_37 = add i16 %mul_ln25_48, i16 %mul_ln25_47" [../solution5/matrix_mult.cpp:25]   --->   Operation 214 'add' 'add_ln25_37' <Predicate = true> <Delay = 2.10> <CoreInst = "DSP48">   --->   Core 116 'DSP48' <Latency = 3> <II = 1> <Delay = 2.15> <IPBlock> <Opcode : 'add' 'sub' 'mul' 'select'> <InPorts = 0> <OutPorts = 1> <Sync> <CReg>
ST_6 : Operation 215 [1/2] (2.10ns) (root node of the DSP)   --->   "%add_ln25_41 = add i16 %mul_ln25_53, i16 %mul_ln25_52" [../solution5/matrix_mult.cpp:25]   --->   Operation 215 'add' 'add_ln25_41' <Predicate = true> <Delay = 2.10> <CoreInst = "DSP48">   --->   Core 116 'DSP48' <Latency = 3> <II = 1> <Delay = 2.15> <IPBlock> <Opcode : 'add' 'sub' 'mul' 'select'> <InPorts = 0> <OutPorts = 1> <Sync> <CReg>
ST_6 : Operation 216 [1/2] (2.10ns) (root node of the DSP)   --->   "%add_ln25_45 = add i16 %mul_ln25_58, i16 %mul_ln25_57" [../solution5/matrix_mult.cpp:25]   --->   Operation 216 'add' 'add_ln25_45' <Predicate = true> <Delay = 2.10> <CoreInst = "DSP48">   --->   Core 116 'DSP48' <Latency = 3> <II = 1> <Delay = 2.15> <IPBlock> <Opcode : 'add' 'sub' 'mul' 'select'> <InPorts = 0> <OutPorts = 1> <Sync> <CReg>
ST_6 : Operation 217 [1/3] (0.00ns) (grouped into DSP with root node add_ln25_49)   --->   "%mul_ln25_62 = mul i16 %zext_ln25_39, i16 %zext_ln25_19" [../solution5/matrix_mult.cpp:25]   --->   Operation 217 'mul' 'mul_ln25_62' <Predicate = true> <Delay = 0.00> <CoreInst = "DSP48">   --->   Core 116 'DSP48' <Latency = 3> <II = 1> <Delay = 2.15> <IPBlock> <Opcode : 'add' 'sub' 'mul' 'select'> <InPorts = 0> <OutPorts = 1> <Sync> <CReg>
ST_6 : Operation 218 [2/2] (2.10ns) (root node of the DSP)   --->   "%add_ln25_49 = add i16 %mul_ln25_63, i16 %mul_ln25_62" [../solution5/matrix_mult.cpp:25]   --->   Operation 218 'add' 'add_ln25_49' <Predicate = true> <Delay = 2.10> <CoreInst = "DSP48">   --->   Core 116 'DSP48' <Latency = 3> <II = 1> <Delay = 2.15> <IPBlock> <Opcode : 'add' 'sub' 'mul' 'select'> <InPorts = 0> <OutPorts = 1> <Sync> <CReg>
ST_6 : Operation 219 [1/3] (0.00ns) (grouped into DSP with root node add_ln25_53)   --->   "%mul_ln25_67 = mul i16 %zext_ln25_39, i16 %zext_ln25_24" [../solution5/matrix_mult.cpp:25]   --->   Operation 219 'mul' 'mul_ln25_67' <Predicate = true> <Delay = 0.00> <CoreInst = "DSP48">   --->   Core 116 'DSP48' <Latency = 3> <II = 1> <Delay = 2.15> <IPBlock> <Opcode : 'add' 'sub' 'mul' 'select'> <InPorts = 0> <OutPorts = 1> <Sync> <CReg>
ST_6 : Operation 220 [2/2] (2.10ns) (root node of the DSP)   --->   "%add_ln25_53 = add i16 %mul_ln25_68, i16 %mul_ln25_67" [../solution5/matrix_mult.cpp:25]   --->   Operation 220 'add' 'add_ln25_53' <Predicate = true> <Delay = 2.10> <CoreInst = "DSP48">   --->   Core 116 'DSP48' <Latency = 3> <II = 1> <Delay = 2.15> <IPBlock> <Opcode : 'add' 'sub' 'mul' 'select'> <InPorts = 0> <OutPorts = 1> <Sync> <CReg>
ST_6 : Operation 221 [1/3] (0.00ns) (grouped into DSP with root node add_ln25_57)   --->   "%mul_ln25_72 = mul i16 %zext_ln25_39, i16 %zext_ln25_29" [../solution5/matrix_mult.cpp:25]   --->   Operation 221 'mul' 'mul_ln25_72' <Predicate = true> <Delay = 0.00> <CoreInst = "DSP48">   --->   Core 116 'DSP48' <Latency = 3> <II = 1> <Delay = 2.15> <IPBlock> <Opcode : 'add' 'sub' 'mul' 'select'> <InPorts = 0> <OutPorts = 1> <Sync> <CReg>
ST_6 : Operation 222 [2/2] (2.10ns) (root node of the DSP)   --->   "%add_ln25_57 = add i16 %mul_ln25_73, i16 %mul_ln25_72" [../solution5/matrix_mult.cpp:25]   --->   Operation 222 'add' 'add_ln25_57' <Predicate = true> <Delay = 2.10> <CoreInst = "DSP48">   --->   Core 116 'DSP48' <Latency = 3> <II = 1> <Delay = 2.15> <IPBlock> <Opcode : 'add' 'sub' 'mul' 'select'> <InPorts = 0> <OutPorts = 1> <Sync> <CReg>
ST_6 : Operation 223 [1/3] (0.00ns) (grouped into DSP with root node add_ln25_61)   --->   "%mul_ln25_77 = mul i16 %zext_ln25_44, i16 %zext_ln25_9" [../solution5/matrix_mult.cpp:25]   --->   Operation 223 'mul' 'mul_ln25_77' <Predicate = true> <Delay = 0.00> <CoreInst = "DSP48">   --->   Core 116 'DSP48' <Latency = 3> <II = 1> <Delay = 2.15> <IPBlock> <Opcode : 'add' 'sub' 'mul' 'select'> <InPorts = 0> <OutPorts = 1> <Sync> <CReg>
ST_6 : Operation 224 [2/2] (2.10ns) (root node of the DSP)   --->   "%add_ln25_61 = add i16 %mul_ln25_78, i16 %mul_ln25_77" [../solution5/matrix_mult.cpp:25]   --->   Operation 224 'add' 'add_ln25_61' <Predicate = true> <Delay = 2.10> <CoreInst = "DSP48">   --->   Core 116 'DSP48' <Latency = 3> <II = 1> <Delay = 2.15> <IPBlock> <Opcode : 'add' 'sub' 'mul' 'select'> <InPorts = 0> <OutPorts = 1> <Sync> <CReg>
ST_6 : Operation 225 [2/3] (1.05ns) (grouped into DSP with root node add_ln25_65)   --->   "%mul_ln25_82 = mul i16 %zext_ln25_44, i16 %zext_ln25_14" [../solution5/matrix_mult.cpp:25]   --->   Operation 225 'mul' 'mul_ln25_82' <Predicate = true> <Delay = 1.05> <CoreInst = "DSP48">   --->   Core 116 'DSP48' <Latency = 3> <II = 1> <Delay = 2.15> <IPBlock> <Opcode : 'add' 'sub' 'mul' 'select'> <InPorts = 0> <OutPorts = 1> <Sync> <CReg>
ST_6 : Operation 226 [1/1] (4.17ns)   --->   "%mul_ln25_83 = mul i16 %zext_ln25_43, i16 %zext_ln25_13" [../solution5/matrix_mult.cpp:25]   --->   Operation 226 'mul' 'mul_ln25_83' <Predicate = true> <Delay = 4.17> <CoreInst = "Multiplier">   --->   Core 3 'Multiplier' <Latency = 0> <II = 1> <Delay = 4.17> <FuncUnit> <Opcode : 'mul'> <InPorts = 2> <OutPorts = 1>
ST_6 : Operation 227 [2/3] (1.05ns) (grouped into DSP with root node add_ln25_69)   --->   "%mul_ln25_87 = mul i16 %zext_ln25_44, i16 %zext_ln25_19" [../solution5/matrix_mult.cpp:25]   --->   Operation 227 'mul' 'mul_ln25_87' <Predicate = true> <Delay = 1.05> <CoreInst = "DSP48">   --->   Core 116 'DSP48' <Latency = 3> <II = 1> <Delay = 2.15> <IPBlock> <Opcode : 'add' 'sub' 'mul' 'select'> <InPorts = 0> <OutPorts = 1> <Sync> <CReg>
ST_6 : Operation 228 [1/1] (4.17ns)   --->   "%mul_ln25_88 = mul i16 %zext_ln25_43, i16 %zext_ln25_18" [../solution5/matrix_mult.cpp:25]   --->   Operation 228 'mul' 'mul_ln25_88' <Predicate = true> <Delay = 4.17> <CoreInst = "Multiplier">   --->   Core 3 'Multiplier' <Latency = 0> <II = 1> <Delay = 4.17> <FuncUnit> <Opcode : 'mul'> <InPorts = 2> <OutPorts = 1>
ST_6 : Operation 229 [2/3] (1.05ns) (grouped into DSP with root node add_ln25_73)   --->   "%mul_ln25_92 = mul i16 %zext_ln25_44, i16 %zext_ln25_24" [../solution5/matrix_mult.cpp:25]   --->   Operation 229 'mul' 'mul_ln25_92' <Predicate = true> <Delay = 1.05> <CoreInst = "DSP48">   --->   Core 116 'DSP48' <Latency = 3> <II = 1> <Delay = 2.15> <IPBlock> <Opcode : 'add' 'sub' 'mul' 'select'> <InPorts = 0> <OutPorts = 1> <Sync> <CReg>
ST_6 : Operation 230 [1/1] (4.17ns)   --->   "%mul_ln25_93 = mul i16 %zext_ln25_43, i16 %zext_ln25_23" [../solution5/matrix_mult.cpp:25]   --->   Operation 230 'mul' 'mul_ln25_93' <Predicate = true> <Delay = 4.17> <CoreInst = "Multiplier">   --->   Core 3 'Multiplier' <Latency = 0> <II = 1> <Delay = 4.17> <FuncUnit> <Opcode : 'mul'> <InPorts = 2> <OutPorts = 1>
ST_6 : Operation 231 [2/3] (1.05ns) (grouped into DSP with root node add_ln25_77)   --->   "%mul_ln25_97 = mul i16 %zext_ln25_44, i16 %zext_ln25_29" [../solution5/matrix_mult.cpp:25]   --->   Operation 231 'mul' 'mul_ln25_97' <Predicate = true> <Delay = 1.05> <CoreInst = "DSP48">   --->   Core 116 'DSP48' <Latency = 3> <II = 1> <Delay = 2.15> <IPBlock> <Opcode : 'add' 'sub' 'mul' 'select'> <InPorts = 0> <OutPorts = 1> <Sync> <CReg>
ST_6 : Operation 232 [1/1] (4.17ns)   --->   "%mul_ln25_98 = mul i16 %zext_ln25_43, i16 %zext_ln25_28" [../solution5/matrix_mult.cpp:25]   --->   Operation 232 'mul' 'mul_ln25_98' <Predicate = true> <Delay = 4.17> <CoreInst = "Multiplier">   --->   Core 3 'Multiplier' <Latency = 0> <II = 1> <Delay = 4.17> <FuncUnit> <Opcode : 'mul'> <InPorts = 2> <OutPorts = 1>
ST_6 : Operation 233 [2/3] (1.05ns) (grouped into DSP with root node add_ln25_81)   --->   "%mul_ln25_102 = mul i16 %zext_ln25_49, i16 %zext_ln25_9" [../solution5/matrix_mult.cpp:25]   --->   Operation 233 'mul' 'mul_ln25_102' <Predicate = true> <Delay = 1.05> <CoreInst = "DSP48">   --->   Core 116 'DSP48' <Latency = 3> <II = 1> <Delay = 2.15> <IPBlock> <Opcode : 'add' 'sub' 'mul' 'select'> <InPorts = 0> <OutPorts = 1> <Sync> <CReg>
ST_6 : Operation 234 [2/3] (1.05ns) (grouped into DSP with root node add_ln25_85)   --->   "%mul_ln25_107 = mul i16 %zext_ln25_49, i16 %zext_ln25_14" [../solution5/matrix_mult.cpp:25]   --->   Operation 234 'mul' 'mul_ln25_107' <Predicate = true> <Delay = 1.05> <CoreInst = "DSP48">   --->   Core 116 'DSP48' <Latency = 3> <II = 1> <Delay = 2.15> <IPBlock> <Opcode : 'add' 'sub' 'mul' 'select'> <InPorts = 0> <OutPorts = 1> <Sync> <CReg>
ST_6 : Operation 235 [3/3] (1.05ns) (grouped into DSP with root node add_ln25_89)   --->   "%mul_ln25_112 = mul i16 %zext_ln25_49, i16 %zext_ln25_19" [../solution5/matrix_mult.cpp:25]   --->   Operation 235 'mul' 'mul_ln25_112' <Predicate = true> <Delay = 1.05> <CoreInst = "DSP48">   --->   Core 116 'DSP48' <Latency = 3> <II = 1> <Delay = 2.15> <IPBlock> <Opcode : 'add' 'sub' 'mul' 'select'> <InPorts = 0> <OutPorts = 1> <Sync> <CReg>
ST_6 : Operation 236 [3/3] (1.05ns) (grouped into DSP with root node add_ln25_93)   --->   "%mul_ln25_117 = mul i16 %zext_ln25_49, i16 %zext_ln25_24" [../solution5/matrix_mult.cpp:25]   --->   Operation 236 'mul' 'mul_ln25_117' <Predicate = true> <Delay = 1.05> <CoreInst = "DSP48">   --->   Core 116 'DSP48' <Latency = 3> <II = 1> <Delay = 2.15> <IPBlock> <Opcode : 'add' 'sub' 'mul' 'select'> <InPorts = 0> <OutPorts = 1> <Sync> <CReg>
ST_6 : Operation 237 [3/3] (1.05ns) (grouped into DSP with root node add_ln25_97)   --->   "%mul_ln25_122 = mul i16 %zext_ln25_49, i16 %zext_ln25_29" [../solution5/matrix_mult.cpp:25]   --->   Operation 237 'mul' 'mul_ln25_122' <Predicate = true> <Delay = 1.05> <CoreInst = "DSP48">   --->   Core 116 'DSP48' <Latency = 3> <II = 1> <Delay = 2.15> <IPBlock> <Opcode : 'add' 'sub' 'mul' 'select'> <InPorts = 0> <OutPorts = 1> <Sync> <CReg>

State 7 <SV = 6> <Delay = 6.27>
ST_7 : Operation 238 [1/1] (0.00ns)   --->   "%zext_ln25_4 = zext i8 %tmp_2" [../solution5/matrix_mult.cpp:25]   --->   Operation 238 'zext' 'zext_ln25_4' <Predicate = true> <Delay = 0.00>
ST_7 : Operation 239 [1/1] (0.00ns)   --->   "%zext_ln25_5 = zext i8 %tmp_3" [../solution5/matrix_mult.cpp:25]   --->   Operation 239 'zext' 'zext_ln25_5' <Predicate = true> <Delay = 0.00>
ST_7 : Operation 240 [2/3] (1.05ns) (grouped into DSP with root node add_ln25)   --->   "%mul_ln25 = mul i16 %zext_ln25_1, i16 %zext_ln25" [../solution5/matrix_mult.cpp:25]   --->   Operation 240 'mul' 'mul_ln25' <Predicate = true> <Delay = 1.05> <CoreInst = "DSP48">   --->   Core 116 'DSP48' <Latency = 3> <II = 1> <Delay = 2.15> <IPBlock> <Opcode : 'add' 'sub' 'mul' 'select'> <InPorts = 0> <OutPorts = 1> <Sync> <CReg>
ST_7 : Operation 241 [3/3] (1.05ns) (grouped into DSP with root node add_ln25_2)   --->   "%mul_ln25_4 = mul i16 %zext_ln25_5, i16 %zext_ln25_4" [../solution5/matrix_mult.cpp:25]   --->   Operation 241 'mul' 'mul_ln25_4' <Predicate = true> <Delay = 1.05> <CoreInst = "DSP48">   --->   Core 116 'DSP48' <Latency = 3> <II = 1> <Delay = 2.15> <IPBlock> <Opcode : 'add' 'sub' 'mul' 'select'> <InPorts = 0> <OutPorts = 1> <Sync> <CReg>
ST_7 : Operation 242 [1/1] (0.00ns)   --->   "%zext_ln25_12 = zext i8 %tmp_9" [../solution5/matrix_mult.cpp:25]   --->   Operation 242 'zext' 'zext_ln25_12' <Predicate = true> <Delay = 0.00>
ST_7 : Operation 243 [2/3] (1.05ns) (grouped into DSP with root node add_ln25_4)   --->   "%mul_ln25_5 = mul i16 %zext_ln25_10, i16 %zext_ln25" [../solution5/matrix_mult.cpp:25]   --->   Operation 243 'mul' 'mul_ln25_5' <Predicate = true> <Delay = 1.05> <CoreInst = "DSP48">   --->   Core 116 'DSP48' <Latency = 3> <II = 1> <Delay = 2.15> <IPBlock> <Opcode : 'add' 'sub' 'mul' 'select'> <InPorts = 0> <OutPorts = 1> <Sync> <CReg>
ST_7 : Operation 244 [3/3] (1.05ns) (grouped into DSP with root node add_ln25_6)   --->   "%mul_ln25_9 = mul i16 %zext_ln25_12, i16 %zext_ln25_4" [../solution5/matrix_mult.cpp:25]   --->   Operation 244 'mul' 'mul_ln25_9' <Predicate = true> <Delay = 1.05> <CoreInst = "DSP48">   --->   Core 116 'DSP48' <Latency = 3> <II = 1> <Delay = 2.15> <IPBlock> <Opcode : 'add' 'sub' 'mul' 'select'> <InPorts = 0> <OutPorts = 1> <Sync> <CReg>
ST_7 : Operation 245 [2/3] (1.05ns) (grouped into DSP with root node add_ln25_8)   --->   "%mul_ln25_10 = mul i16 %zext_ln25_15, i16 %zext_ln25" [../solution5/matrix_mult.cpp:25]   --->   Operation 245 'mul' 'mul_ln25_10' <Predicate = true> <Delay = 1.05> <CoreInst = "DSP48">   --->   Core 116 'DSP48' <Latency = 3> <II = 1> <Delay = 2.15> <IPBlock> <Opcode : 'add' 'sub' 'mul' 'select'> <InPorts = 0> <OutPorts = 1> <Sync> <CReg>
ST_7 : Operation 246 [1/1] (0.00ns)   --->   "%zext_ln25_20 = zext i8 %trunc_ln25_4" [../solution5/matrix_mult.cpp:25]   --->   Operation 246 'zext' 'zext_ln25_20' <Predicate = true> <Delay = 0.00>
ST_7 : Operation 247 [3/3] (1.05ns) (grouped into DSP with root node add_ln25_12)   --->   "%mul_ln25_15 = mul i16 %zext_ln25_20, i16 %zext_ln25" [../solution5/matrix_mult.cpp:25]   --->   Operation 247 'mul' 'mul_ln25_15' <Predicate = true> <Delay = 1.05> <CoreInst = "DSP48">   --->   Core 116 'DSP48' <Latency = 3> <II = 1> <Delay = 2.15> <IPBlock> <Opcode : 'add' 'sub' 'mul' 'select'> <InPorts = 0> <OutPorts = 1> <Sync> <CReg>
ST_7 : Operation 248 [1/1] (0.00ns)   --->   "%zext_ln25_25 = zext i8 %trunc_ln25_5" [../solution5/matrix_mult.cpp:25]   --->   Operation 248 'zext' 'zext_ln25_25' <Predicate = true> <Delay = 0.00>
ST_7 : Operation 249 [3/3] (1.05ns) (grouped into DSP with root node add_ln25_16)   --->   "%mul_ln25_20 = mul i16 %zext_ln25_25, i16 %zext_ln25" [../solution5/matrix_mult.cpp:25]   --->   Operation 249 'mul' 'mul_ln25_20' <Predicate = true> <Delay = 1.05> <CoreInst = "DSP48">   --->   Core 116 'DSP48' <Latency = 3> <II = 1> <Delay = 2.15> <IPBlock> <Opcode : 'add' 'sub' 'mul' 'select'> <InPorts = 0> <OutPorts = 1> <Sync> <CReg>
ST_7 : Operation 250 [1/2] (2.10ns) (root node of the DSP)   --->   "%add_ln25_17 = add i16 %mul_ln25_23, i16 %mul_ln25_22" [../solution5/matrix_mult.cpp:25]   --->   Operation 250 'add' 'add_ln25_17' <Predicate = true> <Delay = 2.10> <CoreInst = "DSP48">   --->   Core 116 'DSP48' <Latency = 3> <II = 1> <Delay = 2.15> <IPBlock> <Opcode : 'add' 'sub' 'mul' 'select'> <InPorts = 0> <OutPorts = 1> <Sync> <CReg>
ST_7 : Operation 251 [1/1] (0.00ns)   --->   "%zext_ln25_30 = zext i8 %trunc_ln25_6" [../solution5/matrix_mult.cpp:25]   --->   Operation 251 'zext' 'zext_ln25_30' <Predicate = true> <Delay = 0.00>
ST_7 : Operation 252 [3/3] (1.05ns) (grouped into DSP with root node add_ln25_20)   --->   "%mul_ln25_25 = mul i16 %zext_ln25_30, i16 %zext_ln25_1" [../solution5/matrix_mult.cpp:25]   --->   Operation 252 'mul' 'mul_ln25_25' <Predicate = true> <Delay = 1.05> <CoreInst = "DSP48">   --->   Core 116 'DSP48' <Latency = 3> <II = 1> <Delay = 2.15> <IPBlock> <Opcode : 'add' 'sub' 'mul' 'select'> <InPorts = 0> <OutPorts = 1> <Sync> <CReg>
ST_7 : Operation 253 [3/3] (1.05ns) (grouped into DSP with root node add_ln25_24)   --->   "%mul_ln25_30 = mul i16 %zext_ln25_30, i16 %zext_ln25_10" [../solution5/matrix_mult.cpp:25]   --->   Operation 253 'mul' 'mul_ln25_30' <Predicate = true> <Delay = 1.05> <CoreInst = "DSP48">   --->   Core 116 'DSP48' <Latency = 3> <II = 1> <Delay = 2.15> <IPBlock> <Opcode : 'add' 'sub' 'mul' 'select'> <InPorts = 0> <OutPorts = 1> <Sync> <CReg>
ST_7 : Operation 254 [1/2] (2.10ns) (root node of the DSP)   --->   "%add_ln25_37 = add i16 %mul_ln25_48, i16 %mul_ln25_47" [../solution5/matrix_mult.cpp:25]   --->   Operation 254 'add' 'add_ln25_37' <Predicate = true> <Delay = 2.10> <CoreInst = "DSP48">   --->   Core 116 'DSP48' <Latency = 3> <II = 1> <Delay = 2.15> <IPBlock> <Opcode : 'add' 'sub' 'mul' 'select'> <InPorts = 0> <OutPorts = 1> <Sync> <CReg>
ST_7 : Operation 255 [1/2] (2.10ns) (root node of the DSP)   --->   "%add_ln25_49 = add i16 %mul_ln25_63, i16 %mul_ln25_62" [../solution5/matrix_mult.cpp:25]   --->   Operation 255 'add' 'add_ln25_49' <Predicate = true> <Delay = 2.10> <CoreInst = "DSP48">   --->   Core 116 'DSP48' <Latency = 3> <II = 1> <Delay = 2.15> <IPBlock> <Opcode : 'add' 'sub' 'mul' 'select'> <InPorts = 0> <OutPorts = 1> <Sync> <CReg>
ST_7 : Operation 256 [1/2] (2.10ns) (root node of the DSP)   --->   "%add_ln25_53 = add i16 %mul_ln25_68, i16 %mul_ln25_67" [../solution5/matrix_mult.cpp:25]   --->   Operation 256 'add' 'add_ln25_53' <Predicate = true> <Delay = 2.10> <CoreInst = "DSP48">   --->   Core 116 'DSP48' <Latency = 3> <II = 1> <Delay = 2.15> <IPBlock> <Opcode : 'add' 'sub' 'mul' 'select'> <InPorts = 0> <OutPorts = 1> <Sync> <CReg>
ST_7 : Operation 257 [1/2] (2.10ns) (root node of the DSP)   --->   "%add_ln25_57 = add i16 %mul_ln25_73, i16 %mul_ln25_72" [../solution5/matrix_mult.cpp:25]   --->   Operation 257 'add' 'add_ln25_57' <Predicate = true> <Delay = 2.10> <CoreInst = "DSP48">   --->   Core 116 'DSP48' <Latency = 3> <II = 1> <Delay = 2.15> <IPBlock> <Opcode : 'add' 'sub' 'mul' 'select'> <InPorts = 0> <OutPorts = 1> <Sync> <CReg>
ST_7 : Operation 258 [1/2] (2.10ns) (root node of the DSP)   --->   "%add_ln25_61 = add i16 %mul_ln25_78, i16 %mul_ln25_77" [../solution5/matrix_mult.cpp:25]   --->   Operation 258 'add' 'add_ln25_61' <Predicate = true> <Delay = 2.10> <CoreInst = "DSP48">   --->   Core 116 'DSP48' <Latency = 3> <II = 1> <Delay = 2.15> <IPBlock> <Opcode : 'add' 'sub' 'mul' 'select'> <InPorts = 0> <OutPorts = 1> <Sync> <CReg>
ST_7 : Operation 259 [1/3] (0.00ns) (grouped into DSP with root node add_ln25_65)   --->   "%mul_ln25_82 = mul i16 %zext_ln25_44, i16 %zext_ln25_14" [../solution5/matrix_mult.cpp:25]   --->   Operation 259 'mul' 'mul_ln25_82' <Predicate = true> <Delay = 0.00> <CoreInst = "DSP48">   --->   Core 116 'DSP48' <Latency = 3> <II = 1> <Delay = 2.15> <IPBlock> <Opcode : 'add' 'sub' 'mul' 'select'> <InPorts = 0> <OutPorts = 1> <Sync> <CReg>
ST_7 : Operation 260 [2/2] (2.10ns) (root node of the DSP)   --->   "%add_ln25_65 = add i16 %mul_ln25_83, i16 %mul_ln25_82" [../solution5/matrix_mult.cpp:25]   --->   Operation 260 'add' 'add_ln25_65' <Predicate = true> <Delay = 2.10> <CoreInst = "DSP48">   --->   Core 116 'DSP48' <Latency = 3> <II = 1> <Delay = 2.15> <IPBlock> <Opcode : 'add' 'sub' 'mul' 'select'> <InPorts = 0> <OutPorts = 1> <Sync> <CReg>
ST_7 : Operation 261 [1/3] (0.00ns) (grouped into DSP with root node add_ln25_69)   --->   "%mul_ln25_87 = mul i16 %zext_ln25_44, i16 %zext_ln25_19" [../solution5/matrix_mult.cpp:25]   --->   Operation 261 'mul' 'mul_ln25_87' <Predicate = true> <Delay = 0.00> <CoreInst = "DSP48">   --->   Core 116 'DSP48' <Latency = 3> <II = 1> <Delay = 2.15> <IPBlock> <Opcode : 'add' 'sub' 'mul' 'select'> <InPorts = 0> <OutPorts = 1> <Sync> <CReg>
ST_7 : Operation 262 [2/2] (2.10ns) (root node of the DSP)   --->   "%add_ln25_69 = add i16 %mul_ln25_88, i16 %mul_ln25_87" [../solution5/matrix_mult.cpp:25]   --->   Operation 262 'add' 'add_ln25_69' <Predicate = true> <Delay = 2.10> <CoreInst = "DSP48">   --->   Core 116 'DSP48' <Latency = 3> <II = 1> <Delay = 2.15> <IPBlock> <Opcode : 'add' 'sub' 'mul' 'select'> <InPorts = 0> <OutPorts = 1> <Sync> <CReg>
ST_7 : Operation 263 [1/3] (0.00ns) (grouped into DSP with root node add_ln25_73)   --->   "%mul_ln25_92 = mul i16 %zext_ln25_44, i16 %zext_ln25_24" [../solution5/matrix_mult.cpp:25]   --->   Operation 263 'mul' 'mul_ln25_92' <Predicate = true> <Delay = 0.00> <CoreInst = "DSP48">   --->   Core 116 'DSP48' <Latency = 3> <II = 1> <Delay = 2.15> <IPBlock> <Opcode : 'add' 'sub' 'mul' 'select'> <InPorts = 0> <OutPorts = 1> <Sync> <CReg>
ST_7 : Operation 264 [2/2] (2.10ns) (root node of the DSP)   --->   "%add_ln25_73 = add i16 %mul_ln25_93, i16 %mul_ln25_92" [../solution5/matrix_mult.cpp:25]   --->   Operation 264 'add' 'add_ln25_73' <Predicate = true> <Delay = 2.10> <CoreInst = "DSP48">   --->   Core 116 'DSP48' <Latency = 3> <II = 1> <Delay = 2.15> <IPBlock> <Opcode : 'add' 'sub' 'mul' 'select'> <InPorts = 0> <OutPorts = 1> <Sync> <CReg>
ST_7 : Operation 265 [1/3] (0.00ns) (grouped into DSP with root node add_ln25_77)   --->   "%mul_ln25_97 = mul i16 %zext_ln25_44, i16 %zext_ln25_29" [../solution5/matrix_mult.cpp:25]   --->   Operation 265 'mul' 'mul_ln25_97' <Predicate = true> <Delay = 0.00> <CoreInst = "DSP48">   --->   Core 116 'DSP48' <Latency = 3> <II = 1> <Delay = 2.15> <IPBlock> <Opcode : 'add' 'sub' 'mul' 'select'> <InPorts = 0> <OutPorts = 1> <Sync> <CReg>
ST_7 : Operation 266 [2/2] (2.10ns) (root node of the DSP)   --->   "%add_ln25_77 = add i16 %mul_ln25_98, i16 %mul_ln25_97" [../solution5/matrix_mult.cpp:25]   --->   Operation 266 'add' 'add_ln25_77' <Predicate = true> <Delay = 2.10> <CoreInst = "DSP48">   --->   Core 116 'DSP48' <Latency = 3> <II = 1> <Delay = 2.15> <IPBlock> <Opcode : 'add' 'sub' 'mul' 'select'> <InPorts = 0> <OutPorts = 1> <Sync> <CReg>
ST_7 : Operation 267 [1/1] (0.00ns)   --->   "%zext_ln25_48 = zext i8 %tmp_37" [../solution5/matrix_mult.cpp:25]   --->   Operation 267 'zext' 'zext_ln25_48' <Predicate = true> <Delay = 0.00>
ST_7 : Operation 268 [1/3] (0.00ns) (grouped into DSP with root node add_ln25_81)   --->   "%mul_ln25_102 = mul i16 %zext_ln25_49, i16 %zext_ln25_9" [../solution5/matrix_mult.cpp:25]   --->   Operation 268 'mul' 'mul_ln25_102' <Predicate = true> <Delay = 0.00> <CoreInst = "DSP48">   --->   Core 116 'DSP48' <Latency = 3> <II = 1> <Delay = 2.15> <IPBlock> <Opcode : 'add' 'sub' 'mul' 'select'> <InPorts = 0> <OutPorts = 1> <Sync> <CReg>
ST_7 : Operation 269 [1/1] (4.17ns)   --->   "%mul_ln25_103 = mul i16 %zext_ln25_48, i16 %zext_ln25_7" [../solution5/matrix_mult.cpp:25]   --->   Operation 269 'mul' 'mul_ln25_103' <Predicate = true> <Delay = 4.17> <CoreInst = "Multiplier">   --->   Core 3 'Multiplier' <Latency = 0> <II = 1> <Delay = 4.17> <FuncUnit> <Opcode : 'mul'> <InPorts = 2> <OutPorts = 1>
ST_7 : Operation 270 [2/2] (2.10ns) (root node of the DSP)   --->   "%add_ln25_81 = add i16 %mul_ln25_103, i16 %mul_ln25_102" [../solution5/matrix_mult.cpp:25]   --->   Operation 270 'add' 'add_ln25_81' <Predicate = true> <Delay = 2.10> <CoreInst = "DSP48">   --->   Core 116 'DSP48' <Latency = 3> <II = 1> <Delay = 2.15> <IPBlock> <Opcode : 'add' 'sub' 'mul' 'select'> <InPorts = 0> <OutPorts = 1> <Sync> <CReg>
ST_7 : Operation 271 [1/3] (0.00ns) (grouped into DSP with root node add_ln25_85)   --->   "%mul_ln25_107 = mul i16 %zext_ln25_49, i16 %zext_ln25_14" [../solution5/matrix_mult.cpp:25]   --->   Operation 271 'mul' 'mul_ln25_107' <Predicate = true> <Delay = 0.00> <CoreInst = "DSP48">   --->   Core 116 'DSP48' <Latency = 3> <II = 1> <Delay = 2.15> <IPBlock> <Opcode : 'add' 'sub' 'mul' 'select'> <InPorts = 0> <OutPorts = 1> <Sync> <CReg>
ST_7 : Operation 272 [1/1] (4.17ns)   --->   "%mul_ln25_108 = mul i16 %zext_ln25_48, i16 %zext_ln25_13" [../solution5/matrix_mult.cpp:25]   --->   Operation 272 'mul' 'mul_ln25_108' <Predicate = true> <Delay = 4.17> <CoreInst = "Multiplier">   --->   Core 3 'Multiplier' <Latency = 0> <II = 1> <Delay = 4.17> <FuncUnit> <Opcode : 'mul'> <InPorts = 2> <OutPorts = 1>
ST_7 : Operation 273 [2/2] (2.10ns) (root node of the DSP)   --->   "%add_ln25_85 = add i16 %mul_ln25_108, i16 %mul_ln25_107" [../solution5/matrix_mult.cpp:25]   --->   Operation 273 'add' 'add_ln25_85' <Predicate = true> <Delay = 2.10> <CoreInst = "DSP48">   --->   Core 116 'DSP48' <Latency = 3> <II = 1> <Delay = 2.15> <IPBlock> <Opcode : 'add' 'sub' 'mul' 'select'> <InPorts = 0> <OutPorts = 1> <Sync> <CReg>
ST_7 : Operation 274 [2/3] (1.05ns) (grouped into DSP with root node add_ln25_89)   --->   "%mul_ln25_112 = mul i16 %zext_ln25_49, i16 %zext_ln25_19" [../solution5/matrix_mult.cpp:25]   --->   Operation 274 'mul' 'mul_ln25_112' <Predicate = true> <Delay = 1.05> <CoreInst = "DSP48">   --->   Core 116 'DSP48' <Latency = 3> <II = 1> <Delay = 2.15> <IPBlock> <Opcode : 'add' 'sub' 'mul' 'select'> <InPorts = 0> <OutPorts = 1> <Sync> <CReg>
ST_7 : Operation 275 [1/1] (4.17ns)   --->   "%mul_ln25_113 = mul i16 %zext_ln25_48, i16 %zext_ln25_18" [../solution5/matrix_mult.cpp:25]   --->   Operation 275 'mul' 'mul_ln25_113' <Predicate = true> <Delay = 4.17> <CoreInst = "Multiplier">   --->   Core 3 'Multiplier' <Latency = 0> <II = 1> <Delay = 4.17> <FuncUnit> <Opcode : 'mul'> <InPorts = 2> <OutPorts = 1>
ST_7 : Operation 276 [2/3] (1.05ns) (grouped into DSP with root node add_ln25_93)   --->   "%mul_ln25_117 = mul i16 %zext_ln25_49, i16 %zext_ln25_24" [../solution5/matrix_mult.cpp:25]   --->   Operation 276 'mul' 'mul_ln25_117' <Predicate = true> <Delay = 1.05> <CoreInst = "DSP48">   --->   Core 116 'DSP48' <Latency = 3> <II = 1> <Delay = 2.15> <IPBlock> <Opcode : 'add' 'sub' 'mul' 'select'> <InPorts = 0> <OutPorts = 1> <Sync> <CReg>
ST_7 : Operation 277 [1/1] (4.17ns)   --->   "%mul_ln25_118 = mul i16 %zext_ln25_48, i16 %zext_ln25_23" [../solution5/matrix_mult.cpp:25]   --->   Operation 277 'mul' 'mul_ln25_118' <Predicate = true> <Delay = 4.17> <CoreInst = "Multiplier">   --->   Core 3 'Multiplier' <Latency = 0> <II = 1> <Delay = 4.17> <FuncUnit> <Opcode : 'mul'> <InPorts = 2> <OutPorts = 1>
ST_7 : Operation 278 [2/3] (1.05ns) (grouped into DSP with root node add_ln25_97)   --->   "%mul_ln25_122 = mul i16 %zext_ln25_49, i16 %zext_ln25_29" [../solution5/matrix_mult.cpp:25]   --->   Operation 278 'mul' 'mul_ln25_122' <Predicate = true> <Delay = 1.05> <CoreInst = "DSP48">   --->   Core 116 'DSP48' <Latency = 3> <II = 1> <Delay = 2.15> <IPBlock> <Opcode : 'add' 'sub' 'mul' 'select'> <InPorts = 0> <OutPorts = 1> <Sync> <CReg>

State 8 <SV = 7> <Delay = 6.27>
ST_8 : Operation 279 [1/1] (0.00ns)   --->   "%zext_ln25_2 = zext i8 %tmp" [../solution5/matrix_mult.cpp:25]   --->   Operation 279 'zext' 'zext_ln25_2' <Predicate = true> <Delay = 0.00>
ST_8 : Operation 280 [1/1] (0.00ns)   --->   "%zext_ln25_3 = zext i8 %tmp_1" [../solution5/matrix_mult.cpp:25]   --->   Operation 280 'zext' 'zext_ln25_3' <Predicate = true> <Delay = 0.00>
ST_8 : Operation 281 [1/3] (0.00ns) (grouped into DSP with root node add_ln25)   --->   "%mul_ln25 = mul i16 %zext_ln25_1, i16 %zext_ln25" [../solution5/matrix_mult.cpp:25]   --->   Operation 281 'mul' 'mul_ln25' <Predicate = true> <Delay = 0.00> <CoreInst = "DSP48">   --->   Core 116 'DSP48' <Latency = 3> <II = 1> <Delay = 2.15> <IPBlock> <Opcode : 'add' 'sub' 'mul' 'select'> <InPorts = 0> <OutPorts = 1> <Sync> <CReg>
ST_8 : Operation 282 [1/1] (4.17ns)   --->   "%mul_ln25_1 = mul i16 %zext_ln25_3, i16 %zext_ln25_2" [../solution5/matrix_mult.cpp:25]   --->   Operation 282 'mul' 'mul_ln25_1' <Predicate = true> <Delay = 4.17> <CoreInst = "Multiplier">   --->   Core 3 'Multiplier' <Latency = 0> <II = 1> <Delay = 4.17> <FuncUnit> <Opcode : 'mul'> <InPorts = 2> <OutPorts = 1>
ST_8 : Operation 283 [2/3] (1.05ns) (grouped into DSP with root node add_ln25_2)   --->   "%mul_ln25_4 = mul i16 %zext_ln25_5, i16 %zext_ln25_4" [../solution5/matrix_mult.cpp:25]   --->   Operation 283 'mul' 'mul_ln25_4' <Predicate = true> <Delay = 1.05> <CoreInst = "DSP48">   --->   Core 116 'DSP48' <Latency = 3> <II = 1> <Delay = 2.15> <IPBlock> <Opcode : 'add' 'sub' 'mul' 'select'> <InPorts = 0> <OutPorts = 1> <Sync> <CReg>
ST_8 : Operation 284 [2/2] (2.10ns) (root node of the DSP)   --->   "%add_ln25 = add i16 %mul_ln25_1, i16 %mul_ln25" [../solution5/matrix_mult.cpp:25]   --->   Operation 284 'add' 'add_ln25' <Predicate = true> <Delay = 2.10> <CoreInst = "DSP48">   --->   Core 116 'DSP48' <Latency = 3> <II = 1> <Delay = 2.15> <IPBlock> <Opcode : 'add' 'sub' 'mul' 'select'> <InPorts = 0> <OutPorts = 1> <Sync> <CReg>
ST_8 : Operation 285 [1/1] (0.00ns)   --->   "%zext_ln25_11 = zext i8 %tmp_8" [../solution5/matrix_mult.cpp:25]   --->   Operation 285 'zext' 'zext_ln25_11' <Predicate = true> <Delay = 0.00>
ST_8 : Operation 286 [1/3] (0.00ns) (grouped into DSP with root node add_ln25_4)   --->   "%mul_ln25_5 = mul i16 %zext_ln25_10, i16 %zext_ln25" [../solution5/matrix_mult.cpp:25]   --->   Operation 286 'mul' 'mul_ln25_5' <Predicate = true> <Delay = 0.00> <CoreInst = "DSP48">   --->   Core 116 'DSP48' <Latency = 3> <II = 1> <Delay = 2.15> <IPBlock> <Opcode : 'add' 'sub' 'mul' 'select'> <InPorts = 0> <OutPorts = 1> <Sync> <CReg>
ST_8 : Operation 287 [1/1] (4.17ns)   --->   "%mul_ln25_6 = mul i16 %zext_ln25_11, i16 %zext_ln25_2" [../solution5/matrix_mult.cpp:25]   --->   Operation 287 'mul' 'mul_ln25_6' <Predicate = true> <Delay = 4.17> <CoreInst = "Multiplier">   --->   Core 3 'Multiplier' <Latency = 0> <II = 1> <Delay = 4.17> <FuncUnit> <Opcode : 'mul'> <InPorts = 2> <OutPorts = 1>
ST_8 : Operation 288 [2/3] (1.05ns) (grouped into DSP with root node add_ln25_6)   --->   "%mul_ln25_9 = mul i16 %zext_ln25_12, i16 %zext_ln25_4" [../solution5/matrix_mult.cpp:25]   --->   Operation 288 'mul' 'mul_ln25_9' <Predicate = true> <Delay = 1.05> <CoreInst = "DSP48">   --->   Core 116 'DSP48' <Latency = 3> <II = 1> <Delay = 2.15> <IPBlock> <Opcode : 'add' 'sub' 'mul' 'select'> <InPorts = 0> <OutPorts = 1> <Sync> <CReg>
ST_8 : Operation 289 [2/2] (2.10ns) (root node of the DSP)   --->   "%add_ln25_4 = add i16 %mul_ln25_6, i16 %mul_ln25_5" [../solution5/matrix_mult.cpp:25]   --->   Operation 289 'add' 'add_ln25_4' <Predicate = true> <Delay = 2.10> <CoreInst = "DSP48">   --->   Core 116 'DSP48' <Latency = 3> <II = 1> <Delay = 2.15> <IPBlock> <Opcode : 'add' 'sub' 'mul' 'select'> <InPorts = 0> <OutPorts = 1> <Sync> <CReg>
ST_8 : Operation 290 [1/1] (0.00ns)   --->   "%zext_ln25_16 = zext i8 %tmp_11" [../solution5/matrix_mult.cpp:25]   --->   Operation 290 'zext' 'zext_ln25_16' <Predicate = true> <Delay = 0.00>
ST_8 : Operation 291 [1/1] (0.00ns)   --->   "%zext_ln25_17 = zext i8 %tmp_12" [../solution5/matrix_mult.cpp:25]   --->   Operation 291 'zext' 'zext_ln25_17' <Predicate = true> <Delay = 0.00>
ST_8 : Operation 292 [1/3] (0.00ns) (grouped into DSP with root node add_ln25_8)   --->   "%mul_ln25_10 = mul i16 %zext_ln25_15, i16 %zext_ln25" [../solution5/matrix_mult.cpp:25]   --->   Operation 292 'mul' 'mul_ln25_10' <Predicate = true> <Delay = 0.00> <CoreInst = "DSP48">   --->   Core 116 'DSP48' <Latency = 3> <II = 1> <Delay = 2.15> <IPBlock> <Opcode : 'add' 'sub' 'mul' 'select'> <InPorts = 0> <OutPorts = 1> <Sync> <CReg>
ST_8 : Operation 293 [1/1] (4.17ns)   --->   "%mul_ln25_11 = mul i16 %zext_ln25_16, i16 %zext_ln25_2" [../solution5/matrix_mult.cpp:25]   --->   Operation 293 'mul' 'mul_ln25_11' <Predicate = true> <Delay = 4.17> <CoreInst = "Multiplier">   --->   Core 3 'Multiplier' <Latency = 0> <II = 1> <Delay = 4.17> <FuncUnit> <Opcode : 'mul'> <InPorts = 2> <OutPorts = 1>
ST_8 : Operation 294 [3/3] (1.05ns) (grouped into DSP with root node add_ln25_10)   --->   "%mul_ln25_14 = mul i16 %zext_ln25_17, i16 %zext_ln25_4" [../solution5/matrix_mult.cpp:25]   --->   Operation 294 'mul' 'mul_ln25_14' <Predicate = true> <Delay = 1.05> <CoreInst = "DSP48">   --->   Core 116 'DSP48' <Latency = 3> <II = 1> <Delay = 2.15> <IPBlock> <Opcode : 'add' 'sub' 'mul' 'select'> <InPorts = 0> <OutPorts = 1> <Sync> <CReg>
ST_8 : Operation 295 [2/2] (2.10ns) (root node of the DSP)   --->   "%add_ln25_8 = add i16 %mul_ln25_11, i16 %mul_ln25_10" [../solution5/matrix_mult.cpp:25]   --->   Operation 295 'add' 'add_ln25_8' <Predicate = true> <Delay = 2.10> <CoreInst = "DSP48">   --->   Core 116 'DSP48' <Latency = 3> <II = 1> <Delay = 2.15> <IPBlock> <Opcode : 'add' 'sub' 'mul' 'select'> <InPorts = 0> <OutPorts = 1> <Sync> <CReg>
ST_8 : Operation 296 [1/1] (0.00ns)   --->   "%zext_ln25_22 = zext i8 %tmp_16" [../solution5/matrix_mult.cpp:25]   --->   Operation 296 'zext' 'zext_ln25_22' <Predicate = true> <Delay = 0.00>
ST_8 : Operation 297 [2/3] (1.05ns) (grouped into DSP with root node add_ln25_12)   --->   "%mul_ln25_15 = mul i16 %zext_ln25_20, i16 %zext_ln25" [../solution5/matrix_mult.cpp:25]   --->   Operation 297 'mul' 'mul_ln25_15' <Predicate = true> <Delay = 1.05> <CoreInst = "DSP48">   --->   Core 116 'DSP48' <Latency = 3> <II = 1> <Delay = 2.15> <IPBlock> <Opcode : 'add' 'sub' 'mul' 'select'> <InPorts = 0> <OutPorts = 1> <Sync> <CReg>
ST_8 : Operation 298 [3/3] (1.05ns) (grouped into DSP with root node add_ln25_14)   --->   "%mul_ln25_19 = mul i16 %zext_ln25_22, i16 %zext_ln25_4" [../solution5/matrix_mult.cpp:25]   --->   Operation 298 'mul' 'mul_ln25_19' <Predicate = true> <Delay = 1.05> <CoreInst = "DSP48">   --->   Core 116 'DSP48' <Latency = 3> <II = 1> <Delay = 2.15> <IPBlock> <Opcode : 'add' 'sub' 'mul' 'select'> <InPorts = 0> <OutPorts = 1> <Sync> <CReg>
ST_8 : Operation 299 [2/3] (1.05ns) (grouped into DSP with root node add_ln25_16)   --->   "%mul_ln25_20 = mul i16 %zext_ln25_25, i16 %zext_ln25" [../solution5/matrix_mult.cpp:25]   --->   Operation 299 'mul' 'mul_ln25_20' <Predicate = true> <Delay = 1.05> <CoreInst = "DSP48">   --->   Core 116 'DSP48' <Latency = 3> <II = 1> <Delay = 2.15> <IPBlock> <Opcode : 'add' 'sub' 'mul' 'select'> <InPorts = 0> <OutPorts = 1> <Sync> <CReg>
ST_8 : Operation 300 [2/3] (1.05ns) (grouped into DSP with root node add_ln25_20)   --->   "%mul_ln25_25 = mul i16 %zext_ln25_30, i16 %zext_ln25_1" [../solution5/matrix_mult.cpp:25]   --->   Operation 300 'mul' 'mul_ln25_25' <Predicate = true> <Delay = 1.05> <CoreInst = "DSP48">   --->   Core 116 'DSP48' <Latency = 3> <II = 1> <Delay = 2.15> <IPBlock> <Opcode : 'add' 'sub' 'mul' 'select'> <InPorts = 0> <OutPorts = 1> <Sync> <CReg>
ST_8 : Operation 301 [2/3] (1.05ns) (grouped into DSP with root node add_ln25_24)   --->   "%mul_ln25_30 = mul i16 %zext_ln25_30, i16 %zext_ln25_10" [../solution5/matrix_mult.cpp:25]   --->   Operation 301 'mul' 'mul_ln25_30' <Predicate = true> <Delay = 1.05> <CoreInst = "DSP48">   --->   Core 116 'DSP48' <Latency = 3> <II = 1> <Delay = 2.15> <IPBlock> <Opcode : 'add' 'sub' 'mul' 'select'> <InPorts = 0> <OutPorts = 1> <Sync> <CReg>
ST_8 : Operation 302 [3/3] (1.05ns) (grouped into DSP with root node add_ln25_28)   --->   "%mul_ln25_35 = mul i16 %zext_ln25_30, i16 %zext_ln25_15" [../solution5/matrix_mult.cpp:25]   --->   Operation 302 'mul' 'mul_ln25_35' <Predicate = true> <Delay = 1.05> <CoreInst = "DSP48">   --->   Core 116 'DSP48' <Latency = 3> <II = 1> <Delay = 2.15> <IPBlock> <Opcode : 'add' 'sub' 'mul' 'select'> <InPorts = 0> <OutPorts = 1> <Sync> <CReg>
ST_8 : Operation 303 [3/3] (1.05ns) (grouped into DSP with root node add_ln25_32)   --->   "%mul_ln25_40 = mul i16 %zext_ln25_30, i16 %zext_ln25_20" [../solution5/matrix_mult.cpp:25]   --->   Operation 303 'mul' 'mul_ln25_40' <Predicate = true> <Delay = 1.05> <CoreInst = "DSP48">   --->   Core 116 'DSP48' <Latency = 3> <II = 1> <Delay = 2.15> <IPBlock> <Opcode : 'add' 'sub' 'mul' 'select'> <InPorts = 0> <OutPorts = 1> <Sync> <CReg>
ST_8 : Operation 304 [3/3] (1.05ns) (grouped into DSP with root node add_ln25_36)   --->   "%mul_ln25_45 = mul i16 %zext_ln25_30, i16 %zext_ln25_25" [../solution5/matrix_mult.cpp:25]   --->   Operation 304 'mul' 'mul_ln25_45' <Predicate = true> <Delay = 1.05> <CoreInst = "DSP48">   --->   Core 116 'DSP48' <Latency = 3> <II = 1> <Delay = 2.15> <IPBlock> <Opcode : 'add' 'sub' 'mul' 'select'> <InPorts = 0> <OutPorts = 1> <Sync> <CReg>
ST_8 : Operation 305 [1/1] (0.00ns)   --->   "%zext_ln25_35 = zext i8 %trunc_ln25_7" [../solution5/matrix_mult.cpp:25]   --->   Operation 305 'zext' 'zext_ln25_35' <Predicate = true> <Delay = 0.00>
ST_8 : Operation 306 [3/3] (1.05ns) (grouped into DSP with root node add_ln25_40)   --->   "%mul_ln25_50 = mul i16 %zext_ln25_35, i16 %zext_ln25_1" [../solution5/matrix_mult.cpp:25]   --->   Operation 306 'mul' 'mul_ln25_50' <Predicate = true> <Delay = 1.05> <CoreInst = "DSP48">   --->   Core 116 'DSP48' <Latency = 3> <II = 1> <Delay = 2.15> <IPBlock> <Opcode : 'add' 'sub' 'mul' 'select'> <InPorts = 0> <OutPorts = 1> <Sync> <CReg>
ST_8 : Operation 307 [1/2] (2.10ns) (root node of the DSP)   --->   "%add_ln25_65 = add i16 %mul_ln25_83, i16 %mul_ln25_82" [../solution5/matrix_mult.cpp:25]   --->   Operation 307 'add' 'add_ln25_65' <Predicate = true> <Delay = 2.10> <CoreInst = "DSP48">   --->   Core 116 'DSP48' <Latency = 3> <II = 1> <Delay = 2.15> <IPBlock> <Opcode : 'add' 'sub' 'mul' 'select'> <InPorts = 0> <OutPorts = 1> <Sync> <CReg>
ST_8 : Operation 308 [1/2] (2.10ns) (root node of the DSP)   --->   "%add_ln25_69 = add i16 %mul_ln25_88, i16 %mul_ln25_87" [../solution5/matrix_mult.cpp:25]   --->   Operation 308 'add' 'add_ln25_69' <Predicate = true> <Delay = 2.10> <CoreInst = "DSP48">   --->   Core 116 'DSP48' <Latency = 3> <II = 1> <Delay = 2.15> <IPBlock> <Opcode : 'add' 'sub' 'mul' 'select'> <InPorts = 0> <OutPorts = 1> <Sync> <CReg>
ST_8 : Operation 309 [1/2] (2.10ns) (root node of the DSP)   --->   "%add_ln25_73 = add i16 %mul_ln25_93, i16 %mul_ln25_92" [../solution5/matrix_mult.cpp:25]   --->   Operation 309 'add' 'add_ln25_73' <Predicate = true> <Delay = 2.10> <CoreInst = "DSP48">   --->   Core 116 'DSP48' <Latency = 3> <II = 1> <Delay = 2.15> <IPBlock> <Opcode : 'add' 'sub' 'mul' 'select'> <InPorts = 0> <OutPorts = 1> <Sync> <CReg>
ST_8 : Operation 310 [1/2] (2.10ns) (root node of the DSP)   --->   "%add_ln25_77 = add i16 %mul_ln25_98, i16 %mul_ln25_97" [../solution5/matrix_mult.cpp:25]   --->   Operation 310 'add' 'add_ln25_77' <Predicate = true> <Delay = 2.10> <CoreInst = "DSP48">   --->   Core 116 'DSP48' <Latency = 3> <II = 1> <Delay = 2.15> <IPBlock> <Opcode : 'add' 'sub' 'mul' 'select'> <InPorts = 0> <OutPorts = 1> <Sync> <CReg>
ST_8 : Operation 311 [1/2] (2.10ns) (root node of the DSP)   --->   "%add_ln25_81 = add i16 %mul_ln25_103, i16 %mul_ln25_102" [../solution5/matrix_mult.cpp:25]   --->   Operation 311 'add' 'add_ln25_81' <Predicate = true> <Delay = 2.10> <CoreInst = "DSP48">   --->   Core 116 'DSP48' <Latency = 3> <II = 1> <Delay = 2.15> <IPBlock> <Opcode : 'add' 'sub' 'mul' 'select'> <InPorts = 0> <OutPorts = 1> <Sync> <CReg>
ST_8 : Operation 312 [1/2] (2.10ns) (root node of the DSP)   --->   "%add_ln25_85 = add i16 %mul_ln25_108, i16 %mul_ln25_107" [../solution5/matrix_mult.cpp:25]   --->   Operation 312 'add' 'add_ln25_85' <Predicate = true> <Delay = 2.10> <CoreInst = "DSP48">   --->   Core 116 'DSP48' <Latency = 3> <II = 1> <Delay = 2.15> <IPBlock> <Opcode : 'add' 'sub' 'mul' 'select'> <InPorts = 0> <OutPorts = 1> <Sync> <CReg>
ST_8 : Operation 313 [1/3] (0.00ns) (grouped into DSP with root node add_ln25_89)   --->   "%mul_ln25_112 = mul i16 %zext_ln25_49, i16 %zext_ln25_19" [../solution5/matrix_mult.cpp:25]   --->   Operation 313 'mul' 'mul_ln25_112' <Predicate = true> <Delay = 0.00> <CoreInst = "DSP48">   --->   Core 116 'DSP48' <Latency = 3> <II = 1> <Delay = 2.15> <IPBlock> <Opcode : 'add' 'sub' 'mul' 'select'> <InPorts = 0> <OutPorts = 1> <Sync> <CReg>
ST_8 : Operation 314 [2/2] (2.10ns) (root node of the DSP)   --->   "%add_ln25_89 = add i16 %mul_ln25_113, i16 %mul_ln25_112" [../solution5/matrix_mult.cpp:25]   --->   Operation 314 'add' 'add_ln25_89' <Predicate = true> <Delay = 2.10> <CoreInst = "DSP48">   --->   Core 116 'DSP48' <Latency = 3> <II = 1> <Delay = 2.15> <IPBlock> <Opcode : 'add' 'sub' 'mul' 'select'> <InPorts = 0> <OutPorts = 1> <Sync> <CReg>
ST_8 : Operation 315 [1/3] (0.00ns) (grouped into DSP with root node add_ln25_93)   --->   "%mul_ln25_117 = mul i16 %zext_ln25_49, i16 %zext_ln25_24" [../solution5/matrix_mult.cpp:25]   --->   Operation 315 'mul' 'mul_ln25_117' <Predicate = true> <Delay = 0.00> <CoreInst = "DSP48">   --->   Core 116 'DSP48' <Latency = 3> <II = 1> <Delay = 2.15> <IPBlock> <Opcode : 'add' 'sub' 'mul' 'select'> <InPorts = 0> <OutPorts = 1> <Sync> <CReg>
ST_8 : Operation 316 [2/2] (2.10ns) (root node of the DSP)   --->   "%add_ln25_93 = add i16 %mul_ln25_118, i16 %mul_ln25_117" [../solution5/matrix_mult.cpp:25]   --->   Operation 316 'add' 'add_ln25_93' <Predicate = true> <Delay = 2.10> <CoreInst = "DSP48">   --->   Core 116 'DSP48' <Latency = 3> <II = 1> <Delay = 2.15> <IPBlock> <Opcode : 'add' 'sub' 'mul' 'select'> <InPorts = 0> <OutPorts = 1> <Sync> <CReg>
ST_8 : Operation 317 [1/3] (0.00ns) (grouped into DSP with root node add_ln25_97)   --->   "%mul_ln25_122 = mul i16 %zext_ln25_49, i16 %zext_ln25_29" [../solution5/matrix_mult.cpp:25]   --->   Operation 317 'mul' 'mul_ln25_122' <Predicate = true> <Delay = 0.00> <CoreInst = "DSP48">   --->   Core 116 'DSP48' <Latency = 3> <II = 1> <Delay = 2.15> <IPBlock> <Opcode : 'add' 'sub' 'mul' 'select'> <InPorts = 0> <OutPorts = 1> <Sync> <CReg>
ST_8 : Operation 318 [1/1] (4.17ns)   --->   "%mul_ln25_123 = mul i16 %zext_ln25_48, i16 %zext_ln25_28" [../solution5/matrix_mult.cpp:25]   --->   Operation 318 'mul' 'mul_ln25_123' <Predicate = true> <Delay = 4.17> <CoreInst = "Multiplier">   --->   Core 3 'Multiplier' <Latency = 0> <II = 1> <Delay = 4.17> <FuncUnit> <Opcode : 'mul'> <InPorts = 2> <OutPorts = 1>
ST_8 : Operation 319 [2/2] (2.10ns) (root node of the DSP)   --->   "%add_ln25_97 = add i16 %mul_ln25_123, i16 %mul_ln25_122" [../solution5/matrix_mult.cpp:25]   --->   Operation 319 'add' 'add_ln25_97' <Predicate = true> <Delay = 2.10> <CoreInst = "DSP48">   --->   Core 116 'DSP48' <Latency = 3> <II = 1> <Delay = 2.15> <IPBlock> <Opcode : 'add' 'sub' 'mul' 'select'> <InPorts = 0> <OutPorts = 1> <Sync> <CReg>

State 9 <SV = 8> <Delay = 6.27>
ST_9 : Operation 320 [1/3] (0.00ns) (grouped into DSP with root node add_ln25_2)   --->   "%mul_ln25_4 = mul i16 %zext_ln25_5, i16 %zext_ln25_4" [../solution5/matrix_mult.cpp:25]   --->   Operation 320 'mul' 'mul_ln25_4' <Predicate = true> <Delay = 0.00> <CoreInst = "DSP48">   --->   Core 116 'DSP48' <Latency = 3> <II = 1> <Delay = 2.15> <IPBlock> <Opcode : 'add' 'sub' 'mul' 'select'> <InPorts = 0> <OutPorts = 1> <Sync> <CReg>
ST_9 : Operation 321 [1/2] (2.10ns) (root node of the DSP)   --->   "%add_ln25 = add i16 %mul_ln25_1, i16 %mul_ln25" [../solution5/matrix_mult.cpp:25]   --->   Operation 321 'add' 'add_ln25' <Predicate = true> <Delay = 2.10> <CoreInst = "DSP48">   --->   Core 116 'DSP48' <Latency = 3> <II = 1> <Delay = 2.15> <IPBlock> <Opcode : 'add' 'sub' 'mul' 'select'> <InPorts = 0> <OutPorts = 1> <Sync> <CReg>
ST_9 : Operation 322 [2/2] (2.10ns) (root node of the DSP)   --->   "%add_ln25_2 = add i16 %add_ln25_1, i16 %mul_ln25_4" [../solution5/matrix_mult.cpp:25]   --->   Operation 322 'add' 'add_ln25_2' <Predicate = true> <Delay = 2.10> <CoreInst = "DSP48">   --->   Core 116 'DSP48' <Latency = 3> <II = 1> <Delay = 2.15> <IPBlock> <Opcode : 'add' 'sub' 'mul' 'select'> <InPorts = 0> <OutPorts = 1> <Sync> <CReg>
ST_9 : Operation 323 [1/3] (0.00ns) (grouped into DSP with root node add_ln25_6)   --->   "%mul_ln25_9 = mul i16 %zext_ln25_12, i16 %zext_ln25_4" [../solution5/matrix_mult.cpp:25]   --->   Operation 323 'mul' 'mul_ln25_9' <Predicate = true> <Delay = 0.00> <CoreInst = "DSP48">   --->   Core 116 'DSP48' <Latency = 3> <II = 1> <Delay = 2.15> <IPBlock> <Opcode : 'add' 'sub' 'mul' 'select'> <InPorts = 0> <OutPorts = 1> <Sync> <CReg>
ST_9 : Operation 324 [1/2] (2.10ns) (root node of the DSP)   --->   "%add_ln25_4 = add i16 %mul_ln25_6, i16 %mul_ln25_5" [../solution5/matrix_mult.cpp:25]   --->   Operation 324 'add' 'add_ln25_4' <Predicate = true> <Delay = 2.10> <CoreInst = "DSP48">   --->   Core 116 'DSP48' <Latency = 3> <II = 1> <Delay = 2.15> <IPBlock> <Opcode : 'add' 'sub' 'mul' 'select'> <InPorts = 0> <OutPorts = 1> <Sync> <CReg>
ST_9 : Operation 325 [2/2] (2.10ns) (root node of the DSP)   --->   "%add_ln25_6 = add i16 %add_ln25_5, i16 %mul_ln25_9" [../solution5/matrix_mult.cpp:25]   --->   Operation 325 'add' 'add_ln25_6' <Predicate = true> <Delay = 2.10> <CoreInst = "DSP48">   --->   Core 116 'DSP48' <Latency = 3> <II = 1> <Delay = 2.15> <IPBlock> <Opcode : 'add' 'sub' 'mul' 'select'> <InPorts = 0> <OutPorts = 1> <Sync> <CReg>
ST_9 : Operation 326 [2/3] (1.05ns) (grouped into DSP with root node add_ln25_10)   --->   "%mul_ln25_14 = mul i16 %zext_ln25_17, i16 %zext_ln25_4" [../solution5/matrix_mult.cpp:25]   --->   Operation 326 'mul' 'mul_ln25_14' <Predicate = true> <Delay = 1.05> <CoreInst = "DSP48">   --->   Core 116 'DSP48' <Latency = 3> <II = 1> <Delay = 2.15> <IPBlock> <Opcode : 'add' 'sub' 'mul' 'select'> <InPorts = 0> <OutPorts = 1> <Sync> <CReg>
ST_9 : Operation 327 [1/2] (2.10ns) (root node of the DSP)   --->   "%add_ln25_8 = add i16 %mul_ln25_11, i16 %mul_ln25_10" [../solution5/matrix_mult.cpp:25]   --->   Operation 327 'add' 'add_ln25_8' <Predicate = true> <Delay = 2.10> <CoreInst = "DSP48">   --->   Core 116 'DSP48' <Latency = 3> <II = 1> <Delay = 2.15> <IPBlock> <Opcode : 'add' 'sub' 'mul' 'select'> <InPorts = 0> <OutPorts = 1> <Sync> <CReg>
ST_9 : Operation 328 [1/1] (0.00ns)   --->   "%zext_ln25_21 = zext i8 %tmp_15" [../solution5/matrix_mult.cpp:25]   --->   Operation 328 'zext' 'zext_ln25_21' <Predicate = true> <Delay = 0.00>
ST_9 : Operation 329 [1/3] (0.00ns) (grouped into DSP with root node add_ln25_12)   --->   "%mul_ln25_15 = mul i16 %zext_ln25_20, i16 %zext_ln25" [../solution5/matrix_mult.cpp:25]   --->   Operation 329 'mul' 'mul_ln25_15' <Predicate = true> <Delay = 0.00> <CoreInst = "DSP48">   --->   Core 116 'DSP48' <Latency = 3> <II = 1> <Delay = 2.15> <IPBlock> <Opcode : 'add' 'sub' 'mul' 'select'> <InPorts = 0> <OutPorts = 1> <Sync> <CReg>
ST_9 : Operation 330 [1/1] (4.17ns)   --->   "%mul_ln25_16 = mul i16 %zext_ln25_21, i16 %zext_ln25_2" [../solution5/matrix_mult.cpp:25]   --->   Operation 330 'mul' 'mul_ln25_16' <Predicate = true> <Delay = 4.17> <CoreInst = "Multiplier">   --->   Core 3 'Multiplier' <Latency = 0> <II = 1> <Delay = 4.17> <FuncUnit> <Opcode : 'mul'> <InPorts = 2> <OutPorts = 1>
ST_9 : Operation 331 [2/3] (1.05ns) (grouped into DSP with root node add_ln25_14)   --->   "%mul_ln25_19 = mul i16 %zext_ln25_22, i16 %zext_ln25_4" [../solution5/matrix_mult.cpp:25]   --->   Operation 331 'mul' 'mul_ln25_19' <Predicate = true> <Delay = 1.05> <CoreInst = "DSP48">   --->   Core 116 'DSP48' <Latency = 3> <II = 1> <Delay = 2.15> <IPBlock> <Opcode : 'add' 'sub' 'mul' 'select'> <InPorts = 0> <OutPorts = 1> <Sync> <CReg>
ST_9 : Operation 332 [2/2] (2.10ns) (root node of the DSP)   --->   "%add_ln25_12 = add i16 %mul_ln25_16, i16 %mul_ln25_15" [../solution5/matrix_mult.cpp:25]   --->   Operation 332 'add' 'add_ln25_12' <Predicate = true> <Delay = 2.10> <CoreInst = "DSP48">   --->   Core 116 'DSP48' <Latency = 3> <II = 1> <Delay = 2.15> <IPBlock> <Opcode : 'add' 'sub' 'mul' 'select'> <InPorts = 0> <OutPorts = 1> <Sync> <CReg>
ST_9 : Operation 333 [1/1] (0.00ns)   --->   "%zext_ln25_26 = zext i8 %tmp_19" [../solution5/matrix_mult.cpp:25]   --->   Operation 333 'zext' 'zext_ln25_26' <Predicate = true> <Delay = 0.00>
ST_9 : Operation 334 [1/1] (0.00ns)   --->   "%zext_ln25_27 = zext i8 %tmp_20" [../solution5/matrix_mult.cpp:25]   --->   Operation 334 'zext' 'zext_ln25_27' <Predicate = true> <Delay = 0.00>
ST_9 : Operation 335 [1/3] (0.00ns) (grouped into DSP with root node add_ln25_16)   --->   "%mul_ln25_20 = mul i16 %zext_ln25_25, i16 %zext_ln25" [../solution5/matrix_mult.cpp:25]   --->   Operation 335 'mul' 'mul_ln25_20' <Predicate = true> <Delay = 0.00> <CoreInst = "DSP48">   --->   Core 116 'DSP48' <Latency = 3> <II = 1> <Delay = 2.15> <IPBlock> <Opcode : 'add' 'sub' 'mul' 'select'> <InPorts = 0> <OutPorts = 1> <Sync> <CReg>
ST_9 : Operation 336 [1/1] (4.17ns)   --->   "%mul_ln25_21 = mul i16 %zext_ln25_26, i16 %zext_ln25_2" [../solution5/matrix_mult.cpp:25]   --->   Operation 336 'mul' 'mul_ln25_21' <Predicate = true> <Delay = 4.17> <CoreInst = "Multiplier">   --->   Core 3 'Multiplier' <Latency = 0> <II = 1> <Delay = 4.17> <FuncUnit> <Opcode : 'mul'> <InPorts = 2> <OutPorts = 1>
ST_9 : Operation 337 [3/3] (1.05ns) (grouped into DSP with root node add_ln25_18)   --->   "%mul_ln25_24 = mul i16 %zext_ln25_27, i16 %zext_ln25_4" [../solution5/matrix_mult.cpp:25]   --->   Operation 337 'mul' 'mul_ln25_24' <Predicate = true> <Delay = 1.05> <CoreInst = "DSP48">   --->   Core 116 'DSP48' <Latency = 3> <II = 1> <Delay = 2.15> <IPBlock> <Opcode : 'add' 'sub' 'mul' 'select'> <InPorts = 0> <OutPorts = 1> <Sync> <CReg>
ST_9 : Operation 338 [2/2] (2.10ns) (root node of the DSP)   --->   "%add_ln25_16 = add i16 %mul_ln25_21, i16 %mul_ln25_20" [../solution5/matrix_mult.cpp:25]   --->   Operation 338 'add' 'add_ln25_16' <Predicate = true> <Delay = 2.10> <CoreInst = "DSP48">   --->   Core 116 'DSP48' <Latency = 3> <II = 1> <Delay = 2.15> <IPBlock> <Opcode : 'add' 'sub' 'mul' 'select'> <InPorts = 0> <OutPorts = 1> <Sync> <CReg>
ST_9 : Operation 339 [1/1] (0.00ns)   --->   "%zext_ln25_31 = zext i8 %tmp_23" [../solution5/matrix_mult.cpp:25]   --->   Operation 339 'zext' 'zext_ln25_31' <Predicate = true> <Delay = 0.00>
ST_9 : Operation 340 [1/1] (0.00ns)   --->   "%zext_ln25_32 = zext i8 %tmp_24" [../solution5/matrix_mult.cpp:25]   --->   Operation 340 'zext' 'zext_ln25_32' <Predicate = true> <Delay = 0.00>
ST_9 : Operation 341 [1/3] (0.00ns) (grouped into DSP with root node add_ln25_20)   --->   "%mul_ln25_25 = mul i16 %zext_ln25_30, i16 %zext_ln25_1" [../solution5/matrix_mult.cpp:25]   --->   Operation 341 'mul' 'mul_ln25_25' <Predicate = true> <Delay = 0.00> <CoreInst = "DSP48">   --->   Core 116 'DSP48' <Latency = 3> <II = 1> <Delay = 2.15> <IPBlock> <Opcode : 'add' 'sub' 'mul' 'select'> <InPorts = 0> <OutPorts = 1> <Sync> <CReg>
ST_9 : Operation 342 [1/1] (4.17ns)   --->   "%mul_ln25_26 = mul i16 %zext_ln25_31, i16 %zext_ln25_3" [../solution5/matrix_mult.cpp:25]   --->   Operation 342 'mul' 'mul_ln25_26' <Predicate = true> <Delay = 4.17> <CoreInst = "Multiplier">   --->   Core 3 'Multiplier' <Latency = 0> <II = 1> <Delay = 4.17> <FuncUnit> <Opcode : 'mul'> <InPorts = 2> <OutPorts = 1>
ST_9 : Operation 343 [3/3] (1.05ns) (grouped into DSP with root node add_ln25_22)   --->   "%mul_ln25_29 = mul i16 %zext_ln25_32, i16 %zext_ln25_5" [../solution5/matrix_mult.cpp:25]   --->   Operation 343 'mul' 'mul_ln25_29' <Predicate = true> <Delay = 1.05> <CoreInst = "DSP48">   --->   Core 116 'DSP48' <Latency = 3> <II = 1> <Delay = 2.15> <IPBlock> <Opcode : 'add' 'sub' 'mul' 'select'> <InPorts = 0> <OutPorts = 1> <Sync> <CReg>
ST_9 : Operation 344 [2/2] (2.10ns) (root node of the DSP)   --->   "%add_ln25_20 = add i16 %mul_ln25_26, i16 %mul_ln25_25" [../solution5/matrix_mult.cpp:25]   --->   Operation 344 'add' 'add_ln25_20' <Predicate = true> <Delay = 2.10> <CoreInst = "DSP48">   --->   Core 116 'DSP48' <Latency = 3> <II = 1> <Delay = 2.15> <IPBlock> <Opcode : 'add' 'sub' 'mul' 'select'> <InPorts = 0> <OutPorts = 1> <Sync> <CReg>
ST_9 : Operation 345 [1/3] (0.00ns) (grouped into DSP with root node add_ln25_24)   --->   "%mul_ln25_30 = mul i16 %zext_ln25_30, i16 %zext_ln25_10" [../solution5/matrix_mult.cpp:25]   --->   Operation 345 'mul' 'mul_ln25_30' <Predicate = true> <Delay = 0.00> <CoreInst = "DSP48">   --->   Core 116 'DSP48' <Latency = 3> <II = 1> <Delay = 2.15> <IPBlock> <Opcode : 'add' 'sub' 'mul' 'select'> <InPorts = 0> <OutPorts = 1> <Sync> <CReg>
ST_9 : Operation 346 [1/1] (4.17ns)   --->   "%mul_ln25_31 = mul i16 %zext_ln25_31, i16 %zext_ln25_11" [../solution5/matrix_mult.cpp:25]   --->   Operation 346 'mul' 'mul_ln25_31' <Predicate = true> <Delay = 4.17> <CoreInst = "Multiplier">   --->   Core 3 'Multiplier' <Latency = 0> <II = 1> <Delay = 4.17> <FuncUnit> <Opcode : 'mul'> <InPorts = 2> <OutPorts = 1>
ST_9 : Operation 347 [2/2] (2.10ns) (root node of the DSP)   --->   "%add_ln25_24 = add i16 %mul_ln25_31, i16 %mul_ln25_30" [../solution5/matrix_mult.cpp:25]   --->   Operation 347 'add' 'add_ln25_24' <Predicate = true> <Delay = 2.10> <CoreInst = "DSP48">   --->   Core 116 'DSP48' <Latency = 3> <II = 1> <Delay = 2.15> <IPBlock> <Opcode : 'add' 'sub' 'mul' 'select'> <InPorts = 0> <OutPorts = 1> <Sync> <CReg>
ST_9 : Operation 348 [2/3] (1.05ns) (grouped into DSP with root node add_ln25_28)   --->   "%mul_ln25_35 = mul i16 %zext_ln25_30, i16 %zext_ln25_15" [../solution5/matrix_mult.cpp:25]   --->   Operation 348 'mul' 'mul_ln25_35' <Predicate = true> <Delay = 1.05> <CoreInst = "DSP48">   --->   Core 116 'DSP48' <Latency = 3> <II = 1> <Delay = 2.15> <IPBlock> <Opcode : 'add' 'sub' 'mul' 'select'> <InPorts = 0> <OutPorts = 1> <Sync> <CReg>
ST_9 : Operation 349 [2/3] (1.05ns) (grouped into DSP with root node add_ln25_32)   --->   "%mul_ln25_40 = mul i16 %zext_ln25_30, i16 %zext_ln25_20" [../solution5/matrix_mult.cpp:25]   --->   Operation 349 'mul' 'mul_ln25_40' <Predicate = true> <Delay = 1.05> <CoreInst = "DSP48">   --->   Core 116 'DSP48' <Latency = 3> <II = 1> <Delay = 2.15> <IPBlock> <Opcode : 'add' 'sub' 'mul' 'select'> <InPorts = 0> <OutPorts = 1> <Sync> <CReg>
ST_9 : Operation 350 [2/3] (1.05ns) (grouped into DSP with root node add_ln25_36)   --->   "%mul_ln25_45 = mul i16 %zext_ln25_30, i16 %zext_ln25_25" [../solution5/matrix_mult.cpp:25]   --->   Operation 350 'mul' 'mul_ln25_45' <Predicate = true> <Delay = 1.05> <CoreInst = "DSP48">   --->   Core 116 'DSP48' <Latency = 3> <II = 1> <Delay = 2.15> <IPBlock> <Opcode : 'add' 'sub' 'mul' 'select'> <InPorts = 0> <OutPorts = 1> <Sync> <CReg>
ST_9 : Operation 351 [2/3] (1.05ns) (grouped into DSP with root node add_ln25_40)   --->   "%mul_ln25_50 = mul i16 %zext_ln25_35, i16 %zext_ln25_1" [../solution5/matrix_mult.cpp:25]   --->   Operation 351 'mul' 'mul_ln25_50' <Predicate = true> <Delay = 1.05> <CoreInst = "DSP48">   --->   Core 116 'DSP48' <Latency = 3> <II = 1> <Delay = 2.15> <IPBlock> <Opcode : 'add' 'sub' 'mul' 'select'> <InPorts = 0> <OutPorts = 1> <Sync> <CReg>
ST_9 : Operation 352 [3/3] (1.05ns) (grouped into DSP with root node add_ln25_44)   --->   "%mul_ln25_55 = mul i16 %zext_ln25_35, i16 %zext_ln25_10" [../solution5/matrix_mult.cpp:25]   --->   Operation 352 'mul' 'mul_ln25_55' <Predicate = true> <Delay = 1.05> <CoreInst = "DSP48">   --->   Core 116 'DSP48' <Latency = 3> <II = 1> <Delay = 2.15> <IPBlock> <Opcode : 'add' 'sub' 'mul' 'select'> <InPorts = 0> <OutPorts = 1> <Sync> <CReg>
ST_9 : Operation 353 [3/3] (1.05ns) (grouped into DSP with root node add_ln25_48)   --->   "%mul_ln25_60 = mul i16 %zext_ln25_35, i16 %zext_ln25_15" [../solution5/matrix_mult.cpp:25]   --->   Operation 353 'mul' 'mul_ln25_60' <Predicate = true> <Delay = 1.05> <CoreInst = "DSP48">   --->   Core 116 'DSP48' <Latency = 3> <II = 1> <Delay = 2.15> <IPBlock> <Opcode : 'add' 'sub' 'mul' 'select'> <InPorts = 0> <OutPorts = 1> <Sync> <CReg>
ST_9 : Operation 354 [3/3] (1.05ns) (grouped into DSP with root node add_ln25_52)   --->   "%mul_ln25_65 = mul i16 %zext_ln25_35, i16 %zext_ln25_20" [../solution5/matrix_mult.cpp:25]   --->   Operation 354 'mul' 'mul_ln25_65' <Predicate = true> <Delay = 1.05> <CoreInst = "DSP48">   --->   Core 116 'DSP48' <Latency = 3> <II = 1> <Delay = 2.15> <IPBlock> <Opcode : 'add' 'sub' 'mul' 'select'> <InPorts = 0> <OutPorts = 1> <Sync> <CReg>
ST_9 : Operation 355 [3/3] (1.05ns) (grouped into DSP with root node add_ln25_56)   --->   "%mul_ln25_70 = mul i16 %zext_ln25_35, i16 %zext_ln25_25" [../solution5/matrix_mult.cpp:25]   --->   Operation 355 'mul' 'mul_ln25_70' <Predicate = true> <Delay = 1.05> <CoreInst = "DSP48">   --->   Core 116 'DSP48' <Latency = 3> <II = 1> <Delay = 2.15> <IPBlock> <Opcode : 'add' 'sub' 'mul' 'select'> <InPorts = 0> <OutPorts = 1> <Sync> <CReg>
ST_9 : Operation 356 [1/2] (2.10ns) (root node of the DSP)   --->   "%add_ln25_89 = add i16 %mul_ln25_113, i16 %mul_ln25_112" [../solution5/matrix_mult.cpp:25]   --->   Operation 356 'add' 'add_ln25_89' <Predicate = true> <Delay = 2.10> <CoreInst = "DSP48">   --->   Core 116 'DSP48' <Latency = 3> <II = 1> <Delay = 2.15> <IPBlock> <Opcode : 'add' 'sub' 'mul' 'select'> <InPorts = 0> <OutPorts = 1> <Sync> <CReg>
ST_9 : Operation 357 [1/2] (2.10ns) (root node of the DSP)   --->   "%add_ln25_93 = add i16 %mul_ln25_118, i16 %mul_ln25_117" [../solution5/matrix_mult.cpp:25]   --->   Operation 357 'add' 'add_ln25_93' <Predicate = true> <Delay = 2.10> <CoreInst = "DSP48">   --->   Core 116 'DSP48' <Latency = 3> <II = 1> <Delay = 2.15> <IPBlock> <Opcode : 'add' 'sub' 'mul' 'select'> <InPorts = 0> <OutPorts = 1> <Sync> <CReg>
ST_9 : Operation 358 [1/2] (2.10ns) (root node of the DSP)   --->   "%add_ln25_97 = add i16 %mul_ln25_123, i16 %mul_ln25_122" [../solution5/matrix_mult.cpp:25]   --->   Operation 358 'add' 'add_ln25_97' <Predicate = true> <Delay = 2.10> <CoreInst = "DSP48">   --->   Core 116 'DSP48' <Latency = 3> <II = 1> <Delay = 2.15> <IPBlock> <Opcode : 'add' 'sub' 'mul' 'select'> <InPorts = 0> <OutPorts = 1> <Sync> <CReg>

State 10 <SV = 9> <Delay = 6.27>
ST_10 : Operation 359 [1/1] (0.00ns)   --->   "%prod_addr = getelementptr i16 %prod, i64 0, i64 0" [../solution5/matrix_mult.cpp:25]   --->   Operation 359 'getelementptr' 'prod_addr' <Predicate = true> <Delay = 0.00>
ST_10 : Operation 360 [1/1] (0.00ns)   --->   "%prod_addr_1 = getelementptr i16 %prod, i64 0, i64 1" [../solution5/matrix_mult.cpp:25]   --->   Operation 360 'getelementptr' 'prod_addr_1' <Predicate = true> <Delay = 0.00>
ST_10 : Operation 361 [1/2] (2.10ns) (root node of the DSP)   --->   "%add_ln25_2 = add i16 %add_ln25_1, i16 %mul_ln25_4" [../solution5/matrix_mult.cpp:25]   --->   Operation 361 'add' 'add_ln25_2' <Predicate = true> <Delay = 2.10> <CoreInst = "DSP48">   --->   Core 116 'DSP48' <Latency = 3> <II = 1> <Delay = 2.15> <IPBlock> <Opcode : 'add' 'sub' 'mul' 'select'> <InPorts = 0> <OutPorts = 1> <Sync> <CReg>
ST_10 : Operation 362 [1/1] (2.07ns)   --->   "%add_ln25_3 = add i16 %add_ln25_2, i16 %add_ln25" [../solution5/matrix_mult.cpp:25]   --->   Operation 362 'add' 'add_ln25_3' <Predicate = true> <Delay = 2.07> <CoreInst = "Adder">   --->   Core 1 'Adder' <Latency = 0> <II = 1> <Delay = 2.07> <FuncUnit> <Opcode : 'add' 'sub'> <InPorts = 2> <OutPorts = 1>
ST_10 : Operation 363 [1/1] ( I:0.00ns O:0.00ns )   --->   "%store_ln25 = store i16 %add_ln25_3, i5 %prod_addr" [../solution5/matrix_mult.cpp:25]   --->   Operation 363 'store' 'store_ln25' <Predicate = true> <Delay = 0.00> <CoreInst = "RAM">   --->   Core 81 'RAM' <Latency = 1> <II = 1> <Delay = 2.32> <Storage> <Opcode : 'load' 'store'> <Ports = 2> <Width = 16> <Depth = 25> <RAM>
ST_10 : Operation 364 [1/2] (2.10ns) (root node of the DSP)   --->   "%add_ln25_6 = add i16 %add_ln25_5, i16 %mul_ln25_9" [../solution5/matrix_mult.cpp:25]   --->   Operation 364 'add' 'add_ln25_6' <Predicate = true> <Delay = 2.10> <CoreInst = "DSP48">   --->   Core 116 'DSP48' <Latency = 3> <II = 1> <Delay = 2.15> <IPBlock> <Opcode : 'add' 'sub' 'mul' 'select'> <InPorts = 0> <OutPorts = 1> <Sync> <CReg>
ST_10 : Operation 365 [1/1] (2.07ns)   --->   "%add_ln25_7 = add i16 %add_ln25_6, i16 %add_ln25_4" [../solution5/matrix_mult.cpp:25]   --->   Operation 365 'add' 'add_ln25_7' <Predicate = true> <Delay = 2.07> <CoreInst = "Adder">   --->   Core 1 'Adder' <Latency = 0> <II = 1> <Delay = 2.07> <FuncUnit> <Opcode : 'add' 'sub'> <InPorts = 2> <OutPorts = 1>
ST_10 : Operation 366 [1/1] ( I:0.00ns O:0.00ns )   --->   "%store_ln25 = store i16 %add_ln25_7, i5 %prod_addr_1" [../solution5/matrix_mult.cpp:25]   --->   Operation 366 'store' 'store_ln25' <Predicate = true> <Delay = 0.00> <CoreInst = "RAM">   --->   Core 81 'RAM' <Latency = 1> <II = 1> <Delay = 2.32> <Storage> <Opcode : 'load' 'store'> <Ports = 2> <Width = 16> <Depth = 25> <RAM>
ST_10 : Operation 367 [1/3] (0.00ns) (grouped into DSP with root node add_ln25_10)   --->   "%mul_ln25_14 = mul i16 %zext_ln25_17, i16 %zext_ln25_4" [../solution5/matrix_mult.cpp:25]   --->   Operation 367 'mul' 'mul_ln25_14' <Predicate = true> <Delay = 0.00> <CoreInst = "DSP48">   --->   Core 116 'DSP48' <Latency = 3> <II = 1> <Delay = 2.15> <IPBlock> <Opcode : 'add' 'sub' 'mul' 'select'> <InPorts = 0> <OutPorts = 1> <Sync> <CReg>
ST_10 : Operation 368 [2/2] (2.10ns) (root node of the DSP)   --->   "%add_ln25_10 = add i16 %add_ln25_9, i16 %mul_ln25_14" [../solution5/matrix_mult.cpp:25]   --->   Operation 368 'add' 'add_ln25_10' <Predicate = true> <Delay = 2.10> <CoreInst = "DSP48">   --->   Core 116 'DSP48' <Latency = 3> <II = 1> <Delay = 2.15> <IPBlock> <Opcode : 'add' 'sub' 'mul' 'select'> <InPorts = 0> <OutPorts = 1> <Sync> <CReg>
ST_10 : Operation 369 [1/3] (0.00ns) (grouped into DSP with root node add_ln25_14)   --->   "%mul_ln25_19 = mul i16 %zext_ln25_22, i16 %zext_ln25_4" [../solution5/matrix_mult.cpp:25]   --->   Operation 369 'mul' 'mul_ln25_19' <Predicate = true> <Delay = 0.00> <CoreInst = "DSP48">   --->   Core 116 'DSP48' <Latency = 3> <II = 1> <Delay = 2.15> <IPBlock> <Opcode : 'add' 'sub' 'mul' 'select'> <InPorts = 0> <OutPorts = 1> <Sync> <CReg>
ST_10 : Operation 370 [1/2] (2.10ns) (root node of the DSP)   --->   "%add_ln25_12 = add i16 %mul_ln25_16, i16 %mul_ln25_15" [../solution5/matrix_mult.cpp:25]   --->   Operation 370 'add' 'add_ln25_12' <Predicate = true> <Delay = 2.10> <CoreInst = "DSP48">   --->   Core 116 'DSP48' <Latency = 3> <II = 1> <Delay = 2.15> <IPBlock> <Opcode : 'add' 'sub' 'mul' 'select'> <InPorts = 0> <OutPorts = 1> <Sync> <CReg>
ST_10 : Operation 371 [2/2] (2.10ns) (root node of the DSP)   --->   "%add_ln25_14 = add i16 %add_ln25_13, i16 %mul_ln25_19" [../solution5/matrix_mult.cpp:25]   --->   Operation 371 'add' 'add_ln25_14' <Predicate = true> <Delay = 2.10> <CoreInst = "DSP48">   --->   Core 116 'DSP48' <Latency = 3> <II = 1> <Delay = 2.15> <IPBlock> <Opcode : 'add' 'sub' 'mul' 'select'> <InPorts = 0> <OutPorts = 1> <Sync> <CReg>
ST_10 : Operation 372 [2/3] (1.05ns) (grouped into DSP with root node add_ln25_18)   --->   "%mul_ln25_24 = mul i16 %zext_ln25_27, i16 %zext_ln25_4" [../solution5/matrix_mult.cpp:25]   --->   Operation 372 'mul' 'mul_ln25_24' <Predicate = true> <Delay = 1.05> <CoreInst = "DSP48">   --->   Core 116 'DSP48' <Latency = 3> <II = 1> <Delay = 2.15> <IPBlock> <Opcode : 'add' 'sub' 'mul' 'select'> <InPorts = 0> <OutPorts = 1> <Sync> <CReg>
ST_10 : Operation 373 [1/2] (2.10ns) (root node of the DSP)   --->   "%add_ln25_16 = add i16 %mul_ln25_21, i16 %mul_ln25_20" [../solution5/matrix_mult.cpp:25]   --->   Operation 373 'add' 'add_ln25_16' <Predicate = true> <Delay = 2.10> <CoreInst = "DSP48">   --->   Core 116 'DSP48' <Latency = 3> <II = 1> <Delay = 2.15> <IPBlock> <Opcode : 'add' 'sub' 'mul' 'select'> <InPorts = 0> <OutPorts = 1> <Sync> <CReg>
ST_10 : Operation 374 [2/3] (1.05ns) (grouped into DSP with root node add_ln25_22)   --->   "%mul_ln25_29 = mul i16 %zext_ln25_32, i16 %zext_ln25_5" [../solution5/matrix_mult.cpp:25]   --->   Operation 374 'mul' 'mul_ln25_29' <Predicate = true> <Delay = 1.05> <CoreInst = "DSP48">   --->   Core 116 'DSP48' <Latency = 3> <II = 1> <Delay = 2.15> <IPBlock> <Opcode : 'add' 'sub' 'mul' 'select'> <InPorts = 0> <OutPorts = 1> <Sync> <CReg>
ST_10 : Operation 375 [1/2] (2.10ns) (root node of the DSP)   --->   "%add_ln25_20 = add i16 %mul_ln25_26, i16 %mul_ln25_25" [../solution5/matrix_mult.cpp:25]   --->   Operation 375 'add' 'add_ln25_20' <Predicate = true> <Delay = 2.10> <CoreInst = "DSP48">   --->   Core 116 'DSP48' <Latency = 3> <II = 1> <Delay = 2.15> <IPBlock> <Opcode : 'add' 'sub' 'mul' 'select'> <InPorts = 0> <OutPorts = 1> <Sync> <CReg>
ST_10 : Operation 376 [3/3] (1.05ns) (grouped into DSP with root node add_ln25_26)   --->   "%mul_ln25_34 = mul i16 %zext_ln25_32, i16 %zext_ln25_12" [../solution5/matrix_mult.cpp:25]   --->   Operation 376 'mul' 'mul_ln25_34' <Predicate = true> <Delay = 1.05> <CoreInst = "DSP48">   --->   Core 116 'DSP48' <Latency = 3> <II = 1> <Delay = 2.15> <IPBlock> <Opcode : 'add' 'sub' 'mul' 'select'> <InPorts = 0> <OutPorts = 1> <Sync> <CReg>
ST_10 : Operation 377 [1/2] (2.10ns) (root node of the DSP)   --->   "%add_ln25_24 = add i16 %mul_ln25_31, i16 %mul_ln25_30" [../solution5/matrix_mult.cpp:25]   --->   Operation 377 'add' 'add_ln25_24' <Predicate = true> <Delay = 2.10> <CoreInst = "DSP48">   --->   Core 116 'DSP48' <Latency = 3> <II = 1> <Delay = 2.15> <IPBlock> <Opcode : 'add' 'sub' 'mul' 'select'> <InPorts = 0> <OutPorts = 1> <Sync> <CReg>
ST_10 : Operation 378 [1/3] (0.00ns) (grouped into DSP with root node add_ln25_28)   --->   "%mul_ln25_35 = mul i16 %zext_ln25_30, i16 %zext_ln25_15" [../solution5/matrix_mult.cpp:25]   --->   Operation 378 'mul' 'mul_ln25_35' <Predicate = true> <Delay = 0.00> <CoreInst = "DSP48">   --->   Core 116 'DSP48' <Latency = 3> <II = 1> <Delay = 2.15> <IPBlock> <Opcode : 'add' 'sub' 'mul' 'select'> <InPorts = 0> <OutPorts = 1> <Sync> <CReg>
ST_10 : Operation 379 [1/1] (4.17ns)   --->   "%mul_ln25_36 = mul i16 %zext_ln25_31, i16 %zext_ln25_16" [../solution5/matrix_mult.cpp:25]   --->   Operation 379 'mul' 'mul_ln25_36' <Predicate = true> <Delay = 4.17> <CoreInst = "Multiplier">   --->   Core 3 'Multiplier' <Latency = 0> <II = 1> <Delay = 4.17> <FuncUnit> <Opcode : 'mul'> <InPorts = 2> <OutPorts = 1>
ST_10 : Operation 380 [3/3] (1.05ns) (grouped into DSP with root node add_ln25_30)   --->   "%mul_ln25_39 = mul i16 %zext_ln25_32, i16 %zext_ln25_17" [../solution5/matrix_mult.cpp:25]   --->   Operation 380 'mul' 'mul_ln25_39' <Predicate = true> <Delay = 1.05> <CoreInst = "DSP48">   --->   Core 116 'DSP48' <Latency = 3> <II = 1> <Delay = 2.15> <IPBlock> <Opcode : 'add' 'sub' 'mul' 'select'> <InPorts = 0> <OutPorts = 1> <Sync> <CReg>
ST_10 : Operation 381 [2/2] (2.10ns) (root node of the DSP)   --->   "%add_ln25_28 = add i16 %mul_ln25_36, i16 %mul_ln25_35" [../solution5/matrix_mult.cpp:25]   --->   Operation 381 'add' 'add_ln25_28' <Predicate = true> <Delay = 2.10> <CoreInst = "DSP48">   --->   Core 116 'DSP48' <Latency = 3> <II = 1> <Delay = 2.15> <IPBlock> <Opcode : 'add' 'sub' 'mul' 'select'> <InPorts = 0> <OutPorts = 1> <Sync> <CReg>
ST_10 : Operation 382 [1/3] (0.00ns) (grouped into DSP with root node add_ln25_32)   --->   "%mul_ln25_40 = mul i16 %zext_ln25_30, i16 %zext_ln25_20" [../solution5/matrix_mult.cpp:25]   --->   Operation 382 'mul' 'mul_ln25_40' <Predicate = true> <Delay = 0.00> <CoreInst = "DSP48">   --->   Core 116 'DSP48' <Latency = 3> <II = 1> <Delay = 2.15> <IPBlock> <Opcode : 'add' 'sub' 'mul' 'select'> <InPorts = 0> <OutPorts = 1> <Sync> <CReg>
ST_10 : Operation 383 [1/1] (4.17ns)   --->   "%mul_ln25_41 = mul i16 %zext_ln25_31, i16 %zext_ln25_21" [../solution5/matrix_mult.cpp:25]   --->   Operation 383 'mul' 'mul_ln25_41' <Predicate = true> <Delay = 4.17> <CoreInst = "Multiplier">   --->   Core 3 'Multiplier' <Latency = 0> <II = 1> <Delay = 4.17> <FuncUnit> <Opcode : 'mul'> <InPorts = 2> <OutPorts = 1>
ST_10 : Operation 384 [2/2] (2.10ns) (root node of the DSP)   --->   "%add_ln25_32 = add i16 %mul_ln25_41, i16 %mul_ln25_40" [../solution5/matrix_mult.cpp:25]   --->   Operation 384 'add' 'add_ln25_32' <Predicate = true> <Delay = 2.10> <CoreInst = "DSP48">   --->   Core 116 'DSP48' <Latency = 3> <II = 1> <Delay = 2.15> <IPBlock> <Opcode : 'add' 'sub' 'mul' 'select'> <InPorts = 0> <OutPorts = 1> <Sync> <CReg>
ST_10 : Operation 385 [1/3] (0.00ns) (grouped into DSP with root node add_ln25_36)   --->   "%mul_ln25_45 = mul i16 %zext_ln25_30, i16 %zext_ln25_25" [../solution5/matrix_mult.cpp:25]   --->   Operation 385 'mul' 'mul_ln25_45' <Predicate = true> <Delay = 0.00> <CoreInst = "DSP48">   --->   Core 116 'DSP48' <Latency = 3> <II = 1> <Delay = 2.15> <IPBlock> <Opcode : 'add' 'sub' 'mul' 'select'> <InPorts = 0> <OutPorts = 1> <Sync> <CReg>
ST_10 : Operation 386 [1/1] (4.17ns)   --->   "%mul_ln25_46 = mul i16 %zext_ln25_31, i16 %zext_ln25_26" [../solution5/matrix_mult.cpp:25]   --->   Operation 386 'mul' 'mul_ln25_46' <Predicate = true> <Delay = 4.17> <CoreInst = "Multiplier">   --->   Core 3 'Multiplier' <Latency = 0> <II = 1> <Delay = 4.17> <FuncUnit> <Opcode : 'mul'> <InPorts = 2> <OutPorts = 1>
ST_10 : Operation 387 [2/2] (2.10ns) (root node of the DSP)   --->   "%add_ln25_36 = add i16 %mul_ln25_46, i16 %mul_ln25_45" [../solution5/matrix_mult.cpp:25]   --->   Operation 387 'add' 'add_ln25_36' <Predicate = true> <Delay = 2.10> <CoreInst = "DSP48">   --->   Core 116 'DSP48' <Latency = 3> <II = 1> <Delay = 2.15> <IPBlock> <Opcode : 'add' 'sub' 'mul' 'select'> <InPorts = 0> <OutPorts = 1> <Sync> <CReg>
ST_10 : Operation 388 [1/1] (0.00ns)   --->   "%zext_ln25_36 = zext i8 %tmp_27" [../solution5/matrix_mult.cpp:25]   --->   Operation 388 'zext' 'zext_ln25_36' <Predicate = true> <Delay = 0.00>
ST_10 : Operation 389 [1/3] (0.00ns) (grouped into DSP with root node add_ln25_40)   --->   "%mul_ln25_50 = mul i16 %zext_ln25_35, i16 %zext_ln25_1" [../solution5/matrix_mult.cpp:25]   --->   Operation 389 'mul' 'mul_ln25_50' <Predicate = true> <Delay = 0.00> <CoreInst = "DSP48">   --->   Core 116 'DSP48' <Latency = 3> <II = 1> <Delay = 2.15> <IPBlock> <Opcode : 'add' 'sub' 'mul' 'select'> <InPorts = 0> <OutPorts = 1> <Sync> <CReg>
ST_10 : Operation 390 [1/1] (4.17ns)   --->   "%mul_ln25_51 = mul i16 %zext_ln25_36, i16 %zext_ln25_3" [../solution5/matrix_mult.cpp:25]   --->   Operation 390 'mul' 'mul_ln25_51' <Predicate = true> <Delay = 4.17> <CoreInst = "Multiplier">   --->   Core 3 'Multiplier' <Latency = 0> <II = 1> <Delay = 4.17> <FuncUnit> <Opcode : 'mul'> <InPorts = 2> <OutPorts = 1>
ST_10 : Operation 391 [2/2] (2.10ns) (root node of the DSP)   --->   "%add_ln25_40 = add i16 %mul_ln25_51, i16 %mul_ln25_50" [../solution5/matrix_mult.cpp:25]   --->   Operation 391 'add' 'add_ln25_40' <Predicate = true> <Delay = 2.10> <CoreInst = "DSP48">   --->   Core 116 'DSP48' <Latency = 3> <II = 1> <Delay = 2.15> <IPBlock> <Opcode : 'add' 'sub' 'mul' 'select'> <InPorts = 0> <OutPorts = 1> <Sync> <CReg>
ST_10 : Operation 392 [2/3] (1.05ns) (grouped into DSP with root node add_ln25_44)   --->   "%mul_ln25_55 = mul i16 %zext_ln25_35, i16 %zext_ln25_10" [../solution5/matrix_mult.cpp:25]   --->   Operation 392 'mul' 'mul_ln25_55' <Predicate = true> <Delay = 1.05> <CoreInst = "DSP48">   --->   Core 116 'DSP48' <Latency = 3> <II = 1> <Delay = 2.15> <IPBlock> <Opcode : 'add' 'sub' 'mul' 'select'> <InPorts = 0> <OutPorts = 1> <Sync> <CReg>
ST_10 : Operation 393 [2/3] (1.05ns) (grouped into DSP with root node add_ln25_48)   --->   "%mul_ln25_60 = mul i16 %zext_ln25_35, i16 %zext_ln25_15" [../solution5/matrix_mult.cpp:25]   --->   Operation 393 'mul' 'mul_ln25_60' <Predicate = true> <Delay = 1.05> <CoreInst = "DSP48">   --->   Core 116 'DSP48' <Latency = 3> <II = 1> <Delay = 2.15> <IPBlock> <Opcode : 'add' 'sub' 'mul' 'select'> <InPorts = 0> <OutPorts = 1> <Sync> <CReg>
ST_10 : Operation 394 [2/3] (1.05ns) (grouped into DSP with root node add_ln25_52)   --->   "%mul_ln25_65 = mul i16 %zext_ln25_35, i16 %zext_ln25_20" [../solution5/matrix_mult.cpp:25]   --->   Operation 394 'mul' 'mul_ln25_65' <Predicate = true> <Delay = 1.05> <CoreInst = "DSP48">   --->   Core 116 'DSP48' <Latency = 3> <II = 1> <Delay = 2.15> <IPBlock> <Opcode : 'add' 'sub' 'mul' 'select'> <InPorts = 0> <OutPorts = 1> <Sync> <CReg>
ST_10 : Operation 395 [2/3] (1.05ns) (grouped into DSP with root node add_ln25_56)   --->   "%mul_ln25_70 = mul i16 %zext_ln25_35, i16 %zext_ln25_25" [../solution5/matrix_mult.cpp:25]   --->   Operation 395 'mul' 'mul_ln25_70' <Predicate = true> <Delay = 1.05> <CoreInst = "DSP48">   --->   Core 116 'DSP48' <Latency = 3> <II = 1> <Delay = 2.15> <IPBlock> <Opcode : 'add' 'sub' 'mul' 'select'> <InPorts = 0> <OutPorts = 1> <Sync> <CReg>
ST_10 : Operation 396 [1/1] (0.00ns)   --->   "%zext_ln25_40 = zext i8 %trunc_ln25_8" [../solution5/matrix_mult.cpp:25]   --->   Operation 396 'zext' 'zext_ln25_40' <Predicate = true> <Delay = 0.00>
ST_10 : Operation 397 [3/3] (1.05ns) (grouped into DSP with root node add_ln25_60)   --->   "%mul_ln25_75 = mul i16 %zext_ln25_40, i16 %zext_ln25_1" [../solution5/matrix_mult.cpp:25]   --->   Operation 397 'mul' 'mul_ln25_75' <Predicate = true> <Delay = 1.05> <CoreInst = "DSP48">   --->   Core 116 'DSP48' <Latency = 3> <II = 1> <Delay = 2.15> <IPBlock> <Opcode : 'add' 'sub' 'mul' 'select'> <InPorts = 0> <OutPorts = 1> <Sync> <CReg>
ST_10 : Operation 398 [3/3] (1.05ns) (grouped into DSP with root node add_ln25_64)   --->   "%mul_ln25_80 = mul i16 %zext_ln25_40, i16 %zext_ln25_10" [../solution5/matrix_mult.cpp:25]   --->   Operation 398 'mul' 'mul_ln25_80' <Predicate = true> <Delay = 1.05> <CoreInst = "DSP48">   --->   Core 116 'DSP48' <Latency = 3> <II = 1> <Delay = 2.15> <IPBlock> <Opcode : 'add' 'sub' 'mul' 'select'> <InPorts = 0> <OutPorts = 1> <Sync> <CReg>
ST_10 : Operation 399 [3/3] (1.05ns) (grouped into DSP with root node add_ln25_68)   --->   "%mul_ln25_85 = mul i16 %zext_ln25_40, i16 %zext_ln25_15" [../solution5/matrix_mult.cpp:25]   --->   Operation 399 'mul' 'mul_ln25_85' <Predicate = true> <Delay = 1.05> <CoreInst = "DSP48">   --->   Core 116 'DSP48' <Latency = 3> <II = 1> <Delay = 2.15> <IPBlock> <Opcode : 'add' 'sub' 'mul' 'select'> <InPorts = 0> <OutPorts = 1> <Sync> <CReg>
ST_10 : Operation 400 [3/3] (1.05ns) (grouped into DSP with root node add_ln25_72)   --->   "%mul_ln25_90 = mul i16 %zext_ln25_40, i16 %zext_ln25_20" [../solution5/matrix_mult.cpp:25]   --->   Operation 400 'mul' 'mul_ln25_90' <Predicate = true> <Delay = 1.05> <CoreInst = "DSP48">   --->   Core 116 'DSP48' <Latency = 3> <II = 1> <Delay = 2.15> <IPBlock> <Opcode : 'add' 'sub' 'mul' 'select'> <InPorts = 0> <OutPorts = 1> <Sync> <CReg>

State 11 <SV = 10> <Delay = 6.27>
ST_11 : Operation 401 [1/1] (0.00ns)   --->   "%prod_addr_2 = getelementptr i16 %prod, i64 0, i64 2" [../solution5/matrix_mult.cpp:25]   --->   Operation 401 'getelementptr' 'prod_addr_2' <Predicate = true> <Delay = 0.00>
ST_11 : Operation 402 [1/1] (0.00ns)   --->   "%prod_addr_3 = getelementptr i16 %prod, i64 0, i64 3" [../solution5/matrix_mult.cpp:25]   --->   Operation 402 'getelementptr' 'prod_addr_3' <Predicate = true> <Delay = 0.00>
ST_11 : Operation 403 [1/2] (2.10ns) (root node of the DSP)   --->   "%add_ln25_10 = add i16 %add_ln25_9, i16 %mul_ln25_14" [../solution5/matrix_mult.cpp:25]   --->   Operation 403 'add' 'add_ln25_10' <Predicate = true> <Delay = 2.10> <CoreInst = "DSP48">   --->   Core 116 'DSP48' <Latency = 3> <II = 1> <Delay = 2.15> <IPBlock> <Opcode : 'add' 'sub' 'mul' 'select'> <InPorts = 0> <OutPorts = 1> <Sync> <CReg>
ST_11 : Operation 404 [1/1] (2.07ns)   --->   "%add_ln25_11 = add i16 %add_ln25_10, i16 %add_ln25_8" [../solution5/matrix_mult.cpp:25]   --->   Operation 404 'add' 'add_ln25_11' <Predicate = true> <Delay = 2.07> <CoreInst = "Adder">   --->   Core 1 'Adder' <Latency = 0> <II = 1> <Delay = 2.07> <FuncUnit> <Opcode : 'add' 'sub'> <InPorts = 2> <OutPorts = 1>
ST_11 : Operation 405 [1/1] ( I:0.00ns O:0.00ns )   --->   "%store_ln25 = store i16 %add_ln25_11, i5 %prod_addr_2" [../solution5/matrix_mult.cpp:25]   --->   Operation 405 'store' 'store_ln25' <Predicate = true> <Delay = 0.00> <CoreInst = "RAM">   --->   Core 81 'RAM' <Latency = 1> <II = 1> <Delay = 2.32> <Storage> <Opcode : 'load' 'store'> <Ports = 2> <Width = 16> <Depth = 25> <RAM>
ST_11 : Operation 406 [1/2] (2.10ns) (root node of the DSP)   --->   "%add_ln25_14 = add i16 %add_ln25_13, i16 %mul_ln25_19" [../solution5/matrix_mult.cpp:25]   --->   Operation 406 'add' 'add_ln25_14' <Predicate = true> <Delay = 2.10> <CoreInst = "DSP48">   --->   Core 116 'DSP48' <Latency = 3> <II = 1> <Delay = 2.15> <IPBlock> <Opcode : 'add' 'sub' 'mul' 'select'> <InPorts = 0> <OutPorts = 1> <Sync> <CReg>
ST_11 : Operation 407 [1/1] (2.07ns)   --->   "%add_ln25_15 = add i16 %add_ln25_14, i16 %add_ln25_12" [../solution5/matrix_mult.cpp:25]   --->   Operation 407 'add' 'add_ln25_15' <Predicate = true> <Delay = 2.07> <CoreInst = "Adder">   --->   Core 1 'Adder' <Latency = 0> <II = 1> <Delay = 2.07> <FuncUnit> <Opcode : 'add' 'sub'> <InPorts = 2> <OutPorts = 1>
ST_11 : Operation 408 [1/1] ( I:0.00ns O:0.00ns )   --->   "%store_ln25 = store i16 %add_ln25_15, i5 %prod_addr_3" [../solution5/matrix_mult.cpp:25]   --->   Operation 408 'store' 'store_ln25' <Predicate = true> <Delay = 0.00> <CoreInst = "RAM">   --->   Core 81 'RAM' <Latency = 1> <II = 1> <Delay = 2.32> <Storage> <Opcode : 'load' 'store'> <Ports = 2> <Width = 16> <Depth = 25> <RAM>
ST_11 : Operation 409 [1/3] (0.00ns) (grouped into DSP with root node add_ln25_18)   --->   "%mul_ln25_24 = mul i16 %zext_ln25_27, i16 %zext_ln25_4" [../solution5/matrix_mult.cpp:25]   --->   Operation 409 'mul' 'mul_ln25_24' <Predicate = true> <Delay = 0.00> <CoreInst = "DSP48">   --->   Core 116 'DSP48' <Latency = 3> <II = 1> <Delay = 2.15> <IPBlock> <Opcode : 'add' 'sub' 'mul' 'select'> <InPorts = 0> <OutPorts = 1> <Sync> <CReg>
ST_11 : Operation 410 [2/2] (2.10ns) (root node of the DSP)   --->   "%add_ln25_18 = add i16 %add_ln25_17, i16 %mul_ln25_24" [../solution5/matrix_mult.cpp:25]   --->   Operation 410 'add' 'add_ln25_18' <Predicate = true> <Delay = 2.10> <CoreInst = "DSP48">   --->   Core 116 'DSP48' <Latency = 3> <II = 1> <Delay = 2.15> <IPBlock> <Opcode : 'add' 'sub' 'mul' 'select'> <InPorts = 0> <OutPorts = 1> <Sync> <CReg>
ST_11 : Operation 411 [1/3] (0.00ns) (grouped into DSP with root node add_ln25_22)   --->   "%mul_ln25_29 = mul i16 %zext_ln25_32, i16 %zext_ln25_5" [../solution5/matrix_mult.cpp:25]   --->   Operation 411 'mul' 'mul_ln25_29' <Predicate = true> <Delay = 0.00> <CoreInst = "DSP48">   --->   Core 116 'DSP48' <Latency = 3> <II = 1> <Delay = 2.15> <IPBlock> <Opcode : 'add' 'sub' 'mul' 'select'> <InPorts = 0> <OutPorts = 1> <Sync> <CReg>
ST_11 : Operation 412 [2/2] (2.10ns) (root node of the DSP)   --->   "%add_ln25_22 = add i16 %add_ln25_21, i16 %mul_ln25_29" [../solution5/matrix_mult.cpp:25]   --->   Operation 412 'add' 'add_ln25_22' <Predicate = true> <Delay = 2.10> <CoreInst = "DSP48">   --->   Core 116 'DSP48' <Latency = 3> <II = 1> <Delay = 2.15> <IPBlock> <Opcode : 'add' 'sub' 'mul' 'select'> <InPorts = 0> <OutPorts = 1> <Sync> <CReg>
ST_11 : Operation 413 [2/3] (1.05ns) (grouped into DSP with root node add_ln25_26)   --->   "%mul_ln25_34 = mul i16 %zext_ln25_32, i16 %zext_ln25_12" [../solution5/matrix_mult.cpp:25]   --->   Operation 413 'mul' 'mul_ln25_34' <Predicate = true> <Delay = 1.05> <CoreInst = "DSP48">   --->   Core 116 'DSP48' <Latency = 3> <II = 1> <Delay = 2.15> <IPBlock> <Opcode : 'add' 'sub' 'mul' 'select'> <InPorts = 0> <OutPorts = 1> <Sync> <CReg>
ST_11 : Operation 414 [2/3] (1.05ns) (grouped into DSP with root node add_ln25_30)   --->   "%mul_ln25_39 = mul i16 %zext_ln25_32, i16 %zext_ln25_17" [../solution5/matrix_mult.cpp:25]   --->   Operation 414 'mul' 'mul_ln25_39' <Predicate = true> <Delay = 1.05> <CoreInst = "DSP48">   --->   Core 116 'DSP48' <Latency = 3> <II = 1> <Delay = 2.15> <IPBlock> <Opcode : 'add' 'sub' 'mul' 'select'> <InPorts = 0> <OutPorts = 1> <Sync> <CReg>
ST_11 : Operation 415 [1/2] (2.10ns) (root node of the DSP)   --->   "%add_ln25_28 = add i16 %mul_ln25_36, i16 %mul_ln25_35" [../solution5/matrix_mult.cpp:25]   --->   Operation 415 'add' 'add_ln25_28' <Predicate = true> <Delay = 2.10> <CoreInst = "DSP48">   --->   Core 116 'DSP48' <Latency = 3> <II = 1> <Delay = 2.15> <IPBlock> <Opcode : 'add' 'sub' 'mul' 'select'> <InPorts = 0> <OutPorts = 1> <Sync> <CReg>
ST_11 : Operation 416 [3/3] (1.05ns) (grouped into DSP with root node add_ln25_34)   --->   "%mul_ln25_44 = mul i16 %zext_ln25_32, i16 %zext_ln25_22" [../solution5/matrix_mult.cpp:25]   --->   Operation 416 'mul' 'mul_ln25_44' <Predicate = true> <Delay = 1.05> <CoreInst = "DSP48">   --->   Core 116 'DSP48' <Latency = 3> <II = 1> <Delay = 2.15> <IPBlock> <Opcode : 'add' 'sub' 'mul' 'select'> <InPorts = 0> <OutPorts = 1> <Sync> <CReg>
ST_11 : Operation 417 [1/2] (2.10ns) (root node of the DSP)   --->   "%add_ln25_32 = add i16 %mul_ln25_41, i16 %mul_ln25_40" [../solution5/matrix_mult.cpp:25]   --->   Operation 417 'add' 'add_ln25_32' <Predicate = true> <Delay = 2.10> <CoreInst = "DSP48">   --->   Core 116 'DSP48' <Latency = 3> <II = 1> <Delay = 2.15> <IPBlock> <Opcode : 'add' 'sub' 'mul' 'select'> <InPorts = 0> <OutPorts = 1> <Sync> <CReg>
ST_11 : Operation 418 [3/3] (1.05ns) (grouped into DSP with root node add_ln25_38)   --->   "%mul_ln25_49 = mul i16 %zext_ln25_32, i16 %zext_ln25_27" [../solution5/matrix_mult.cpp:25]   --->   Operation 418 'mul' 'mul_ln25_49' <Predicate = true> <Delay = 1.05> <CoreInst = "DSP48">   --->   Core 116 'DSP48' <Latency = 3> <II = 1> <Delay = 2.15> <IPBlock> <Opcode : 'add' 'sub' 'mul' 'select'> <InPorts = 0> <OutPorts = 1> <Sync> <CReg>
ST_11 : Operation 419 [1/2] (2.10ns) (root node of the DSP)   --->   "%add_ln25_36 = add i16 %mul_ln25_46, i16 %mul_ln25_45" [../solution5/matrix_mult.cpp:25]   --->   Operation 419 'add' 'add_ln25_36' <Predicate = true> <Delay = 2.10> <CoreInst = "DSP48">   --->   Core 116 'DSP48' <Latency = 3> <II = 1> <Delay = 2.15> <IPBlock> <Opcode : 'add' 'sub' 'mul' 'select'> <InPorts = 0> <OutPorts = 1> <Sync> <CReg>
ST_11 : Operation 420 [1/2] (2.10ns) (root node of the DSP)   --->   "%add_ln25_40 = add i16 %mul_ln25_51, i16 %mul_ln25_50" [../solution5/matrix_mult.cpp:25]   --->   Operation 420 'add' 'add_ln25_40' <Predicate = true> <Delay = 2.10> <CoreInst = "DSP48">   --->   Core 116 'DSP48' <Latency = 3> <II = 1> <Delay = 2.15> <IPBlock> <Opcode : 'add' 'sub' 'mul' 'select'> <InPorts = 0> <OutPorts = 1> <Sync> <CReg>
ST_11 : Operation 421 [1/3] (0.00ns) (grouped into DSP with root node add_ln25_44)   --->   "%mul_ln25_55 = mul i16 %zext_ln25_35, i16 %zext_ln25_10" [../solution5/matrix_mult.cpp:25]   --->   Operation 421 'mul' 'mul_ln25_55' <Predicate = true> <Delay = 0.00> <CoreInst = "DSP48">   --->   Core 116 'DSP48' <Latency = 3> <II = 1> <Delay = 2.15> <IPBlock> <Opcode : 'add' 'sub' 'mul' 'select'> <InPorts = 0> <OutPorts = 1> <Sync> <CReg>
ST_11 : Operation 422 [1/1] (4.17ns)   --->   "%mul_ln25_56 = mul i16 %zext_ln25_36, i16 %zext_ln25_11" [../solution5/matrix_mult.cpp:25]   --->   Operation 422 'mul' 'mul_ln25_56' <Predicate = true> <Delay = 4.17> <CoreInst = "Multiplier">   --->   Core 3 'Multiplier' <Latency = 0> <II = 1> <Delay = 4.17> <FuncUnit> <Opcode : 'mul'> <InPorts = 2> <OutPorts = 1>
ST_11 : Operation 423 [2/2] (2.10ns) (root node of the DSP)   --->   "%add_ln25_44 = add i16 %mul_ln25_56, i16 %mul_ln25_55" [../solution5/matrix_mult.cpp:25]   --->   Operation 423 'add' 'add_ln25_44' <Predicate = true> <Delay = 2.10> <CoreInst = "DSP48">   --->   Core 116 'DSP48' <Latency = 3> <II = 1> <Delay = 2.15> <IPBlock> <Opcode : 'add' 'sub' 'mul' 'select'> <InPorts = 0> <OutPorts = 1> <Sync> <CReg>
ST_11 : Operation 424 [1/3] (0.00ns) (grouped into DSP with root node add_ln25_48)   --->   "%mul_ln25_60 = mul i16 %zext_ln25_35, i16 %zext_ln25_15" [../solution5/matrix_mult.cpp:25]   --->   Operation 424 'mul' 'mul_ln25_60' <Predicate = true> <Delay = 0.00> <CoreInst = "DSP48">   --->   Core 116 'DSP48' <Latency = 3> <II = 1> <Delay = 2.15> <IPBlock> <Opcode : 'add' 'sub' 'mul' 'select'> <InPorts = 0> <OutPorts = 1> <Sync> <CReg>
ST_11 : Operation 425 [1/1] (4.17ns)   --->   "%mul_ln25_61 = mul i16 %zext_ln25_36, i16 %zext_ln25_16" [../solution5/matrix_mult.cpp:25]   --->   Operation 425 'mul' 'mul_ln25_61' <Predicate = true> <Delay = 4.17> <CoreInst = "Multiplier">   --->   Core 3 'Multiplier' <Latency = 0> <II = 1> <Delay = 4.17> <FuncUnit> <Opcode : 'mul'> <InPorts = 2> <OutPorts = 1>
ST_11 : Operation 426 [2/2] (2.10ns) (root node of the DSP)   --->   "%add_ln25_48 = add i16 %mul_ln25_61, i16 %mul_ln25_60" [../solution5/matrix_mult.cpp:25]   --->   Operation 426 'add' 'add_ln25_48' <Predicate = true> <Delay = 2.10> <CoreInst = "DSP48">   --->   Core 116 'DSP48' <Latency = 3> <II = 1> <Delay = 2.15> <IPBlock> <Opcode : 'add' 'sub' 'mul' 'select'> <InPorts = 0> <OutPorts = 1> <Sync> <CReg>
ST_11 : Operation 427 [1/3] (0.00ns) (grouped into DSP with root node add_ln25_52)   --->   "%mul_ln25_65 = mul i16 %zext_ln25_35, i16 %zext_ln25_20" [../solution5/matrix_mult.cpp:25]   --->   Operation 427 'mul' 'mul_ln25_65' <Predicate = true> <Delay = 0.00> <CoreInst = "DSP48">   --->   Core 116 'DSP48' <Latency = 3> <II = 1> <Delay = 2.15> <IPBlock> <Opcode : 'add' 'sub' 'mul' 'select'> <InPorts = 0> <OutPorts = 1> <Sync> <CReg>
ST_11 : Operation 428 [1/1] (4.17ns)   --->   "%mul_ln25_66 = mul i16 %zext_ln25_36, i16 %zext_ln25_21" [../solution5/matrix_mult.cpp:25]   --->   Operation 428 'mul' 'mul_ln25_66' <Predicate = true> <Delay = 4.17> <CoreInst = "Multiplier">   --->   Core 3 'Multiplier' <Latency = 0> <II = 1> <Delay = 4.17> <FuncUnit> <Opcode : 'mul'> <InPorts = 2> <OutPorts = 1>
ST_11 : Operation 429 [2/2] (2.10ns) (root node of the DSP)   --->   "%add_ln25_52 = add i16 %mul_ln25_66, i16 %mul_ln25_65" [../solution5/matrix_mult.cpp:25]   --->   Operation 429 'add' 'add_ln25_52' <Predicate = true> <Delay = 2.10> <CoreInst = "DSP48">   --->   Core 116 'DSP48' <Latency = 3> <II = 1> <Delay = 2.15> <IPBlock> <Opcode : 'add' 'sub' 'mul' 'select'> <InPorts = 0> <OutPorts = 1> <Sync> <CReg>
ST_11 : Operation 430 [1/3] (0.00ns) (grouped into DSP with root node add_ln25_56)   --->   "%mul_ln25_70 = mul i16 %zext_ln25_35, i16 %zext_ln25_25" [../solution5/matrix_mult.cpp:25]   --->   Operation 430 'mul' 'mul_ln25_70' <Predicate = true> <Delay = 0.00> <CoreInst = "DSP48">   --->   Core 116 'DSP48' <Latency = 3> <II = 1> <Delay = 2.15> <IPBlock> <Opcode : 'add' 'sub' 'mul' 'select'> <InPorts = 0> <OutPorts = 1> <Sync> <CReg>
ST_11 : Operation 431 [1/1] (4.17ns)   --->   "%mul_ln25_71 = mul i16 %zext_ln25_36, i16 %zext_ln25_26" [../solution5/matrix_mult.cpp:25]   --->   Operation 431 'mul' 'mul_ln25_71' <Predicate = true> <Delay = 4.17> <CoreInst = "Multiplier">   --->   Core 3 'Multiplier' <Latency = 0> <II = 1> <Delay = 4.17> <FuncUnit> <Opcode : 'mul'> <InPorts = 2> <OutPorts = 1>
ST_11 : Operation 432 [2/2] (2.10ns) (root node of the DSP)   --->   "%add_ln25_56 = add i16 %mul_ln25_71, i16 %mul_ln25_70" [../solution5/matrix_mult.cpp:25]   --->   Operation 432 'add' 'add_ln25_56' <Predicate = true> <Delay = 2.10> <CoreInst = "DSP48">   --->   Core 116 'DSP48' <Latency = 3> <II = 1> <Delay = 2.15> <IPBlock> <Opcode : 'add' 'sub' 'mul' 'select'> <InPorts = 0> <OutPorts = 1> <Sync> <CReg>
ST_11 : Operation 433 [2/3] (1.05ns) (grouped into DSP with root node add_ln25_60)   --->   "%mul_ln25_75 = mul i16 %zext_ln25_40, i16 %zext_ln25_1" [../solution5/matrix_mult.cpp:25]   --->   Operation 433 'mul' 'mul_ln25_75' <Predicate = true> <Delay = 1.05> <CoreInst = "DSP48">   --->   Core 116 'DSP48' <Latency = 3> <II = 1> <Delay = 2.15> <IPBlock> <Opcode : 'add' 'sub' 'mul' 'select'> <InPorts = 0> <OutPorts = 1> <Sync> <CReg>
ST_11 : Operation 434 [2/3] (1.05ns) (grouped into DSP with root node add_ln25_64)   --->   "%mul_ln25_80 = mul i16 %zext_ln25_40, i16 %zext_ln25_10" [../solution5/matrix_mult.cpp:25]   --->   Operation 434 'mul' 'mul_ln25_80' <Predicate = true> <Delay = 1.05> <CoreInst = "DSP48">   --->   Core 116 'DSP48' <Latency = 3> <II = 1> <Delay = 2.15> <IPBlock> <Opcode : 'add' 'sub' 'mul' 'select'> <InPorts = 0> <OutPorts = 1> <Sync> <CReg>
ST_11 : Operation 435 [2/3] (1.05ns) (grouped into DSP with root node add_ln25_68)   --->   "%mul_ln25_85 = mul i16 %zext_ln25_40, i16 %zext_ln25_15" [../solution5/matrix_mult.cpp:25]   --->   Operation 435 'mul' 'mul_ln25_85' <Predicate = true> <Delay = 1.05> <CoreInst = "DSP48">   --->   Core 116 'DSP48' <Latency = 3> <II = 1> <Delay = 2.15> <IPBlock> <Opcode : 'add' 'sub' 'mul' 'select'> <InPorts = 0> <OutPorts = 1> <Sync> <CReg>
ST_11 : Operation 436 [2/3] (1.05ns) (grouped into DSP with root node add_ln25_72)   --->   "%mul_ln25_90 = mul i16 %zext_ln25_40, i16 %zext_ln25_20" [../solution5/matrix_mult.cpp:25]   --->   Operation 436 'mul' 'mul_ln25_90' <Predicate = true> <Delay = 1.05> <CoreInst = "DSP48">   --->   Core 116 'DSP48' <Latency = 3> <II = 1> <Delay = 2.15> <IPBlock> <Opcode : 'add' 'sub' 'mul' 'select'> <InPorts = 0> <OutPorts = 1> <Sync> <CReg>
ST_11 : Operation 437 [3/3] (1.05ns) (grouped into DSP with root node add_ln25_76)   --->   "%mul_ln25_95 = mul i16 %zext_ln25_40, i16 %zext_ln25_25" [../solution5/matrix_mult.cpp:25]   --->   Operation 437 'mul' 'mul_ln25_95' <Predicate = true> <Delay = 1.05> <CoreInst = "DSP48">   --->   Core 116 'DSP48' <Latency = 3> <II = 1> <Delay = 2.15> <IPBlock> <Opcode : 'add' 'sub' 'mul' 'select'> <InPorts = 0> <OutPorts = 1> <Sync> <CReg>
ST_11 : Operation 438 [1/1] (0.00ns)   --->   "%zext_ln25_45 = zext i8 %trunc_ln25_9" [../solution5/matrix_mult.cpp:25]   --->   Operation 438 'zext' 'zext_ln25_45' <Predicate = true> <Delay = 0.00>
ST_11 : Operation 439 [3/3] (1.05ns) (grouped into DSP with root node add_ln25_80)   --->   "%mul_ln25_100 = mul i16 %zext_ln25_45, i16 %zext_ln25_1" [../solution5/matrix_mult.cpp:25]   --->   Operation 439 'mul' 'mul_ln25_100' <Predicate = true> <Delay = 1.05> <CoreInst = "DSP48">   --->   Core 116 'DSP48' <Latency = 3> <II = 1> <Delay = 2.15> <IPBlock> <Opcode : 'add' 'sub' 'mul' 'select'> <InPorts = 0> <OutPorts = 1> <Sync> <CReg>
ST_11 : Operation 440 [3/3] (1.05ns) (grouped into DSP with root node add_ln25_84)   --->   "%mul_ln25_105 = mul i16 %zext_ln25_45, i16 %zext_ln25_10" [../solution5/matrix_mult.cpp:25]   --->   Operation 440 'mul' 'mul_ln25_105' <Predicate = true> <Delay = 1.05> <CoreInst = "DSP48">   --->   Core 116 'DSP48' <Latency = 3> <II = 1> <Delay = 2.15> <IPBlock> <Opcode : 'add' 'sub' 'mul' 'select'> <InPorts = 0> <OutPorts = 1> <Sync> <CReg>
ST_11 : Operation 441 [3/3] (1.05ns) (grouped into DSP with root node add_ln25_88)   --->   "%mul_ln25_110 = mul i16 %zext_ln25_45, i16 %zext_ln25_15" [../solution5/matrix_mult.cpp:25]   --->   Operation 441 'mul' 'mul_ln25_110' <Predicate = true> <Delay = 1.05> <CoreInst = "DSP48">   --->   Core 116 'DSP48' <Latency = 3> <II = 1> <Delay = 2.15> <IPBlock> <Opcode : 'add' 'sub' 'mul' 'select'> <InPorts = 0> <OutPorts = 1> <Sync> <CReg>

State 12 <SV = 11> <Delay = 6.27>
ST_12 : Operation 442 [1/1] (0.00ns)   --->   "%prod_addr_4 = getelementptr i16 %prod, i64 0, i64 4" [../solution5/matrix_mult.cpp:25]   --->   Operation 442 'getelementptr' 'prod_addr_4' <Predicate = true> <Delay = 0.00>
ST_12 : Operation 443 [1/1] (0.00ns)   --->   "%prod_addr_5 = getelementptr i16 %prod, i64 0, i64 5" [../solution5/matrix_mult.cpp:25]   --->   Operation 443 'getelementptr' 'prod_addr_5' <Predicate = true> <Delay = 0.00>
ST_12 : Operation 444 [1/2] (2.10ns) (root node of the DSP)   --->   "%add_ln25_18 = add i16 %add_ln25_17, i16 %mul_ln25_24" [../solution5/matrix_mult.cpp:25]   --->   Operation 444 'add' 'add_ln25_18' <Predicate = true> <Delay = 2.10> <CoreInst = "DSP48">   --->   Core 116 'DSP48' <Latency = 3> <II = 1> <Delay = 2.15> <IPBlock> <Opcode : 'add' 'sub' 'mul' 'select'> <InPorts = 0> <OutPorts = 1> <Sync> <CReg>
ST_12 : Operation 445 [1/1] (2.07ns)   --->   "%add_ln25_19 = add i16 %add_ln25_18, i16 %add_ln25_16" [../solution5/matrix_mult.cpp:25]   --->   Operation 445 'add' 'add_ln25_19' <Predicate = true> <Delay = 2.07> <CoreInst = "Adder">   --->   Core 1 'Adder' <Latency = 0> <II = 1> <Delay = 2.07> <FuncUnit> <Opcode : 'add' 'sub'> <InPorts = 2> <OutPorts = 1>
ST_12 : Operation 446 [1/1] ( I:0.00ns O:0.00ns )   --->   "%store_ln25 = store i16 %add_ln25_19, i5 %prod_addr_4" [../solution5/matrix_mult.cpp:25]   --->   Operation 446 'store' 'store_ln25' <Predicate = true> <Delay = 0.00> <CoreInst = "RAM">   --->   Core 81 'RAM' <Latency = 1> <II = 1> <Delay = 2.32> <Storage> <Opcode : 'load' 'store'> <Ports = 2> <Width = 16> <Depth = 25> <RAM>
ST_12 : Operation 447 [1/2] (2.10ns) (root node of the DSP)   --->   "%add_ln25_22 = add i16 %add_ln25_21, i16 %mul_ln25_29" [../solution5/matrix_mult.cpp:25]   --->   Operation 447 'add' 'add_ln25_22' <Predicate = true> <Delay = 2.10> <CoreInst = "DSP48">   --->   Core 116 'DSP48' <Latency = 3> <II = 1> <Delay = 2.15> <IPBlock> <Opcode : 'add' 'sub' 'mul' 'select'> <InPorts = 0> <OutPorts = 1> <Sync> <CReg>
ST_12 : Operation 448 [1/1] (2.07ns)   --->   "%add_ln25_23 = add i16 %add_ln25_22, i16 %add_ln25_20" [../solution5/matrix_mult.cpp:25]   --->   Operation 448 'add' 'add_ln25_23' <Predicate = true> <Delay = 2.07> <CoreInst = "Adder">   --->   Core 1 'Adder' <Latency = 0> <II = 1> <Delay = 2.07> <FuncUnit> <Opcode : 'add' 'sub'> <InPorts = 2> <OutPorts = 1>
ST_12 : Operation 449 [1/1] ( I:0.00ns O:0.00ns )   --->   "%store_ln25 = store i16 %add_ln25_23, i5 %prod_addr_5" [../solution5/matrix_mult.cpp:25]   --->   Operation 449 'store' 'store_ln25' <Predicate = true> <Delay = 0.00> <CoreInst = "RAM">   --->   Core 81 'RAM' <Latency = 1> <II = 1> <Delay = 2.32> <Storage> <Opcode : 'load' 'store'> <Ports = 2> <Width = 16> <Depth = 25> <RAM>
ST_12 : Operation 450 [1/3] (0.00ns) (grouped into DSP with root node add_ln25_26)   --->   "%mul_ln25_34 = mul i16 %zext_ln25_32, i16 %zext_ln25_12" [../solution5/matrix_mult.cpp:25]   --->   Operation 450 'mul' 'mul_ln25_34' <Predicate = true> <Delay = 0.00> <CoreInst = "DSP48">   --->   Core 116 'DSP48' <Latency = 3> <II = 1> <Delay = 2.15> <IPBlock> <Opcode : 'add' 'sub' 'mul' 'select'> <InPorts = 0> <OutPorts = 1> <Sync> <CReg>
ST_12 : Operation 451 [2/2] (2.10ns) (root node of the DSP)   --->   "%add_ln25_26 = add i16 %add_ln25_25, i16 %mul_ln25_34" [../solution5/matrix_mult.cpp:25]   --->   Operation 451 'add' 'add_ln25_26' <Predicate = true> <Delay = 2.10> <CoreInst = "DSP48">   --->   Core 116 'DSP48' <Latency = 3> <II = 1> <Delay = 2.15> <IPBlock> <Opcode : 'add' 'sub' 'mul' 'select'> <InPorts = 0> <OutPorts = 1> <Sync> <CReg>
ST_12 : Operation 452 [1/3] (0.00ns) (grouped into DSP with root node add_ln25_30)   --->   "%mul_ln25_39 = mul i16 %zext_ln25_32, i16 %zext_ln25_17" [../solution5/matrix_mult.cpp:25]   --->   Operation 452 'mul' 'mul_ln25_39' <Predicate = true> <Delay = 0.00> <CoreInst = "DSP48">   --->   Core 116 'DSP48' <Latency = 3> <II = 1> <Delay = 2.15> <IPBlock> <Opcode : 'add' 'sub' 'mul' 'select'> <InPorts = 0> <OutPorts = 1> <Sync> <CReg>
ST_12 : Operation 453 [2/2] (2.10ns) (root node of the DSP)   --->   "%add_ln25_30 = add i16 %add_ln25_29, i16 %mul_ln25_39" [../solution5/matrix_mult.cpp:25]   --->   Operation 453 'add' 'add_ln25_30' <Predicate = true> <Delay = 2.10> <CoreInst = "DSP48">   --->   Core 116 'DSP48' <Latency = 3> <II = 1> <Delay = 2.15> <IPBlock> <Opcode : 'add' 'sub' 'mul' 'select'> <InPorts = 0> <OutPorts = 1> <Sync> <CReg>
ST_12 : Operation 454 [2/3] (1.05ns) (grouped into DSP with root node add_ln25_34)   --->   "%mul_ln25_44 = mul i16 %zext_ln25_32, i16 %zext_ln25_22" [../solution5/matrix_mult.cpp:25]   --->   Operation 454 'mul' 'mul_ln25_44' <Predicate = true> <Delay = 1.05> <CoreInst = "DSP48">   --->   Core 116 'DSP48' <Latency = 3> <II = 1> <Delay = 2.15> <IPBlock> <Opcode : 'add' 'sub' 'mul' 'select'> <InPorts = 0> <OutPorts = 1> <Sync> <CReg>
ST_12 : Operation 455 [2/3] (1.05ns) (grouped into DSP with root node add_ln25_38)   --->   "%mul_ln25_49 = mul i16 %zext_ln25_32, i16 %zext_ln25_27" [../solution5/matrix_mult.cpp:25]   --->   Operation 455 'mul' 'mul_ln25_49' <Predicate = true> <Delay = 1.05> <CoreInst = "DSP48">   --->   Core 116 'DSP48' <Latency = 3> <II = 1> <Delay = 2.15> <IPBlock> <Opcode : 'add' 'sub' 'mul' 'select'> <InPorts = 0> <OutPorts = 1> <Sync> <CReg>
ST_12 : Operation 456 [1/1] (0.00ns)   --->   "%zext_ln25_37 = zext i8 %tmp_28" [../solution5/matrix_mult.cpp:25]   --->   Operation 456 'zext' 'zext_ln25_37' <Predicate = true> <Delay = 0.00>
ST_12 : Operation 457 [3/3] (1.05ns) (grouped into DSP with root node add_ln25_42)   --->   "%mul_ln25_54 = mul i16 %zext_ln25_37, i16 %zext_ln25_5" [../solution5/matrix_mult.cpp:25]   --->   Operation 457 'mul' 'mul_ln25_54' <Predicate = true> <Delay = 1.05> <CoreInst = "DSP48">   --->   Core 116 'DSP48' <Latency = 3> <II = 1> <Delay = 2.15> <IPBlock> <Opcode : 'add' 'sub' 'mul' 'select'> <InPorts = 0> <OutPorts = 1> <Sync> <CReg>
ST_12 : Operation 458 [3/3] (1.05ns) (grouped into DSP with root node add_ln25_46)   --->   "%mul_ln25_59 = mul i16 %zext_ln25_37, i16 %zext_ln25_12" [../solution5/matrix_mult.cpp:25]   --->   Operation 458 'mul' 'mul_ln25_59' <Predicate = true> <Delay = 1.05> <CoreInst = "DSP48">   --->   Core 116 'DSP48' <Latency = 3> <II = 1> <Delay = 2.15> <IPBlock> <Opcode : 'add' 'sub' 'mul' 'select'> <InPorts = 0> <OutPorts = 1> <Sync> <CReg>
ST_12 : Operation 459 [1/2] (2.10ns) (root node of the DSP)   --->   "%add_ln25_44 = add i16 %mul_ln25_56, i16 %mul_ln25_55" [../solution5/matrix_mult.cpp:25]   --->   Operation 459 'add' 'add_ln25_44' <Predicate = true> <Delay = 2.10> <CoreInst = "DSP48">   --->   Core 116 'DSP48' <Latency = 3> <II = 1> <Delay = 2.15> <IPBlock> <Opcode : 'add' 'sub' 'mul' 'select'> <InPorts = 0> <OutPorts = 1> <Sync> <CReg>
ST_12 : Operation 460 [3/3] (1.05ns) (grouped into DSP with root node add_ln25_50)   --->   "%mul_ln25_64 = mul i16 %zext_ln25_37, i16 %zext_ln25_17" [../solution5/matrix_mult.cpp:25]   --->   Operation 460 'mul' 'mul_ln25_64' <Predicate = true> <Delay = 1.05> <CoreInst = "DSP48">   --->   Core 116 'DSP48' <Latency = 3> <II = 1> <Delay = 2.15> <IPBlock> <Opcode : 'add' 'sub' 'mul' 'select'> <InPorts = 0> <OutPorts = 1> <Sync> <CReg>
ST_12 : Operation 461 [1/2] (2.10ns) (root node of the DSP)   --->   "%add_ln25_48 = add i16 %mul_ln25_61, i16 %mul_ln25_60" [../solution5/matrix_mult.cpp:25]   --->   Operation 461 'add' 'add_ln25_48' <Predicate = true> <Delay = 2.10> <CoreInst = "DSP48">   --->   Core 116 'DSP48' <Latency = 3> <II = 1> <Delay = 2.15> <IPBlock> <Opcode : 'add' 'sub' 'mul' 'select'> <InPorts = 0> <OutPorts = 1> <Sync> <CReg>
ST_12 : Operation 462 [3/3] (1.05ns) (grouped into DSP with root node add_ln25_54)   --->   "%mul_ln25_69 = mul i16 %zext_ln25_37, i16 %zext_ln25_22" [../solution5/matrix_mult.cpp:25]   --->   Operation 462 'mul' 'mul_ln25_69' <Predicate = true> <Delay = 1.05> <CoreInst = "DSP48">   --->   Core 116 'DSP48' <Latency = 3> <II = 1> <Delay = 2.15> <IPBlock> <Opcode : 'add' 'sub' 'mul' 'select'> <InPorts = 0> <OutPorts = 1> <Sync> <CReg>
ST_12 : Operation 463 [1/2] (2.10ns) (root node of the DSP)   --->   "%add_ln25_52 = add i16 %mul_ln25_66, i16 %mul_ln25_65" [../solution5/matrix_mult.cpp:25]   --->   Operation 463 'add' 'add_ln25_52' <Predicate = true> <Delay = 2.10> <CoreInst = "DSP48">   --->   Core 116 'DSP48' <Latency = 3> <II = 1> <Delay = 2.15> <IPBlock> <Opcode : 'add' 'sub' 'mul' 'select'> <InPorts = 0> <OutPorts = 1> <Sync> <CReg>
ST_12 : Operation 464 [1/2] (2.10ns) (root node of the DSP)   --->   "%add_ln25_56 = add i16 %mul_ln25_71, i16 %mul_ln25_70" [../solution5/matrix_mult.cpp:25]   --->   Operation 464 'add' 'add_ln25_56' <Predicate = true> <Delay = 2.10> <CoreInst = "DSP48">   --->   Core 116 'DSP48' <Latency = 3> <II = 1> <Delay = 2.15> <IPBlock> <Opcode : 'add' 'sub' 'mul' 'select'> <InPorts = 0> <OutPorts = 1> <Sync> <CReg>
ST_12 : Operation 465 [1/1] (0.00ns)   --->   "%zext_ln25_41 = zext i8 %tmp_31" [../solution5/matrix_mult.cpp:25]   --->   Operation 465 'zext' 'zext_ln25_41' <Predicate = true> <Delay = 0.00>
ST_12 : Operation 466 [1/3] (0.00ns) (grouped into DSP with root node add_ln25_60)   --->   "%mul_ln25_75 = mul i16 %zext_ln25_40, i16 %zext_ln25_1" [../solution5/matrix_mult.cpp:25]   --->   Operation 466 'mul' 'mul_ln25_75' <Predicate = true> <Delay = 0.00> <CoreInst = "DSP48">   --->   Core 116 'DSP48' <Latency = 3> <II = 1> <Delay = 2.15> <IPBlock> <Opcode : 'add' 'sub' 'mul' 'select'> <InPorts = 0> <OutPorts = 1> <Sync> <CReg>
ST_12 : Operation 467 [1/1] (4.17ns)   --->   "%mul_ln25_76 = mul i16 %zext_ln25_41, i16 %zext_ln25_3" [../solution5/matrix_mult.cpp:25]   --->   Operation 467 'mul' 'mul_ln25_76' <Predicate = true> <Delay = 4.17> <CoreInst = "Multiplier">   --->   Core 3 'Multiplier' <Latency = 0> <II = 1> <Delay = 4.17> <FuncUnit> <Opcode : 'mul'> <InPorts = 2> <OutPorts = 1>
ST_12 : Operation 468 [2/2] (2.10ns) (root node of the DSP)   --->   "%add_ln25_60 = add i16 %mul_ln25_76, i16 %mul_ln25_75" [../solution5/matrix_mult.cpp:25]   --->   Operation 468 'add' 'add_ln25_60' <Predicate = true> <Delay = 2.10> <CoreInst = "DSP48">   --->   Core 116 'DSP48' <Latency = 3> <II = 1> <Delay = 2.15> <IPBlock> <Opcode : 'add' 'sub' 'mul' 'select'> <InPorts = 0> <OutPorts = 1> <Sync> <CReg>
ST_12 : Operation 469 [1/3] (0.00ns) (grouped into DSP with root node add_ln25_64)   --->   "%mul_ln25_80 = mul i16 %zext_ln25_40, i16 %zext_ln25_10" [../solution5/matrix_mult.cpp:25]   --->   Operation 469 'mul' 'mul_ln25_80' <Predicate = true> <Delay = 0.00> <CoreInst = "DSP48">   --->   Core 116 'DSP48' <Latency = 3> <II = 1> <Delay = 2.15> <IPBlock> <Opcode : 'add' 'sub' 'mul' 'select'> <InPorts = 0> <OutPorts = 1> <Sync> <CReg>
ST_12 : Operation 470 [1/1] (4.17ns)   --->   "%mul_ln25_81 = mul i16 %zext_ln25_41, i16 %zext_ln25_11" [../solution5/matrix_mult.cpp:25]   --->   Operation 470 'mul' 'mul_ln25_81' <Predicate = true> <Delay = 4.17> <CoreInst = "Multiplier">   --->   Core 3 'Multiplier' <Latency = 0> <II = 1> <Delay = 4.17> <FuncUnit> <Opcode : 'mul'> <InPorts = 2> <OutPorts = 1>
ST_12 : Operation 471 [2/2] (2.10ns) (root node of the DSP)   --->   "%add_ln25_64 = add i16 %mul_ln25_81, i16 %mul_ln25_80" [../solution5/matrix_mult.cpp:25]   --->   Operation 471 'add' 'add_ln25_64' <Predicate = true> <Delay = 2.10> <CoreInst = "DSP48">   --->   Core 116 'DSP48' <Latency = 3> <II = 1> <Delay = 2.15> <IPBlock> <Opcode : 'add' 'sub' 'mul' 'select'> <InPorts = 0> <OutPorts = 1> <Sync> <CReg>
ST_12 : Operation 472 [1/3] (0.00ns) (grouped into DSP with root node add_ln25_68)   --->   "%mul_ln25_85 = mul i16 %zext_ln25_40, i16 %zext_ln25_15" [../solution5/matrix_mult.cpp:25]   --->   Operation 472 'mul' 'mul_ln25_85' <Predicate = true> <Delay = 0.00> <CoreInst = "DSP48">   --->   Core 116 'DSP48' <Latency = 3> <II = 1> <Delay = 2.15> <IPBlock> <Opcode : 'add' 'sub' 'mul' 'select'> <InPorts = 0> <OutPorts = 1> <Sync> <CReg>
ST_12 : Operation 473 [1/1] (4.17ns)   --->   "%mul_ln25_86 = mul i16 %zext_ln25_41, i16 %zext_ln25_16" [../solution5/matrix_mult.cpp:25]   --->   Operation 473 'mul' 'mul_ln25_86' <Predicate = true> <Delay = 4.17> <CoreInst = "Multiplier">   --->   Core 3 'Multiplier' <Latency = 0> <II = 1> <Delay = 4.17> <FuncUnit> <Opcode : 'mul'> <InPorts = 2> <OutPorts = 1>
ST_12 : Operation 474 [2/2] (2.10ns) (root node of the DSP)   --->   "%add_ln25_68 = add i16 %mul_ln25_86, i16 %mul_ln25_85" [../solution5/matrix_mult.cpp:25]   --->   Operation 474 'add' 'add_ln25_68' <Predicate = true> <Delay = 2.10> <CoreInst = "DSP48">   --->   Core 116 'DSP48' <Latency = 3> <II = 1> <Delay = 2.15> <IPBlock> <Opcode : 'add' 'sub' 'mul' 'select'> <InPorts = 0> <OutPorts = 1> <Sync> <CReg>
ST_12 : Operation 475 [1/3] (0.00ns) (grouped into DSP with root node add_ln25_72)   --->   "%mul_ln25_90 = mul i16 %zext_ln25_40, i16 %zext_ln25_20" [../solution5/matrix_mult.cpp:25]   --->   Operation 475 'mul' 'mul_ln25_90' <Predicate = true> <Delay = 0.00> <CoreInst = "DSP48">   --->   Core 116 'DSP48' <Latency = 3> <II = 1> <Delay = 2.15> <IPBlock> <Opcode : 'add' 'sub' 'mul' 'select'> <InPorts = 0> <OutPorts = 1> <Sync> <CReg>
ST_12 : Operation 476 [1/1] (4.17ns)   --->   "%mul_ln25_91 = mul i16 %zext_ln25_41, i16 %zext_ln25_21" [../solution5/matrix_mult.cpp:25]   --->   Operation 476 'mul' 'mul_ln25_91' <Predicate = true> <Delay = 4.17> <CoreInst = "Multiplier">   --->   Core 3 'Multiplier' <Latency = 0> <II = 1> <Delay = 4.17> <FuncUnit> <Opcode : 'mul'> <InPorts = 2> <OutPorts = 1>
ST_12 : Operation 477 [2/2] (2.10ns) (root node of the DSP)   --->   "%add_ln25_72 = add i16 %mul_ln25_91, i16 %mul_ln25_90" [../solution5/matrix_mult.cpp:25]   --->   Operation 477 'add' 'add_ln25_72' <Predicate = true> <Delay = 2.10> <CoreInst = "DSP48">   --->   Core 116 'DSP48' <Latency = 3> <II = 1> <Delay = 2.15> <IPBlock> <Opcode : 'add' 'sub' 'mul' 'select'> <InPorts = 0> <OutPorts = 1> <Sync> <CReg>
ST_12 : Operation 478 [2/3] (1.05ns) (grouped into DSP with root node add_ln25_76)   --->   "%mul_ln25_95 = mul i16 %zext_ln25_40, i16 %zext_ln25_25" [../solution5/matrix_mult.cpp:25]   --->   Operation 478 'mul' 'mul_ln25_95' <Predicate = true> <Delay = 1.05> <CoreInst = "DSP48">   --->   Core 116 'DSP48' <Latency = 3> <II = 1> <Delay = 2.15> <IPBlock> <Opcode : 'add' 'sub' 'mul' 'select'> <InPorts = 0> <OutPorts = 1> <Sync> <CReg>
ST_12 : Operation 479 [2/3] (1.05ns) (grouped into DSP with root node add_ln25_80)   --->   "%mul_ln25_100 = mul i16 %zext_ln25_45, i16 %zext_ln25_1" [../solution5/matrix_mult.cpp:25]   --->   Operation 479 'mul' 'mul_ln25_100' <Predicate = true> <Delay = 1.05> <CoreInst = "DSP48">   --->   Core 116 'DSP48' <Latency = 3> <II = 1> <Delay = 2.15> <IPBlock> <Opcode : 'add' 'sub' 'mul' 'select'> <InPorts = 0> <OutPorts = 1> <Sync> <CReg>
ST_12 : Operation 480 [2/3] (1.05ns) (grouped into DSP with root node add_ln25_84)   --->   "%mul_ln25_105 = mul i16 %zext_ln25_45, i16 %zext_ln25_10" [../solution5/matrix_mult.cpp:25]   --->   Operation 480 'mul' 'mul_ln25_105' <Predicate = true> <Delay = 1.05> <CoreInst = "DSP48">   --->   Core 116 'DSP48' <Latency = 3> <II = 1> <Delay = 2.15> <IPBlock> <Opcode : 'add' 'sub' 'mul' 'select'> <InPorts = 0> <OutPorts = 1> <Sync> <CReg>
ST_12 : Operation 481 [2/3] (1.05ns) (grouped into DSP with root node add_ln25_88)   --->   "%mul_ln25_110 = mul i16 %zext_ln25_45, i16 %zext_ln25_15" [../solution5/matrix_mult.cpp:25]   --->   Operation 481 'mul' 'mul_ln25_110' <Predicate = true> <Delay = 1.05> <CoreInst = "DSP48">   --->   Core 116 'DSP48' <Latency = 3> <II = 1> <Delay = 2.15> <IPBlock> <Opcode : 'add' 'sub' 'mul' 'select'> <InPorts = 0> <OutPorts = 1> <Sync> <CReg>
ST_12 : Operation 482 [3/3] (1.05ns) (grouped into DSP with root node add_ln25_92)   --->   "%mul_ln25_115 = mul i16 %zext_ln25_45, i16 %zext_ln25_20" [../solution5/matrix_mult.cpp:25]   --->   Operation 482 'mul' 'mul_ln25_115' <Predicate = true> <Delay = 1.05> <CoreInst = "DSP48">   --->   Core 116 'DSP48' <Latency = 3> <II = 1> <Delay = 2.15> <IPBlock> <Opcode : 'add' 'sub' 'mul' 'select'> <InPorts = 0> <OutPorts = 1> <Sync> <CReg>
ST_12 : Operation 483 [3/3] (1.05ns) (grouped into DSP with root node add_ln25_96)   --->   "%mul_ln25_120 = mul i16 %zext_ln25_45, i16 %zext_ln25_25" [../solution5/matrix_mult.cpp:25]   --->   Operation 483 'mul' 'mul_ln25_120' <Predicate = true> <Delay = 1.05> <CoreInst = "DSP48">   --->   Core 116 'DSP48' <Latency = 3> <II = 1> <Delay = 2.15> <IPBlock> <Opcode : 'add' 'sub' 'mul' 'select'> <InPorts = 0> <OutPorts = 1> <Sync> <CReg>

State 13 <SV = 12> <Delay = 6.27>
ST_13 : Operation 484 [1/1] (0.00ns)   --->   "%prod_addr_6 = getelementptr i16 %prod, i64 0, i64 6" [../solution5/matrix_mult.cpp:25]   --->   Operation 484 'getelementptr' 'prod_addr_6' <Predicate = true> <Delay = 0.00>
ST_13 : Operation 485 [1/1] (0.00ns)   --->   "%prod_addr_7 = getelementptr i16 %prod, i64 0, i64 7" [../solution5/matrix_mult.cpp:25]   --->   Operation 485 'getelementptr' 'prod_addr_7' <Predicate = true> <Delay = 0.00>
ST_13 : Operation 486 [1/2] (2.10ns) (root node of the DSP)   --->   "%add_ln25_26 = add i16 %add_ln25_25, i16 %mul_ln25_34" [../solution5/matrix_mult.cpp:25]   --->   Operation 486 'add' 'add_ln25_26' <Predicate = true> <Delay = 2.10> <CoreInst = "DSP48">   --->   Core 116 'DSP48' <Latency = 3> <II = 1> <Delay = 2.15> <IPBlock> <Opcode : 'add' 'sub' 'mul' 'select'> <InPorts = 0> <OutPorts = 1> <Sync> <CReg>
ST_13 : Operation 487 [1/1] (2.07ns)   --->   "%add_ln25_27 = add i16 %add_ln25_26, i16 %add_ln25_24" [../solution5/matrix_mult.cpp:25]   --->   Operation 487 'add' 'add_ln25_27' <Predicate = true> <Delay = 2.07> <CoreInst = "Adder">   --->   Core 1 'Adder' <Latency = 0> <II = 1> <Delay = 2.07> <FuncUnit> <Opcode : 'add' 'sub'> <InPorts = 2> <OutPorts = 1>
ST_13 : Operation 488 [1/1] ( I:0.00ns O:0.00ns )   --->   "%store_ln25 = store i16 %add_ln25_27, i5 %prod_addr_6" [../solution5/matrix_mult.cpp:25]   --->   Operation 488 'store' 'store_ln25' <Predicate = true> <Delay = 0.00> <CoreInst = "RAM">   --->   Core 81 'RAM' <Latency = 1> <II = 1> <Delay = 2.32> <Storage> <Opcode : 'load' 'store'> <Ports = 2> <Width = 16> <Depth = 25> <RAM>
ST_13 : Operation 489 [1/2] (2.10ns) (root node of the DSP)   --->   "%add_ln25_30 = add i16 %add_ln25_29, i16 %mul_ln25_39" [../solution5/matrix_mult.cpp:25]   --->   Operation 489 'add' 'add_ln25_30' <Predicate = true> <Delay = 2.10> <CoreInst = "DSP48">   --->   Core 116 'DSP48' <Latency = 3> <II = 1> <Delay = 2.15> <IPBlock> <Opcode : 'add' 'sub' 'mul' 'select'> <InPorts = 0> <OutPorts = 1> <Sync> <CReg>
ST_13 : Operation 490 [1/1] (2.07ns)   --->   "%add_ln25_31 = add i16 %add_ln25_30, i16 %add_ln25_28" [../solution5/matrix_mult.cpp:25]   --->   Operation 490 'add' 'add_ln25_31' <Predicate = true> <Delay = 2.07> <CoreInst = "Adder">   --->   Core 1 'Adder' <Latency = 0> <II = 1> <Delay = 2.07> <FuncUnit> <Opcode : 'add' 'sub'> <InPorts = 2> <OutPorts = 1>
ST_13 : Operation 491 [1/1] ( I:0.00ns O:0.00ns )   --->   "%store_ln25 = store i16 %add_ln25_31, i5 %prod_addr_7" [../solution5/matrix_mult.cpp:25]   --->   Operation 491 'store' 'store_ln25' <Predicate = true> <Delay = 0.00> <CoreInst = "RAM">   --->   Core 81 'RAM' <Latency = 1> <II = 1> <Delay = 2.32> <Storage> <Opcode : 'load' 'store'> <Ports = 2> <Width = 16> <Depth = 25> <RAM>
ST_13 : Operation 492 [1/3] (0.00ns) (grouped into DSP with root node add_ln25_34)   --->   "%mul_ln25_44 = mul i16 %zext_ln25_32, i16 %zext_ln25_22" [../solution5/matrix_mult.cpp:25]   --->   Operation 492 'mul' 'mul_ln25_44' <Predicate = true> <Delay = 0.00> <CoreInst = "DSP48">   --->   Core 116 'DSP48' <Latency = 3> <II = 1> <Delay = 2.15> <IPBlock> <Opcode : 'add' 'sub' 'mul' 'select'> <InPorts = 0> <OutPorts = 1> <Sync> <CReg>
ST_13 : Operation 493 [2/2] (2.10ns) (root node of the DSP)   --->   "%add_ln25_34 = add i16 %add_ln25_33, i16 %mul_ln25_44" [../solution5/matrix_mult.cpp:25]   --->   Operation 493 'add' 'add_ln25_34' <Predicate = true> <Delay = 2.10> <CoreInst = "DSP48">   --->   Core 116 'DSP48' <Latency = 3> <II = 1> <Delay = 2.15> <IPBlock> <Opcode : 'add' 'sub' 'mul' 'select'> <InPorts = 0> <OutPorts = 1> <Sync> <CReg>
ST_13 : Operation 494 [1/3] (0.00ns) (grouped into DSP with root node add_ln25_38)   --->   "%mul_ln25_49 = mul i16 %zext_ln25_32, i16 %zext_ln25_27" [../solution5/matrix_mult.cpp:25]   --->   Operation 494 'mul' 'mul_ln25_49' <Predicate = true> <Delay = 0.00> <CoreInst = "DSP48">   --->   Core 116 'DSP48' <Latency = 3> <II = 1> <Delay = 2.15> <IPBlock> <Opcode : 'add' 'sub' 'mul' 'select'> <InPorts = 0> <OutPorts = 1> <Sync> <CReg>
ST_13 : Operation 495 [2/2] (2.10ns) (root node of the DSP)   --->   "%add_ln25_38 = add i16 %add_ln25_37, i16 %mul_ln25_49" [../solution5/matrix_mult.cpp:25]   --->   Operation 495 'add' 'add_ln25_38' <Predicate = true> <Delay = 2.10> <CoreInst = "DSP48">   --->   Core 116 'DSP48' <Latency = 3> <II = 1> <Delay = 2.15> <IPBlock> <Opcode : 'add' 'sub' 'mul' 'select'> <InPorts = 0> <OutPorts = 1> <Sync> <CReg>
ST_13 : Operation 496 [2/3] (1.05ns) (grouped into DSP with root node add_ln25_42)   --->   "%mul_ln25_54 = mul i16 %zext_ln25_37, i16 %zext_ln25_5" [../solution5/matrix_mult.cpp:25]   --->   Operation 496 'mul' 'mul_ln25_54' <Predicate = true> <Delay = 1.05> <CoreInst = "DSP48">   --->   Core 116 'DSP48' <Latency = 3> <II = 1> <Delay = 2.15> <IPBlock> <Opcode : 'add' 'sub' 'mul' 'select'> <InPorts = 0> <OutPorts = 1> <Sync> <CReg>
ST_13 : Operation 497 [2/3] (1.05ns) (grouped into DSP with root node add_ln25_46)   --->   "%mul_ln25_59 = mul i16 %zext_ln25_37, i16 %zext_ln25_12" [../solution5/matrix_mult.cpp:25]   --->   Operation 497 'mul' 'mul_ln25_59' <Predicate = true> <Delay = 1.05> <CoreInst = "DSP48">   --->   Core 116 'DSP48' <Latency = 3> <II = 1> <Delay = 2.15> <IPBlock> <Opcode : 'add' 'sub' 'mul' 'select'> <InPorts = 0> <OutPorts = 1> <Sync> <CReg>
ST_13 : Operation 498 [2/3] (1.05ns) (grouped into DSP with root node add_ln25_50)   --->   "%mul_ln25_64 = mul i16 %zext_ln25_37, i16 %zext_ln25_17" [../solution5/matrix_mult.cpp:25]   --->   Operation 498 'mul' 'mul_ln25_64' <Predicate = true> <Delay = 1.05> <CoreInst = "DSP48">   --->   Core 116 'DSP48' <Latency = 3> <II = 1> <Delay = 2.15> <IPBlock> <Opcode : 'add' 'sub' 'mul' 'select'> <InPorts = 0> <OutPorts = 1> <Sync> <CReg>
ST_13 : Operation 499 [2/3] (1.05ns) (grouped into DSP with root node add_ln25_54)   --->   "%mul_ln25_69 = mul i16 %zext_ln25_37, i16 %zext_ln25_22" [../solution5/matrix_mult.cpp:25]   --->   Operation 499 'mul' 'mul_ln25_69' <Predicate = true> <Delay = 1.05> <CoreInst = "DSP48">   --->   Core 116 'DSP48' <Latency = 3> <II = 1> <Delay = 2.15> <IPBlock> <Opcode : 'add' 'sub' 'mul' 'select'> <InPorts = 0> <OutPorts = 1> <Sync> <CReg>
ST_13 : Operation 500 [3/3] (1.05ns) (grouped into DSP with root node add_ln25_58)   --->   "%mul_ln25_74 = mul i16 %zext_ln25_37, i16 %zext_ln25_27" [../solution5/matrix_mult.cpp:25]   --->   Operation 500 'mul' 'mul_ln25_74' <Predicate = true> <Delay = 1.05> <CoreInst = "DSP48">   --->   Core 116 'DSP48' <Latency = 3> <II = 1> <Delay = 2.15> <IPBlock> <Opcode : 'add' 'sub' 'mul' 'select'> <InPorts = 0> <OutPorts = 1> <Sync> <CReg>
ST_13 : Operation 501 [1/1] (0.00ns)   --->   "%zext_ln25_42 = zext i8 %tmp_32" [../solution5/matrix_mult.cpp:25]   --->   Operation 501 'zext' 'zext_ln25_42' <Predicate = true> <Delay = 0.00>
ST_13 : Operation 502 [3/3] (1.05ns) (grouped into DSP with root node add_ln25_62)   --->   "%mul_ln25_79 = mul i16 %zext_ln25_42, i16 %zext_ln25_5" [../solution5/matrix_mult.cpp:25]   --->   Operation 502 'mul' 'mul_ln25_79' <Predicate = true> <Delay = 1.05> <CoreInst = "DSP48">   --->   Core 116 'DSP48' <Latency = 3> <II = 1> <Delay = 2.15> <IPBlock> <Opcode : 'add' 'sub' 'mul' 'select'> <InPorts = 0> <OutPorts = 1> <Sync> <CReg>
ST_13 : Operation 503 [1/2] (2.10ns) (root node of the DSP)   --->   "%add_ln25_60 = add i16 %mul_ln25_76, i16 %mul_ln25_75" [../solution5/matrix_mult.cpp:25]   --->   Operation 503 'add' 'add_ln25_60' <Predicate = true> <Delay = 2.10> <CoreInst = "DSP48">   --->   Core 116 'DSP48' <Latency = 3> <II = 1> <Delay = 2.15> <IPBlock> <Opcode : 'add' 'sub' 'mul' 'select'> <InPorts = 0> <OutPorts = 1> <Sync> <CReg>
ST_13 : Operation 504 [3/3] (1.05ns) (grouped into DSP with root node add_ln25_66)   --->   "%mul_ln25_84 = mul i16 %zext_ln25_42, i16 %zext_ln25_12" [../solution5/matrix_mult.cpp:25]   --->   Operation 504 'mul' 'mul_ln25_84' <Predicate = true> <Delay = 1.05> <CoreInst = "DSP48">   --->   Core 116 'DSP48' <Latency = 3> <II = 1> <Delay = 2.15> <IPBlock> <Opcode : 'add' 'sub' 'mul' 'select'> <InPorts = 0> <OutPorts = 1> <Sync> <CReg>
ST_13 : Operation 505 [1/2] (2.10ns) (root node of the DSP)   --->   "%add_ln25_64 = add i16 %mul_ln25_81, i16 %mul_ln25_80" [../solution5/matrix_mult.cpp:25]   --->   Operation 505 'add' 'add_ln25_64' <Predicate = true> <Delay = 2.10> <CoreInst = "DSP48">   --->   Core 116 'DSP48' <Latency = 3> <II = 1> <Delay = 2.15> <IPBlock> <Opcode : 'add' 'sub' 'mul' 'select'> <InPorts = 0> <OutPorts = 1> <Sync> <CReg>
ST_13 : Operation 506 [3/3] (1.05ns) (grouped into DSP with root node add_ln25_70)   --->   "%mul_ln25_89 = mul i16 %zext_ln25_42, i16 %zext_ln25_17" [../solution5/matrix_mult.cpp:25]   --->   Operation 506 'mul' 'mul_ln25_89' <Predicate = true> <Delay = 1.05> <CoreInst = "DSP48">   --->   Core 116 'DSP48' <Latency = 3> <II = 1> <Delay = 2.15> <IPBlock> <Opcode : 'add' 'sub' 'mul' 'select'> <InPorts = 0> <OutPorts = 1> <Sync> <CReg>
ST_13 : Operation 507 [1/2] (2.10ns) (root node of the DSP)   --->   "%add_ln25_68 = add i16 %mul_ln25_86, i16 %mul_ln25_85" [../solution5/matrix_mult.cpp:25]   --->   Operation 507 'add' 'add_ln25_68' <Predicate = true> <Delay = 2.10> <CoreInst = "DSP48">   --->   Core 116 'DSP48' <Latency = 3> <II = 1> <Delay = 2.15> <IPBlock> <Opcode : 'add' 'sub' 'mul' 'select'> <InPorts = 0> <OutPorts = 1> <Sync> <CReg>
ST_13 : Operation 508 [3/3] (1.05ns) (grouped into DSP with root node add_ln25_74)   --->   "%mul_ln25_94 = mul i16 %zext_ln25_42, i16 %zext_ln25_22" [../solution5/matrix_mult.cpp:25]   --->   Operation 508 'mul' 'mul_ln25_94' <Predicate = true> <Delay = 1.05> <CoreInst = "DSP48">   --->   Core 116 'DSP48' <Latency = 3> <II = 1> <Delay = 2.15> <IPBlock> <Opcode : 'add' 'sub' 'mul' 'select'> <InPorts = 0> <OutPorts = 1> <Sync> <CReg>
ST_13 : Operation 509 [1/2] (2.10ns) (root node of the DSP)   --->   "%add_ln25_72 = add i16 %mul_ln25_91, i16 %mul_ln25_90" [../solution5/matrix_mult.cpp:25]   --->   Operation 509 'add' 'add_ln25_72' <Predicate = true> <Delay = 2.10> <CoreInst = "DSP48">   --->   Core 116 'DSP48' <Latency = 3> <II = 1> <Delay = 2.15> <IPBlock> <Opcode : 'add' 'sub' 'mul' 'select'> <InPorts = 0> <OutPorts = 1> <Sync> <CReg>
ST_13 : Operation 510 [1/3] (0.00ns) (grouped into DSP with root node add_ln25_76)   --->   "%mul_ln25_95 = mul i16 %zext_ln25_40, i16 %zext_ln25_25" [../solution5/matrix_mult.cpp:25]   --->   Operation 510 'mul' 'mul_ln25_95' <Predicate = true> <Delay = 0.00> <CoreInst = "DSP48">   --->   Core 116 'DSP48' <Latency = 3> <II = 1> <Delay = 2.15> <IPBlock> <Opcode : 'add' 'sub' 'mul' 'select'> <InPorts = 0> <OutPorts = 1> <Sync> <CReg>
ST_13 : Operation 511 [1/1] (4.17ns)   --->   "%mul_ln25_96 = mul i16 %zext_ln25_41, i16 %zext_ln25_26" [../solution5/matrix_mult.cpp:25]   --->   Operation 511 'mul' 'mul_ln25_96' <Predicate = true> <Delay = 4.17> <CoreInst = "Multiplier">   --->   Core 3 'Multiplier' <Latency = 0> <II = 1> <Delay = 4.17> <FuncUnit> <Opcode : 'mul'> <InPorts = 2> <OutPorts = 1>
ST_13 : Operation 512 [3/3] (1.05ns) (grouped into DSP with root node add_ln25_78)   --->   "%mul_ln25_99 = mul i16 %zext_ln25_42, i16 %zext_ln25_27" [../solution5/matrix_mult.cpp:25]   --->   Operation 512 'mul' 'mul_ln25_99' <Predicate = true> <Delay = 1.05> <CoreInst = "DSP48">   --->   Core 116 'DSP48' <Latency = 3> <II = 1> <Delay = 2.15> <IPBlock> <Opcode : 'add' 'sub' 'mul' 'select'> <InPorts = 0> <OutPorts = 1> <Sync> <CReg>
ST_13 : Operation 513 [2/2] (2.10ns) (root node of the DSP)   --->   "%add_ln25_76 = add i16 %mul_ln25_96, i16 %mul_ln25_95" [../solution5/matrix_mult.cpp:25]   --->   Operation 513 'add' 'add_ln25_76' <Predicate = true> <Delay = 2.10> <CoreInst = "DSP48">   --->   Core 116 'DSP48' <Latency = 3> <II = 1> <Delay = 2.15> <IPBlock> <Opcode : 'add' 'sub' 'mul' 'select'> <InPorts = 0> <OutPorts = 1> <Sync> <CReg>
ST_13 : Operation 514 [1/1] (0.00ns)   --->   "%zext_ln25_46 = zext i8 %tmp_35" [../solution5/matrix_mult.cpp:25]   --->   Operation 514 'zext' 'zext_ln25_46' <Predicate = true> <Delay = 0.00>
ST_13 : Operation 515 [1/3] (0.00ns) (grouped into DSP with root node add_ln25_80)   --->   "%mul_ln25_100 = mul i16 %zext_ln25_45, i16 %zext_ln25_1" [../solution5/matrix_mult.cpp:25]   --->   Operation 515 'mul' 'mul_ln25_100' <Predicate = true> <Delay = 0.00> <CoreInst = "DSP48">   --->   Core 116 'DSP48' <Latency = 3> <II = 1> <Delay = 2.15> <IPBlock> <Opcode : 'add' 'sub' 'mul' 'select'> <InPorts = 0> <OutPorts = 1> <Sync> <CReg>
ST_13 : Operation 516 [1/1] (4.17ns)   --->   "%mul_ln25_101 = mul i16 %zext_ln25_46, i16 %zext_ln25_3" [../solution5/matrix_mult.cpp:25]   --->   Operation 516 'mul' 'mul_ln25_101' <Predicate = true> <Delay = 4.17> <CoreInst = "Multiplier">   --->   Core 3 'Multiplier' <Latency = 0> <II = 1> <Delay = 4.17> <FuncUnit> <Opcode : 'mul'> <InPorts = 2> <OutPorts = 1>
ST_13 : Operation 517 [2/2] (2.10ns) (root node of the DSP)   --->   "%add_ln25_80 = add i16 %mul_ln25_101, i16 %mul_ln25_100" [../solution5/matrix_mult.cpp:25]   --->   Operation 517 'add' 'add_ln25_80' <Predicate = true> <Delay = 2.10> <CoreInst = "DSP48">   --->   Core 116 'DSP48' <Latency = 3> <II = 1> <Delay = 2.15> <IPBlock> <Opcode : 'add' 'sub' 'mul' 'select'> <InPorts = 0> <OutPorts = 1> <Sync> <CReg>
ST_13 : Operation 518 [1/3] (0.00ns) (grouped into DSP with root node add_ln25_84)   --->   "%mul_ln25_105 = mul i16 %zext_ln25_45, i16 %zext_ln25_10" [../solution5/matrix_mult.cpp:25]   --->   Operation 518 'mul' 'mul_ln25_105' <Predicate = true> <Delay = 0.00> <CoreInst = "DSP48">   --->   Core 116 'DSP48' <Latency = 3> <II = 1> <Delay = 2.15> <IPBlock> <Opcode : 'add' 'sub' 'mul' 'select'> <InPorts = 0> <OutPorts = 1> <Sync> <CReg>
ST_13 : Operation 519 [1/1] (4.17ns)   --->   "%mul_ln25_106 = mul i16 %zext_ln25_46, i16 %zext_ln25_11" [../solution5/matrix_mult.cpp:25]   --->   Operation 519 'mul' 'mul_ln25_106' <Predicate = true> <Delay = 4.17> <CoreInst = "Multiplier">   --->   Core 3 'Multiplier' <Latency = 0> <II = 1> <Delay = 4.17> <FuncUnit> <Opcode : 'mul'> <InPorts = 2> <OutPorts = 1>
ST_13 : Operation 520 [2/2] (2.10ns) (root node of the DSP)   --->   "%add_ln25_84 = add i16 %mul_ln25_106, i16 %mul_ln25_105" [../solution5/matrix_mult.cpp:25]   --->   Operation 520 'add' 'add_ln25_84' <Predicate = true> <Delay = 2.10> <CoreInst = "DSP48">   --->   Core 116 'DSP48' <Latency = 3> <II = 1> <Delay = 2.15> <IPBlock> <Opcode : 'add' 'sub' 'mul' 'select'> <InPorts = 0> <OutPorts = 1> <Sync> <CReg>
ST_13 : Operation 521 [1/3] (0.00ns) (grouped into DSP with root node add_ln25_88)   --->   "%mul_ln25_110 = mul i16 %zext_ln25_45, i16 %zext_ln25_15" [../solution5/matrix_mult.cpp:25]   --->   Operation 521 'mul' 'mul_ln25_110' <Predicate = true> <Delay = 0.00> <CoreInst = "DSP48">   --->   Core 116 'DSP48' <Latency = 3> <II = 1> <Delay = 2.15> <IPBlock> <Opcode : 'add' 'sub' 'mul' 'select'> <InPorts = 0> <OutPorts = 1> <Sync> <CReg>
ST_13 : Operation 522 [1/1] (4.17ns)   --->   "%mul_ln25_111 = mul i16 %zext_ln25_46, i16 %zext_ln25_16" [../solution5/matrix_mult.cpp:25]   --->   Operation 522 'mul' 'mul_ln25_111' <Predicate = true> <Delay = 4.17> <CoreInst = "Multiplier">   --->   Core 3 'Multiplier' <Latency = 0> <II = 1> <Delay = 4.17> <FuncUnit> <Opcode : 'mul'> <InPorts = 2> <OutPorts = 1>
ST_13 : Operation 523 [2/2] (2.10ns) (root node of the DSP)   --->   "%add_ln25_88 = add i16 %mul_ln25_111, i16 %mul_ln25_110" [../solution5/matrix_mult.cpp:25]   --->   Operation 523 'add' 'add_ln25_88' <Predicate = true> <Delay = 2.10> <CoreInst = "DSP48">   --->   Core 116 'DSP48' <Latency = 3> <II = 1> <Delay = 2.15> <IPBlock> <Opcode : 'add' 'sub' 'mul' 'select'> <InPorts = 0> <OutPorts = 1> <Sync> <CReg>
ST_13 : Operation 524 [2/3] (1.05ns) (grouped into DSP with root node add_ln25_92)   --->   "%mul_ln25_115 = mul i16 %zext_ln25_45, i16 %zext_ln25_20" [../solution5/matrix_mult.cpp:25]   --->   Operation 524 'mul' 'mul_ln25_115' <Predicate = true> <Delay = 1.05> <CoreInst = "DSP48">   --->   Core 116 'DSP48' <Latency = 3> <II = 1> <Delay = 2.15> <IPBlock> <Opcode : 'add' 'sub' 'mul' 'select'> <InPorts = 0> <OutPorts = 1> <Sync> <CReg>
ST_13 : Operation 525 [2/3] (1.05ns) (grouped into DSP with root node add_ln25_96)   --->   "%mul_ln25_120 = mul i16 %zext_ln25_45, i16 %zext_ln25_25" [../solution5/matrix_mult.cpp:25]   --->   Operation 525 'mul' 'mul_ln25_120' <Predicate = true> <Delay = 1.05> <CoreInst = "DSP48">   --->   Core 116 'DSP48' <Latency = 3> <II = 1> <Delay = 2.15> <IPBlock> <Opcode : 'add' 'sub' 'mul' 'select'> <InPorts = 0> <OutPorts = 1> <Sync> <CReg>

State 14 <SV = 13> <Delay = 6.27>
ST_14 : Operation 526 [1/1] (0.00ns)   --->   "%prod_addr_8 = getelementptr i16 %prod, i64 0, i64 8" [../solution5/matrix_mult.cpp:25]   --->   Operation 526 'getelementptr' 'prod_addr_8' <Predicate = true> <Delay = 0.00>
ST_14 : Operation 527 [1/1] (0.00ns)   --->   "%prod_addr_9 = getelementptr i16 %prod, i64 0, i64 9" [../solution5/matrix_mult.cpp:25]   --->   Operation 527 'getelementptr' 'prod_addr_9' <Predicate = true> <Delay = 0.00>
ST_14 : Operation 528 [1/2] (2.10ns) (root node of the DSP)   --->   "%add_ln25_34 = add i16 %add_ln25_33, i16 %mul_ln25_44" [../solution5/matrix_mult.cpp:25]   --->   Operation 528 'add' 'add_ln25_34' <Predicate = true> <Delay = 2.10> <CoreInst = "DSP48">   --->   Core 116 'DSP48' <Latency = 3> <II = 1> <Delay = 2.15> <IPBlock> <Opcode : 'add' 'sub' 'mul' 'select'> <InPorts = 0> <OutPorts = 1> <Sync> <CReg>
ST_14 : Operation 529 [1/1] (2.07ns)   --->   "%add_ln25_35 = add i16 %add_ln25_34, i16 %add_ln25_32" [../solution5/matrix_mult.cpp:25]   --->   Operation 529 'add' 'add_ln25_35' <Predicate = true> <Delay = 2.07> <CoreInst = "Adder">   --->   Core 1 'Adder' <Latency = 0> <II = 1> <Delay = 2.07> <FuncUnit> <Opcode : 'add' 'sub'> <InPorts = 2> <OutPorts = 1>
ST_14 : Operation 530 [1/1] ( I:0.00ns O:0.00ns )   --->   "%store_ln25 = store i16 %add_ln25_35, i5 %prod_addr_8" [../solution5/matrix_mult.cpp:25]   --->   Operation 530 'store' 'store_ln25' <Predicate = true> <Delay = 0.00> <CoreInst = "RAM">   --->   Core 81 'RAM' <Latency = 1> <II = 1> <Delay = 2.32> <Storage> <Opcode : 'load' 'store'> <Ports = 2> <Width = 16> <Depth = 25> <RAM>
ST_14 : Operation 531 [1/2] (2.10ns) (root node of the DSP)   --->   "%add_ln25_38 = add i16 %add_ln25_37, i16 %mul_ln25_49" [../solution5/matrix_mult.cpp:25]   --->   Operation 531 'add' 'add_ln25_38' <Predicate = true> <Delay = 2.10> <CoreInst = "DSP48">   --->   Core 116 'DSP48' <Latency = 3> <II = 1> <Delay = 2.15> <IPBlock> <Opcode : 'add' 'sub' 'mul' 'select'> <InPorts = 0> <OutPorts = 1> <Sync> <CReg>
ST_14 : Operation 532 [1/1] (2.07ns)   --->   "%add_ln25_39 = add i16 %add_ln25_38, i16 %add_ln25_36" [../solution5/matrix_mult.cpp:25]   --->   Operation 532 'add' 'add_ln25_39' <Predicate = true> <Delay = 2.07> <CoreInst = "Adder">   --->   Core 1 'Adder' <Latency = 0> <II = 1> <Delay = 2.07> <FuncUnit> <Opcode : 'add' 'sub'> <InPorts = 2> <OutPorts = 1>
ST_14 : Operation 533 [1/1] ( I:0.00ns O:0.00ns )   --->   "%store_ln25 = store i16 %add_ln25_39, i5 %prod_addr_9" [../solution5/matrix_mult.cpp:25]   --->   Operation 533 'store' 'store_ln25' <Predicate = true> <Delay = 0.00> <CoreInst = "RAM">   --->   Core 81 'RAM' <Latency = 1> <II = 1> <Delay = 2.32> <Storage> <Opcode : 'load' 'store'> <Ports = 2> <Width = 16> <Depth = 25> <RAM>
ST_14 : Operation 534 [1/3] (0.00ns) (grouped into DSP with root node add_ln25_42)   --->   "%mul_ln25_54 = mul i16 %zext_ln25_37, i16 %zext_ln25_5" [../solution5/matrix_mult.cpp:25]   --->   Operation 534 'mul' 'mul_ln25_54' <Predicate = true> <Delay = 0.00> <CoreInst = "DSP48">   --->   Core 116 'DSP48' <Latency = 3> <II = 1> <Delay = 2.15> <IPBlock> <Opcode : 'add' 'sub' 'mul' 'select'> <InPorts = 0> <OutPorts = 1> <Sync> <CReg>
ST_14 : Operation 535 [2/2] (2.10ns) (root node of the DSP)   --->   "%add_ln25_42 = add i16 %add_ln25_41, i16 %mul_ln25_54" [../solution5/matrix_mult.cpp:25]   --->   Operation 535 'add' 'add_ln25_42' <Predicate = true> <Delay = 2.10> <CoreInst = "DSP48">   --->   Core 116 'DSP48' <Latency = 3> <II = 1> <Delay = 2.15> <IPBlock> <Opcode : 'add' 'sub' 'mul' 'select'> <InPorts = 0> <OutPorts = 1> <Sync> <CReg>
ST_14 : Operation 536 [1/3] (0.00ns) (grouped into DSP with root node add_ln25_46)   --->   "%mul_ln25_59 = mul i16 %zext_ln25_37, i16 %zext_ln25_12" [../solution5/matrix_mult.cpp:25]   --->   Operation 536 'mul' 'mul_ln25_59' <Predicate = true> <Delay = 0.00> <CoreInst = "DSP48">   --->   Core 116 'DSP48' <Latency = 3> <II = 1> <Delay = 2.15> <IPBlock> <Opcode : 'add' 'sub' 'mul' 'select'> <InPorts = 0> <OutPorts = 1> <Sync> <CReg>
ST_14 : Operation 537 [2/2] (2.10ns) (root node of the DSP)   --->   "%add_ln25_46 = add i16 %add_ln25_45, i16 %mul_ln25_59" [../solution5/matrix_mult.cpp:25]   --->   Operation 537 'add' 'add_ln25_46' <Predicate = true> <Delay = 2.10> <CoreInst = "DSP48">   --->   Core 116 'DSP48' <Latency = 3> <II = 1> <Delay = 2.15> <IPBlock> <Opcode : 'add' 'sub' 'mul' 'select'> <InPorts = 0> <OutPorts = 1> <Sync> <CReg>
ST_14 : Operation 538 [1/3] (0.00ns) (grouped into DSP with root node add_ln25_50)   --->   "%mul_ln25_64 = mul i16 %zext_ln25_37, i16 %zext_ln25_17" [../solution5/matrix_mult.cpp:25]   --->   Operation 538 'mul' 'mul_ln25_64' <Predicate = true> <Delay = 0.00> <CoreInst = "DSP48">   --->   Core 116 'DSP48' <Latency = 3> <II = 1> <Delay = 2.15> <IPBlock> <Opcode : 'add' 'sub' 'mul' 'select'> <InPorts = 0> <OutPorts = 1> <Sync> <CReg>
ST_14 : Operation 539 [2/2] (2.10ns) (root node of the DSP)   --->   "%add_ln25_50 = add i16 %add_ln25_49, i16 %mul_ln25_64" [../solution5/matrix_mult.cpp:25]   --->   Operation 539 'add' 'add_ln25_50' <Predicate = true> <Delay = 2.10> <CoreInst = "DSP48">   --->   Core 116 'DSP48' <Latency = 3> <II = 1> <Delay = 2.15> <IPBlock> <Opcode : 'add' 'sub' 'mul' 'select'> <InPorts = 0> <OutPorts = 1> <Sync> <CReg>
ST_14 : Operation 540 [1/3] (0.00ns) (grouped into DSP with root node add_ln25_54)   --->   "%mul_ln25_69 = mul i16 %zext_ln25_37, i16 %zext_ln25_22" [../solution5/matrix_mult.cpp:25]   --->   Operation 540 'mul' 'mul_ln25_69' <Predicate = true> <Delay = 0.00> <CoreInst = "DSP48">   --->   Core 116 'DSP48' <Latency = 3> <II = 1> <Delay = 2.15> <IPBlock> <Opcode : 'add' 'sub' 'mul' 'select'> <InPorts = 0> <OutPorts = 1> <Sync> <CReg>
ST_14 : Operation 541 [2/2] (2.10ns) (root node of the DSP)   --->   "%add_ln25_54 = add i16 %add_ln25_53, i16 %mul_ln25_69" [../solution5/matrix_mult.cpp:25]   --->   Operation 541 'add' 'add_ln25_54' <Predicate = true> <Delay = 2.10> <CoreInst = "DSP48">   --->   Core 116 'DSP48' <Latency = 3> <II = 1> <Delay = 2.15> <IPBlock> <Opcode : 'add' 'sub' 'mul' 'select'> <InPorts = 0> <OutPorts = 1> <Sync> <CReg>
ST_14 : Operation 542 [2/3] (1.05ns) (grouped into DSP with root node add_ln25_58)   --->   "%mul_ln25_74 = mul i16 %zext_ln25_37, i16 %zext_ln25_27" [../solution5/matrix_mult.cpp:25]   --->   Operation 542 'mul' 'mul_ln25_74' <Predicate = true> <Delay = 1.05> <CoreInst = "DSP48">   --->   Core 116 'DSP48' <Latency = 3> <II = 1> <Delay = 2.15> <IPBlock> <Opcode : 'add' 'sub' 'mul' 'select'> <InPorts = 0> <OutPorts = 1> <Sync> <CReg>
ST_14 : Operation 543 [2/3] (1.05ns) (grouped into DSP with root node add_ln25_62)   --->   "%mul_ln25_79 = mul i16 %zext_ln25_42, i16 %zext_ln25_5" [../solution5/matrix_mult.cpp:25]   --->   Operation 543 'mul' 'mul_ln25_79' <Predicate = true> <Delay = 1.05> <CoreInst = "DSP48">   --->   Core 116 'DSP48' <Latency = 3> <II = 1> <Delay = 2.15> <IPBlock> <Opcode : 'add' 'sub' 'mul' 'select'> <InPorts = 0> <OutPorts = 1> <Sync> <CReg>
ST_14 : Operation 544 [2/3] (1.05ns) (grouped into DSP with root node add_ln25_66)   --->   "%mul_ln25_84 = mul i16 %zext_ln25_42, i16 %zext_ln25_12" [../solution5/matrix_mult.cpp:25]   --->   Operation 544 'mul' 'mul_ln25_84' <Predicate = true> <Delay = 1.05> <CoreInst = "DSP48">   --->   Core 116 'DSP48' <Latency = 3> <II = 1> <Delay = 2.15> <IPBlock> <Opcode : 'add' 'sub' 'mul' 'select'> <InPorts = 0> <OutPorts = 1> <Sync> <CReg>
ST_14 : Operation 545 [2/3] (1.05ns) (grouped into DSP with root node add_ln25_70)   --->   "%mul_ln25_89 = mul i16 %zext_ln25_42, i16 %zext_ln25_17" [../solution5/matrix_mult.cpp:25]   --->   Operation 545 'mul' 'mul_ln25_89' <Predicate = true> <Delay = 1.05> <CoreInst = "DSP48">   --->   Core 116 'DSP48' <Latency = 3> <II = 1> <Delay = 2.15> <IPBlock> <Opcode : 'add' 'sub' 'mul' 'select'> <InPorts = 0> <OutPorts = 1> <Sync> <CReg>
ST_14 : Operation 546 [2/3] (1.05ns) (grouped into DSP with root node add_ln25_74)   --->   "%mul_ln25_94 = mul i16 %zext_ln25_42, i16 %zext_ln25_22" [../solution5/matrix_mult.cpp:25]   --->   Operation 546 'mul' 'mul_ln25_94' <Predicate = true> <Delay = 1.05> <CoreInst = "DSP48">   --->   Core 116 'DSP48' <Latency = 3> <II = 1> <Delay = 2.15> <IPBlock> <Opcode : 'add' 'sub' 'mul' 'select'> <InPorts = 0> <OutPorts = 1> <Sync> <CReg>
ST_14 : Operation 547 [2/3] (1.05ns) (grouped into DSP with root node add_ln25_78)   --->   "%mul_ln25_99 = mul i16 %zext_ln25_42, i16 %zext_ln25_27" [../solution5/matrix_mult.cpp:25]   --->   Operation 547 'mul' 'mul_ln25_99' <Predicate = true> <Delay = 1.05> <CoreInst = "DSP48">   --->   Core 116 'DSP48' <Latency = 3> <II = 1> <Delay = 2.15> <IPBlock> <Opcode : 'add' 'sub' 'mul' 'select'> <InPorts = 0> <OutPorts = 1> <Sync> <CReg>
ST_14 : Operation 548 [1/2] (2.10ns) (root node of the DSP)   --->   "%add_ln25_76 = add i16 %mul_ln25_96, i16 %mul_ln25_95" [../solution5/matrix_mult.cpp:25]   --->   Operation 548 'add' 'add_ln25_76' <Predicate = true> <Delay = 2.10> <CoreInst = "DSP48">   --->   Core 116 'DSP48' <Latency = 3> <II = 1> <Delay = 2.15> <IPBlock> <Opcode : 'add' 'sub' 'mul' 'select'> <InPorts = 0> <OutPorts = 1> <Sync> <CReg>
ST_14 : Operation 549 [1/1] (0.00ns)   --->   "%zext_ln25_47 = zext i8 %tmp_36" [../solution5/matrix_mult.cpp:25]   --->   Operation 549 'zext' 'zext_ln25_47' <Predicate = true> <Delay = 0.00>
ST_14 : Operation 550 [3/3] (1.05ns) (grouped into DSP with root node add_ln25_82)   --->   "%mul_ln25_104 = mul i16 %zext_ln25_47, i16 %zext_ln25_5" [../solution5/matrix_mult.cpp:25]   --->   Operation 550 'mul' 'mul_ln25_104' <Predicate = true> <Delay = 1.05> <CoreInst = "DSP48">   --->   Core 116 'DSP48' <Latency = 3> <II = 1> <Delay = 2.15> <IPBlock> <Opcode : 'add' 'sub' 'mul' 'select'> <InPorts = 0> <OutPorts = 1> <Sync> <CReg>
ST_14 : Operation 551 [1/2] (2.10ns) (root node of the DSP)   --->   "%add_ln25_80 = add i16 %mul_ln25_101, i16 %mul_ln25_100" [../solution5/matrix_mult.cpp:25]   --->   Operation 551 'add' 'add_ln25_80' <Predicate = true> <Delay = 2.10> <CoreInst = "DSP48">   --->   Core 116 'DSP48' <Latency = 3> <II = 1> <Delay = 2.15> <IPBlock> <Opcode : 'add' 'sub' 'mul' 'select'> <InPorts = 0> <OutPorts = 1> <Sync> <CReg>
ST_14 : Operation 552 [3/3] (1.05ns) (grouped into DSP with root node add_ln25_86)   --->   "%mul_ln25_109 = mul i16 %zext_ln25_47, i16 %zext_ln25_12" [../solution5/matrix_mult.cpp:25]   --->   Operation 552 'mul' 'mul_ln25_109' <Predicate = true> <Delay = 1.05> <CoreInst = "DSP48">   --->   Core 116 'DSP48' <Latency = 3> <II = 1> <Delay = 2.15> <IPBlock> <Opcode : 'add' 'sub' 'mul' 'select'> <InPorts = 0> <OutPorts = 1> <Sync> <CReg>
ST_14 : Operation 553 [1/2] (2.10ns) (root node of the DSP)   --->   "%add_ln25_84 = add i16 %mul_ln25_106, i16 %mul_ln25_105" [../solution5/matrix_mult.cpp:25]   --->   Operation 553 'add' 'add_ln25_84' <Predicate = true> <Delay = 2.10> <CoreInst = "DSP48">   --->   Core 116 'DSP48' <Latency = 3> <II = 1> <Delay = 2.15> <IPBlock> <Opcode : 'add' 'sub' 'mul' 'select'> <InPorts = 0> <OutPorts = 1> <Sync> <CReg>
ST_14 : Operation 554 [3/3] (1.05ns) (grouped into DSP with root node add_ln25_90)   --->   "%mul_ln25_114 = mul i16 %zext_ln25_47, i16 %zext_ln25_17" [../solution5/matrix_mult.cpp:25]   --->   Operation 554 'mul' 'mul_ln25_114' <Predicate = true> <Delay = 1.05> <CoreInst = "DSP48">   --->   Core 116 'DSP48' <Latency = 3> <II = 1> <Delay = 2.15> <IPBlock> <Opcode : 'add' 'sub' 'mul' 'select'> <InPorts = 0> <OutPorts = 1> <Sync> <CReg>
ST_14 : Operation 555 [1/2] (2.10ns) (root node of the DSP)   --->   "%add_ln25_88 = add i16 %mul_ln25_111, i16 %mul_ln25_110" [../solution5/matrix_mult.cpp:25]   --->   Operation 555 'add' 'add_ln25_88' <Predicate = true> <Delay = 2.10> <CoreInst = "DSP48">   --->   Core 116 'DSP48' <Latency = 3> <II = 1> <Delay = 2.15> <IPBlock> <Opcode : 'add' 'sub' 'mul' 'select'> <InPorts = 0> <OutPorts = 1> <Sync> <CReg>
ST_14 : Operation 556 [1/3] (0.00ns) (grouped into DSP with root node add_ln25_92)   --->   "%mul_ln25_115 = mul i16 %zext_ln25_45, i16 %zext_ln25_20" [../solution5/matrix_mult.cpp:25]   --->   Operation 556 'mul' 'mul_ln25_115' <Predicate = true> <Delay = 0.00> <CoreInst = "DSP48">   --->   Core 116 'DSP48' <Latency = 3> <II = 1> <Delay = 2.15> <IPBlock> <Opcode : 'add' 'sub' 'mul' 'select'> <InPorts = 0> <OutPorts = 1> <Sync> <CReg>
ST_14 : Operation 557 [1/1] (4.17ns)   --->   "%mul_ln25_116 = mul i16 %zext_ln25_46, i16 %zext_ln25_21" [../solution5/matrix_mult.cpp:25]   --->   Operation 557 'mul' 'mul_ln25_116' <Predicate = true> <Delay = 4.17> <CoreInst = "Multiplier">   --->   Core 3 'Multiplier' <Latency = 0> <II = 1> <Delay = 4.17> <FuncUnit> <Opcode : 'mul'> <InPorts = 2> <OutPorts = 1>
ST_14 : Operation 558 [3/3] (1.05ns) (grouped into DSP with root node add_ln25_94)   --->   "%mul_ln25_119 = mul i16 %zext_ln25_47, i16 %zext_ln25_22" [../solution5/matrix_mult.cpp:25]   --->   Operation 558 'mul' 'mul_ln25_119' <Predicate = true> <Delay = 1.05> <CoreInst = "DSP48">   --->   Core 116 'DSP48' <Latency = 3> <II = 1> <Delay = 2.15> <IPBlock> <Opcode : 'add' 'sub' 'mul' 'select'> <InPorts = 0> <OutPorts = 1> <Sync> <CReg>
ST_14 : Operation 559 [2/2] (2.10ns) (root node of the DSP)   --->   "%add_ln25_92 = add i16 %mul_ln25_116, i16 %mul_ln25_115" [../solution5/matrix_mult.cpp:25]   --->   Operation 559 'add' 'add_ln25_92' <Predicate = true> <Delay = 2.10> <CoreInst = "DSP48">   --->   Core 116 'DSP48' <Latency = 3> <II = 1> <Delay = 2.15> <IPBlock> <Opcode : 'add' 'sub' 'mul' 'select'> <InPorts = 0> <OutPorts = 1> <Sync> <CReg>
ST_14 : Operation 560 [1/3] (0.00ns) (grouped into DSP with root node add_ln25_96)   --->   "%mul_ln25_120 = mul i16 %zext_ln25_45, i16 %zext_ln25_25" [../solution5/matrix_mult.cpp:25]   --->   Operation 560 'mul' 'mul_ln25_120' <Predicate = true> <Delay = 0.00> <CoreInst = "DSP48">   --->   Core 116 'DSP48' <Latency = 3> <II = 1> <Delay = 2.15> <IPBlock> <Opcode : 'add' 'sub' 'mul' 'select'> <InPorts = 0> <OutPorts = 1> <Sync> <CReg>
ST_14 : Operation 561 [1/1] (4.17ns)   --->   "%mul_ln25_121 = mul i16 %zext_ln25_46, i16 %zext_ln25_26" [../solution5/matrix_mult.cpp:25]   --->   Operation 561 'mul' 'mul_ln25_121' <Predicate = true> <Delay = 4.17> <CoreInst = "Multiplier">   --->   Core 3 'Multiplier' <Latency = 0> <II = 1> <Delay = 4.17> <FuncUnit> <Opcode : 'mul'> <InPorts = 2> <OutPorts = 1>
ST_14 : Operation 562 [3/3] (1.05ns) (grouped into DSP with root node add_ln25_98)   --->   "%mul_ln25_124 = mul i16 %zext_ln25_47, i16 %zext_ln25_27" [../solution5/matrix_mult.cpp:25]   --->   Operation 562 'mul' 'mul_ln25_124' <Predicate = true> <Delay = 1.05> <CoreInst = "DSP48">   --->   Core 116 'DSP48' <Latency = 3> <II = 1> <Delay = 2.15> <IPBlock> <Opcode : 'add' 'sub' 'mul' 'select'> <InPorts = 0> <OutPorts = 1> <Sync> <CReg>
ST_14 : Operation 563 [2/2] (2.10ns) (root node of the DSP)   --->   "%add_ln25_96 = add i16 %mul_ln25_121, i16 %mul_ln25_120" [../solution5/matrix_mult.cpp:25]   --->   Operation 563 'add' 'add_ln25_96' <Predicate = true> <Delay = 2.10> <CoreInst = "DSP48">   --->   Core 116 'DSP48' <Latency = 3> <II = 1> <Delay = 2.15> <IPBlock> <Opcode : 'add' 'sub' 'mul' 'select'> <InPorts = 0> <OutPorts = 1> <Sync> <CReg>

State 15 <SV = 14> <Delay = 4.17>
ST_15 : Operation 564 [1/1] (0.00ns)   --->   "%prod_addr_10 = getelementptr i16 %prod, i64 0, i64 10" [../solution5/matrix_mult.cpp:25]   --->   Operation 564 'getelementptr' 'prod_addr_10' <Predicate = true> <Delay = 0.00>
ST_15 : Operation 565 [1/1] (0.00ns)   --->   "%prod_addr_11 = getelementptr i16 %prod, i64 0, i64 11" [../solution5/matrix_mult.cpp:25]   --->   Operation 565 'getelementptr' 'prod_addr_11' <Predicate = true> <Delay = 0.00>
ST_15 : Operation 566 [1/2] (2.10ns) (root node of the DSP)   --->   "%add_ln25_42 = add i16 %add_ln25_41, i16 %mul_ln25_54" [../solution5/matrix_mult.cpp:25]   --->   Operation 566 'add' 'add_ln25_42' <Predicate = true> <Delay = 2.10> <CoreInst = "DSP48">   --->   Core 116 'DSP48' <Latency = 3> <II = 1> <Delay = 2.15> <IPBlock> <Opcode : 'add' 'sub' 'mul' 'select'> <InPorts = 0> <OutPorts = 1> <Sync> <CReg>
ST_15 : Operation 567 [1/1] (2.07ns)   --->   "%add_ln25_43 = add i16 %add_ln25_42, i16 %add_ln25_40" [../solution5/matrix_mult.cpp:25]   --->   Operation 567 'add' 'add_ln25_43' <Predicate = true> <Delay = 2.07> <CoreInst = "Adder">   --->   Core 1 'Adder' <Latency = 0> <II = 1> <Delay = 2.07> <FuncUnit> <Opcode : 'add' 'sub'> <InPorts = 2> <OutPorts = 1>
ST_15 : Operation 568 [1/1] ( I:0.00ns O:0.00ns )   --->   "%store_ln25 = store i16 %add_ln25_43, i5 %prod_addr_10" [../solution5/matrix_mult.cpp:25]   --->   Operation 568 'store' 'store_ln25' <Predicate = true> <Delay = 0.00> <CoreInst = "RAM">   --->   Core 81 'RAM' <Latency = 1> <II = 1> <Delay = 2.32> <Storage> <Opcode : 'load' 'store'> <Ports = 2> <Width = 16> <Depth = 25> <RAM>
ST_15 : Operation 569 [1/2] (2.10ns) (root node of the DSP)   --->   "%add_ln25_46 = add i16 %add_ln25_45, i16 %mul_ln25_59" [../solution5/matrix_mult.cpp:25]   --->   Operation 569 'add' 'add_ln25_46' <Predicate = true> <Delay = 2.10> <CoreInst = "DSP48">   --->   Core 116 'DSP48' <Latency = 3> <II = 1> <Delay = 2.15> <IPBlock> <Opcode : 'add' 'sub' 'mul' 'select'> <InPorts = 0> <OutPorts = 1> <Sync> <CReg>
ST_15 : Operation 570 [1/1] (2.07ns)   --->   "%add_ln25_47 = add i16 %add_ln25_46, i16 %add_ln25_44" [../solution5/matrix_mult.cpp:25]   --->   Operation 570 'add' 'add_ln25_47' <Predicate = true> <Delay = 2.07> <CoreInst = "Adder">   --->   Core 1 'Adder' <Latency = 0> <II = 1> <Delay = 2.07> <FuncUnit> <Opcode : 'add' 'sub'> <InPorts = 2> <OutPorts = 1>
ST_15 : Operation 571 [1/1] ( I:0.00ns O:0.00ns )   --->   "%store_ln25 = store i16 %add_ln25_47, i5 %prod_addr_11" [../solution5/matrix_mult.cpp:25]   --->   Operation 571 'store' 'store_ln25' <Predicate = true> <Delay = 0.00> <CoreInst = "RAM">   --->   Core 81 'RAM' <Latency = 1> <II = 1> <Delay = 2.32> <Storage> <Opcode : 'load' 'store'> <Ports = 2> <Width = 16> <Depth = 25> <RAM>
ST_15 : Operation 572 [1/2] (2.10ns) (root node of the DSP)   --->   "%add_ln25_50 = add i16 %add_ln25_49, i16 %mul_ln25_64" [../solution5/matrix_mult.cpp:25]   --->   Operation 572 'add' 'add_ln25_50' <Predicate = true> <Delay = 2.10> <CoreInst = "DSP48">   --->   Core 116 'DSP48' <Latency = 3> <II = 1> <Delay = 2.15> <IPBlock> <Opcode : 'add' 'sub' 'mul' 'select'> <InPorts = 0> <OutPorts = 1> <Sync> <CReg>
ST_15 : Operation 573 [1/1] (2.07ns)   --->   "%add_ln25_51 = add i16 %add_ln25_50, i16 %add_ln25_48" [../solution5/matrix_mult.cpp:25]   --->   Operation 573 'add' 'add_ln25_51' <Predicate = true> <Delay = 2.07> <CoreInst = "Adder">   --->   Core 1 'Adder' <Latency = 0> <II = 1> <Delay = 2.07> <FuncUnit> <Opcode : 'add' 'sub'> <InPorts = 2> <OutPorts = 1>
ST_15 : Operation 574 [1/2] (2.10ns) (root node of the DSP)   --->   "%add_ln25_54 = add i16 %add_ln25_53, i16 %mul_ln25_69" [../solution5/matrix_mult.cpp:25]   --->   Operation 574 'add' 'add_ln25_54' <Predicate = true> <Delay = 2.10> <CoreInst = "DSP48">   --->   Core 116 'DSP48' <Latency = 3> <II = 1> <Delay = 2.15> <IPBlock> <Opcode : 'add' 'sub' 'mul' 'select'> <InPorts = 0> <OutPorts = 1> <Sync> <CReg>
ST_15 : Operation 575 [1/1] (2.07ns)   --->   "%add_ln25_55 = add i16 %add_ln25_54, i16 %add_ln25_52" [../solution5/matrix_mult.cpp:25]   --->   Operation 575 'add' 'add_ln25_55' <Predicate = true> <Delay = 2.07> <CoreInst = "Adder">   --->   Core 1 'Adder' <Latency = 0> <II = 1> <Delay = 2.07> <FuncUnit> <Opcode : 'add' 'sub'> <InPorts = 2> <OutPorts = 1>
ST_15 : Operation 576 [1/3] (0.00ns) (grouped into DSP with root node add_ln25_58)   --->   "%mul_ln25_74 = mul i16 %zext_ln25_37, i16 %zext_ln25_27" [../solution5/matrix_mult.cpp:25]   --->   Operation 576 'mul' 'mul_ln25_74' <Predicate = true> <Delay = 0.00> <CoreInst = "DSP48">   --->   Core 116 'DSP48' <Latency = 3> <II = 1> <Delay = 2.15> <IPBlock> <Opcode : 'add' 'sub' 'mul' 'select'> <InPorts = 0> <OutPorts = 1> <Sync> <CReg>
ST_15 : Operation 577 [2/2] (2.10ns) (root node of the DSP)   --->   "%add_ln25_58 = add i16 %add_ln25_57, i16 %mul_ln25_74" [../solution5/matrix_mult.cpp:25]   --->   Operation 577 'add' 'add_ln25_58' <Predicate = true> <Delay = 2.10> <CoreInst = "DSP48">   --->   Core 116 'DSP48' <Latency = 3> <II = 1> <Delay = 2.15> <IPBlock> <Opcode : 'add' 'sub' 'mul' 'select'> <InPorts = 0> <OutPorts = 1> <Sync> <CReg>
ST_15 : Operation 578 [1/3] (0.00ns) (grouped into DSP with root node add_ln25_62)   --->   "%mul_ln25_79 = mul i16 %zext_ln25_42, i16 %zext_ln25_5" [../solution5/matrix_mult.cpp:25]   --->   Operation 578 'mul' 'mul_ln25_79' <Predicate = true> <Delay = 0.00> <CoreInst = "DSP48">   --->   Core 116 'DSP48' <Latency = 3> <II = 1> <Delay = 2.15> <IPBlock> <Opcode : 'add' 'sub' 'mul' 'select'> <InPorts = 0> <OutPorts = 1> <Sync> <CReg>
ST_15 : Operation 579 [2/2] (2.10ns) (root node of the DSP)   --->   "%add_ln25_62 = add i16 %add_ln25_61, i16 %mul_ln25_79" [../solution5/matrix_mult.cpp:25]   --->   Operation 579 'add' 'add_ln25_62' <Predicate = true> <Delay = 2.10> <CoreInst = "DSP48">   --->   Core 116 'DSP48' <Latency = 3> <II = 1> <Delay = 2.15> <IPBlock> <Opcode : 'add' 'sub' 'mul' 'select'> <InPorts = 0> <OutPorts = 1> <Sync> <CReg>
ST_15 : Operation 580 [1/3] (0.00ns) (grouped into DSP with root node add_ln25_66)   --->   "%mul_ln25_84 = mul i16 %zext_ln25_42, i16 %zext_ln25_12" [../solution5/matrix_mult.cpp:25]   --->   Operation 580 'mul' 'mul_ln25_84' <Predicate = true> <Delay = 0.00> <CoreInst = "DSP48">   --->   Core 116 'DSP48' <Latency = 3> <II = 1> <Delay = 2.15> <IPBlock> <Opcode : 'add' 'sub' 'mul' 'select'> <InPorts = 0> <OutPorts = 1> <Sync> <CReg>
ST_15 : Operation 581 [2/2] (2.10ns) (root node of the DSP)   --->   "%add_ln25_66 = add i16 %add_ln25_65, i16 %mul_ln25_84" [../solution5/matrix_mult.cpp:25]   --->   Operation 581 'add' 'add_ln25_66' <Predicate = true> <Delay = 2.10> <CoreInst = "DSP48">   --->   Core 116 'DSP48' <Latency = 3> <II = 1> <Delay = 2.15> <IPBlock> <Opcode : 'add' 'sub' 'mul' 'select'> <InPorts = 0> <OutPorts = 1> <Sync> <CReg>
ST_15 : Operation 582 [1/3] (0.00ns) (grouped into DSP with root node add_ln25_70)   --->   "%mul_ln25_89 = mul i16 %zext_ln25_42, i16 %zext_ln25_17" [../solution5/matrix_mult.cpp:25]   --->   Operation 582 'mul' 'mul_ln25_89' <Predicate = true> <Delay = 0.00> <CoreInst = "DSP48">   --->   Core 116 'DSP48' <Latency = 3> <II = 1> <Delay = 2.15> <IPBlock> <Opcode : 'add' 'sub' 'mul' 'select'> <InPorts = 0> <OutPorts = 1> <Sync> <CReg>
ST_15 : Operation 583 [2/2] (2.10ns) (root node of the DSP)   --->   "%add_ln25_70 = add i16 %add_ln25_69, i16 %mul_ln25_89" [../solution5/matrix_mult.cpp:25]   --->   Operation 583 'add' 'add_ln25_70' <Predicate = true> <Delay = 2.10> <CoreInst = "DSP48">   --->   Core 116 'DSP48' <Latency = 3> <II = 1> <Delay = 2.15> <IPBlock> <Opcode : 'add' 'sub' 'mul' 'select'> <InPorts = 0> <OutPorts = 1> <Sync> <CReg>
ST_15 : Operation 584 [1/3] (0.00ns) (grouped into DSP with root node add_ln25_74)   --->   "%mul_ln25_94 = mul i16 %zext_ln25_42, i16 %zext_ln25_22" [../solution5/matrix_mult.cpp:25]   --->   Operation 584 'mul' 'mul_ln25_94' <Predicate = true> <Delay = 0.00> <CoreInst = "DSP48">   --->   Core 116 'DSP48' <Latency = 3> <II = 1> <Delay = 2.15> <IPBlock> <Opcode : 'add' 'sub' 'mul' 'select'> <InPorts = 0> <OutPorts = 1> <Sync> <CReg>
ST_15 : Operation 585 [2/2] (2.10ns) (root node of the DSP)   --->   "%add_ln25_74 = add i16 %add_ln25_73, i16 %mul_ln25_94" [../solution5/matrix_mult.cpp:25]   --->   Operation 585 'add' 'add_ln25_74' <Predicate = true> <Delay = 2.10> <CoreInst = "DSP48">   --->   Core 116 'DSP48' <Latency = 3> <II = 1> <Delay = 2.15> <IPBlock> <Opcode : 'add' 'sub' 'mul' 'select'> <InPorts = 0> <OutPorts = 1> <Sync> <CReg>
ST_15 : Operation 586 [1/3] (0.00ns) (grouped into DSP with root node add_ln25_78)   --->   "%mul_ln25_99 = mul i16 %zext_ln25_42, i16 %zext_ln25_27" [../solution5/matrix_mult.cpp:25]   --->   Operation 586 'mul' 'mul_ln25_99' <Predicate = true> <Delay = 0.00> <CoreInst = "DSP48">   --->   Core 116 'DSP48' <Latency = 3> <II = 1> <Delay = 2.15> <IPBlock> <Opcode : 'add' 'sub' 'mul' 'select'> <InPorts = 0> <OutPorts = 1> <Sync> <CReg>
ST_15 : Operation 587 [2/2] (2.10ns) (root node of the DSP)   --->   "%add_ln25_78 = add i16 %add_ln25_77, i16 %mul_ln25_99" [../solution5/matrix_mult.cpp:25]   --->   Operation 587 'add' 'add_ln25_78' <Predicate = true> <Delay = 2.10> <CoreInst = "DSP48">   --->   Core 116 'DSP48' <Latency = 3> <II = 1> <Delay = 2.15> <IPBlock> <Opcode : 'add' 'sub' 'mul' 'select'> <InPorts = 0> <OutPorts = 1> <Sync> <CReg>
ST_15 : Operation 588 [2/3] (1.05ns) (grouped into DSP with root node add_ln25_82)   --->   "%mul_ln25_104 = mul i16 %zext_ln25_47, i16 %zext_ln25_5" [../solution5/matrix_mult.cpp:25]   --->   Operation 588 'mul' 'mul_ln25_104' <Predicate = true> <Delay = 1.05> <CoreInst = "DSP48">   --->   Core 116 'DSP48' <Latency = 3> <II = 1> <Delay = 2.15> <IPBlock> <Opcode : 'add' 'sub' 'mul' 'select'> <InPorts = 0> <OutPorts = 1> <Sync> <CReg>
ST_15 : Operation 589 [2/3] (1.05ns) (grouped into DSP with root node add_ln25_86)   --->   "%mul_ln25_109 = mul i16 %zext_ln25_47, i16 %zext_ln25_12" [../solution5/matrix_mult.cpp:25]   --->   Operation 589 'mul' 'mul_ln25_109' <Predicate = true> <Delay = 1.05> <CoreInst = "DSP48">   --->   Core 116 'DSP48' <Latency = 3> <II = 1> <Delay = 2.15> <IPBlock> <Opcode : 'add' 'sub' 'mul' 'select'> <InPorts = 0> <OutPorts = 1> <Sync> <CReg>
ST_15 : Operation 590 [2/3] (1.05ns) (grouped into DSP with root node add_ln25_90)   --->   "%mul_ln25_114 = mul i16 %zext_ln25_47, i16 %zext_ln25_17" [../solution5/matrix_mult.cpp:25]   --->   Operation 590 'mul' 'mul_ln25_114' <Predicate = true> <Delay = 1.05> <CoreInst = "DSP48">   --->   Core 116 'DSP48' <Latency = 3> <II = 1> <Delay = 2.15> <IPBlock> <Opcode : 'add' 'sub' 'mul' 'select'> <InPorts = 0> <OutPorts = 1> <Sync> <CReg>
ST_15 : Operation 591 [2/3] (1.05ns) (grouped into DSP with root node add_ln25_94)   --->   "%mul_ln25_119 = mul i16 %zext_ln25_47, i16 %zext_ln25_22" [../solution5/matrix_mult.cpp:25]   --->   Operation 591 'mul' 'mul_ln25_119' <Predicate = true> <Delay = 1.05> <CoreInst = "DSP48">   --->   Core 116 'DSP48' <Latency = 3> <II = 1> <Delay = 2.15> <IPBlock> <Opcode : 'add' 'sub' 'mul' 'select'> <InPorts = 0> <OutPorts = 1> <Sync> <CReg>
ST_15 : Operation 592 [1/2] (2.10ns) (root node of the DSP)   --->   "%add_ln25_92 = add i16 %mul_ln25_116, i16 %mul_ln25_115" [../solution5/matrix_mult.cpp:25]   --->   Operation 592 'add' 'add_ln25_92' <Predicate = true> <Delay = 2.10> <CoreInst = "DSP48">   --->   Core 116 'DSP48' <Latency = 3> <II = 1> <Delay = 2.15> <IPBlock> <Opcode : 'add' 'sub' 'mul' 'select'> <InPorts = 0> <OutPorts = 1> <Sync> <CReg>
ST_15 : Operation 593 [2/3] (1.05ns) (grouped into DSP with root node add_ln25_98)   --->   "%mul_ln25_124 = mul i16 %zext_ln25_47, i16 %zext_ln25_27" [../solution5/matrix_mult.cpp:25]   --->   Operation 593 'mul' 'mul_ln25_124' <Predicate = true> <Delay = 1.05> <CoreInst = "DSP48">   --->   Core 116 'DSP48' <Latency = 3> <II = 1> <Delay = 2.15> <IPBlock> <Opcode : 'add' 'sub' 'mul' 'select'> <InPorts = 0> <OutPorts = 1> <Sync> <CReg>
ST_15 : Operation 594 [1/2] (2.10ns) (root node of the DSP)   --->   "%add_ln25_96 = add i16 %mul_ln25_121, i16 %mul_ln25_120" [../solution5/matrix_mult.cpp:25]   --->   Operation 594 'add' 'add_ln25_96' <Predicate = true> <Delay = 2.10> <CoreInst = "DSP48">   --->   Core 116 'DSP48' <Latency = 3> <II = 1> <Delay = 2.15> <IPBlock> <Opcode : 'add' 'sub' 'mul' 'select'> <InPorts = 0> <OutPorts = 1> <Sync> <CReg>

State 16 <SV = 15> <Delay = 4.17>
ST_16 : Operation 595 [1/1] (0.00ns)   --->   "%prod_addr_12 = getelementptr i16 %prod, i64 0, i64 12" [../solution5/matrix_mult.cpp:25]   --->   Operation 595 'getelementptr' 'prod_addr_12' <Predicate = true> <Delay = 0.00>
ST_16 : Operation 596 [1/1] (0.00ns)   --->   "%prod_addr_13 = getelementptr i16 %prod, i64 0, i64 13" [../solution5/matrix_mult.cpp:25]   --->   Operation 596 'getelementptr' 'prod_addr_13' <Predicate = true> <Delay = 0.00>
ST_16 : Operation 597 [1/1] ( I:0.00ns O:0.00ns )   --->   "%store_ln25 = store i16 %add_ln25_51, i5 %prod_addr_12" [../solution5/matrix_mult.cpp:25]   --->   Operation 597 'store' 'store_ln25' <Predicate = true> <Delay = 0.00> <CoreInst = "RAM">   --->   Core 81 'RAM' <Latency = 1> <II = 1> <Delay = 2.32> <Storage> <Opcode : 'load' 'store'> <Ports = 2> <Width = 16> <Depth = 25> <RAM>
ST_16 : Operation 598 [1/1] ( I:0.00ns O:0.00ns )   --->   "%store_ln25 = store i16 %add_ln25_55, i5 %prod_addr_13" [../solution5/matrix_mult.cpp:25]   --->   Operation 598 'store' 'store_ln25' <Predicate = true> <Delay = 0.00> <CoreInst = "RAM">   --->   Core 81 'RAM' <Latency = 1> <II = 1> <Delay = 2.32> <Storage> <Opcode : 'load' 'store'> <Ports = 2> <Width = 16> <Depth = 25> <RAM>
ST_16 : Operation 599 [1/2] (2.10ns) (root node of the DSP)   --->   "%add_ln25_58 = add i16 %add_ln25_57, i16 %mul_ln25_74" [../solution5/matrix_mult.cpp:25]   --->   Operation 599 'add' 'add_ln25_58' <Predicate = true> <Delay = 2.10> <CoreInst = "DSP48">   --->   Core 116 'DSP48' <Latency = 3> <II = 1> <Delay = 2.15> <IPBlock> <Opcode : 'add' 'sub' 'mul' 'select'> <InPorts = 0> <OutPorts = 1> <Sync> <CReg>
ST_16 : Operation 600 [1/1] (2.07ns)   --->   "%add_ln25_59 = add i16 %add_ln25_58, i16 %add_ln25_56" [../solution5/matrix_mult.cpp:25]   --->   Operation 600 'add' 'add_ln25_59' <Predicate = true> <Delay = 2.07> <CoreInst = "Adder">   --->   Core 1 'Adder' <Latency = 0> <II = 1> <Delay = 2.07> <FuncUnit> <Opcode : 'add' 'sub'> <InPorts = 2> <OutPorts = 1>
ST_16 : Operation 601 [1/2] (2.10ns) (root node of the DSP)   --->   "%add_ln25_62 = add i16 %add_ln25_61, i16 %mul_ln25_79" [../solution5/matrix_mult.cpp:25]   --->   Operation 601 'add' 'add_ln25_62' <Predicate = true> <Delay = 2.10> <CoreInst = "DSP48">   --->   Core 116 'DSP48' <Latency = 3> <II = 1> <Delay = 2.15> <IPBlock> <Opcode : 'add' 'sub' 'mul' 'select'> <InPorts = 0> <OutPorts = 1> <Sync> <CReg>
ST_16 : Operation 602 [1/1] (2.07ns)   --->   "%add_ln25_63 = add i16 %add_ln25_62, i16 %add_ln25_60" [../solution5/matrix_mult.cpp:25]   --->   Operation 602 'add' 'add_ln25_63' <Predicate = true> <Delay = 2.07> <CoreInst = "Adder">   --->   Core 1 'Adder' <Latency = 0> <II = 1> <Delay = 2.07> <FuncUnit> <Opcode : 'add' 'sub'> <InPorts = 2> <OutPorts = 1>
ST_16 : Operation 603 [1/2] (2.10ns) (root node of the DSP)   --->   "%add_ln25_66 = add i16 %add_ln25_65, i16 %mul_ln25_84" [../solution5/matrix_mult.cpp:25]   --->   Operation 603 'add' 'add_ln25_66' <Predicate = true> <Delay = 2.10> <CoreInst = "DSP48">   --->   Core 116 'DSP48' <Latency = 3> <II = 1> <Delay = 2.15> <IPBlock> <Opcode : 'add' 'sub' 'mul' 'select'> <InPorts = 0> <OutPorts = 1> <Sync> <CReg>
ST_16 : Operation 604 [1/1] (2.07ns)   --->   "%add_ln25_67 = add i16 %add_ln25_66, i16 %add_ln25_64" [../solution5/matrix_mult.cpp:25]   --->   Operation 604 'add' 'add_ln25_67' <Predicate = true> <Delay = 2.07> <CoreInst = "Adder">   --->   Core 1 'Adder' <Latency = 0> <II = 1> <Delay = 2.07> <FuncUnit> <Opcode : 'add' 'sub'> <InPorts = 2> <OutPorts = 1>
ST_16 : Operation 605 [1/2] (2.10ns) (root node of the DSP)   --->   "%add_ln25_70 = add i16 %add_ln25_69, i16 %mul_ln25_89" [../solution5/matrix_mult.cpp:25]   --->   Operation 605 'add' 'add_ln25_70' <Predicate = true> <Delay = 2.10> <CoreInst = "DSP48">   --->   Core 116 'DSP48' <Latency = 3> <II = 1> <Delay = 2.15> <IPBlock> <Opcode : 'add' 'sub' 'mul' 'select'> <InPorts = 0> <OutPorts = 1> <Sync> <CReg>
ST_16 : Operation 606 [1/1] (2.07ns)   --->   "%add_ln25_71 = add i16 %add_ln25_70, i16 %add_ln25_68" [../solution5/matrix_mult.cpp:25]   --->   Operation 606 'add' 'add_ln25_71' <Predicate = true> <Delay = 2.07> <CoreInst = "Adder">   --->   Core 1 'Adder' <Latency = 0> <II = 1> <Delay = 2.07> <FuncUnit> <Opcode : 'add' 'sub'> <InPorts = 2> <OutPorts = 1>
ST_16 : Operation 607 [1/2] (2.10ns) (root node of the DSP)   --->   "%add_ln25_74 = add i16 %add_ln25_73, i16 %mul_ln25_94" [../solution5/matrix_mult.cpp:25]   --->   Operation 607 'add' 'add_ln25_74' <Predicate = true> <Delay = 2.10> <CoreInst = "DSP48">   --->   Core 116 'DSP48' <Latency = 3> <II = 1> <Delay = 2.15> <IPBlock> <Opcode : 'add' 'sub' 'mul' 'select'> <InPorts = 0> <OutPorts = 1> <Sync> <CReg>
ST_16 : Operation 608 [1/1] (2.07ns)   --->   "%add_ln25_75 = add i16 %add_ln25_74, i16 %add_ln25_72" [../solution5/matrix_mult.cpp:25]   --->   Operation 608 'add' 'add_ln25_75' <Predicate = true> <Delay = 2.07> <CoreInst = "Adder">   --->   Core 1 'Adder' <Latency = 0> <II = 1> <Delay = 2.07> <FuncUnit> <Opcode : 'add' 'sub'> <InPorts = 2> <OutPorts = 1>
ST_16 : Operation 609 [1/2] (2.10ns) (root node of the DSP)   --->   "%add_ln25_78 = add i16 %add_ln25_77, i16 %mul_ln25_99" [../solution5/matrix_mult.cpp:25]   --->   Operation 609 'add' 'add_ln25_78' <Predicate = true> <Delay = 2.10> <CoreInst = "DSP48">   --->   Core 116 'DSP48' <Latency = 3> <II = 1> <Delay = 2.15> <IPBlock> <Opcode : 'add' 'sub' 'mul' 'select'> <InPorts = 0> <OutPorts = 1> <Sync> <CReg>
ST_16 : Operation 610 [1/1] (2.07ns)   --->   "%add_ln25_79 = add i16 %add_ln25_78, i16 %add_ln25_76" [../solution5/matrix_mult.cpp:25]   --->   Operation 610 'add' 'add_ln25_79' <Predicate = true> <Delay = 2.07> <CoreInst = "Adder">   --->   Core 1 'Adder' <Latency = 0> <II = 1> <Delay = 2.07> <FuncUnit> <Opcode : 'add' 'sub'> <InPorts = 2> <OutPorts = 1>
ST_16 : Operation 611 [1/3] (0.00ns) (grouped into DSP with root node add_ln25_82)   --->   "%mul_ln25_104 = mul i16 %zext_ln25_47, i16 %zext_ln25_5" [../solution5/matrix_mult.cpp:25]   --->   Operation 611 'mul' 'mul_ln25_104' <Predicate = true> <Delay = 0.00> <CoreInst = "DSP48">   --->   Core 116 'DSP48' <Latency = 3> <II = 1> <Delay = 2.15> <IPBlock> <Opcode : 'add' 'sub' 'mul' 'select'> <InPorts = 0> <OutPorts = 1> <Sync> <CReg>
ST_16 : Operation 612 [2/2] (2.10ns) (root node of the DSP)   --->   "%add_ln25_82 = add i16 %add_ln25_81, i16 %mul_ln25_104" [../solution5/matrix_mult.cpp:25]   --->   Operation 612 'add' 'add_ln25_82' <Predicate = true> <Delay = 2.10> <CoreInst = "DSP48">   --->   Core 116 'DSP48' <Latency = 3> <II = 1> <Delay = 2.15> <IPBlock> <Opcode : 'add' 'sub' 'mul' 'select'> <InPorts = 0> <OutPorts = 1> <Sync> <CReg>
ST_16 : Operation 613 [1/3] (0.00ns) (grouped into DSP with root node add_ln25_86)   --->   "%mul_ln25_109 = mul i16 %zext_ln25_47, i16 %zext_ln25_12" [../solution5/matrix_mult.cpp:25]   --->   Operation 613 'mul' 'mul_ln25_109' <Predicate = true> <Delay = 0.00> <CoreInst = "DSP48">   --->   Core 116 'DSP48' <Latency = 3> <II = 1> <Delay = 2.15> <IPBlock> <Opcode : 'add' 'sub' 'mul' 'select'> <InPorts = 0> <OutPorts = 1> <Sync> <CReg>
ST_16 : Operation 614 [2/2] (2.10ns) (root node of the DSP)   --->   "%add_ln25_86 = add i16 %add_ln25_85, i16 %mul_ln25_109" [../solution5/matrix_mult.cpp:25]   --->   Operation 614 'add' 'add_ln25_86' <Predicate = true> <Delay = 2.10> <CoreInst = "DSP48">   --->   Core 116 'DSP48' <Latency = 3> <II = 1> <Delay = 2.15> <IPBlock> <Opcode : 'add' 'sub' 'mul' 'select'> <InPorts = 0> <OutPorts = 1> <Sync> <CReg>
ST_16 : Operation 615 [1/3] (0.00ns) (grouped into DSP with root node add_ln25_90)   --->   "%mul_ln25_114 = mul i16 %zext_ln25_47, i16 %zext_ln25_17" [../solution5/matrix_mult.cpp:25]   --->   Operation 615 'mul' 'mul_ln25_114' <Predicate = true> <Delay = 0.00> <CoreInst = "DSP48">   --->   Core 116 'DSP48' <Latency = 3> <II = 1> <Delay = 2.15> <IPBlock> <Opcode : 'add' 'sub' 'mul' 'select'> <InPorts = 0> <OutPorts = 1> <Sync> <CReg>
ST_16 : Operation 616 [2/2] (2.10ns) (root node of the DSP)   --->   "%add_ln25_90 = add i16 %add_ln25_89, i16 %mul_ln25_114" [../solution5/matrix_mult.cpp:25]   --->   Operation 616 'add' 'add_ln25_90' <Predicate = true> <Delay = 2.10> <CoreInst = "DSP48">   --->   Core 116 'DSP48' <Latency = 3> <II = 1> <Delay = 2.15> <IPBlock> <Opcode : 'add' 'sub' 'mul' 'select'> <InPorts = 0> <OutPorts = 1> <Sync> <CReg>
ST_16 : Operation 617 [1/3] (0.00ns) (grouped into DSP with root node add_ln25_94)   --->   "%mul_ln25_119 = mul i16 %zext_ln25_47, i16 %zext_ln25_22" [../solution5/matrix_mult.cpp:25]   --->   Operation 617 'mul' 'mul_ln25_119' <Predicate = true> <Delay = 0.00> <CoreInst = "DSP48">   --->   Core 116 'DSP48' <Latency = 3> <II = 1> <Delay = 2.15> <IPBlock> <Opcode : 'add' 'sub' 'mul' 'select'> <InPorts = 0> <OutPorts = 1> <Sync> <CReg>
ST_16 : Operation 618 [2/2] (2.10ns) (root node of the DSP)   --->   "%add_ln25_94 = add i16 %add_ln25_93, i16 %mul_ln25_119" [../solution5/matrix_mult.cpp:25]   --->   Operation 618 'add' 'add_ln25_94' <Predicate = true> <Delay = 2.10> <CoreInst = "DSP48">   --->   Core 116 'DSP48' <Latency = 3> <II = 1> <Delay = 2.15> <IPBlock> <Opcode : 'add' 'sub' 'mul' 'select'> <InPorts = 0> <OutPorts = 1> <Sync> <CReg>
ST_16 : Operation 619 [1/3] (0.00ns) (grouped into DSP with root node add_ln25_98)   --->   "%mul_ln25_124 = mul i16 %zext_ln25_47, i16 %zext_ln25_27" [../solution5/matrix_mult.cpp:25]   --->   Operation 619 'mul' 'mul_ln25_124' <Predicate = true> <Delay = 0.00> <CoreInst = "DSP48">   --->   Core 116 'DSP48' <Latency = 3> <II = 1> <Delay = 2.15> <IPBlock> <Opcode : 'add' 'sub' 'mul' 'select'> <InPorts = 0> <OutPorts = 1> <Sync> <CReg>
ST_16 : Operation 620 [2/2] (2.10ns) (root node of the DSP)   --->   "%add_ln25_98 = add i16 %add_ln25_97, i16 %mul_ln25_124" [../solution5/matrix_mult.cpp:25]   --->   Operation 620 'add' 'add_ln25_98' <Predicate = true> <Delay = 2.10> <CoreInst = "DSP48">   --->   Core 116 'DSP48' <Latency = 3> <II = 1> <Delay = 2.15> <IPBlock> <Opcode : 'add' 'sub' 'mul' 'select'> <InPorts = 0> <OutPorts = 1> <Sync> <CReg>

State 17 <SV = 16> <Delay = 4.17>
ST_17 : Operation 621 [1/1] (0.00ns)   --->   "%prod_addr_14 = getelementptr i16 %prod, i64 0, i64 14" [../solution5/matrix_mult.cpp:25]   --->   Operation 621 'getelementptr' 'prod_addr_14' <Predicate = true> <Delay = 0.00>
ST_17 : Operation 622 [1/1] (0.00ns)   --->   "%prod_addr_15 = getelementptr i16 %prod, i64 0, i64 15" [../solution5/matrix_mult.cpp:25]   --->   Operation 622 'getelementptr' 'prod_addr_15' <Predicate = true> <Delay = 0.00>
ST_17 : Operation 623 [1/1] ( I:0.00ns O:0.00ns )   --->   "%store_ln25 = store i16 %add_ln25_59, i5 %prod_addr_14" [../solution5/matrix_mult.cpp:25]   --->   Operation 623 'store' 'store_ln25' <Predicate = true> <Delay = 0.00> <CoreInst = "RAM">   --->   Core 81 'RAM' <Latency = 1> <II = 1> <Delay = 2.32> <Storage> <Opcode : 'load' 'store'> <Ports = 2> <Width = 16> <Depth = 25> <RAM>
ST_17 : Operation 624 [1/1] ( I:0.00ns O:0.00ns )   --->   "%store_ln25 = store i16 %add_ln25_63, i5 %prod_addr_15" [../solution5/matrix_mult.cpp:25]   --->   Operation 624 'store' 'store_ln25' <Predicate = true> <Delay = 0.00> <CoreInst = "RAM">   --->   Core 81 'RAM' <Latency = 1> <II = 1> <Delay = 2.32> <Storage> <Opcode : 'load' 'store'> <Ports = 2> <Width = 16> <Depth = 25> <RAM>
ST_17 : Operation 625 [1/2] (2.10ns) (root node of the DSP)   --->   "%add_ln25_82 = add i16 %add_ln25_81, i16 %mul_ln25_104" [../solution5/matrix_mult.cpp:25]   --->   Operation 625 'add' 'add_ln25_82' <Predicate = true> <Delay = 2.10> <CoreInst = "DSP48">   --->   Core 116 'DSP48' <Latency = 3> <II = 1> <Delay = 2.15> <IPBlock> <Opcode : 'add' 'sub' 'mul' 'select'> <InPorts = 0> <OutPorts = 1> <Sync> <CReg>
ST_17 : Operation 626 [1/1] (2.07ns)   --->   "%add_ln25_83 = add i16 %add_ln25_82, i16 %add_ln25_80" [../solution5/matrix_mult.cpp:25]   --->   Operation 626 'add' 'add_ln25_83' <Predicate = true> <Delay = 2.07> <CoreInst = "Adder">   --->   Core 1 'Adder' <Latency = 0> <II = 1> <Delay = 2.07> <FuncUnit> <Opcode : 'add' 'sub'> <InPorts = 2> <OutPorts = 1>
ST_17 : Operation 627 [1/2] (2.10ns) (root node of the DSP)   --->   "%add_ln25_86 = add i16 %add_ln25_85, i16 %mul_ln25_109" [../solution5/matrix_mult.cpp:25]   --->   Operation 627 'add' 'add_ln25_86' <Predicate = true> <Delay = 2.10> <CoreInst = "DSP48">   --->   Core 116 'DSP48' <Latency = 3> <II = 1> <Delay = 2.15> <IPBlock> <Opcode : 'add' 'sub' 'mul' 'select'> <InPorts = 0> <OutPorts = 1> <Sync> <CReg>
ST_17 : Operation 628 [1/1] (2.07ns)   --->   "%add_ln25_87 = add i16 %add_ln25_86, i16 %add_ln25_84" [../solution5/matrix_mult.cpp:25]   --->   Operation 628 'add' 'add_ln25_87' <Predicate = true> <Delay = 2.07> <CoreInst = "Adder">   --->   Core 1 'Adder' <Latency = 0> <II = 1> <Delay = 2.07> <FuncUnit> <Opcode : 'add' 'sub'> <InPorts = 2> <OutPorts = 1>
ST_17 : Operation 629 [1/2] (2.10ns) (root node of the DSP)   --->   "%add_ln25_90 = add i16 %add_ln25_89, i16 %mul_ln25_114" [../solution5/matrix_mult.cpp:25]   --->   Operation 629 'add' 'add_ln25_90' <Predicate = true> <Delay = 2.10> <CoreInst = "DSP48">   --->   Core 116 'DSP48' <Latency = 3> <II = 1> <Delay = 2.15> <IPBlock> <Opcode : 'add' 'sub' 'mul' 'select'> <InPorts = 0> <OutPorts = 1> <Sync> <CReg>
ST_17 : Operation 630 [1/1] (2.07ns)   --->   "%add_ln25_91 = add i16 %add_ln25_90, i16 %add_ln25_88" [../solution5/matrix_mult.cpp:25]   --->   Operation 630 'add' 'add_ln25_91' <Predicate = true> <Delay = 2.07> <CoreInst = "Adder">   --->   Core 1 'Adder' <Latency = 0> <II = 1> <Delay = 2.07> <FuncUnit> <Opcode : 'add' 'sub'> <InPorts = 2> <OutPorts = 1>
ST_17 : Operation 631 [1/2] (2.10ns) (root node of the DSP)   --->   "%add_ln25_94 = add i16 %add_ln25_93, i16 %mul_ln25_119" [../solution5/matrix_mult.cpp:25]   --->   Operation 631 'add' 'add_ln25_94' <Predicate = true> <Delay = 2.10> <CoreInst = "DSP48">   --->   Core 116 'DSP48' <Latency = 3> <II = 1> <Delay = 2.15> <IPBlock> <Opcode : 'add' 'sub' 'mul' 'select'> <InPorts = 0> <OutPorts = 1> <Sync> <CReg>
ST_17 : Operation 632 [1/1] (2.07ns)   --->   "%add_ln25_95 = add i16 %add_ln25_94, i16 %add_ln25_92" [../solution5/matrix_mult.cpp:25]   --->   Operation 632 'add' 'add_ln25_95' <Predicate = true> <Delay = 2.07> <CoreInst = "Adder">   --->   Core 1 'Adder' <Latency = 0> <II = 1> <Delay = 2.07> <FuncUnit> <Opcode : 'add' 'sub'> <InPorts = 2> <OutPorts = 1>
ST_17 : Operation 633 [1/2] (2.10ns) (root node of the DSP)   --->   "%add_ln25_98 = add i16 %add_ln25_97, i16 %mul_ln25_124" [../solution5/matrix_mult.cpp:25]   --->   Operation 633 'add' 'add_ln25_98' <Predicate = true> <Delay = 2.10> <CoreInst = "DSP48">   --->   Core 116 'DSP48' <Latency = 3> <II = 1> <Delay = 2.15> <IPBlock> <Opcode : 'add' 'sub' 'mul' 'select'> <InPorts = 0> <OutPorts = 1> <Sync> <CReg>
ST_17 : Operation 634 [1/1] (2.07ns)   --->   "%add_ln25_99 = add i16 %add_ln25_98, i16 %add_ln25_96" [../solution5/matrix_mult.cpp:25]   --->   Operation 634 'add' 'add_ln25_99' <Predicate = true> <Delay = 2.07> <CoreInst = "Adder">   --->   Core 1 'Adder' <Latency = 0> <II = 1> <Delay = 2.07> <FuncUnit> <Opcode : 'add' 'sub'> <InPorts = 2> <OutPorts = 1>

State 18 <SV = 17> <Delay = 0.00>
ST_18 : Operation 635 [1/1] (0.00ns)   --->   "%prod_addr_16 = getelementptr i16 %prod, i64 0, i64 16" [../solution5/matrix_mult.cpp:25]   --->   Operation 635 'getelementptr' 'prod_addr_16' <Predicate = true> <Delay = 0.00>
ST_18 : Operation 636 [1/1] (0.00ns)   --->   "%prod_addr_17 = getelementptr i16 %prod, i64 0, i64 17" [../solution5/matrix_mult.cpp:25]   --->   Operation 636 'getelementptr' 'prod_addr_17' <Predicate = true> <Delay = 0.00>
ST_18 : Operation 637 [1/1] ( I:0.00ns O:0.00ns )   --->   "%store_ln25 = store i16 %add_ln25_67, i5 %prod_addr_16" [../solution5/matrix_mult.cpp:25]   --->   Operation 637 'store' 'store_ln25' <Predicate = true> <Delay = 0.00> <CoreInst = "RAM">   --->   Core 81 'RAM' <Latency = 1> <II = 1> <Delay = 2.32> <Storage> <Opcode : 'load' 'store'> <Ports = 2> <Width = 16> <Depth = 25> <RAM>
ST_18 : Operation 638 [1/1] ( I:0.00ns O:0.00ns )   --->   "%store_ln25 = store i16 %add_ln25_71, i5 %prod_addr_17" [../solution5/matrix_mult.cpp:25]   --->   Operation 638 'store' 'store_ln25' <Predicate = true> <Delay = 0.00> <CoreInst = "RAM">   --->   Core 81 'RAM' <Latency = 1> <II = 1> <Delay = 2.32> <Storage> <Opcode : 'load' 'store'> <Ports = 2> <Width = 16> <Depth = 25> <RAM>

State 19 <SV = 18> <Delay = 0.00>
ST_19 : Operation 639 [1/1] (0.00ns)   --->   "%prod_addr_18 = getelementptr i16 %prod, i64 0, i64 18" [../solution5/matrix_mult.cpp:25]   --->   Operation 639 'getelementptr' 'prod_addr_18' <Predicate = true> <Delay = 0.00>
ST_19 : Operation 640 [1/1] (0.00ns)   --->   "%prod_addr_19 = getelementptr i16 %prod, i64 0, i64 19" [../solution5/matrix_mult.cpp:25]   --->   Operation 640 'getelementptr' 'prod_addr_19' <Predicate = true> <Delay = 0.00>
ST_19 : Operation 641 [1/1] ( I:0.00ns O:0.00ns )   --->   "%store_ln25 = store i16 %add_ln25_75, i5 %prod_addr_18" [../solution5/matrix_mult.cpp:25]   --->   Operation 641 'store' 'store_ln25' <Predicate = true> <Delay = 0.00> <CoreInst = "RAM">   --->   Core 81 'RAM' <Latency = 1> <II = 1> <Delay = 2.32> <Storage> <Opcode : 'load' 'store'> <Ports = 2> <Width = 16> <Depth = 25> <RAM>
ST_19 : Operation 642 [1/1] ( I:0.00ns O:0.00ns )   --->   "%store_ln25 = store i16 %add_ln25_79, i5 %prod_addr_19" [../solution5/matrix_mult.cpp:25]   --->   Operation 642 'store' 'store_ln25' <Predicate = true> <Delay = 0.00> <CoreInst = "RAM">   --->   Core 81 'RAM' <Latency = 1> <II = 1> <Delay = 2.32> <Storage> <Opcode : 'load' 'store'> <Ports = 2> <Width = 16> <Depth = 25> <RAM>

State 20 <SV = 19> <Delay = 0.00>
ST_20 : Operation 643 [1/1] (0.00ns)   --->   "%prod_addr_20 = getelementptr i16 %prod, i64 0, i64 20" [../solution5/matrix_mult.cpp:25]   --->   Operation 643 'getelementptr' 'prod_addr_20' <Predicate = true> <Delay = 0.00>
ST_20 : Operation 644 [1/1] (0.00ns)   --->   "%prod_addr_21 = getelementptr i16 %prod, i64 0, i64 21" [../solution5/matrix_mult.cpp:25]   --->   Operation 644 'getelementptr' 'prod_addr_21' <Predicate = true> <Delay = 0.00>
ST_20 : Operation 645 [1/1] ( I:0.00ns O:0.00ns )   --->   "%store_ln25 = store i16 %add_ln25_83, i5 %prod_addr_20" [../solution5/matrix_mult.cpp:25]   --->   Operation 645 'store' 'store_ln25' <Predicate = true> <Delay = 0.00> <CoreInst = "RAM">   --->   Core 81 'RAM' <Latency = 1> <II = 1> <Delay = 2.32> <Storage> <Opcode : 'load' 'store'> <Ports = 2> <Width = 16> <Depth = 25> <RAM>
ST_20 : Operation 646 [1/1] ( I:0.00ns O:0.00ns )   --->   "%store_ln25 = store i16 %add_ln25_87, i5 %prod_addr_21" [../solution5/matrix_mult.cpp:25]   --->   Operation 646 'store' 'store_ln25' <Predicate = true> <Delay = 0.00> <CoreInst = "RAM">   --->   Core 81 'RAM' <Latency = 1> <II = 1> <Delay = 2.32> <Storage> <Opcode : 'load' 'store'> <Ports = 2> <Width = 16> <Depth = 25> <RAM>

State 21 <SV = 20> <Delay = 0.00>
ST_21 : Operation 647 [1/1] (0.00ns)   --->   "%prod_addr_22 = getelementptr i16 %prod, i64 0, i64 22" [../solution5/matrix_mult.cpp:25]   --->   Operation 647 'getelementptr' 'prod_addr_22' <Predicate = true> <Delay = 0.00>
ST_21 : Operation 648 [1/1] (0.00ns)   --->   "%prod_addr_23 = getelementptr i16 %prod, i64 0, i64 23" [../solution5/matrix_mult.cpp:25]   --->   Operation 648 'getelementptr' 'prod_addr_23' <Predicate = true> <Delay = 0.00>
ST_21 : Operation 649 [1/1] ( I:0.00ns O:0.00ns )   --->   "%store_ln25 = store i16 %add_ln25_91, i5 %prod_addr_22" [../solution5/matrix_mult.cpp:25]   --->   Operation 649 'store' 'store_ln25' <Predicate = true> <Delay = 0.00> <CoreInst = "RAM">   --->   Core 81 'RAM' <Latency = 1> <II = 1> <Delay = 2.32> <Storage> <Opcode : 'load' 'store'> <Ports = 2> <Width = 16> <Depth = 25> <RAM>
ST_21 : Operation 650 [1/1] ( I:0.00ns O:0.00ns )   --->   "%store_ln25 = store i16 %add_ln25_95, i5 %prod_addr_23" [../solution5/matrix_mult.cpp:25]   --->   Operation 650 'store' 'store_ln25' <Predicate = true> <Delay = 0.00> <CoreInst = "RAM">   --->   Core 81 'RAM' <Latency = 1> <II = 1> <Delay = 2.32> <Storage> <Opcode : 'load' 'store'> <Ports = 2> <Width = 16> <Depth = 25> <RAM>

State 22 <SV = 21> <Delay = 0.00>
ST_22 : Operation 651 [1/1] (0.00ns)   --->   "%prod_addr_24 = getelementptr i16 %prod, i64 0, i64 24" [../solution5/matrix_mult.cpp:25]   --->   Operation 651 'getelementptr' 'prod_addr_24' <Predicate = true> <Delay = 0.00>
ST_22 : Operation 652 [1/1] (0.00ns)   --->   "%specpipeline_ln0 = specpipeline void @_ssdm_op_SpecPipeline, i32 4294967295, i32 0, i32 0, i32 0, i32 4294967295, void @empty_0"   --->   Operation 652 'specpipeline' 'specpipeline_ln0' <Predicate = true> <Delay = 0.00>
ST_22 : Operation 653 [1/1] (0.00ns)   --->   "%spectopmodule_ln0 = spectopmodule void @_ssdm_op_SpecTopModule, void @empty_1"   --->   Operation 653 'spectopmodule' 'spectopmodule_ln0' <Predicate = true> <Delay = 0.00>
ST_22 : Operation 654 [1/1] (0.00ns)   --->   "%specinterface_ln0 = specinterface void @_ssdm_op_SpecInterface, i40 %a, void @empty, i32 0, i32 0, void @empty_0, i32 4294967295, i32 0, void @empty_0, void @empty_0, void @empty_0, i32 0, i32 0, i32 0, i32 0, void @empty_0, void @empty_0, i32 4294967295, i32 0, i32 0, i32 0"   --->   Operation 654 'specinterface' 'specinterface_ln0' <Predicate = true> <Delay = 0.00>
ST_22 : Operation 655 [1/1] (0.00ns)   --->   "%specbitsmap_ln0 = specbitsmap void @_ssdm_op_SpecBitsMap, i40 %a"   --->   Operation 655 'specbitsmap' 'specbitsmap_ln0' <Predicate = true> <Delay = 0.00>
ST_22 : Operation 656 [1/1] (0.00ns)   --->   "%specinterface_ln0 = specinterface void @_ssdm_op_SpecInterface, i40 %b, void @empty, i32 0, i32 0, void @empty_0, i32 4294967295, i32 0, void @empty_0, void @empty_0, void @empty_0, i32 0, i32 0, i32 0, i32 0, void @empty_0, void @empty_0, i32 4294967295, i32 0, i32 0, i32 0"   --->   Operation 656 'specinterface' 'specinterface_ln0' <Predicate = true> <Delay = 0.00>
ST_22 : Operation 657 [1/1] (0.00ns)   --->   "%specbitsmap_ln0 = specbitsmap void @_ssdm_op_SpecBitsMap, i40 %b"   --->   Operation 657 'specbitsmap' 'specbitsmap_ln0' <Predicate = true> <Delay = 0.00>
ST_22 : Operation 658 [1/1] (0.00ns)   --->   "%specinterface_ln0 = specinterface void @_ssdm_op_SpecInterface, i16 %prod, void @empty, i32 0, i32 0, void @empty_0, i32 4294967295, i32 0, void @empty_0, void @empty_0, void @empty_0, i32 0, i32 0, i32 0, i32 0, void @empty_0, void @empty_0, i32 4294967295, i32 0, i32 0, i32 0"   --->   Operation 658 'specinterface' 'specinterface_ln0' <Predicate = true> <Delay = 0.00>
ST_22 : Operation 659 [1/1] (0.00ns)   --->   "%specbitsmap_ln0 = specbitsmap void @_ssdm_op_SpecBitsMap, i16 %prod"   --->   Operation 659 'specbitsmap' 'specbitsmap_ln0' <Predicate = true> <Delay = 0.00>
ST_22 : Operation 660 [1/1] ( I:0.00ns O:0.00ns )   --->   "%store_ln25 = store i16 %add_ln25_99, i5 %prod_addr_24" [../solution5/matrix_mult.cpp:25]   --->   Operation 660 'store' 'store_ln25' <Predicate = true> <Delay = 0.00> <CoreInst = "RAM">   --->   Core 81 'RAM' <Latency = 1> <II = 1> <Delay = 2.32> <Storage> <Opcode : 'load' 'store'> <Ports = 2> <Width = 16> <Depth = 25> <RAM>
ST_22 : Operation 661 [1/1] (0.00ns)   --->   "%ret_ln29 = ret" [../solution5/matrix_mult.cpp:29]   --->   Operation 661 'ret' 'ret_ln29' <Predicate = true> <Delay = 0.00>


============================================================
+ Verbose Summary: Binding
============================================================
STG Binding: 
---------------- STG Properties BEGIN ----------------
- Is combinational: 0
- Is one-state seq: 0
- Is datapath-only: 0
- Is pipelined: 1
- Is top level: 1
Port [ Return ] is wired: 1; IO mode=ap_ctrl_hs:ce=0
Port [ a]:  wired=1; compound=1; hidden=0; nouse=0; global=0; static=0; extern=0; dir=0; type=1; pingpong=0; private_global=0; MemPort=[11]; IO mode=ap_memory:ce=0
Port [ b]:  wired=1; compound=1; hidden=0; nouse=0; global=0; static=0; extern=0; dir=0; type=1; pingpong=0; private_global=0; MemPort=[11]; IO mode=ap_memory:ce=0
Port [ prod]:  wired=1; compound=1; hidden=0; nouse=0; global=0; static=0; extern=0; dir=1; type=1; pingpong=0; private_global=0; MemPort=[00]; IO mode=ap_memory:ce=0
---------------- STG Properties END ------------------

---------------- Datapath Model BEGIN ----------------

<LifeTime>
<method=bitvector/>
a_addr            (getelementptr) [ 00100000000000000000000]
b_addr            (getelementptr) [ 00100000000000000000000]
b_addr_1          (getelementptr) [ 00100000000000000000000]
a_addr_1          (getelementptr) [ 00100000000000000000000]
a_load            (load         ) [ 00000000000000000000000]
trunc_ln25        (trunc        ) [ 00011110000000000000000]
b_load            (load         ) [ 00000000000000000000000]
trunc_ln25_1      (trunc        ) [ 00011110000000000000000]
tmp               (partselect   ) [ 00011111100000000000000]
tmp_1             (partselect   ) [ 00011111100000000000000]
tmp_2             (partselect   ) [ 00011111000000000000000]
tmp_3             (partselect   ) [ 00011111000000000000000]
tmp_4             (partselect   ) [ 00000000000000000000000]
zext_ln25_6       (zext         ) [ 00011000000000000000000]
tmp_5             (partselect   ) [ 00000000000000000000000]
zext_ln25_7       (zext         ) [ 00011111000000000000000]
tmp_6             (partselect   ) [ 00000000000000000000000]
zext_ln25_8       (zext         ) [ 00011110000000000000000]
tmp_7             (partselect   ) [ 00000000000000000000000]
zext_ln25_9       (zext         ) [ 00011111000000000000000]
mul_ln25_3        (mul          ) [ 00011100000000000000000]
b_load_1          (load         ) [ 00000000000000000000000]
trunc_ln25_2      (trunc        ) [ 00011110000000000000000]
tmp_8             (partselect   ) [ 00011111100000000000000]
tmp_9             (partselect   ) [ 00011111000000000000000]
tmp_s             (partselect   ) [ 00000000000000000000000]
zext_ln25_13      (zext         ) [ 00011111000000000000000]
tmp_10            (partselect   ) [ 00000000000000000000000]
zext_ln25_14      (zext         ) [ 00011111000000000000000]
mul_ln25_8        (mul          ) [ 00011100000000000000000]
b_addr_2          (getelementptr) [ 00010000000000000000000]
b_addr_3          (getelementptr) [ 00010000000000000000000]
a_load_1          (load         ) [ 00000000000000000000000]
trunc_ln25_6      (trunc        ) [ 00011111000000000000000]
tmp_23            (partselect   ) [ 00011111110000000000000]
tmp_24            (partselect   ) [ 00011111110000000000000]
tmp_25            (partselect   ) [ 00000000000000000000000]
zext_ln25_33      (zext         ) [ 00011000000000000000000]
tmp_26            (partselect   ) [ 00000000000000000000000]
zext_ln25_34      (zext         ) [ 00011110000000000000000]
mul_ln25_28       (mul          ) [ 00011100000000000000000]
mul_ln25_33       (mul          ) [ 00011100000000000000000]
a_addr_2          (getelementptr) [ 00010000000000000000000]
a_addr_3          (getelementptr) [ 00010000000000000000000]
b_load_2          (load         ) [ 00000000000000000000000]
trunc_ln25_3      (trunc        ) [ 00001110000000000000000]
tmp_11            (partselect   ) [ 00001111100000000000000]
tmp_12            (partselect   ) [ 00001111100000000000000]
tmp_13            (partselect   ) [ 00000000000000000000000]
zext_ln25_18      (zext         ) [ 00001111000000000000000]
tmp_14            (partselect   ) [ 00000000000000000000000]
zext_ln25_19      (zext         ) [ 00001111100000000000000]
mul_ln25_13       (mul          ) [ 00001110000000000000000]
b_load_3          (load         ) [ 00000000000000000000000]
trunc_ln25_4      (trunc        ) [ 00001111000000000000000]
tmp_15            (partselect   ) [ 00001111110000000000000]
tmp_16            (partselect   ) [ 00001111100000000000000]
tmp_17            (partselect   ) [ 00000000000000000000000]
zext_ln25_23      (zext         ) [ 00001111000000000000000]
tmp_18            (partselect   ) [ 00000000000000000000000]
zext_ln25_24      (zext         ) [ 00001111100000000000000]
mul_ln25_18       (mul          ) [ 00001110000000000000000]
b_addr_4          (getelementptr) [ 00001000000000000000000]
mul_ln25_38       (mul          ) [ 00001110000000000000000]
mul_ln25_43       (mul          ) [ 00001110000000000000000]
a_load_2          (load         ) [ 00000000000000000000000]
trunc_ln25_7      (trunc        ) [ 00001111100000000000000]
tmp_27            (partselect   ) [ 00001111111000000000000]
tmp_28            (partselect   ) [ 00001111111110000000000]
tmp_29            (partselect   ) [ 00001000000000000000000]
tmp_30            (partselect   ) [ 00000000000000000000000]
zext_ln25_39      (zext         ) [ 00001110000000000000000]
a_load_3          (load         ) [ 00000000000000000000000]
trunc_ln25_8      (trunc        ) [ 00001111111000000000000]
tmp_31            (partselect   ) [ 00001111111110000000000]
tmp_32            (partselect   ) [ 00001111111111000000000]
tmp_33            (partselect   ) [ 00001100000000000000000]
tmp_34            (partselect   ) [ 00001000000000000000000]
a_addr_4          (getelementptr) [ 00001000000000000000000]
mul_ln25_2        (mul          ) [ 00000100000000000000000]
mul_ln25_7        (mul          ) [ 00000100000000000000000]
b_load_4          (load         ) [ 00000000000000000000000]
trunc_ln25_5      (trunc        ) [ 00000111000000000000000]
tmp_19            (partselect   ) [ 00000111110000000000000]
tmp_20            (partselect   ) [ 00000111110000000000000]
tmp_21            (partselect   ) [ 00000000000000000000000]
zext_ln25_28      (zext         ) [ 00000111100000000000000]
tmp_22            (partselect   ) [ 00000000000000000000000]
zext_ln25_29      (zext         ) [ 00000111100000000000000]
mul_ln25_23       (mul          ) [ 00000111000000000000000]
mul_ln25_27       (mul          ) [ 00000100000000000000000]
mul_ln25_32       (mul          ) [ 00000100000000000000000]
mul_ln25_48       (mul          ) [ 00000111000000000000000]
zext_ln25_38      (zext         ) [ 00000100000000000000000]
mul_ln25_53       (mul          ) [ 00000110000000000000000]
mul_ln25_58       (mul          ) [ 00000110000000000000000]
zext_ln25_44      (zext         ) [ 00000111000000000000000]
a_load_4          (load         ) [ 00000000000000000000000]
trunc_ln25_9      (trunc        ) [ 00000111111100000000000]
tmp_35            (partselect   ) [ 00000111111111000000000]
tmp_36            (partselect   ) [ 01000111111111100000000]
tmp_37            (partselect   ) [ 00000111000000000000000]
tmp_38            (partselect   ) [ 00000100000000000000000]
add_ln25_1        (add          ) [ 00000011111000000000000]
add_ln25_5        (add          ) [ 00000011111000000000000]
mul_ln25_12       (mul          ) [ 00000010000000000000000]
mul_ln25_17       (mul          ) [ 00000010000000000000000]
add_ln25_21       (add          ) [ 00000011111110000000000]
add_ln25_25       (add          ) [ 00000011111111000000000]
mul_ln25_37       (mul          ) [ 00000010000000000000000]
mul_ln25_42       (mul          ) [ 00000010000000000000000]
mul_ln25_52       (mul          ) [ 00000010000000000000000]
mul_ln25_57       (mul          ) [ 00000010000000000000000]
mul_ln25_63       (mul          ) [ 00000011000000000000000]
mul_ln25_68       (mul          ) [ 00000011000000000000000]
mul_ln25_73       (mul          ) [ 00000011000000000000000]
zext_ln25_43      (zext         ) [ 00000010000000000000000]
mul_ln25_78       (mul          ) [ 00000011000000000000000]
zext_ln25_49      (zext         ) [ 00000011100000000000000]
zext_ln25         (zext         ) [ 00000001110000000000000]
zext_ln25_1       (zext         ) [ 00000001111111000000000]
zext_ln25_10      (zext         ) [ 00000001111111000000000]
zext_ln25_15      (zext         ) [ 00000001111111000000000]
add_ln25_9        (add          ) [ 00000001111100000000000]
add_ln25_13       (add          ) [ 00000001111100000000000]
mul_ln25_22       (mul          ) [ 00000001000000000000000]
add_ln25_29       (add          ) [ 00000001111111000000000]
add_ln25_33       (add          ) [ 01000001111111100000000]
mul_ln25_47       (mul          ) [ 00000001000000000000000]
add_ln25_41       (add          ) [ 01100001111111110000000]
add_ln25_45       (add          ) [ 01100001111111110000000]
mul_ln25_62       (mul          ) [ 00000001000000000000000]
mul_ln25_67       (mul          ) [ 00000001000000000000000]
mul_ln25_72       (mul          ) [ 00000001000000000000000]
mul_ln25_77       (mul          ) [ 00000001000000000000000]
mul_ln25_83       (mul          ) [ 00000001100000000000000]
mul_ln25_88       (mul          ) [ 00000001100000000000000]
mul_ln25_93       (mul          ) [ 00000001100000000000000]
mul_ln25_98       (mul          ) [ 00000001100000000000000]
zext_ln25_4       (zext         ) [ 00000000111100000000000]
zext_ln25_5       (zext         ) [ 01110000111111111000000]
zext_ln25_12      (zext         ) [ 01110000111111111000000]
zext_ln25_20      (zext         ) [ 01000000111111100000000]
zext_ln25_25      (zext         ) [ 01000000111111100000000]
add_ln25_17       (add          ) [ 00000000111110000000000]
zext_ln25_30      (zext         ) [ 00000000111000000000000]
add_ln25_37       (add          ) [ 01000000111111100000000]
add_ln25_49       (add          ) [ 01100000111111110000000]
add_ln25_53       (add          ) [ 01100000111111110000000]
add_ln25_57       (add          ) [ 01110000111111111000000]
add_ln25_61       (add          ) [ 01110000111111111000000]
mul_ln25_82       (mul          ) [ 00000000100000000000000]
mul_ln25_87       (mul          ) [ 00000000100000000000000]
mul_ln25_92       (mul          ) [ 00000000100000000000000]
mul_ln25_97       (mul          ) [ 00000000100000000000000]
zext_ln25_48      (zext         ) [ 00000000100000000000000]
mul_ln25_102      (mul          ) [ 00000000100000000000000]
mul_ln25_103      (mul          ) [ 00000000100000000000000]
mul_ln25_107      (mul          ) [ 00000000100000000000000]
mul_ln25_108      (mul          ) [ 00000000100000000000000]
mul_ln25_113      (mul          ) [ 00000000110000000000000]
mul_ln25_118      (mul          ) [ 00000000110000000000000]
zext_ln25_2       (zext         ) [ 00000000010000000000000]
zext_ln25_3       (zext         ) [ 00000000011111000000000]
mul_ln25          (mul          ) [ 00000000010000000000000]
mul_ln25_1        (mul          ) [ 00000000010000000000000]
zext_ln25_11      (zext         ) [ 00000000011111000000000]
mul_ln25_5        (mul          ) [ 00000000010000000000000]
mul_ln25_6        (mul          ) [ 00000000010000000000000]
zext_ln25_16      (zext         ) [ 00000000011111000000000]
zext_ln25_17      (zext         ) [ 01110000011111111000000]
mul_ln25_10       (mul          ) [ 00000000010000000000000]
mul_ln25_11       (mul          ) [ 00000000010000000000000]
zext_ln25_22      (zext         ) [ 01110000011111111000000]
zext_ln25_35      (zext         ) [ 00000000011100000000000]
add_ln25_65       (add          ) [ 01110000011111111000000]
add_ln25_69       (add          ) [ 01110000011111111000000]
add_ln25_73       (add          ) [ 01110000011111111000000]
add_ln25_77       (add          ) [ 01110000011111111000000]
add_ln25_81       (add          ) [ 01111000011111111100000]
add_ln25_85       (add          ) [ 01111000011111111100000]
mul_ln25_112      (mul          ) [ 00000000010000000000000]
mul_ln25_117      (mul          ) [ 00000000010000000000000]
mul_ln25_122      (mul          ) [ 00000000010000000000000]
mul_ln25_123      (mul          ) [ 00000000010000000000000]
mul_ln25_4        (mul          ) [ 00000000001000000000000]
add_ln25          (add          ) [ 00000000001000000000000]
mul_ln25_9        (mul          ) [ 00000000001000000000000]
add_ln25_4        (add          ) [ 00000000001000000000000]
add_ln25_8        (add          ) [ 00000000001100000000000]
zext_ln25_21      (zext         ) [ 01000000001111100000000]
mul_ln25_15       (mul          ) [ 00000000001000000000000]
mul_ln25_16       (mul          ) [ 00000000001000000000000]
zext_ln25_26      (zext         ) [ 01000000001111100000000]
zext_ln25_27      (zext         ) [ 01110000001111111000000]
mul_ln25_20       (mul          ) [ 00000000001000000000000]
mul_ln25_21       (mul          ) [ 00000000001000000000000]
zext_ln25_31      (zext         ) [ 00000000001000000000000]
zext_ln25_32      (zext         ) [ 00000000001111000000000]
mul_ln25_25       (mul          ) [ 00000000001000000000000]
mul_ln25_26       (mul          ) [ 00000000001000000000000]
mul_ln25_30       (mul          ) [ 00000000001000000000000]
mul_ln25_31       (mul          ) [ 00000000001000000000000]
add_ln25_89       (add          ) [ 01111000001111111100000]
add_ln25_93       (add          ) [ 01111000001111111100000]
add_ln25_97       (add          ) [ 01111000001111111100000]
prod_addr         (getelementptr) [ 00000000000000000000000]
prod_addr_1       (getelementptr) [ 00000000000000000000000]
add_ln25_2        (add          ) [ 00000000000000000000000]
add_ln25_3        (add          ) [ 00000000000000000000000]
store_ln25        (store        ) [ 00000000000000000000000]
add_ln25_6        (add          ) [ 00000000000000000000000]
add_ln25_7        (add          ) [ 00000000000000000000000]
store_ln25        (store        ) [ 00000000000000000000000]
mul_ln25_14       (mul          ) [ 00000000000100000000000]
mul_ln25_19       (mul          ) [ 00000000000100000000000]
add_ln25_12       (add          ) [ 00000000000100000000000]
add_ln25_16       (add          ) [ 00000000000110000000000]
add_ln25_20       (add          ) [ 00000000000110000000000]
add_ln25_24       (add          ) [ 00000000000111000000000]
mul_ln25_35       (mul          ) [ 00000000000100000000000]
mul_ln25_36       (mul          ) [ 00000000000100000000000]
mul_ln25_40       (mul          ) [ 00000000000100000000000]
mul_ln25_41       (mul          ) [ 00000000000100000000000]
mul_ln25_45       (mul          ) [ 00000000000100000000000]
mul_ln25_46       (mul          ) [ 00000000000100000000000]
zext_ln25_36      (zext         ) [ 00000000000100000000000]
mul_ln25_50       (mul          ) [ 00000000000100000000000]
mul_ln25_51       (mul          ) [ 00000000000100000000000]
zext_ln25_40      (zext         ) [ 00000000000111000000000]
prod_addr_2       (getelementptr) [ 00000000000000000000000]
prod_addr_3       (getelementptr) [ 00000000000000000000000]
add_ln25_10       (add          ) [ 00000000000000000000000]
add_ln25_11       (add          ) [ 00000000000000000000000]
store_ln25        (store        ) [ 00000000000000000000000]
add_ln25_14       (add          ) [ 00000000000000000000000]
add_ln25_15       (add          ) [ 00000000000000000000000]
store_ln25        (store        ) [ 00000000000000000000000]
mul_ln25_24       (mul          ) [ 00000000000010000000000]
mul_ln25_29       (mul          ) [ 00000000000010000000000]
add_ln25_28       (add          ) [ 00000000000011000000000]
add_ln25_32       (add          ) [ 01000000000011100000000]
add_ln25_36       (add          ) [ 01000000000011100000000]
add_ln25_40       (add          ) [ 01100000000011110000000]
mul_ln25_55       (mul          ) [ 00000000000010000000000]
mul_ln25_56       (mul          ) [ 00000000000010000000000]
mul_ln25_60       (mul          ) [ 00000000000010000000000]
mul_ln25_61       (mul          ) [ 00000000000010000000000]
mul_ln25_65       (mul          ) [ 00000000000010000000000]
mul_ln25_66       (mul          ) [ 00000000000010000000000]
mul_ln25_70       (mul          ) [ 00000000000010000000000]
mul_ln25_71       (mul          ) [ 00000000000010000000000]
zext_ln25_45      (zext         ) [ 01000000000011100000000]
prod_addr_4       (getelementptr) [ 00000000000000000000000]
prod_addr_5       (getelementptr) [ 00000000000000000000000]
add_ln25_18       (add          ) [ 00000000000000000000000]
add_ln25_19       (add          ) [ 00000000000000000000000]
store_ln25        (store        ) [ 00000000000000000000000]
add_ln25_22       (add          ) [ 00000000000000000000000]
add_ln25_23       (add          ) [ 00000000000000000000000]
store_ln25        (store        ) [ 00000000000000000000000]
mul_ln25_34       (mul          ) [ 00000000000001000000000]
mul_ln25_39       (mul          ) [ 00000000000001000000000]
zext_ln25_37      (zext         ) [ 01100000000001110000000]
add_ln25_44       (add          ) [ 01100000000001110000000]
add_ln25_48       (add          ) [ 01100000000001110000000]
add_ln25_52       (add          ) [ 01100000000001110000000]
add_ln25_56       (add          ) [ 01110000000001111000000]
zext_ln25_41      (zext         ) [ 00000000000001000000000]
mul_ln25_75       (mul          ) [ 00000000000001000000000]
mul_ln25_76       (mul          ) [ 00000000000001000000000]
mul_ln25_80       (mul          ) [ 00000000000001000000000]
mul_ln25_81       (mul          ) [ 00000000000001000000000]
mul_ln25_85       (mul          ) [ 00000000000001000000000]
mul_ln25_86       (mul          ) [ 00000000000001000000000]
mul_ln25_90       (mul          ) [ 00000000000001000000000]
mul_ln25_91       (mul          ) [ 00000000000001000000000]
prod_addr_6       (getelementptr) [ 00000000000000000000000]
prod_addr_7       (getelementptr) [ 00000000000000000000000]
add_ln25_26       (add          ) [ 00000000000000000000000]
add_ln25_27       (add          ) [ 00000000000000000000000]
store_ln25        (store        ) [ 00000000000000000000000]
add_ln25_30       (add          ) [ 00000000000000000000000]
add_ln25_31       (add          ) [ 00000000000000000000000]
store_ln25        (store        ) [ 00000000000000000000000]
mul_ln25_44       (mul          ) [ 01000000000000100000000]
mul_ln25_49       (mul          ) [ 01000000000000100000000]
zext_ln25_42      (zext         ) [ 01100000000000110000000]
add_ln25_60       (add          ) [ 01110000000000111000000]
add_ln25_64       (add          ) [ 01110000000000111000000]
add_ln25_68       (add          ) [ 01110000000000111000000]
add_ln25_72       (add          ) [ 01110000000000111000000]
mul_ln25_95       (mul          ) [ 01000000000000100000000]
mul_ln25_96       (mul          ) [ 01000000000000100000000]
zext_ln25_46      (zext         ) [ 01000000000000100000000]
mul_ln25_100      (mul          ) [ 01000000000000100000000]
mul_ln25_101      (mul          ) [ 01000000000000100000000]
mul_ln25_105      (mul          ) [ 01000000000000100000000]
mul_ln25_106      (mul          ) [ 01000000000000100000000]
mul_ln25_110      (mul          ) [ 01000000000000100000000]
mul_ln25_111      (mul          ) [ 01000000000000100000000]
prod_addr_8       (getelementptr) [ 00000000000000000000000]
prod_addr_9       (getelementptr) [ 00000000000000000000000]
add_ln25_34       (add          ) [ 00000000000000000000000]
add_ln25_35       (add          ) [ 00000000000000000000000]
store_ln25        (store        ) [ 00000000000000000000000]
add_ln25_38       (add          ) [ 00000000000000000000000]
add_ln25_39       (add          ) [ 00000000000000000000000]
store_ln25        (store        ) [ 00000000000000000000000]
mul_ln25_54       (mul          ) [ 00100000000000010000000]
mul_ln25_59       (mul          ) [ 00100000000000010000000]
mul_ln25_64       (mul          ) [ 00100000000000010000000]
mul_ln25_69       (mul          ) [ 00100000000000010000000]
add_ln25_76       (add          ) [ 00110000000000011000000]
zext_ln25_47      (zext         ) [ 00110000000000011000000]
add_ln25_80       (add          ) [ 00111000000000011100000]
add_ln25_84       (add          ) [ 00111000000000011100000]
add_ln25_88       (add          ) [ 00111000000000011100000]
mul_ln25_115      (mul          ) [ 00100000000000010000000]
mul_ln25_116      (mul          ) [ 00100000000000010000000]
mul_ln25_120      (mul          ) [ 00100000000000010000000]
mul_ln25_121      (mul          ) [ 00100000000000010000000]
prod_addr_10      (getelementptr) [ 00000000000000000000000]
prod_addr_11      (getelementptr) [ 00000000000000000000000]
add_ln25_42       (add          ) [ 00000000000000000000000]
add_ln25_43       (add          ) [ 00000000000000000000000]
store_ln25        (store        ) [ 00000000000000000000000]
add_ln25_46       (add          ) [ 00000000000000000000000]
add_ln25_47       (add          ) [ 00000000000000000000000]
store_ln25        (store        ) [ 00000000000000000000000]
add_ln25_50       (add          ) [ 00000000000000000000000]
add_ln25_51       (add          ) [ 00010000000000001000000]
add_ln25_54       (add          ) [ 00000000000000000000000]
add_ln25_55       (add          ) [ 00010000000000001000000]
mul_ln25_74       (mul          ) [ 00010000000000001000000]
mul_ln25_79       (mul          ) [ 00010000000000001000000]
mul_ln25_84       (mul          ) [ 00010000000000001000000]
mul_ln25_89       (mul          ) [ 00010000000000001000000]
mul_ln25_94       (mul          ) [ 00010000000000001000000]
mul_ln25_99       (mul          ) [ 00010000000000001000000]
add_ln25_92       (add          ) [ 00011000000000001100000]
add_ln25_96       (add          ) [ 00011000000000001100000]
prod_addr_12      (getelementptr) [ 00000000000000000000000]
prod_addr_13      (getelementptr) [ 00000000000000000000000]
store_ln25        (store        ) [ 00000000000000000000000]
store_ln25        (store        ) [ 00000000000000000000000]
add_ln25_58       (add          ) [ 00000000000000000000000]
add_ln25_59       (add          ) [ 00001000000000000100000]
add_ln25_62       (add          ) [ 00000000000000000000000]
add_ln25_63       (add          ) [ 00001000000000000100000]
add_ln25_66       (add          ) [ 00000000000000000000000]
add_ln25_67       (add          ) [ 00001100000000000110000]
add_ln25_70       (add          ) [ 00000000000000000000000]
add_ln25_71       (add          ) [ 00001100000000000110000]
add_ln25_74       (add          ) [ 00000000000000000000000]
add_ln25_75       (add          ) [ 00001110000000000111000]
add_ln25_78       (add          ) [ 00000000000000000000000]
add_ln25_79       (add          ) [ 00001110000000000111000]
mul_ln25_104      (mul          ) [ 00001000000000000100000]
mul_ln25_109      (mul          ) [ 00001000000000000100000]
mul_ln25_114      (mul          ) [ 00001000000000000100000]
mul_ln25_119      (mul          ) [ 00001000000000000100000]
mul_ln25_124      (mul          ) [ 00001000000000000100000]
prod_addr_14      (getelementptr) [ 00000000000000000000000]
prod_addr_15      (getelementptr) [ 00000000000000000000000]
store_ln25        (store        ) [ 00000000000000000000000]
store_ln25        (store        ) [ 00000000000000000000000]
add_ln25_82       (add          ) [ 00000000000000000000000]
add_ln25_83       (add          ) [ 00000111000000000011100]
add_ln25_86       (add          ) [ 00000000000000000000000]
add_ln25_87       (add          ) [ 00000111000000000011100]
add_ln25_90       (add          ) [ 00000000000000000000000]
add_ln25_91       (add          ) [ 00000111100000000011110]
add_ln25_94       (add          ) [ 00000000000000000000000]
add_ln25_95       (add          ) [ 00000111100000000011110]
add_ln25_98       (add          ) [ 00000000000000000000000]
add_ln25_99       (add          ) [ 00000111110000000011111]
prod_addr_16      (getelementptr) [ 00000000000000000000000]
prod_addr_17      (getelementptr) [ 00000000000000000000000]
store_ln25        (store        ) [ 00000000000000000000000]
store_ln25        (store        ) [ 00000000000000000000000]
prod_addr_18      (getelementptr) [ 00000000000000000000000]
prod_addr_19      (getelementptr) [ 00000000000000000000000]
store_ln25        (store        ) [ 00000000000000000000000]
store_ln25        (store        ) [ 00000000000000000000000]
prod_addr_20      (getelementptr) [ 00000000000000000000000]
prod_addr_21      (getelementptr) [ 00000000000000000000000]
store_ln25        (store        ) [ 00000000000000000000000]
store_ln25        (store        ) [ 00000000000000000000000]
prod_addr_22      (getelementptr) [ 00000000000000000000000]
prod_addr_23      (getelementptr) [ 00000000000000000000000]
store_ln25        (store        ) [ 00000000000000000000000]
store_ln25        (store        ) [ 00000000000000000000000]
prod_addr_24      (getelementptr) [ 00000000000000000000000]
specpipeline_ln0  (specpipeline ) [ 00000000000000000000000]
spectopmodule_ln0 (spectopmodule) [ 00000000000000000000000]
specinterface_ln0 (specinterface) [ 00000000000000000000000]
specbitsmap_ln0   (specbitsmap  ) [ 00000000000000000000000]
specinterface_ln0 (specinterface) [ 00000000000000000000000]
specbitsmap_ln0   (specbitsmap  ) [ 00000000000000000000000]
specinterface_ln0 (specinterface) [ 00000000000000000000000]
specbitsmap_ln0   (specbitsmap  ) [ 00000000000000000000000]
store_ln25        (store        ) [ 00000000000000000000000]
ret_ln29          (ret          ) [ 00000000000000000000000]
</LifeTime>

<model>

<comp_list>
<comp id="0" class="1000" name="a">
<pin_list>
<pin id="1" dir="1" index="0" bw="1" slack="0"/>
</pin_list>
<bind>
<StgValue><ssdm name="a"/><MemPortTyVec>1 1 </MemPortTyVec>
</StgValue>
</bind>
</comp>

<comp id="2" class="1000" name="b">
<pin_list>
<pin id="3" dir="1" index="0" bw="1" slack="0"/>
</pin_list>
<bind>
<StgValue><ssdm name="b"/><MemPortTyVec>1 1 </MemPortTyVec>
</StgValue>
</bind>
</comp>

<comp id="4" class="1000" name="prod">
<pin_list>
<pin id="5" dir="1" index="0" bw="1" slack="0"/>
</pin_list>
<bind>
<StgValue><ssdm name="prod"/><MemPortTyVec>0 0 </MemPortTyVec>
</StgValue>
</bind>
</comp>

<comp id="6" class="1001" name="const_6">
<pin_list>
<pin id="7" dir="1" index="0" bw="1" slack="0"/>
</pin_list>
<bind>
<StgValue><ssdm name=""/></StgValue>
</bind>
</comp>

<comp id="8" class="1001" name="const_8">
<pin_list>
<pin id="9" dir="1" index="0" bw="1" slack="0"/>
</pin_list>
<bind>
<StgValue><ssdm name=""/></StgValue>
</bind>
</comp>

<comp id="10" class="1001" name="const_10">
<pin_list>
<pin id="11" dir="1" index="0" bw="1" slack="0"/>
</pin_list>
<bind>
<StgValue><ssdm name="_ssdm_op_PartSelect.i8.i40.i40"/></StgValue>
</bind>
</comp>

<comp id="12" class="1001" name="const_12">
<pin_list>
<pin id="13" dir="1" index="0" bw="1" slack="0"/>
</pin_list>
<bind>
<StgValue><ssdm name=""/></StgValue>
</bind>
</comp>

<comp id="14" class="1001" name="const_14">
<pin_list>
<pin id="15" dir="1" index="0" bw="1" slack="0"/>
</pin_list>
<bind>
<StgValue><ssdm name=""/></StgValue>
</bind>
</comp>

<comp id="16" class="1001" name="const_16">
<pin_list>
<pin id="17" dir="1" index="0" bw="1" slack="0"/>
</pin_list>
<bind>
<StgValue><ssdm name=""/></StgValue>
</bind>
</comp>

<comp id="18" class="1001" name="const_18">
<pin_list>
<pin id="19" dir="1" index="0" bw="1" slack="0"/>
</pin_list>
<bind>
<StgValue><ssdm name=""/></StgValue>
</bind>
</comp>

<comp id="20" class="1001" name="const_20">
<pin_list>
<pin id="21" dir="1" index="0" bw="1" slack="0"/>
</pin_list>
<bind>
<StgValue><ssdm name=""/></StgValue>
</bind>
</comp>

<comp id="22" class="1001" name="const_22">
<pin_list>
<pin id="23" dir="1" index="0" bw="1" slack="0"/>
</pin_list>
<bind>
<StgValue><ssdm name=""/></StgValue>
</bind>
</comp>

<comp id="24" class="1001" name="const_24">
<pin_list>
<pin id="25" dir="1" index="0" bw="1" slack="0"/>
</pin_list>
<bind>
<StgValue><ssdm name=""/></StgValue>
</bind>
</comp>

<comp id="26" class="1001" name="const_26">
<pin_list>
<pin id="27" dir="1" index="0" bw="1" slack="0"/>
</pin_list>
<bind>
<StgValue><ssdm name=""/></StgValue>
</bind>
</comp>

<comp id="28" class="1001" name="const_28">
<pin_list>
<pin id="29" dir="1" index="0" bw="1" slack="0"/>
</pin_list>
<bind>
<StgValue><ssdm name=""/></StgValue>
</bind>
</comp>

<comp id="30" class="1001" name="const_30">
<pin_list>
<pin id="31" dir="1" index="0" bw="1" slack="0"/>
</pin_list>
<bind>
<StgValue><ssdm name=""/></StgValue>
</bind>
</comp>

<comp id="32" class="1001" name="const_32">
<pin_list>
<pin id="33" dir="1" index="0" bw="1" slack="0"/>
</pin_list>
<bind>
<StgValue><ssdm name=""/></StgValue>
</bind>
</comp>

<comp id="34" class="1001" name="const_34">
<pin_list>
<pin id="35" dir="1" index="0" bw="1" slack="0"/>
</pin_list>
<bind>
<StgValue><ssdm name=""/></StgValue>
</bind>
</comp>

<comp id="36" class="1001" name="const_36">
<pin_list>
<pin id="37" dir="1" index="0" bw="1" slack="0"/>
</pin_list>
<bind>
<StgValue><ssdm name=""/></StgValue>
</bind>
</comp>

<comp id="38" class="1001" name="const_38">
<pin_list>
<pin id="39" dir="1" index="0" bw="1" slack="0"/>
</pin_list>
<bind>
<StgValue><ssdm name=""/></StgValue>
</bind>
</comp>

<comp id="40" class="1001" name="const_40">
<pin_list>
<pin id="41" dir="1" index="0" bw="1" slack="0"/>
</pin_list>
<bind>
<StgValue><ssdm name=""/></StgValue>
</bind>
</comp>

<comp id="42" class="1001" name="const_42">
<pin_list>
<pin id="43" dir="1" index="0" bw="1" slack="0"/>
</pin_list>
<bind>
<StgValue><ssdm name=""/></StgValue>
</bind>
</comp>

<comp id="44" class="1001" name="const_44">
<pin_list>
<pin id="45" dir="1" index="0" bw="1" slack="0"/>
</pin_list>
<bind>
<StgValue><ssdm name=""/></StgValue>
</bind>
</comp>

<comp id="46" class="1001" name="const_46">
<pin_list>
<pin id="47" dir="1" index="0" bw="1" slack="0"/>
</pin_list>
<bind>
<StgValue><ssdm name=""/></StgValue>
</bind>
</comp>

<comp id="48" class="1001" name="const_48">
<pin_list>
<pin id="49" dir="1" index="0" bw="1" slack="0"/>
</pin_list>
<bind>
<StgValue><ssdm name=""/></StgValue>
</bind>
</comp>

<comp id="50" class="1001" name="const_50">
<pin_list>
<pin id="51" dir="1" index="0" bw="1" slack="0"/>
</pin_list>
<bind>
<StgValue><ssdm name=""/></StgValue>
</bind>
</comp>

<comp id="52" class="1001" name="const_52">
<pin_list>
<pin id="53" dir="1" index="0" bw="1" slack="0"/>
</pin_list>
<bind>
<StgValue><ssdm name=""/></StgValue>
</bind>
</comp>

<comp id="54" class="1001" name="const_54">
<pin_list>
<pin id="55" dir="1" index="0" bw="1" slack="0"/>
</pin_list>
<bind>
<StgValue><ssdm name=""/></StgValue>
</bind>
</comp>

<comp id="56" class="1001" name="const_56">
<pin_list>
<pin id="57" dir="1" index="0" bw="1" slack="0"/>
</pin_list>
<bind>
<StgValue><ssdm name=""/></StgValue>
</bind>
</comp>

<comp id="58" class="1001" name="const_58">
<pin_list>
<pin id="59" dir="1" index="0" bw="1" slack="0"/>
</pin_list>
<bind>
<StgValue><ssdm name=""/></StgValue>
</bind>
</comp>

<comp id="60" class="1001" name="const_60">
<pin_list>
<pin id="61" dir="1" index="0" bw="1" slack="0"/>
</pin_list>
<bind>
<StgValue><ssdm name=""/></StgValue>
</bind>
</comp>

<comp id="62" class="1001" name="const_62">
<pin_list>
<pin id="63" dir="1" index="0" bw="1" slack="0"/>
</pin_list>
<bind>
<StgValue><ssdm name=""/></StgValue>
</bind>
</comp>

<comp id="64" class="1001" name="const_64">
<pin_list>
<pin id="65" dir="1" index="0" bw="1" slack="0"/>
</pin_list>
<bind>
<StgValue><ssdm name=""/></StgValue>
</bind>
</comp>

<comp id="66" class="1001" name="const_66">
<pin_list>
<pin id="67" dir="1" index="0" bw="1" slack="2147483647"/>
</pin_list>
<bind>
<StgValue><ssdm name="_ssdm_op_SpecPipeline"/></StgValue>
</bind>
</comp>

<comp id="68" class="1001" name="const_68">
<pin_list>
<pin id="69" dir="1" index="0" bw="1" slack="2147483647"/>
</pin_list>
<bind>
<StgValue><ssdm name=""/></StgValue>
</bind>
</comp>

<comp id="70" class="1001" name="const_70">
<pin_list>
<pin id="71" dir="1" index="0" bw="1" slack="2147483647"/>
</pin_list>
<bind>
<StgValue><ssdm name=""/></StgValue>
</bind>
</comp>

<comp id="72" class="1001" name="const_72">
<pin_list>
<pin id="73" dir="1" index="0" bw="1" slack="2147483647"/>
</pin_list>
<bind>
<StgValue><ssdm name="empty_0"/></StgValue>
</bind>
</comp>

<comp id="74" class="1001" name="const_74">
<pin_list>
<pin id="75" dir="1" index="0" bw="1" slack="2147483647"/>
</pin_list>
<bind>
<StgValue><ssdm name="_ssdm_op_SpecTopModule"/></StgValue>
</bind>
</comp>

<comp id="76" class="1001" name="const_76">
<pin_list>
<pin id="77" dir="1" index="0" bw="1" slack="2147483647"/>
</pin_list>
<bind>
<StgValue><ssdm name="empty_1"/></StgValue>
</bind>
</comp>

<comp id="78" class="1001" name="const_78">
<pin_list>
<pin id="79" dir="1" index="0" bw="1" slack="2147483647"/>
</pin_list>
<bind>
<StgValue><ssdm name="_ssdm_op_SpecInterface"/></StgValue>
</bind>
</comp>

<comp id="80" class="1001" name="const_80">
<pin_list>
<pin id="81" dir="1" index="0" bw="1" slack="2147483647"/>
</pin_list>
<bind>
<StgValue><ssdm name="empty"/></StgValue>
</bind>
</comp>

<comp id="82" class="1001" name="const_82">
<pin_list>
<pin id="83" dir="1" index="0" bw="1" slack="2147483647"/>
</pin_list>
<bind>
<StgValue><ssdm name="_ssdm_op_SpecBitsMap"/></StgValue>
</bind>
</comp>

<comp id="84" class="1004" name="a_addr_gep_fu_84">
<pin_list>
<pin id="85" dir="0" index="0" bw="40" slack="0"/>
<pin id="86" dir="0" index="1" bw="1" slack="0"/>
<pin id="87" dir="0" index="2" bw="1" slack="0"/>
<pin id="88" dir="1" index="3" bw="3" slack="0"/>
</pin_list>
<bind>
<opcode="getelementptr(29) " fcode="getelementptr"/>
<opset="a_addr/1 "/>
</bind>
</comp>

<comp id="92" class="1004" name="grp_access_fu_92">
<pin_list>
<pin id="93" dir="0" index="0" bw="3" slack="0"/>
<pin id="94" dir="0" index="1" bw="40" slack="2147483647"/>
<pin id="95" dir="0" index="2" bw="0" slack="0"/>
<pin id="97" dir="0" index="4" bw="3" slack="2147483647"/>
<pin id="98" dir="0" index="5" bw="40" slack="2147483647"/>
<pin id="99" dir="0" index="6" bw="0" slack="2147483647"/>
<pin id="96" dir="1" index="3" bw="40" slack="0"/>
<pin id="100" dir="1" index="7" bw="40" slack="0"/>
</pin_list>
<bind>
<opcode="load(27) " fcode="load"/>
<opset="a_load/1 a_load_1/1 a_load_2/2 a_load_3/2 a_load_4/3 "/>
</bind>
</comp>

<comp id="102" class="1004" name="b_addr_gep_fu_102">
<pin_list>
<pin id="103" dir="0" index="0" bw="40" slack="0"/>
<pin id="104" dir="0" index="1" bw="1" slack="0"/>
<pin id="105" dir="0" index="2" bw="1" slack="0"/>
<pin id="106" dir="1" index="3" bw="3" slack="0"/>
</pin_list>
<bind>
<opcode="getelementptr(29) " fcode="getelementptr"/>
<opset="b_addr/1 "/>
</bind>
</comp>

<comp id="110" class="1004" name="grp_access_fu_110">
<pin_list>
<pin id="111" dir="0" index="0" bw="3" slack="0"/>
<pin id="112" dir="0" index="1" bw="40" slack="2147483647"/>
<pin id="113" dir="0" index="2" bw="0" slack="0"/>
<pin id="115" dir="0" index="4" bw="3" slack="2147483647"/>
<pin id="116" dir="0" index="5" bw="40" slack="2147483647"/>
<pin id="117" dir="0" index="6" bw="0" slack="2147483647"/>
<pin id="114" dir="1" index="3" bw="40" slack="0"/>
<pin id="118" dir="1" index="7" bw="40" slack="0"/>
</pin_list>
<bind>
<opcode="load(27) " fcode="load"/>
<opset="b_load/1 b_load_1/1 b_load_2/2 b_load_3/2 b_load_4/3 "/>
</bind>
</comp>

<comp id="120" class="1004" name="b_addr_1_gep_fu_120">
<pin_list>
<pin id="121" dir="0" index="0" bw="40" slack="0"/>
<pin id="122" dir="0" index="1" bw="1" slack="0"/>
<pin id="123" dir="0" index="2" bw="1" slack="0"/>
<pin id="124" dir="1" index="3" bw="3" slack="0"/>
</pin_list>
<bind>
<opcode="getelementptr(29) " fcode="getelementptr"/>
<opset="b_addr_1/1 "/>
</bind>
</comp>

<comp id="129" class="1004" name="a_addr_1_gep_fu_129">
<pin_list>
<pin id="130" dir="0" index="0" bw="40" slack="0"/>
<pin id="131" dir="0" index="1" bw="1" slack="0"/>
<pin id="132" dir="0" index="2" bw="1" slack="0"/>
<pin id="133" dir="1" index="3" bw="3" slack="0"/>
</pin_list>
<bind>
<opcode="getelementptr(29) " fcode="getelementptr"/>
<opset="a_addr_1/1 "/>
</bind>
</comp>

<comp id="138" class="1004" name="b_addr_2_gep_fu_138">
<pin_list>
<pin id="139" dir="0" index="0" bw="40" slack="0"/>
<pin id="140" dir="0" index="1" bw="1" slack="0"/>
<pin id="141" dir="0" index="2" bw="3" slack="0"/>
<pin id="142" dir="1" index="3" bw="3" slack="0"/>
</pin_list>
<bind>
<opcode="getelementptr(29) " fcode="getelementptr"/>
<opset="b_addr_2/2 "/>
</bind>
</comp>

<comp id="147" class="1004" name="b_addr_3_gep_fu_147">
<pin_list>
<pin id="148" dir="0" index="0" bw="40" slack="0"/>
<pin id="149" dir="0" index="1" bw="1" slack="0"/>
<pin id="150" dir="0" index="2" bw="3" slack="0"/>
<pin id="151" dir="1" index="3" bw="3" slack="0"/>
</pin_list>
<bind>
<opcode="getelementptr(29) " fcode="getelementptr"/>
<opset="b_addr_3/2 "/>
</bind>
</comp>

<comp id="156" class="1004" name="a_addr_2_gep_fu_156">
<pin_list>
<pin id="157" dir="0" index="0" bw="40" slack="0"/>
<pin id="158" dir="0" index="1" bw="1" slack="0"/>
<pin id="159" dir="0" index="2" bw="3" slack="0"/>
<pin id="160" dir="1" index="3" bw="3" slack="0"/>
</pin_list>
<bind>
<opcode="getelementptr(29) " fcode="getelementptr"/>
<opset="a_addr_2/2 "/>
</bind>
</comp>

<comp id="165" class="1004" name="a_addr_3_gep_fu_165">
<pin_list>
<pin id="166" dir="0" index="0" bw="40" slack="0"/>
<pin id="167" dir="0" index="1" bw="1" slack="0"/>
<pin id="168" dir="0" index="2" bw="3" slack="0"/>
<pin id="169" dir="1" index="3" bw="3" slack="0"/>
</pin_list>
<bind>
<opcode="getelementptr(29) " fcode="getelementptr"/>
<opset="a_addr_3/2 "/>
</bind>
</comp>

<comp id="174" class="1004" name="b_addr_4_gep_fu_174">
<pin_list>
<pin id="175" dir="0" index="0" bw="40" slack="0"/>
<pin id="176" dir="0" index="1" bw="1" slack="0"/>
<pin id="177" dir="0" index="2" bw="4" slack="0"/>
<pin id="178" dir="1" index="3" bw="3" slack="0"/>
</pin_list>
<bind>
<opcode="getelementptr(29) " fcode="getelementptr"/>
<opset="b_addr_4/3 "/>
</bind>
</comp>

<comp id="183" class="1004" name="a_addr_4_gep_fu_183">
<pin_list>
<pin id="184" dir="0" index="0" bw="40" slack="0"/>
<pin id="185" dir="0" index="1" bw="1" slack="0"/>
<pin id="186" dir="0" index="2" bw="4" slack="0"/>
<pin id="187" dir="1" index="3" bw="3" slack="0"/>
</pin_list>
<bind>
<opcode="getelementptr(29) " fcode="getelementptr"/>
<opset="a_addr_4/3 "/>
</bind>
</comp>

<comp id="192" class="1004" name="prod_addr_gep_fu_192">
<pin_list>
<pin id="193" dir="0" index="0" bw="16" slack="0"/>
<pin id="194" dir="0" index="1" bw="1" slack="0"/>
<pin id="195" dir="0" index="2" bw="1" slack="0"/>
<pin id="196" dir="1" index="3" bw="5" slack="0"/>
</pin_list>
<bind>
<opcode="getelementptr(29) " fcode="getelementptr"/>
<opset="prod_addr/10 "/>
</bind>
</comp>

<comp id="200" class="1004" name="prod_addr_1_gep_fu_200">
<pin_list>
<pin id="201" dir="0" index="0" bw="16" slack="0"/>
<pin id="202" dir="0" index="1" bw="1" slack="0"/>
<pin id="203" dir="0" index="2" bw="1" slack="0"/>
<pin id="204" dir="1" index="3" bw="5" slack="0"/>
</pin_list>
<bind>
<opcode="getelementptr(29) " fcode="getelementptr"/>
<opset="prod_addr_1/10 "/>
</bind>
</comp>

<comp id="208" class="1004" name="grp_access_fu_208">
<pin_list>
<pin id="209" dir="0" index="0" bw="5" slack="0"/>
<pin id="210" dir="0" index="1" bw="16" slack="0"/>
<pin id="211" dir="0" index="2" bw="0" slack="0"/>
<pin id="214" dir="0" index="4" bw="5" slack="0"/>
<pin id="215" dir="0" index="5" bw="16" slack="2147483647"/>
<pin id="216" dir="0" index="6" bw="0" slack="2147483647"/>
<pin id="212" dir="1" index="3" bw="16" slack="2147483647"/>
<pin id="217" dir="1" index="7" bw="16" slack="2147483647"/>
</pin_list>
<bind>
<opcode="store(28) " fcode="store"/>
<opset="store_ln25/10 store_ln25/10 store_ln25/11 store_ln25/11 store_ln25/12 store_ln25/12 store_ln25/13 store_ln25/13 store_ln25/14 store_ln25/14 store_ln25/15 store_ln25/15 store_ln25/16 store_ln25/16 store_ln25/17 store_ln25/17 store_ln25/18 store_ln25/18 store_ln25/19 store_ln25/19 store_ln25/20 store_ln25/20 store_ln25/21 store_ln25/21 store_ln25/22 "/>
</bind>
</comp>

<comp id="219" class="1004" name="prod_addr_2_gep_fu_219">
<pin_list>
<pin id="220" dir="0" index="0" bw="16" slack="0"/>
<pin id="221" dir="0" index="1" bw="1" slack="0"/>
<pin id="222" dir="0" index="2" bw="3" slack="0"/>
<pin id="223" dir="1" index="3" bw="5" slack="0"/>
</pin_list>
<bind>
<opcode="getelementptr(29) " fcode="getelementptr"/>
<opset="prod_addr_2/11 "/>
</bind>
</comp>

<comp id="227" class="1004" name="prod_addr_3_gep_fu_227">
<pin_list>
<pin id="228" dir="0" index="0" bw="16" slack="0"/>
<pin id="229" dir="0" index="1" bw="1" slack="0"/>
<pin id="230" dir="0" index="2" bw="3" slack="0"/>
<pin id="231" dir="1" index="3" bw="5" slack="0"/>
</pin_list>
<bind>
<opcode="getelementptr(29) " fcode="getelementptr"/>
<opset="prod_addr_3/11 "/>
</bind>
</comp>

<comp id="237" class="1004" name="prod_addr_4_gep_fu_237">
<pin_list>
<pin id="238" dir="0" index="0" bw="16" slack="0"/>
<pin id="239" dir="0" index="1" bw="1" slack="0"/>
<pin id="240" dir="0" index="2" bw="4" slack="0"/>
<pin id="241" dir="1" index="3" bw="5" slack="0"/>
</pin_list>
<bind>
<opcode="getelementptr(29) " fcode="getelementptr"/>
<opset="prod_addr_4/12 "/>
</bind>
</comp>

<comp id="245" class="1004" name="prod_addr_5_gep_fu_245">
<pin_list>
<pin id="246" dir="0" index="0" bw="16" slack="0"/>
<pin id="247" dir="0" index="1" bw="1" slack="0"/>
<pin id="248" dir="0" index="2" bw="4" slack="0"/>
<pin id="249" dir="1" index="3" bw="5" slack="0"/>
</pin_list>
<bind>
<opcode="getelementptr(29) " fcode="getelementptr"/>
<opset="prod_addr_5/12 "/>
</bind>
</comp>

<comp id="255" class="1004" name="prod_addr_6_gep_fu_255">
<pin_list>
<pin id="256" dir="0" index="0" bw="16" slack="0"/>
<pin id="257" dir="0" index="1" bw="1" slack="0"/>
<pin id="258" dir="0" index="2" bw="4" slack="0"/>
<pin id="259" dir="1" index="3" bw="5" slack="0"/>
</pin_list>
<bind>
<opcode="getelementptr(29) " fcode="getelementptr"/>
<opset="prod_addr_6/13 "/>
</bind>
</comp>

<comp id="263" class="1004" name="prod_addr_7_gep_fu_263">
<pin_list>
<pin id="264" dir="0" index="0" bw="16" slack="0"/>
<pin id="265" dir="0" index="1" bw="1" slack="0"/>
<pin id="266" dir="0" index="2" bw="4" slack="0"/>
<pin id="267" dir="1" index="3" bw="5" slack="0"/>
</pin_list>
<bind>
<opcode="getelementptr(29) " fcode="getelementptr"/>
<opset="prod_addr_7/13 "/>
</bind>
</comp>

<comp id="273" class="1004" name="prod_addr_8_gep_fu_273">
<pin_list>
<pin id="274" dir="0" index="0" bw="16" slack="0"/>
<pin id="275" dir="0" index="1" bw="1" slack="0"/>
<pin id="276" dir="0" index="2" bw="5" slack="0"/>
<pin id="277" dir="1" index="3" bw="5" slack="0"/>
</pin_list>
<bind>
<opcode="getelementptr(29) " fcode="getelementptr"/>
<opset="prod_addr_8/14 "/>
</bind>
</comp>

<comp id="281" class="1004" name="prod_addr_9_gep_fu_281">
<pin_list>
<pin id="282" dir="0" index="0" bw="16" slack="0"/>
<pin id="283" dir="0" index="1" bw="1" slack="0"/>
<pin id="284" dir="0" index="2" bw="5" slack="0"/>
<pin id="285" dir="1" index="3" bw="5" slack="0"/>
</pin_list>
<bind>
<opcode="getelementptr(29) " fcode="getelementptr"/>
<opset="prod_addr_9/14 "/>
</bind>
</comp>

<comp id="291" class="1004" name="prod_addr_10_gep_fu_291">
<pin_list>
<pin id="292" dir="0" index="0" bw="16" slack="0"/>
<pin id="293" dir="0" index="1" bw="1" slack="0"/>
<pin id="294" dir="0" index="2" bw="5" slack="0"/>
<pin id="295" dir="1" index="3" bw="5" slack="0"/>
</pin_list>
<bind>
<opcode="getelementptr(29) " fcode="getelementptr"/>
<opset="prod_addr_10/15 "/>
</bind>
</comp>

<comp id="299" class="1004" name="prod_addr_11_gep_fu_299">
<pin_list>
<pin id="300" dir="0" index="0" bw="16" slack="0"/>
<pin id="301" dir="0" index="1" bw="1" slack="0"/>
<pin id="302" dir="0" index="2" bw="5" slack="0"/>
<pin id="303" dir="1" index="3" bw="5" slack="0"/>
</pin_list>
<bind>
<opcode="getelementptr(29) " fcode="getelementptr"/>
<opset="prod_addr_11/15 "/>
</bind>
</comp>

<comp id="309" class="1004" name="prod_addr_12_gep_fu_309">
<pin_list>
<pin id="310" dir="0" index="0" bw="16" slack="0"/>
<pin id="311" dir="0" index="1" bw="1" slack="0"/>
<pin id="312" dir="0" index="2" bw="5" slack="0"/>
<pin id="313" dir="1" index="3" bw="5" slack="0"/>
</pin_list>
<bind>
<opcode="getelementptr(29) " fcode="getelementptr"/>
<opset="prod_addr_12/16 "/>
</bind>
</comp>

<comp id="317" class="1004" name="prod_addr_13_gep_fu_317">
<pin_list>
<pin id="318" dir="0" index="0" bw="16" slack="0"/>
<pin id="319" dir="0" index="1" bw="1" slack="0"/>
<pin id="320" dir="0" index="2" bw="5" slack="0"/>
<pin id="321" dir="1" index="3" bw="5" slack="0"/>
</pin_list>
<bind>
<opcode="getelementptr(29) " fcode="getelementptr"/>
<opset="prod_addr_13/16 "/>
</bind>
</comp>

<comp id="327" class="1004" name="prod_addr_14_gep_fu_327">
<pin_list>
<pin id="328" dir="0" index="0" bw="16" slack="0"/>
<pin id="329" dir="0" index="1" bw="1" slack="0"/>
<pin id="330" dir="0" index="2" bw="5" slack="0"/>
<pin id="331" dir="1" index="3" bw="5" slack="0"/>
</pin_list>
<bind>
<opcode="getelementptr(29) " fcode="getelementptr"/>
<opset="prod_addr_14/17 "/>
</bind>
</comp>

<comp id="335" class="1004" name="prod_addr_15_gep_fu_335">
<pin_list>
<pin id="336" dir="0" index="0" bw="16" slack="0"/>
<pin id="337" dir="0" index="1" bw="1" slack="0"/>
<pin id="338" dir="0" index="2" bw="5" slack="0"/>
<pin id="339" dir="1" index="3" bw="5" slack="0"/>
</pin_list>
<bind>
<opcode="getelementptr(29) " fcode="getelementptr"/>
<opset="prod_addr_15/17 "/>
</bind>
</comp>

<comp id="345" class="1004" name="prod_addr_16_gep_fu_345">
<pin_list>
<pin id="346" dir="0" index="0" bw="16" slack="0"/>
<pin id="347" dir="0" index="1" bw="1" slack="0"/>
<pin id="348" dir="0" index="2" bw="6" slack="0"/>
<pin id="349" dir="1" index="3" bw="5" slack="0"/>
</pin_list>
<bind>
<opcode="getelementptr(29) " fcode="getelementptr"/>
<opset="prod_addr_16/18 "/>
</bind>
</comp>

<comp id="353" class="1004" name="prod_addr_17_gep_fu_353">
<pin_list>
<pin id="354" dir="0" index="0" bw="16" slack="0"/>
<pin id="355" dir="0" index="1" bw="1" slack="0"/>
<pin id="356" dir="0" index="2" bw="6" slack="0"/>
<pin id="357" dir="1" index="3" bw="5" slack="0"/>
</pin_list>
<bind>
<opcode="getelementptr(29) " fcode="getelementptr"/>
<opset="prod_addr_17/18 "/>
</bind>
</comp>

<comp id="363" class="1004" name="prod_addr_18_gep_fu_363">
<pin_list>
<pin id="364" dir="0" index="0" bw="16" slack="0"/>
<pin id="365" dir="0" index="1" bw="1" slack="0"/>
<pin id="366" dir="0" index="2" bw="6" slack="0"/>
<pin id="367" dir="1" index="3" bw="5" slack="0"/>
</pin_list>
<bind>
<opcode="getelementptr(29) " fcode="getelementptr"/>
<opset="prod_addr_18/19 "/>
</bind>
</comp>

<comp id="371" class="1004" name="prod_addr_19_gep_fu_371">
<pin_list>
<pin id="372" dir="0" index="0" bw="16" slack="0"/>
<pin id="373" dir="0" index="1" bw="1" slack="0"/>
<pin id="374" dir="0" index="2" bw="6" slack="0"/>
<pin id="375" dir="1" index="3" bw="5" slack="0"/>
</pin_list>
<bind>
<opcode="getelementptr(29) " fcode="getelementptr"/>
<opset="prod_addr_19/19 "/>
</bind>
</comp>

<comp id="381" class="1004" name="prod_addr_20_gep_fu_381">
<pin_list>
<pin id="382" dir="0" index="0" bw="16" slack="0"/>
<pin id="383" dir="0" index="1" bw="1" slack="0"/>
<pin id="384" dir="0" index="2" bw="6" slack="0"/>
<pin id="385" dir="1" index="3" bw="5" slack="0"/>
</pin_list>
<bind>
<opcode="getelementptr(29) " fcode="getelementptr"/>
<opset="prod_addr_20/20 "/>
</bind>
</comp>

<comp id="389" class="1004" name="prod_addr_21_gep_fu_389">
<pin_list>
<pin id="390" dir="0" index="0" bw="16" slack="0"/>
<pin id="391" dir="0" index="1" bw="1" slack="0"/>
<pin id="392" dir="0" index="2" bw="6" slack="0"/>
<pin id="393" dir="1" index="3" bw="5" slack="0"/>
</pin_list>
<bind>
<opcode="getelementptr(29) " fcode="getelementptr"/>
<opset="prod_addr_21/20 "/>
</bind>
</comp>

<comp id="399" class="1004" name="prod_addr_22_gep_fu_399">
<pin_list>
<pin id="400" dir="0" index="0" bw="16" slack="0"/>
<pin id="401" dir="0" index="1" bw="1" slack="0"/>
<pin id="402" dir="0" index="2" bw="6" slack="0"/>
<pin id="403" dir="1" index="3" bw="5" slack="0"/>
</pin_list>
<bind>
<opcode="getelementptr(29) " fcode="getelementptr"/>
<opset="prod_addr_22/21 "/>
</bind>
</comp>

<comp id="407" class="1004" name="prod_addr_23_gep_fu_407">
<pin_list>
<pin id="408" dir="0" index="0" bw="16" slack="0"/>
<pin id="409" dir="0" index="1" bw="1" slack="0"/>
<pin id="410" dir="0" index="2" bw="6" slack="0"/>
<pin id="411" dir="1" index="3" bw="5" slack="0"/>
</pin_list>
<bind>
<opcode="getelementptr(29) " fcode="getelementptr"/>
<opset="prod_addr_23/21 "/>
</bind>
</comp>

<comp id="417" class="1004" name="prod_addr_24_gep_fu_417">
<pin_list>
<pin id="418" dir="0" index="0" bw="16" slack="0"/>
<pin id="419" dir="0" index="1" bw="1" slack="0"/>
<pin id="420" dir="0" index="2" bw="6" slack="0"/>
<pin id="421" dir="1" index="3" bw="5" slack="0"/>
</pin_list>
<bind>
<opcode="getelementptr(29) " fcode="getelementptr"/>
<opset="prod_addr_24/22 "/>
</bind>
</comp>

<comp id="426" class="1004" name="grp_fu_426">
<pin_list>
<pin id="427" dir="0" index="0" bw="8" slack="0"/>
<pin id="428" dir="0" index="1" bw="40" slack="0"/>
<pin id="429" dir="0" index="2" bw="5" slack="0"/>
<pin id="430" dir="1" index="3" bw="8" slack="6"/>
</pin_list>
<bind>
<opcode="partselect(1002) " fcode="partselect"/>
<opset="tmp/2 tmp_27/3 "/>
</bind>
</comp>

<comp id="434" class="1004" name="grp_fu_434">
<pin_list>
<pin id="435" dir="0" index="0" bw="8" slack="0"/>
<pin id="436" dir="0" index="1" bw="40" slack="0"/>
<pin id="437" dir="0" index="2" bw="5" slack="0"/>
<pin id="438" dir="1" index="3" bw="8" slack="5"/>
</pin_list>
<bind>
<opcode="partselect(1002) " fcode="partselect"/>
<opset="tmp_1/2 tmp_11/3 "/>
</bind>
</comp>

<comp id="442" class="1004" name="grp_fu_442">
<pin_list>
<pin id="443" dir="0" index="0" bw="8" slack="0"/>
<pin id="444" dir="0" index="1" bw="40" slack="0"/>
<pin id="445" dir="0" index="2" bw="6" slack="0"/>
<pin id="446" dir="1" index="3" bw="8" slack="5"/>
</pin_list>
<bind>
<opcode="partselect(1002) " fcode="partselect"/>
<opset="tmp_2/2 tmp_28/3 "/>
</bind>
</comp>

<comp id="450" class="1004" name="grp_fu_450">
<pin_list>
<pin id="451" dir="0" index="0" bw="8" slack="0"/>
<pin id="452" dir="0" index="1" bw="40" slack="0"/>
<pin id="453" dir="0" index="2" bw="6" slack="0"/>
<pin id="454" dir="1" index="3" bw="8" slack="5"/>
</pin_list>
<bind>
<opcode="partselect(1002) " fcode="partselect"/>
<opset="tmp_3/2 tmp_12/3 "/>
</bind>
</comp>

<comp id="458" class="1004" name="grp_fu_458">
<pin_list>
<pin id="459" dir="0" index="0" bw="8" slack="0"/>
<pin id="460" dir="0" index="1" bw="40" slack="0"/>
<pin id="461" dir="0" index="2" bw="6" slack="0"/>
<pin id="462" dir="1" index="3" bw="8" slack="0"/>
</pin_list>
<bind>
<opcode="partselect(1002) " fcode="partselect"/>
<opset="tmp_4/2 tmp_29/3 "/>
</bind>
</comp>

<comp id="466" class="1004" name="grp_fu_466">
<pin_list>
<pin id="467" dir="0" index="0" bw="8" slack="0"/>
<pin id="468" dir="0" index="1" bw="40" slack="0"/>
<pin id="469" dir="0" index="2" bw="6" slack="0"/>
<pin id="470" dir="1" index="3" bw="8" slack="0"/>
</pin_list>
<bind>
<opcode="partselect(1002) " fcode="partselect"/>
<opset="tmp_5/2 tmp_13/3 "/>
</bind>
</comp>

<comp id="474" class="1004" name="grp_fu_474">
<pin_list>
<pin id="475" dir="0" index="0" bw="8" slack="0"/>
<pin id="476" dir="0" index="1" bw="40" slack="0"/>
<pin id="477" dir="0" index="2" bw="7" slack="0"/>
<pin id="478" dir="1" index="3" bw="8" slack="0"/>
</pin_list>
<bind>
<opcode="partselect(1002) " fcode="partselect"/>
<opset="tmp_6/2 tmp_30/3 "/>
</bind>
</comp>

<comp id="482" class="1004" name="grp_fu_482">
<pin_list>
<pin id="483" dir="0" index="0" bw="8" slack="0"/>
<pin id="484" dir="0" index="1" bw="40" slack="0"/>
<pin id="485" dir="0" index="2" bw="7" slack="0"/>
<pin id="486" dir="1" index="3" bw="8" slack="0"/>
</pin_list>
<bind>
<opcode="partselect(1002) " fcode="partselect"/>
<opset="tmp_7/2 tmp_14/3 "/>
</bind>
</comp>

<comp id="490" class="1004" name="grp_fu_490">
<pin_list>
<pin id="491" dir="0" index="0" bw="8" slack="0"/>
<pin id="492" dir="0" index="1" bw="40" slack="0"/>
<pin id="493" dir="0" index="2" bw="5" slack="0"/>
<pin id="494" dir="1" index="3" bw="8" slack="5"/>
</pin_list>
<bind>
<opcode="partselect(1002) " fcode="partselect"/>
<opset="tmp_8/2 tmp_15/3 tmp_19/4 "/>
</bind>
</comp>

<comp id="498" class="1004" name="grp_fu_498">
<pin_list>
<pin id="499" dir="0" index="0" bw="8" slack="0"/>
<pin id="500" dir="0" index="1" bw="40" slack="0"/>
<pin id="501" dir="0" index="2" bw="6" slack="0"/>
<pin id="502" dir="1" index="3" bw="8" slack="5"/>
</pin_list>
<bind>
<opcode="partselect(1002) " fcode="partselect"/>
<opset="tmp_9/2 tmp_16/3 tmp_20/4 "/>
</bind>
</comp>

<comp id="506" class="1004" name="grp_fu_506">
<pin_list>
<pin id="507" dir="0" index="0" bw="8" slack="0"/>
<pin id="508" dir="0" index="1" bw="40" slack="0"/>
<pin id="509" dir="0" index="2" bw="6" slack="0"/>
<pin id="510" dir="1" index="3" bw="8" slack="0"/>
</pin_list>
<bind>
<opcode="partselect(1002) " fcode="partselect"/>
<opset="tmp_s/2 tmp_17/3 tmp_21/4 "/>
</bind>
</comp>

<comp id="514" class="1004" name="grp_fu_514">
<pin_list>
<pin id="515" dir="0" index="0" bw="8" slack="0"/>
<pin id="516" dir="0" index="1" bw="40" slack="0"/>
<pin id="517" dir="0" index="2" bw="7" slack="0"/>
<pin id="518" dir="1" index="3" bw="8" slack="0"/>
</pin_list>
<bind>
<opcode="partselect(1002) " fcode="partselect"/>
<opset="tmp_10/2 tmp_18/3 tmp_22/4 "/>
</bind>
</comp>

<comp id="522" class="1004" name="grp_fu_522">
<pin_list>
<pin id="523" dir="0" index="0" bw="8" slack="0"/>
<pin id="524" dir="0" index="1" bw="40" slack="0"/>
<pin id="525" dir="0" index="2" bw="5" slack="0"/>
<pin id="526" dir="1" index="3" bw="8" slack="7"/>
</pin_list>
<bind>
<opcode="partselect(1002) " fcode="partselect"/>
<opset="tmp_23/2 tmp_31/3 tmp_35/4 "/>
</bind>
</comp>

<comp id="530" class="1004" name="grp_fu_530">
<pin_list>
<pin id="531" dir="0" index="0" bw="8" slack="0"/>
<pin id="532" dir="0" index="1" bw="40" slack="0"/>
<pin id="533" dir="0" index="2" bw="6" slack="0"/>
<pin id="534" dir="1" index="3" bw="8" slack="7"/>
</pin_list>
<bind>
<opcode="partselect(1002) " fcode="partselect"/>
<opset="tmp_24/2 tmp_32/3 tmp_36/4 "/>
</bind>
</comp>

<comp id="538" class="1004" name="grp_fu_538">
<pin_list>
<pin id="539" dir="0" index="0" bw="8" slack="0"/>
<pin id="540" dir="0" index="1" bw="40" slack="0"/>
<pin id="541" dir="0" index="2" bw="6" slack="0"/>
<pin id="542" dir="1" index="3" bw="8" slack="0"/>
</pin_list>
<bind>
<opcode="partselect(1002) " fcode="partselect"/>
<opset="tmp_25/2 tmp_33/3 tmp_37/4 "/>
</bind>
</comp>

<comp id="546" class="1004" name="grp_fu_546">
<pin_list>
<pin id="547" dir="0" index="0" bw="8" slack="0"/>
<pin id="548" dir="0" index="1" bw="40" slack="0"/>
<pin id="549" dir="0" index="2" bw="7" slack="0"/>
<pin id="550" dir="1" index="3" bw="8" slack="0"/>
</pin_list>
<bind>
<opcode="partselect(1002) " fcode="partselect"/>
<opset="tmp_26/2 tmp_34/3 tmp_38/4 "/>
</bind>
</comp>

<comp id="554" class="1005" name="reg_554">
<pin_list>
<pin id="555" dir="0" index="0" bw="8" slack="1"/>
<pin id="556" dir="1" index="1" bw="8" slack="1"/>
</pin_list>
<bind>
<opset="tmp_34 tmp_38 "/>
</bind>
</comp>

<comp id="558" class="1004" name="trunc_ln25_fu_558">
<pin_list>
<pin id="559" dir="0" index="0" bw="40" slack="0"/>
<pin id="560" dir="1" index="1" bw="8" slack="4"/>
</pin_list>
<bind>
<opcode="trunc(33) " fcode="trunc"/>
<opset="trunc_ln25/2 "/>
</bind>
</comp>

<comp id="562" class="1004" name="trunc_ln25_1_fu_562">
<pin_list>
<pin id="563" dir="0" index="0" bw="40" slack="0"/>
<pin id="564" dir="1" index="1" bw="8" slack="4"/>
</pin_list>
<bind>
<opcode="trunc(33) " fcode="trunc"/>
<opset="trunc_ln25_1/2 "/>
</bind>
</comp>

<comp id="566" class="1004" name="zext_ln25_6_fu_566">
<pin_list>
<pin id="567" dir="0" index="0" bw="8" slack="0"/>
<pin id="568" dir="1" index="1" bw="16" slack="0"/>
</pin_list>
<bind>
<opcode="zext(34) " fcode="zext"/>
<opset="zext_ln25_6/2 "/>
</bind>
</comp>

<comp id="570" class="1004" name="zext_ln25_7_fu_570">
<pin_list>
<pin id="571" dir="0" index="0" bw="8" slack="0"/>
<pin id="572" dir="1" index="1" bw="16" slack="0"/>
</pin_list>
<bind>
<opcode="zext(34) " fcode="zext"/>
<opset="zext_ln25_7/2 "/>
</bind>
</comp>

<comp id="574" class="1004" name="zext_ln25_8_fu_574">
<pin_list>
<pin id="575" dir="0" index="0" bw="8" slack="0"/>
<pin id="576" dir="1" index="1" bw="16" slack="0"/>
</pin_list>
<bind>
<opcode="zext(34) " fcode="zext"/>
<opset="zext_ln25_8/2 "/>
</bind>
</comp>

<comp id="578" class="1004" name="zext_ln25_9_fu_578">
<pin_list>
<pin id="579" dir="0" index="0" bw="8" slack="0"/>
<pin id="580" dir="1" index="1" bw="16" slack="0"/>
</pin_list>
<bind>
<opcode="zext(34) " fcode="zext"/>
<opset="zext_ln25_9/2 "/>
</bind>
</comp>

<comp id="582" class="1004" name="mul_ln25_3_fu_582">
<pin_list>
<pin id="583" dir="0" index="0" bw="8" slack="0"/>
<pin id="584" dir="0" index="1" bw="8" slack="0"/>
<pin id="585" dir="1" index="2" bw="16" slack="2"/>
</pin_list>
<bind>
<opcode="mul(12) " fcode="mul"/>
<opset="mul_ln25_3/2 "/>
</bind>
</comp>

<comp id="588" class="1004" name="trunc_ln25_2_fu_588">
<pin_list>
<pin id="589" dir="0" index="0" bw="40" slack="0"/>
<pin id="590" dir="1" index="1" bw="8" slack="4"/>
</pin_list>
<bind>
<opcode="trunc(33) " fcode="trunc"/>
<opset="trunc_ln25_2/2 "/>
</bind>
</comp>

<comp id="592" class="1004" name="zext_ln25_13_fu_592">
<pin_list>
<pin id="593" dir="0" index="0" bw="8" slack="0"/>
<pin id="594" dir="1" index="1" bw="16" slack="0"/>
</pin_list>
<bind>
<opcode="zext(34) " fcode="zext"/>
<opset="zext_ln25_13/2 "/>
</bind>
</comp>

<comp id="596" class="1004" name="zext_ln25_14_fu_596">
<pin_list>
<pin id="597" dir="0" index="0" bw="8" slack="0"/>
<pin id="598" dir="1" index="1" bw="16" slack="0"/>
</pin_list>
<bind>
<opcode="zext(34) " fcode="zext"/>
<opset="zext_ln25_14/2 "/>
</bind>
</comp>

<comp id="600" class="1004" name="mul_ln25_8_fu_600">
<pin_list>
<pin id="601" dir="0" index="0" bw="8" slack="0"/>
<pin id="602" dir="0" index="1" bw="8" slack="0"/>
<pin id="603" dir="1" index="2" bw="16" slack="2"/>
</pin_list>
<bind>
<opcode="mul(12) " fcode="mul"/>
<opset="mul_ln25_8/2 "/>
</bind>
</comp>

<comp id="606" class="1004" name="trunc_ln25_6_fu_606">
<pin_list>
<pin id="607" dir="0" index="0" bw="40" slack="0"/>
<pin id="608" dir="1" index="1" bw="8" slack="5"/>
</pin_list>
<bind>
<opcode="trunc(33) " fcode="trunc"/>
<opset="trunc_ln25_6/2 "/>
</bind>
</comp>

<comp id="610" class="1004" name="zext_ln25_33_fu_610">
<pin_list>
<pin id="611" dir="0" index="0" bw="8" slack="0"/>
<pin id="612" dir="1" index="1" bw="16" slack="0"/>
</pin_list>
<bind>
<opcode="zext(34) " fcode="zext"/>
<opset="zext_ln25_33/2 "/>
</bind>
</comp>

<comp id="614" class="1004" name="zext_ln25_34_fu_614">
<pin_list>
<pin id="615" dir="0" index="0" bw="8" slack="0"/>
<pin id="616" dir="1" index="1" bw="16" slack="0"/>
</pin_list>
<bind>
<opcode="zext(34) " fcode="zext"/>
<opset="zext_ln25_34/2 "/>
</bind>
</comp>

<comp id="618" class="1004" name="mul_ln25_28_fu_618">
<pin_list>
<pin id="619" dir="0" index="0" bw="8" slack="0"/>
<pin id="620" dir="0" index="1" bw="8" slack="0"/>
<pin id="621" dir="1" index="2" bw="16" slack="2"/>
</pin_list>
<bind>
<opcode="mul(12) " fcode="mul"/>
<opset="mul_ln25_28/2 "/>
</bind>
</comp>

<comp id="624" class="1004" name="mul_ln25_33_fu_624">
<pin_list>
<pin id="625" dir="0" index="0" bw="8" slack="0"/>
<pin id="626" dir="0" index="1" bw="8" slack="0"/>
<pin id="627" dir="1" index="2" bw="16" slack="2"/>
</pin_list>
<bind>
<opcode="mul(12) " fcode="mul"/>
<opset="mul_ln25_33/2 "/>
</bind>
</comp>

<comp id="630" class="1004" name="trunc_ln25_3_fu_630">
<pin_list>
<pin id="631" dir="0" index="0" bw="40" slack="0"/>
<pin id="632" dir="1" index="1" bw="8" slack="3"/>
</pin_list>
<bind>
<opcode="trunc(33) " fcode="trunc"/>
<opset="trunc_ln25_3/3 "/>
</bind>
</comp>

<comp id="634" class="1004" name="zext_ln25_18_fu_634">
<pin_list>
<pin id="635" dir="0" index="0" bw="8" slack="0"/>
<pin id="636" dir="1" index="1" bw="16" slack="0"/>
</pin_list>
<bind>
<opcode="zext(34) " fcode="zext"/>
<opset="zext_ln25_18/3 "/>
</bind>
</comp>

<comp id="638" class="1004" name="zext_ln25_19_fu_638">
<pin_list>
<pin id="639" dir="0" index="0" bw="8" slack="0"/>
<pin id="640" dir="1" index="1" bw="16" slack="0"/>
</pin_list>
<bind>
<opcode="zext(34) " fcode="zext"/>
<opset="zext_ln25_19/3 "/>
</bind>
</comp>

<comp id="642" class="1004" name="mul_ln25_13_fu_642">
<pin_list>
<pin id="643" dir="0" index="0" bw="8" slack="0"/>
<pin id="644" dir="0" index="1" bw="8" slack="1"/>
<pin id="645" dir="1" index="2" bw="16" slack="2"/>
</pin_list>
<bind>
<opcode="mul(12) " fcode="mul"/>
<opset="mul_ln25_13/3 "/>
</bind>
</comp>

<comp id="647" class="1004" name="trunc_ln25_4_fu_647">
<pin_list>
<pin id="648" dir="0" index="0" bw="40" slack="0"/>
<pin id="649" dir="1" index="1" bw="8" slack="4"/>
</pin_list>
<bind>
<opcode="trunc(33) " fcode="trunc"/>
<opset="trunc_ln25_4/3 "/>
</bind>
</comp>

<comp id="651" class="1004" name="zext_ln25_23_fu_651">
<pin_list>
<pin id="652" dir="0" index="0" bw="8" slack="0"/>
<pin id="653" dir="1" index="1" bw="16" slack="0"/>
</pin_list>
<bind>
<opcode="zext(34) " fcode="zext"/>
<opset="zext_ln25_23/3 "/>
</bind>
</comp>

<comp id="655" class="1004" name="zext_ln25_24_fu_655">
<pin_list>
<pin id="656" dir="0" index="0" bw="8" slack="0"/>
<pin id="657" dir="1" index="1" bw="16" slack="0"/>
</pin_list>
<bind>
<opcode="zext(34) " fcode="zext"/>
<opset="zext_ln25_24/3 "/>
</bind>
</comp>

<comp id="659" class="1004" name="mul_ln25_18_fu_659">
<pin_list>
<pin id="660" dir="0" index="0" bw="8" slack="0"/>
<pin id="661" dir="0" index="1" bw="8" slack="1"/>
<pin id="662" dir="1" index="2" bw="16" slack="2"/>
</pin_list>
<bind>
<opcode="mul(12) " fcode="mul"/>
<opset="mul_ln25_18/3 "/>
</bind>
</comp>

<comp id="664" class="1004" name="mul_ln25_38_fu_664">
<pin_list>
<pin id="665" dir="0" index="0" bw="8" slack="1"/>
<pin id="666" dir="0" index="1" bw="8" slack="0"/>
<pin id="667" dir="1" index="2" bw="16" slack="2"/>
</pin_list>
<bind>
<opcode="mul(12) " fcode="mul"/>
<opset="mul_ln25_38/3 "/>
</bind>
</comp>

<comp id="669" class="1004" name="mul_ln25_43_fu_669">
<pin_list>
<pin id="670" dir="0" index="0" bw="8" slack="1"/>
<pin id="671" dir="0" index="1" bw="8" slack="0"/>
<pin id="672" dir="1" index="2" bw="16" slack="2"/>
</pin_list>
<bind>
<opcode="mul(12) " fcode="mul"/>
<opset="mul_ln25_43/3 "/>
</bind>
</comp>

<comp id="674" class="1004" name="trunc_ln25_7_fu_674">
<pin_list>
<pin id="675" dir="0" index="0" bw="40" slack="0"/>
<pin id="676" dir="1" index="1" bw="8" slack="5"/>
</pin_list>
<bind>
<opcode="trunc(33) " fcode="trunc"/>
<opset="trunc_ln25_7/3 "/>
</bind>
</comp>

<comp id="678" class="1004" name="zext_ln25_39_fu_678">
<pin_list>
<pin id="679" dir="0" index="0" bw="8" slack="0"/>
<pin id="680" dir="1" index="1" bw="16" slack="0"/>
</pin_list>
<bind>
<opcode="zext(34) " fcode="zext"/>
<opset="zext_ln25_39/3 "/>
</bind>
</comp>

<comp id="682" class="1004" name="trunc_ln25_8_fu_682">
<pin_list>
<pin id="683" dir="0" index="0" bw="40" slack="0"/>
<pin id="684" dir="1" index="1" bw="8" slack="7"/>
</pin_list>
<bind>
<opcode="trunc(33) " fcode="trunc"/>
<opset="trunc_ln25_8/3 "/>
</bind>
</comp>

<comp id="686" class="1004" name="trunc_ln25_5_fu_686">
<pin_list>
<pin id="687" dir="0" index="0" bw="40" slack="0"/>
<pin id="688" dir="1" index="1" bw="8" slack="3"/>
</pin_list>
<bind>
<opcode="trunc(33) " fcode="trunc"/>
<opset="trunc_ln25_5/4 "/>
</bind>
</comp>

<comp id="690" class="1004" name="zext_ln25_28_fu_690">
<pin_list>
<pin id="691" dir="0" index="0" bw="8" slack="0"/>
<pin id="692" dir="1" index="1" bw="16" slack="0"/>
</pin_list>
<bind>
<opcode="zext(34) " fcode="zext"/>
<opset="zext_ln25_28/4 "/>
</bind>
</comp>

<comp id="694" class="1004" name="zext_ln25_29_fu_694">
<pin_list>
<pin id="695" dir="0" index="0" bw="8" slack="0"/>
<pin id="696" dir="1" index="1" bw="16" slack="0"/>
</pin_list>
<bind>
<opcode="zext(34) " fcode="zext"/>
<opset="zext_ln25_29/4 "/>
</bind>
</comp>

<comp id="698" class="1004" name="mul_ln25_23_fu_698">
<pin_list>
<pin id="699" dir="0" index="0" bw="8" slack="0"/>
<pin id="700" dir="0" index="1" bw="8" slack="2"/>
<pin id="701" dir="1" index="2" bw="16" slack="2"/>
</pin_list>
<bind>
<opcode="mul(12) " fcode="mul"/>
<opset="mul_ln25_23/4 "/>
</bind>
</comp>

<comp id="703" class="1004" name="mul_ln25_48_fu_703">
<pin_list>
<pin id="704" dir="0" index="0" bw="8" slack="2"/>
<pin id="705" dir="0" index="1" bw="8" slack="0"/>
<pin id="706" dir="1" index="2" bw="16" slack="2"/>
</pin_list>
<bind>
<opcode="mul(12) " fcode="mul"/>
<opset="mul_ln25_48/4 "/>
</bind>
</comp>

<comp id="708" class="1004" name="zext_ln25_38_fu_708">
<pin_list>
<pin id="709" dir="0" index="0" bw="8" slack="1"/>
<pin id="710" dir="1" index="1" bw="16" slack="0"/>
</pin_list>
<bind>
<opcode="zext(34) " fcode="zext"/>
<opset="zext_ln25_38/4 "/>
</bind>
</comp>

<comp id="711" class="1004" name="mul_ln25_53_fu_711">
<pin_list>
<pin id="712" dir="0" index="0" bw="8" slack="0"/>
<pin id="713" dir="0" index="1" bw="8" slack="2"/>
<pin id="714" dir="1" index="2" bw="16" slack="1"/>
</pin_list>
<bind>
<opcode="mul(12) " fcode="mul"/>
<opset="mul_ln25_53/4 "/>
</bind>
</comp>

<comp id="716" class="1004" name="mul_ln25_58_fu_716">
<pin_list>
<pin id="717" dir="0" index="0" bw="8" slack="0"/>
<pin id="718" dir="0" index="1" bw="8" slack="2"/>
<pin id="719" dir="1" index="2" bw="16" slack="1"/>
</pin_list>
<bind>
<opcode="mul(12) " fcode="mul"/>
<opset="mul_ln25_58/4 "/>
</bind>
</comp>

<comp id="721" class="1004" name="zext_ln25_44_fu_721">
<pin_list>
<pin id="722" dir="0" index="0" bw="8" slack="1"/>
<pin id="723" dir="1" index="1" bw="16" slack="0"/>
</pin_list>
<bind>
<opcode="zext(34) " fcode="zext"/>
<opset="zext_ln25_44/4 "/>
</bind>
</comp>

<comp id="725" class="1004" name="trunc_ln25_9_fu_725">
<pin_list>
<pin id="726" dir="0" index="0" bw="40" slack="0"/>
<pin id="727" dir="1" index="1" bw="8" slack="7"/>
</pin_list>
<bind>
<opcode="trunc(33) " fcode="trunc"/>
<opset="trunc_ln25_9/4 "/>
</bind>
</comp>

<comp id="729" class="1004" name="mul_ln25_63_fu_729">
<pin_list>
<pin id="730" dir="0" index="0" bw="8" slack="1"/>
<pin id="731" dir="0" index="1" bw="8" slack="2"/>
<pin id="732" dir="1" index="2" bw="16" slack="1"/>
</pin_list>
<bind>
<opcode="mul(12) " fcode="mul"/>
<opset="mul_ln25_63/5 "/>
</bind>
</comp>

<comp id="733" class="1004" name="mul_ln25_68_fu_733">
<pin_list>
<pin id="734" dir="0" index="0" bw="8" slack="1"/>
<pin id="735" dir="0" index="1" bw="8" slack="2"/>
<pin id="736" dir="1" index="2" bw="16" slack="1"/>
</pin_list>
<bind>
<opcode="mul(12) " fcode="mul"/>
<opset="mul_ln25_68/5 "/>
</bind>
</comp>

<comp id="737" class="1004" name="mul_ln25_73_fu_737">
<pin_list>
<pin id="738" dir="0" index="0" bw="8" slack="1"/>
<pin id="739" dir="0" index="1" bw="8" slack="1"/>
<pin id="740" dir="1" index="2" bw="16" slack="1"/>
</pin_list>
<bind>
<opcode="mul(12) " fcode="mul"/>
<opset="mul_ln25_73/5 "/>
</bind>
</comp>

<comp id="741" class="1004" name="zext_ln25_43_fu_741">
<pin_list>
<pin id="742" dir="0" index="0" bw="8" slack="2"/>
<pin id="743" dir="1" index="1" bw="16" slack="0"/>
</pin_list>
<bind>
<opcode="zext(34) " fcode="zext"/>
<opset="zext_ln25_43/5 "/>
</bind>
</comp>

<comp id="744" class="1004" name="mul_ln25_78_fu_744">
<pin_list>
<pin id="745" dir="0" index="0" bw="8" slack="0"/>
<pin id="746" dir="0" index="1" bw="8" slack="3"/>
<pin id="747" dir="1" index="2" bw="16" slack="1"/>
</pin_list>
<bind>
<opcode="mul(12) " fcode="mul"/>
<opset="mul_ln25_78/5 "/>
</bind>
</comp>

<comp id="749" class="1004" name="zext_ln25_49_fu_749">
<pin_list>
<pin id="750" dir="0" index="0" bw="8" slack="1"/>
<pin id="751" dir="1" index="1" bw="16" slack="0"/>
</pin_list>
<bind>
<opcode="zext(34) " fcode="zext"/>
<opset="zext_ln25_49/5 "/>
</bind>
</comp>

<comp id="753" class="1004" name="zext_ln25_fu_753">
<pin_list>
<pin id="754" dir="0" index="0" bw="8" slack="4"/>
<pin id="755" dir="1" index="1" bw="16" slack="0"/>
</pin_list>
<bind>
<opcode="zext(34) " fcode="zext"/>
<opset="zext_ln25/6 "/>
</bind>
</comp>

<comp id="756" class="1004" name="zext_ln25_1_fu_756">
<pin_list>
<pin id="757" dir="0" index="0" bw="8" slack="4"/>
<pin id="758" dir="1" index="1" bw="16" slack="0"/>
</pin_list>
<bind>
<opcode="zext(34) " fcode="zext"/>
<opset="zext_ln25_1/6 "/>
</bind>
</comp>

<comp id="759" class="1004" name="zext_ln25_10_fu_759">
<pin_list>
<pin id="760" dir="0" index="0" bw="8" slack="4"/>
<pin id="761" dir="1" index="1" bw="16" slack="0"/>
</pin_list>
<bind>
<opcode="zext(34) " fcode="zext"/>
<opset="zext_ln25_10/6 "/>
</bind>
</comp>

<comp id="762" class="1004" name="zext_ln25_15_fu_762">
<pin_list>
<pin id="763" dir="0" index="0" bw="8" slack="3"/>
<pin id="764" dir="1" index="1" bw="16" slack="0"/>
</pin_list>
<bind>
<opcode="zext(34) " fcode="zext"/>
<opset="zext_ln25_15/6 "/>
</bind>
</comp>

<comp id="765" class="1004" name="mul_ln25_83_fu_765">
<pin_list>
<pin id="766" dir="0" index="0" bw="8" slack="1"/>
<pin id="767" dir="0" index="1" bw="8" slack="4"/>
<pin id="768" dir="1" index="2" bw="16" slack="1"/>
</pin_list>
<bind>
<opcode="mul(12) " fcode="mul"/>
<opset="mul_ln25_83/6 "/>
</bind>
</comp>

<comp id="769" class="1004" name="mul_ln25_88_fu_769">
<pin_list>
<pin id="770" dir="0" index="0" bw="8" slack="1"/>
<pin id="771" dir="0" index="1" bw="8" slack="3"/>
<pin id="772" dir="1" index="2" bw="16" slack="1"/>
</pin_list>
<bind>
<opcode="mul(12) " fcode="mul"/>
<opset="mul_ln25_88/6 "/>
</bind>
</comp>

<comp id="773" class="1004" name="mul_ln25_93_fu_773">
<pin_list>
<pin id="774" dir="0" index="0" bw="8" slack="1"/>
<pin id="775" dir="0" index="1" bw="8" slack="3"/>
<pin id="776" dir="1" index="2" bw="16" slack="1"/>
</pin_list>
<bind>
<opcode="mul(12) " fcode="mul"/>
<opset="mul_ln25_93/6 "/>
</bind>
</comp>

<comp id="777" class="1004" name="mul_ln25_98_fu_777">
<pin_list>
<pin id="778" dir="0" index="0" bw="8" slack="1"/>
<pin id="779" dir="0" index="1" bw="8" slack="2"/>
<pin id="780" dir="1" index="2" bw="16" slack="1"/>
</pin_list>
<bind>
<opcode="mul(12) " fcode="mul"/>
<opset="mul_ln25_98/6 "/>
</bind>
</comp>

<comp id="781" class="1004" name="zext_ln25_4_fu_781">
<pin_list>
<pin id="782" dir="0" index="0" bw="8" slack="5"/>
<pin id="783" dir="1" index="1" bw="16" slack="0"/>
</pin_list>
<bind>
<opcode="zext(34) " fcode="zext"/>
<opset="zext_ln25_4/7 "/>
</bind>
</comp>

<comp id="784" class="1004" name="zext_ln25_5_fu_784">
<pin_list>
<pin id="785" dir="0" index="0" bw="8" slack="5"/>
<pin id="786" dir="1" index="1" bw="16" slack="0"/>
</pin_list>
<bind>
<opcode="zext(34) " fcode="zext"/>
<opset="zext_ln25_5/7 "/>
</bind>
</comp>

<comp id="787" class="1004" name="zext_ln25_12_fu_787">
<pin_list>
<pin id="788" dir="0" index="0" bw="8" slack="5"/>
<pin id="789" dir="1" index="1" bw="16" slack="0"/>
</pin_list>
<bind>
<opcode="zext(34) " fcode="zext"/>
<opset="zext_ln25_12/7 "/>
</bind>
</comp>

<comp id="790" class="1004" name="zext_ln25_20_fu_790">
<pin_list>
<pin id="791" dir="0" index="0" bw="8" slack="4"/>
<pin id="792" dir="1" index="1" bw="16" slack="0"/>
</pin_list>
<bind>
<opcode="zext(34) " fcode="zext"/>
<opset="zext_ln25_20/7 "/>
</bind>
</comp>

<comp id="793" class="1004" name="zext_ln25_25_fu_793">
<pin_list>
<pin id="794" dir="0" index="0" bw="8" slack="3"/>
<pin id="795" dir="1" index="1" bw="16" slack="0"/>
</pin_list>
<bind>
<opcode="zext(34) " fcode="zext"/>
<opset="zext_ln25_25/7 "/>
</bind>
</comp>

<comp id="796" class="1004" name="zext_ln25_30_fu_796">
<pin_list>
<pin id="797" dir="0" index="0" bw="8" slack="5"/>
<pin id="798" dir="1" index="1" bw="16" slack="0"/>
</pin_list>
<bind>
<opcode="zext(34) " fcode="zext"/>
<opset="zext_ln25_30/7 "/>
</bind>
</comp>

<comp id="799" class="1004" name="zext_ln25_48_fu_799">
<pin_list>
<pin id="800" dir="0" index="0" bw="8" slack="3"/>
<pin id="801" dir="1" index="1" bw="16" slack="0"/>
</pin_list>
<bind>
<opcode="zext(34) " fcode="zext"/>
<opset="zext_ln25_48/7 "/>
</bind>
</comp>

<comp id="802" class="1004" name="mul_ln25_103_fu_802">
<pin_list>
<pin id="803" dir="0" index="0" bw="8" slack="0"/>
<pin id="804" dir="0" index="1" bw="8" slack="5"/>
<pin id="805" dir="1" index="2" bw="16" slack="0"/>
</pin_list>
<bind>
<opcode="mul(12) " fcode="mul"/>
<opset="mul_ln25_103/7 "/>
</bind>
</comp>

<comp id="807" class="1004" name="mul_ln25_108_fu_807">
<pin_list>
<pin id="808" dir="0" index="0" bw="8" slack="0"/>
<pin id="809" dir="0" index="1" bw="8" slack="5"/>
<pin id="810" dir="1" index="2" bw="16" slack="0"/>
</pin_list>
<bind>
<opcode="mul(12) " fcode="mul"/>
<opset="mul_ln25_108/7 "/>
</bind>
</comp>

<comp id="812" class="1004" name="mul_ln25_113_fu_812">
<pin_list>
<pin id="813" dir="0" index="0" bw="8" slack="0"/>
<pin id="814" dir="0" index="1" bw="8" slack="4"/>
<pin id="815" dir="1" index="2" bw="16" slack="1"/>
</pin_list>
<bind>
<opcode="mul(12) " fcode="mul"/>
<opset="mul_ln25_113/7 "/>
</bind>
</comp>

<comp id="817" class="1004" name="mul_ln25_118_fu_817">
<pin_list>
<pin id="818" dir="0" index="0" bw="8" slack="0"/>
<pin id="819" dir="0" index="1" bw="8" slack="4"/>
<pin id="820" dir="1" index="2" bw="16" slack="1"/>
</pin_list>
<bind>
<opcode="mul(12) " fcode="mul"/>
<opset="mul_ln25_118/7 "/>
</bind>
</comp>

<comp id="822" class="1004" name="zext_ln25_2_fu_822">
<pin_list>
<pin id="823" dir="0" index="0" bw="8" slack="6"/>
<pin id="824" dir="1" index="1" bw="16" slack="0"/>
</pin_list>
<bind>
<opcode="zext(34) " fcode="zext"/>
<opset="zext_ln25_2/8 "/>
</bind>
</comp>

<comp id="825" class="1004" name="zext_ln25_3_fu_825">
<pin_list>
<pin id="826" dir="0" index="0" bw="8" slack="6"/>
<pin id="827" dir="1" index="1" bw="16" slack="0"/>
</pin_list>
<bind>
<opcode="zext(34) " fcode="zext"/>
<opset="zext_ln25_3/8 "/>
</bind>
</comp>

<comp id="828" class="1004" name="mul_ln25_1_fu_828">
<pin_list>
<pin id="829" dir="0" index="0" bw="8" slack="0"/>
<pin id="830" dir="0" index="1" bw="8" slack="0"/>
<pin id="831" dir="1" index="2" bw="16" slack="0"/>
</pin_list>
<bind>
<opcode="mul(12) " fcode="mul"/>
<opset="mul_ln25_1/8 "/>
</bind>
</comp>

<comp id="834" class="1004" name="zext_ln25_11_fu_834">
<pin_list>
<pin id="835" dir="0" index="0" bw="8" slack="6"/>
<pin id="836" dir="1" index="1" bw="16" slack="0"/>
</pin_list>
<bind>
<opcode="zext(34) " fcode="zext"/>
<opset="zext_ln25_11/8 "/>
</bind>
</comp>

<comp id="837" class="1004" name="mul_ln25_6_fu_837">
<pin_list>
<pin id="838" dir="0" index="0" bw="8" slack="0"/>
<pin id="839" dir="0" index="1" bw="8" slack="0"/>
<pin id="840" dir="1" index="2" bw="16" slack="0"/>
</pin_list>
<bind>
<opcode="mul(12) " fcode="mul"/>
<opset="mul_ln25_6/8 "/>
</bind>
</comp>

<comp id="843" class="1004" name="zext_ln25_16_fu_843">
<pin_list>
<pin id="844" dir="0" index="0" bw="8" slack="5"/>
<pin id="845" dir="1" index="1" bw="16" slack="0"/>
</pin_list>
<bind>
<opcode="zext(34) " fcode="zext"/>
<opset="zext_ln25_16/8 "/>
</bind>
</comp>

<comp id="846" class="1004" name="zext_ln25_17_fu_846">
<pin_list>
<pin id="847" dir="0" index="0" bw="8" slack="5"/>
<pin id="848" dir="1" index="1" bw="16" slack="0"/>
</pin_list>
<bind>
<opcode="zext(34) " fcode="zext"/>
<opset="zext_ln25_17/8 "/>
</bind>
</comp>

<comp id="849" class="1004" name="mul_ln25_11_fu_849">
<pin_list>
<pin id="850" dir="0" index="0" bw="8" slack="0"/>
<pin id="851" dir="0" index="1" bw="8" slack="0"/>
<pin id="852" dir="1" index="2" bw="16" slack="0"/>
</pin_list>
<bind>
<opcode="mul(12) " fcode="mul"/>
<opset="mul_ln25_11/8 "/>
</bind>
</comp>

<comp id="855" class="1004" name="zext_ln25_22_fu_855">
<pin_list>
<pin id="856" dir="0" index="0" bw="8" slack="5"/>
<pin id="857" dir="1" index="1" bw="16" slack="0"/>
</pin_list>
<bind>
<opcode="zext(34) " fcode="zext"/>
<opset="zext_ln25_22/8 "/>
</bind>
</comp>

<comp id="858" class="1004" name="zext_ln25_35_fu_858">
<pin_list>
<pin id="859" dir="0" index="0" bw="8" slack="5"/>
<pin id="860" dir="1" index="1" bw="16" slack="0"/>
</pin_list>
<bind>
<opcode="zext(34) " fcode="zext"/>
<opset="zext_ln25_35/8 "/>
</bind>
</comp>

<comp id="861" class="1004" name="mul_ln25_123_fu_861">
<pin_list>
<pin id="862" dir="0" index="0" bw="8" slack="1"/>
<pin id="863" dir="0" index="1" bw="8" slack="4"/>
<pin id="864" dir="1" index="2" bw="16" slack="0"/>
</pin_list>
<bind>
<opcode="mul(12) " fcode="mul"/>
<opset="mul_ln25_123/8 "/>
</bind>
</comp>

<comp id="865" class="1004" name="zext_ln25_21_fu_865">
<pin_list>
<pin id="866" dir="0" index="0" bw="8" slack="6"/>
<pin id="867" dir="1" index="1" bw="16" slack="0"/>
</pin_list>
<bind>
<opcode="zext(34) " fcode="zext"/>
<opset="zext_ln25_21/9 "/>
</bind>
</comp>

<comp id="868" class="1004" name="mul_ln25_16_fu_868">
<pin_list>
<pin id="869" dir="0" index="0" bw="8" slack="0"/>
<pin id="870" dir="0" index="1" bw="8" slack="1"/>
<pin id="871" dir="1" index="2" bw="16" slack="0"/>
</pin_list>
<bind>
<opcode="mul(12) " fcode="mul"/>
<opset="mul_ln25_16/9 "/>
</bind>
</comp>

<comp id="873" class="1004" name="zext_ln25_26_fu_873">
<pin_list>
<pin id="874" dir="0" index="0" bw="8" slack="5"/>
<pin id="875" dir="1" index="1" bw="16" slack="0"/>
</pin_list>
<bind>
<opcode="zext(34) " fcode="zext"/>
<opset="zext_ln25_26/9 "/>
</bind>
</comp>

<comp id="876" class="1004" name="zext_ln25_27_fu_876">
<pin_list>
<pin id="877" dir="0" index="0" bw="8" slack="5"/>
<pin id="878" dir="1" index="1" bw="16" slack="0"/>
</pin_list>
<bind>
<opcode="zext(34) " fcode="zext"/>
<opset="zext_ln25_27/9 "/>
</bind>
</comp>

<comp id="879" class="1004" name="mul_ln25_21_fu_879">
<pin_list>
<pin id="880" dir="0" index="0" bw="8" slack="0"/>
<pin id="881" dir="0" index="1" bw="8" slack="1"/>
<pin id="882" dir="1" index="2" bw="16" slack="0"/>
</pin_list>
<bind>
<opcode="mul(12) " fcode="mul"/>
<opset="mul_ln25_21/9 "/>
</bind>
</comp>

<comp id="884" class="1004" name="zext_ln25_31_fu_884">
<pin_list>
<pin id="885" dir="0" index="0" bw="8" slack="7"/>
<pin id="886" dir="1" index="1" bw="16" slack="0"/>
</pin_list>
<bind>
<opcode="zext(34) " fcode="zext"/>
<opset="zext_ln25_31/9 "/>
</bind>
</comp>

<comp id="887" class="1004" name="zext_ln25_32_fu_887">
<pin_list>
<pin id="888" dir="0" index="0" bw="8" slack="7"/>
<pin id="889" dir="1" index="1" bw="16" slack="0"/>
</pin_list>
<bind>
<opcode="zext(34) " fcode="zext"/>
<opset="zext_ln25_32/9 "/>
</bind>
</comp>

<comp id="890" class="1004" name="mul_ln25_26_fu_890">
<pin_list>
<pin id="891" dir="0" index="0" bw="8" slack="0"/>
<pin id="892" dir="0" index="1" bw="8" slack="1"/>
<pin id="893" dir="1" index="2" bw="16" slack="0"/>
</pin_list>
<bind>
<opcode="mul(12) " fcode="mul"/>
<opset="mul_ln25_26/9 "/>
</bind>
</comp>

<comp id="895" class="1004" name="mul_ln25_31_fu_895">
<pin_list>
<pin id="896" dir="0" index="0" bw="8" slack="0"/>
<pin id="897" dir="0" index="1" bw="8" slack="1"/>
<pin id="898" dir="1" index="2" bw="16" slack="0"/>
</pin_list>
<bind>
<opcode="mul(12) " fcode="mul"/>
<opset="mul_ln25_31/9 "/>
</bind>
</comp>

<comp id="900" class="1004" name="add_ln25_3_fu_900">
<pin_list>
<pin id="901" dir="0" index="0" bw="16" slack="0"/>
<pin id="902" dir="0" index="1" bw="16" slack="1"/>
<pin id="903" dir="1" index="2" bw="16" slack="0"/>
</pin_list>
<bind>
<opcode="add(8) " fcode="add"/>
<opset="add_ln25_3/10 "/>
</bind>
</comp>

<comp id="905" class="1004" name="add_ln25_7_fu_905">
<pin_list>
<pin id="906" dir="0" index="0" bw="16" slack="0"/>
<pin id="907" dir="0" index="1" bw="16" slack="1"/>
<pin id="908" dir="1" index="2" bw="16" slack="0"/>
</pin_list>
<bind>
<opcode="add(8) " fcode="add"/>
<opset="add_ln25_7/10 "/>
</bind>
</comp>

<comp id="910" class="1004" name="mul_ln25_36_fu_910">
<pin_list>
<pin id="911" dir="0" index="0" bw="8" slack="1"/>
<pin id="912" dir="0" index="1" bw="8" slack="2"/>
<pin id="913" dir="1" index="2" bw="16" slack="0"/>
</pin_list>
<bind>
<opcode="mul(12) " fcode="mul"/>
<opset="mul_ln25_36/10 "/>
</bind>
</comp>

<comp id="914" class="1004" name="mul_ln25_41_fu_914">
<pin_list>
<pin id="915" dir="0" index="0" bw="8" slack="1"/>
<pin id="916" dir="0" index="1" bw="8" slack="1"/>
<pin id="917" dir="1" index="2" bw="16" slack="0"/>
</pin_list>
<bind>
<opcode="mul(12) " fcode="mul"/>
<opset="mul_ln25_41/10 "/>
</bind>
</comp>

<comp id="918" class="1004" name="mul_ln25_46_fu_918">
<pin_list>
<pin id="919" dir="0" index="0" bw="8" slack="1"/>
<pin id="920" dir="0" index="1" bw="8" slack="1"/>
<pin id="921" dir="1" index="2" bw="16" slack="0"/>
</pin_list>
<bind>
<opcode="mul(12) " fcode="mul"/>
<opset="mul_ln25_46/10 "/>
</bind>
</comp>

<comp id="922" class="1004" name="zext_ln25_36_fu_922">
<pin_list>
<pin id="923" dir="0" index="0" bw="8" slack="7"/>
<pin id="924" dir="1" index="1" bw="16" slack="0"/>
</pin_list>
<bind>
<opcode="zext(34) " fcode="zext"/>
<opset="zext_ln25_36/10 "/>
</bind>
</comp>

<comp id="925" class="1004" name="mul_ln25_51_fu_925">
<pin_list>
<pin id="926" dir="0" index="0" bw="8" slack="0"/>
<pin id="927" dir="0" index="1" bw="8" slack="2"/>
<pin id="928" dir="1" index="2" bw="16" slack="0"/>
</pin_list>
<bind>
<opcode="mul(12) " fcode="mul"/>
<opset="mul_ln25_51/10 "/>
</bind>
</comp>

<comp id="930" class="1004" name="zext_ln25_40_fu_930">
<pin_list>
<pin id="931" dir="0" index="0" bw="8" slack="7"/>
<pin id="932" dir="1" index="1" bw="16" slack="0"/>
</pin_list>
<bind>
<opcode="zext(34) " fcode="zext"/>
<opset="zext_ln25_40/10 "/>
</bind>
</comp>

<comp id="933" class="1004" name="add_ln25_11_fu_933">
<pin_list>
<pin id="934" dir="0" index="0" bw="16" slack="0"/>
<pin id="935" dir="0" index="1" bw="16" slack="2"/>
<pin id="936" dir="1" index="2" bw="16" slack="0"/>
</pin_list>
<bind>
<opcode="add(8) " fcode="add"/>
<opset="add_ln25_11/11 "/>
</bind>
</comp>

<comp id="938" class="1004" name="add_ln25_15_fu_938">
<pin_list>
<pin id="939" dir="0" index="0" bw="16" slack="0"/>
<pin id="940" dir="0" index="1" bw="16" slack="1"/>
<pin id="941" dir="1" index="2" bw="16" slack="0"/>
</pin_list>
<bind>
<opcode="add(8) " fcode="add"/>
<opset="add_ln25_15/11 "/>
</bind>
</comp>

<comp id="943" class="1004" name="mul_ln25_56_fu_943">
<pin_list>
<pin id="944" dir="0" index="0" bw="8" slack="1"/>
<pin id="945" dir="0" index="1" bw="8" slack="3"/>
<pin id="946" dir="1" index="2" bw="16" slack="0"/>
</pin_list>
<bind>
<opcode="mul(12) " fcode="mul"/>
<opset="mul_ln25_56/11 "/>
</bind>
</comp>

<comp id="947" class="1004" name="mul_ln25_61_fu_947">
<pin_list>
<pin id="948" dir="0" index="0" bw="8" slack="1"/>
<pin id="949" dir="0" index="1" bw="8" slack="3"/>
<pin id="950" dir="1" index="2" bw="16" slack="0"/>
</pin_list>
<bind>
<opcode="mul(12) " fcode="mul"/>
<opset="mul_ln25_61/11 "/>
</bind>
</comp>

<comp id="951" class="1004" name="mul_ln25_66_fu_951">
<pin_list>
<pin id="952" dir="0" index="0" bw="8" slack="1"/>
<pin id="953" dir="0" index="1" bw="8" slack="2"/>
<pin id="954" dir="1" index="2" bw="16" slack="0"/>
</pin_list>
<bind>
<opcode="mul(12) " fcode="mul"/>
<opset="mul_ln25_66/11 "/>
</bind>
</comp>

<comp id="955" class="1004" name="mul_ln25_71_fu_955">
<pin_list>
<pin id="956" dir="0" index="0" bw="8" slack="1"/>
<pin id="957" dir="0" index="1" bw="8" slack="2"/>
<pin id="958" dir="1" index="2" bw="16" slack="0"/>
</pin_list>
<bind>
<opcode="mul(12) " fcode="mul"/>
<opset="mul_ln25_71/11 "/>
</bind>
</comp>

<comp id="959" class="1004" name="zext_ln25_45_fu_959">
<pin_list>
<pin id="960" dir="0" index="0" bw="8" slack="7"/>
<pin id="961" dir="1" index="1" bw="16" slack="0"/>
</pin_list>
<bind>
<opcode="zext(34) " fcode="zext"/>
<opset="zext_ln25_45/11 "/>
</bind>
</comp>

<comp id="962" class="1004" name="add_ln25_19_fu_962">
<pin_list>
<pin id="963" dir="0" index="0" bw="16" slack="0"/>
<pin id="964" dir="0" index="1" bw="16" slack="2"/>
<pin id="965" dir="1" index="2" bw="16" slack="0"/>
</pin_list>
<bind>
<opcode="add(8) " fcode="add"/>
<opset="add_ln25_19/12 "/>
</bind>
</comp>

<comp id="967" class="1004" name="add_ln25_23_fu_967">
<pin_list>
<pin id="968" dir="0" index="0" bw="16" slack="0"/>
<pin id="969" dir="0" index="1" bw="16" slack="2"/>
<pin id="970" dir="1" index="2" bw="16" slack="0"/>
</pin_list>
<bind>
<opcode="add(8) " fcode="add"/>
<opset="add_ln25_23/12 "/>
</bind>
</comp>

<comp id="972" class="1004" name="zext_ln25_37_fu_972">
<pin_list>
<pin id="973" dir="0" index="0" bw="8" slack="9"/>
<pin id="974" dir="1" index="1" bw="16" slack="0"/>
</pin_list>
<bind>
<opcode="zext(34) " fcode="zext"/>
<opset="zext_ln25_37/12 "/>
</bind>
</comp>

<comp id="975" class="1004" name="zext_ln25_41_fu_975">
<pin_list>
<pin id="976" dir="0" index="0" bw="8" slack="9"/>
<pin id="977" dir="1" index="1" bw="16" slack="0"/>
</pin_list>
<bind>
<opcode="zext(34) " fcode="zext"/>
<opset="zext_ln25_41/12 "/>
</bind>
</comp>

<comp id="978" class="1004" name="mul_ln25_76_fu_978">
<pin_list>
<pin id="979" dir="0" index="0" bw="8" slack="0"/>
<pin id="980" dir="0" index="1" bw="8" slack="4"/>
<pin id="981" dir="1" index="2" bw="16" slack="0"/>
</pin_list>
<bind>
<opcode="mul(12) " fcode="mul"/>
<opset="mul_ln25_76/12 "/>
</bind>
</comp>

<comp id="983" class="1004" name="mul_ln25_81_fu_983">
<pin_list>
<pin id="984" dir="0" index="0" bw="8" slack="0"/>
<pin id="985" dir="0" index="1" bw="8" slack="4"/>
<pin id="986" dir="1" index="2" bw="16" slack="0"/>
</pin_list>
<bind>
<opcode="mul(12) " fcode="mul"/>
<opset="mul_ln25_81/12 "/>
</bind>
</comp>

<comp id="988" class="1004" name="mul_ln25_86_fu_988">
<pin_list>
<pin id="989" dir="0" index="0" bw="8" slack="0"/>
<pin id="990" dir="0" index="1" bw="8" slack="4"/>
<pin id="991" dir="1" index="2" bw="16" slack="0"/>
</pin_list>
<bind>
<opcode="mul(12) " fcode="mul"/>
<opset="mul_ln25_86/12 "/>
</bind>
</comp>

<comp id="993" class="1004" name="mul_ln25_91_fu_993">
<pin_list>
<pin id="994" dir="0" index="0" bw="8" slack="0"/>
<pin id="995" dir="0" index="1" bw="8" slack="3"/>
<pin id="996" dir="1" index="2" bw="16" slack="0"/>
</pin_list>
<bind>
<opcode="mul(12) " fcode="mul"/>
<opset="mul_ln25_91/12 "/>
</bind>
</comp>

<comp id="998" class="1004" name="add_ln25_27_fu_998">
<pin_list>
<pin id="999" dir="0" index="0" bw="16" slack="0"/>
<pin id="1000" dir="0" index="1" bw="16" slack="3"/>
<pin id="1001" dir="1" index="2" bw="16" slack="0"/>
</pin_list>
<bind>
<opcode="add(8) " fcode="add"/>
<opset="add_ln25_27/13 "/>
</bind>
</comp>

<comp id="1003" class="1004" name="add_ln25_31_fu_1003">
<pin_list>
<pin id="1004" dir="0" index="0" bw="16" slack="0"/>
<pin id="1005" dir="0" index="1" bw="16" slack="2"/>
<pin id="1006" dir="1" index="2" bw="16" slack="0"/>
</pin_list>
<bind>
<opcode="add(8) " fcode="add"/>
<opset="add_ln25_31/13 "/>
</bind>
</comp>

<comp id="1008" class="1004" name="zext_ln25_42_fu_1008">
<pin_list>
<pin id="1009" dir="0" index="0" bw="8" slack="10"/>
<pin id="1010" dir="1" index="1" bw="16" slack="0"/>
</pin_list>
<bind>
<opcode="zext(34) " fcode="zext"/>
<opset="zext_ln25_42/13 "/>
</bind>
</comp>

<comp id="1011" class="1004" name="mul_ln25_96_fu_1011">
<pin_list>
<pin id="1012" dir="0" index="0" bw="8" slack="1"/>
<pin id="1013" dir="0" index="1" bw="8" slack="4"/>
<pin id="1014" dir="1" index="2" bw="16" slack="0"/>
</pin_list>
<bind>
<opcode="mul(12) " fcode="mul"/>
<opset="mul_ln25_96/13 "/>
</bind>
</comp>

<comp id="1015" class="1004" name="zext_ln25_46_fu_1015">
<pin_list>
<pin id="1016" dir="0" index="0" bw="8" slack="9"/>
<pin id="1017" dir="1" index="1" bw="16" slack="0"/>
</pin_list>
<bind>
<opcode="zext(34) " fcode="zext"/>
<opset="zext_ln25_46/13 "/>
</bind>
</comp>

<comp id="1018" class="1004" name="mul_ln25_101_fu_1018">
<pin_list>
<pin id="1019" dir="0" index="0" bw="8" slack="0"/>
<pin id="1020" dir="0" index="1" bw="8" slack="5"/>
<pin id="1021" dir="1" index="2" bw="16" slack="0"/>
</pin_list>
<bind>
<opcode="mul(12) " fcode="mul"/>
<opset="mul_ln25_101/13 "/>
</bind>
</comp>

<comp id="1023" class="1004" name="mul_ln25_106_fu_1023">
<pin_list>
<pin id="1024" dir="0" index="0" bw="8" slack="0"/>
<pin id="1025" dir="0" index="1" bw="8" slack="5"/>
<pin id="1026" dir="1" index="2" bw="16" slack="0"/>
</pin_list>
<bind>
<opcode="mul(12) " fcode="mul"/>
<opset="mul_ln25_106/13 "/>
</bind>
</comp>

<comp id="1028" class="1004" name="mul_ln25_111_fu_1028">
<pin_list>
<pin id="1029" dir="0" index="0" bw="8" slack="0"/>
<pin id="1030" dir="0" index="1" bw="8" slack="5"/>
<pin id="1031" dir="1" index="2" bw="16" slack="0"/>
</pin_list>
<bind>
<opcode="mul(12) " fcode="mul"/>
<opset="mul_ln25_111/13 "/>
</bind>
</comp>

<comp id="1033" class="1004" name="add_ln25_35_fu_1033">
<pin_list>
<pin id="1034" dir="0" index="0" bw="16" slack="0"/>
<pin id="1035" dir="0" index="1" bw="16" slack="3"/>
<pin id="1036" dir="1" index="2" bw="16" slack="0"/>
</pin_list>
<bind>
<opcode="add(8) " fcode="add"/>
<opset="add_ln25_35/14 "/>
</bind>
</comp>

<comp id="1038" class="1004" name="add_ln25_39_fu_1038">
<pin_list>
<pin id="1039" dir="0" index="0" bw="16" slack="0"/>
<pin id="1040" dir="0" index="1" bw="16" slack="3"/>
<pin id="1041" dir="1" index="2" bw="16" slack="0"/>
</pin_list>
<bind>
<opcode="add(8) " fcode="add"/>
<opset="add_ln25_39/14 "/>
</bind>
</comp>

<comp id="1043" class="1004" name="zext_ln25_47_fu_1043">
<pin_list>
<pin id="1044" dir="0" index="0" bw="8" slack="10"/>
<pin id="1045" dir="1" index="1" bw="16" slack="0"/>
</pin_list>
<bind>
<opcode="zext(34) " fcode="zext"/>
<opset="zext_ln25_47/14 "/>
</bind>
</comp>

<comp id="1046" class="1004" name="mul_ln25_116_fu_1046">
<pin_list>
<pin id="1047" dir="0" index="0" bw="8" slack="1"/>
<pin id="1048" dir="0" index="1" bw="8" slack="5"/>
<pin id="1049" dir="1" index="2" bw="16" slack="0"/>
</pin_list>
<bind>
<opcode="mul(12) " fcode="mul"/>
<opset="mul_ln25_116/14 "/>
</bind>
</comp>

<comp id="1050" class="1004" name="mul_ln25_121_fu_1050">
<pin_list>
<pin id="1051" dir="0" index="0" bw="8" slack="1"/>
<pin id="1052" dir="0" index="1" bw="8" slack="5"/>
<pin id="1053" dir="1" index="2" bw="16" slack="0"/>
</pin_list>
<bind>
<opcode="mul(12) " fcode="mul"/>
<opset="mul_ln25_121/14 "/>
</bind>
</comp>

<comp id="1054" class="1004" name="add_ln25_43_fu_1054">
<pin_list>
<pin id="1055" dir="0" index="0" bw="16" slack="0"/>
<pin id="1056" dir="0" index="1" bw="16" slack="4"/>
<pin id="1057" dir="1" index="2" bw="16" slack="0"/>
</pin_list>
<bind>
<opcode="add(8) " fcode="add"/>
<opset="add_ln25_43/15 "/>
</bind>
</comp>

<comp id="1059" class="1004" name="add_ln25_47_fu_1059">
<pin_list>
<pin id="1060" dir="0" index="0" bw="16" slack="0"/>
<pin id="1061" dir="0" index="1" bw="16" slack="3"/>
<pin id="1062" dir="1" index="2" bw="16" slack="0"/>
</pin_list>
<bind>
<opcode="add(8) " fcode="add"/>
<opset="add_ln25_47/15 "/>
</bind>
</comp>

<comp id="1064" class="1004" name="add_ln25_51_fu_1064">
<pin_list>
<pin id="1065" dir="0" index="0" bw="16" slack="0"/>
<pin id="1066" dir="0" index="1" bw="16" slack="3"/>
<pin id="1067" dir="1" index="2" bw="16" slack="1"/>
</pin_list>
<bind>
<opcode="add(8) " fcode="add"/>
<opset="add_ln25_51/15 "/>
</bind>
</comp>

<comp id="1068" class="1004" name="add_ln25_55_fu_1068">
<pin_list>
<pin id="1069" dir="0" index="0" bw="16" slack="0"/>
<pin id="1070" dir="0" index="1" bw="16" slack="3"/>
<pin id="1071" dir="1" index="2" bw="16" slack="1"/>
</pin_list>
<bind>
<opcode="add(8) " fcode="add"/>
<opset="add_ln25_55/15 "/>
</bind>
</comp>

<comp id="1072" class="1004" name="add_ln25_59_fu_1072">
<pin_list>
<pin id="1073" dir="0" index="0" bw="16" slack="0"/>
<pin id="1074" dir="0" index="1" bw="16" slack="4"/>
<pin id="1075" dir="1" index="2" bw="16" slack="1"/>
</pin_list>
<bind>
<opcode="add(8) " fcode="add"/>
<opset="add_ln25_59/16 "/>
</bind>
</comp>

<comp id="1076" class="1004" name="add_ln25_63_fu_1076">
<pin_list>
<pin id="1077" dir="0" index="0" bw="16" slack="0"/>
<pin id="1078" dir="0" index="1" bw="16" slack="3"/>
<pin id="1079" dir="1" index="2" bw="16" slack="1"/>
</pin_list>
<bind>
<opcode="add(8) " fcode="add"/>
<opset="add_ln25_63/16 "/>
</bind>
</comp>

<comp id="1080" class="1004" name="add_ln25_67_fu_1080">
<pin_list>
<pin id="1081" dir="0" index="0" bw="16" slack="0"/>
<pin id="1082" dir="0" index="1" bw="16" slack="3"/>
<pin id="1083" dir="1" index="2" bw="16" slack="2"/>
</pin_list>
<bind>
<opcode="add(8) " fcode="add"/>
<opset="add_ln25_67/16 "/>
</bind>
</comp>

<comp id="1084" class="1004" name="add_ln25_71_fu_1084">
<pin_list>
<pin id="1085" dir="0" index="0" bw="16" slack="0"/>
<pin id="1086" dir="0" index="1" bw="16" slack="3"/>
<pin id="1087" dir="1" index="2" bw="16" slack="2"/>
</pin_list>
<bind>
<opcode="add(8) " fcode="add"/>
<opset="add_ln25_71/16 "/>
</bind>
</comp>

<comp id="1088" class="1004" name="add_ln25_75_fu_1088">
<pin_list>
<pin id="1089" dir="0" index="0" bw="16" slack="0"/>
<pin id="1090" dir="0" index="1" bw="16" slack="3"/>
<pin id="1091" dir="1" index="2" bw="16" slack="3"/>
</pin_list>
<bind>
<opcode="add(8) " fcode="add"/>
<opset="add_ln25_75/16 "/>
</bind>
</comp>

<comp id="1092" class="1004" name="add_ln25_79_fu_1092">
<pin_list>
<pin id="1093" dir="0" index="0" bw="16" slack="0"/>
<pin id="1094" dir="0" index="1" bw="16" slack="2"/>
<pin id="1095" dir="1" index="2" bw="16" slack="3"/>
</pin_list>
<bind>
<opcode="add(8) " fcode="add"/>
<opset="add_ln25_79/16 "/>
</bind>
</comp>

<comp id="1096" class="1004" name="add_ln25_83_fu_1096">
<pin_list>
<pin id="1097" dir="0" index="0" bw="16" slack="0"/>
<pin id="1098" dir="0" index="1" bw="16" slack="3"/>
<pin id="1099" dir="1" index="2" bw="16" slack="3"/>
</pin_list>
<bind>
<opcode="add(8) " fcode="add"/>
<opset="add_ln25_83/17 "/>
</bind>
</comp>

<comp id="1100" class="1004" name="add_ln25_87_fu_1100">
<pin_list>
<pin id="1101" dir="0" index="0" bw="16" slack="0"/>
<pin id="1102" dir="0" index="1" bw="16" slack="3"/>
<pin id="1103" dir="1" index="2" bw="16" slack="3"/>
</pin_list>
<bind>
<opcode="add(8) " fcode="add"/>
<opset="add_ln25_87/17 "/>
</bind>
</comp>

<comp id="1104" class="1004" name="add_ln25_91_fu_1104">
<pin_list>
<pin id="1105" dir="0" index="0" bw="16" slack="0"/>
<pin id="1106" dir="0" index="1" bw="16" slack="3"/>
<pin id="1107" dir="1" index="2" bw="16" slack="4"/>
</pin_list>
<bind>
<opcode="add(8) " fcode="add"/>
<opset="add_ln25_91/17 "/>
</bind>
</comp>

<comp id="1108" class="1004" name="add_ln25_95_fu_1108">
<pin_list>
<pin id="1109" dir="0" index="0" bw="16" slack="0"/>
<pin id="1110" dir="0" index="1" bw="16" slack="2"/>
<pin id="1111" dir="1" index="2" bw="16" slack="4"/>
</pin_list>
<bind>
<opcode="add(8) " fcode="add"/>
<opset="add_ln25_95/17 "/>
</bind>
</comp>

<comp id="1112" class="1004" name="add_ln25_99_fu_1112">
<pin_list>
<pin id="1113" dir="0" index="0" bw="16" slack="0"/>
<pin id="1114" dir="0" index="1" bw="16" slack="2"/>
<pin id="1115" dir="1" index="2" bw="16" slack="5"/>
</pin_list>
<bind>
<opcode="add(8) " fcode="add"/>
<opset="add_ln25_99/17 "/>
</bind>
</comp>

<comp id="1116" class="1007" name="grp_fu_1116">
<pin_list>
<pin id="1117" dir="0" index="0" bw="8" slack="0"/>
<pin id="1118" dir="0" index="1" bw="8" slack="0"/>
<pin id="1119" dir="0" index="2" bw="16" slack="2147483647"/>
<pin id="1120" dir="1" index="3" bw="16" slack="4"/>
</pin_list>
<bind>
<opcode="muladd(1172) " fcode="muladd"/>
<opset="mul_ln25_2/2 add_ln25_1/4 "/>
</bind>
</comp>

<comp id="1123" class="1007" name="grp_fu_1123">
<pin_list>
<pin id="1124" dir="0" index="0" bw="8" slack="0"/>
<pin id="1125" dir="0" index="1" bw="8" slack="0"/>
<pin id="1126" dir="0" index="2" bw="16" slack="2147483647"/>
<pin id="1127" dir="1" index="3" bw="16" slack="4"/>
</pin_list>
<bind>
<opcode="muladd(1172) " fcode="muladd"/>
<opset="mul_ln25_7/2 add_ln25_5/4 "/>
</bind>
</comp>

<comp id="1130" class="1007" name="grp_fu_1130">
<pin_list>
<pin id="1131" dir="0" index="0" bw="8" slack="0"/>
<pin id="1132" dir="0" index="1" bw="8" slack="0"/>
<pin id="1133" dir="0" index="2" bw="16" slack="2147483647"/>
<pin id="1134" dir="1" index="3" bw="16" slack="6"/>
</pin_list>
<bind>
<opcode="muladd(1172) " fcode="muladd"/>
<opset="mul_ln25_27/2 add_ln25_21/4 "/>
</bind>
</comp>

<comp id="1137" class="1007" name="grp_fu_1137">
<pin_list>
<pin id="1138" dir="0" index="0" bw="8" slack="0"/>
<pin id="1139" dir="0" index="1" bw="8" slack="0"/>
<pin id="1140" dir="0" index="2" bw="16" slack="2147483647"/>
<pin id="1141" dir="1" index="3" bw="16" slack="7"/>
</pin_list>
<bind>
<opcode="muladd(1172) " fcode="muladd"/>
<opset="mul_ln25_32/2 add_ln25_25/4 "/>
</bind>
</comp>

<comp id="1144" class="1007" name="grp_fu_1144">
<pin_list>
<pin id="1145" dir="0" index="0" bw="8" slack="0"/>
<pin id="1146" dir="0" index="1" bw="8" slack="1"/>
<pin id="1147" dir="0" index="2" bw="16" slack="2147483647"/>
<pin id="1148" dir="1" index="3" bw="16" slack="4"/>
</pin_list>
<bind>
<opcode="muladd(1172) " fcode="muladd"/>
<opset="mul_ln25_12/3 add_ln25_9/5 "/>
</bind>
</comp>

<comp id="1150" class="1007" name="grp_fu_1150">
<pin_list>
<pin id="1151" dir="0" index="0" bw="8" slack="0"/>
<pin id="1152" dir="0" index="1" bw="8" slack="1"/>
<pin id="1153" dir="0" index="2" bw="16" slack="2147483647"/>
<pin id="1154" dir="1" index="3" bw="16" slack="4"/>
</pin_list>
<bind>
<opcode="muladd(1172) " fcode="muladd"/>
<opset="mul_ln25_17/3 add_ln25_13/5 "/>
</bind>
</comp>

<comp id="1156" class="1007" name="grp_fu_1156">
<pin_list>
<pin id="1157" dir="0" index="0" bw="8" slack="1"/>
<pin id="1158" dir="0" index="1" bw="8" slack="0"/>
<pin id="1159" dir="0" index="2" bw="16" slack="2147483647"/>
<pin id="1160" dir="1" index="3" bw="16" slack="6"/>
</pin_list>
<bind>
<opcode="muladd(1172) " fcode="muladd"/>
<opset="mul_ln25_37/3 add_ln25_29/5 "/>
</bind>
</comp>

<comp id="1162" class="1007" name="grp_fu_1162">
<pin_list>
<pin id="1163" dir="0" index="0" bw="8" slack="1"/>
<pin id="1164" dir="0" index="1" bw="8" slack="0"/>
<pin id="1165" dir="0" index="2" bw="16" slack="2147483647"/>
<pin id="1166" dir="1" index="3" bw="16" slack="7"/>
</pin_list>
<bind>
<opcode="muladd(1172) " fcode="muladd"/>
<opset="mul_ln25_42/3 add_ln25_33/5 "/>
</bind>
</comp>

<comp id="1168" class="1007" name="grp_fu_1168">
<pin_list>
<pin id="1169" dir="0" index="0" bw="8" slack="0"/>
<pin id="1170" dir="0" index="1" bw="8" slack="1"/>
<pin id="1171" dir="0" index="2" bw="16" slack="2147483647"/>
<pin id="1172" dir="1" index="3" bw="16" slack="8"/>
</pin_list>
<bind>
<opcode="muladd(1172) " fcode="muladd"/>
<opset="mul_ln25_52/3 add_ln25_41/5 "/>
</bind>
</comp>

<comp id="1174" class="1007" name="grp_fu_1174">
<pin_list>
<pin id="1175" dir="0" index="0" bw="8" slack="0"/>
<pin id="1176" dir="0" index="1" bw="8" slack="1"/>
<pin id="1177" dir="0" index="2" bw="16" slack="2147483647"/>
<pin id="1178" dir="1" index="3" bw="16" slack="8"/>
</pin_list>
<bind>
<opcode="muladd(1172) " fcode="muladd"/>
<opset="mul_ln25_57/3 add_ln25_45/5 "/>
</bind>
</comp>

<comp id="1180" class="1007" name="grp_fu_1180">
<pin_list>
<pin id="1181" dir="0" index="0" bw="8" slack="0"/>
<pin id="1182" dir="0" index="1" bw="8" slack="2"/>
<pin id="1183" dir="0" index="2" bw="16" slack="2147483647"/>
<pin id="1184" dir="1" index="3" bw="16" slack="4"/>
</pin_list>
<bind>
<opcode="muladd(1172) " fcode="muladd"/>
<opset="mul_ln25_22/4 add_ln25_17/6 "/>
</bind>
</comp>

<comp id="1186" class="1007" name="grp_fu_1186">
<pin_list>
<pin id="1187" dir="0" index="0" bw="8" slack="2"/>
<pin id="1188" dir="0" index="1" bw="8" slack="0"/>
<pin id="1189" dir="0" index="2" bw="16" slack="2147483647"/>
<pin id="1190" dir="1" index="3" bw="16" slack="6"/>
</pin_list>
<bind>
<opcode="muladd(1172) " fcode="muladd"/>
<opset="mul_ln25_47/4 add_ln25_37/6 "/>
</bind>
</comp>

<comp id="1192" class="1007" name="grp_fu_1192">
<pin_list>
<pin id="1193" dir="0" index="0" bw="8" slack="1"/>
<pin id="1194" dir="0" index="1" bw="8" slack="1"/>
<pin id="1195" dir="0" index="2" bw="16" slack="2147483647"/>
<pin id="1196" dir="1" index="3" bw="16" slack="7"/>
</pin_list>
<bind>
<opcode="muladd(1172) " fcode="muladd"/>
<opset="mul_ln25_62/4 add_ln25_49/6 "/>
</bind>
</comp>

<comp id="1197" class="1007" name="grp_fu_1197">
<pin_list>
<pin id="1198" dir="0" index="0" bw="8" slack="1"/>
<pin id="1199" dir="0" index="1" bw="8" slack="1"/>
<pin id="1200" dir="0" index="2" bw="16" slack="2147483647"/>
<pin id="1201" dir="1" index="3" bw="16" slack="7"/>
</pin_list>
<bind>
<opcode="muladd(1172) " fcode="muladd"/>
<opset="mul_ln25_67/4 add_ln25_53/6 "/>
</bind>
</comp>

<comp id="1202" class="1007" name="grp_fu_1202">
<pin_list>
<pin id="1203" dir="0" index="0" bw="8" slack="1"/>
<pin id="1204" dir="0" index="1" bw="8" slack="0"/>
<pin id="1205" dir="0" index="2" bw="16" slack="2147483647"/>
<pin id="1206" dir="1" index="3" bw="16" slack="8"/>
</pin_list>
<bind>
<opcode="muladd(1172) " fcode="muladd"/>
<opset="mul_ln25_72/4 add_ln25_57/6 "/>
</bind>
</comp>

<comp id="1208" class="1007" name="grp_fu_1208">
<pin_list>
<pin id="1209" dir="0" index="0" bw="8" slack="0"/>
<pin id="1210" dir="0" index="1" bw="8" slack="2"/>
<pin id="1211" dir="0" index="2" bw="16" slack="2147483647"/>
<pin id="1212" dir="1" index="3" bw="16" slack="8"/>
</pin_list>
<bind>
<opcode="muladd(1172) " fcode="muladd"/>
<opset="mul_ln25_77/4 add_ln25_61/6 "/>
</bind>
</comp>

<comp id="1214" class="1007" name="grp_fu_1214">
<pin_list>
<pin id="1215" dir="0" index="0" bw="8" slack="1"/>
<pin id="1216" dir="0" index="1" bw="8" slack="3"/>
<pin id="1217" dir="0" index="2" bw="16" slack="2147483647"/>
<pin id="1218" dir="1" index="3" bw="16" slack="7"/>
</pin_list>
<bind>
<opcode="muladd(1172) " fcode="muladd"/>
<opset="mul_ln25_82/5 add_ln25_65/7 "/>
</bind>
</comp>

<comp id="1219" class="1007" name="grp_fu_1219">
<pin_list>
<pin id="1220" dir="0" index="0" bw="8" slack="1"/>
<pin id="1221" dir="0" index="1" bw="8" slack="2"/>
<pin id="1222" dir="0" index="2" bw="16" slack="2147483647"/>
<pin id="1223" dir="1" index="3" bw="16" slack="7"/>
</pin_list>
<bind>
<opcode="muladd(1172) " fcode="muladd"/>
<opset="mul_ln25_87/5 add_ln25_69/7 "/>
</bind>
</comp>

<comp id="1224" class="1007" name="grp_fu_1224">
<pin_list>
<pin id="1225" dir="0" index="0" bw="8" slack="1"/>
<pin id="1226" dir="0" index="1" bw="8" slack="2"/>
<pin id="1227" dir="0" index="2" bw="16" slack="2147483647"/>
<pin id="1228" dir="1" index="3" bw="16" slack="7"/>
</pin_list>
<bind>
<opcode="muladd(1172) " fcode="muladd"/>
<opset="mul_ln25_92/5 add_ln25_73/7 "/>
</bind>
</comp>

<comp id="1229" class="1007" name="grp_fu_1229">
<pin_list>
<pin id="1230" dir="0" index="0" bw="8" slack="1"/>
<pin id="1231" dir="0" index="1" bw="8" slack="1"/>
<pin id="1232" dir="0" index="2" bw="16" slack="2147483647"/>
<pin id="1233" dir="1" index="3" bw="16" slack="7"/>
</pin_list>
<bind>
<opcode="muladd(1172) " fcode="muladd"/>
<opset="mul_ln25_97/5 add_ln25_77/7 "/>
</bind>
</comp>

<comp id="1234" class="1007" name="grp_fu_1234">
<pin_list>
<pin id="1235" dir="0" index="0" bw="8" slack="0"/>
<pin id="1236" dir="0" index="1" bw="8" slack="3"/>
<pin id="1237" dir="0" index="2" bw="16" slack="0"/>
<pin id="1238" dir="1" index="3" bw="16" slack="8"/>
</pin_list>
<bind>
<opcode="muladd(1172) " fcode="muladd"/>
<opset="mul_ln25_102/5 add_ln25_81/7 "/>
</bind>
</comp>

<comp id="1241" class="1007" name="grp_fu_1241">
<pin_list>
<pin id="1242" dir="0" index="0" bw="8" slack="0"/>
<pin id="1243" dir="0" index="1" bw="8" slack="3"/>
<pin id="1244" dir="0" index="2" bw="16" slack="0"/>
<pin id="1245" dir="1" index="3" bw="16" slack="8"/>
</pin_list>
<bind>
<opcode="muladd(1172) " fcode="muladd"/>
<opset="mul_ln25_107/5 add_ln25_85/7 "/>
</bind>
</comp>

<comp id="1248" class="1007" name="grp_fu_1248">
<pin_list>
<pin id="1249" dir="0" index="0" bw="8" slack="0"/>
<pin id="1250" dir="0" index="1" bw="8" slack="0"/>
<pin id="1251" dir="0" index="2" bw="16" slack="0"/>
<pin id="1252" dir="1" index="3" bw="16" slack="1"/>
</pin_list>
<bind>
<opcode="muladd(1172) " fcode="muladd"/>
<opset="mul_ln25/6 add_ln25/8 "/>
</bind>
</comp>

<comp id="1256" class="1007" name="grp_fu_1256">
<pin_list>
<pin id="1257" dir="0" index="0" bw="8" slack="0"/>
<pin id="1258" dir="0" index="1" bw="8" slack="0"/>
<pin id="1259" dir="0" index="2" bw="16" slack="0"/>
<pin id="1260" dir="1" index="3" bw="16" slack="1"/>
</pin_list>
<bind>
<opcode="muladd(1172) " fcode="muladd"/>
<opset="mul_ln25_5/6 add_ln25_4/8 "/>
</bind>
</comp>

<comp id="1264" class="1007" name="grp_fu_1264">
<pin_list>
<pin id="1265" dir="0" index="0" bw="8" slack="0"/>
<pin id="1266" dir="0" index="1" bw="8" slack="0"/>
<pin id="1267" dir="0" index="2" bw="16" slack="0"/>
<pin id="1268" dir="1" index="3" bw="16" slack="2"/>
</pin_list>
<bind>
<opcode="muladd(1172) " fcode="muladd"/>
<opset="mul_ln25_10/6 add_ln25_8/8 "/>
</bind>
</comp>

<comp id="1272" class="1007" name="grp_fu_1272">
<pin_list>
<pin id="1273" dir="0" index="0" bw="8" slack="1"/>
<pin id="1274" dir="0" index="1" bw="8" slack="3"/>
<pin id="1275" dir="0" index="2" bw="16" slack="2147483647"/>
<pin id="1276" dir="1" index="3" bw="16" slack="7"/>
</pin_list>
<bind>
<opcode="muladd(1172) " fcode="muladd"/>
<opset="mul_ln25_112/6 add_ln25_89/8 "/>
</bind>
</comp>

<comp id="1277" class="1007" name="grp_fu_1277">
<pin_list>
<pin id="1278" dir="0" index="0" bw="8" slack="1"/>
<pin id="1279" dir="0" index="1" bw="8" slack="3"/>
<pin id="1280" dir="0" index="2" bw="16" slack="2147483647"/>
<pin id="1281" dir="1" index="3" bw="16" slack="7"/>
</pin_list>
<bind>
<opcode="muladd(1172) " fcode="muladd"/>
<opset="mul_ln25_117/6 add_ln25_93/8 "/>
</bind>
</comp>

<comp id="1282" class="1007" name="grp_fu_1282">
<pin_list>
<pin id="1283" dir="0" index="0" bw="8" slack="1"/>
<pin id="1284" dir="0" index="1" bw="8" slack="2"/>
<pin id="1285" dir="0" index="2" bw="16" slack="0"/>
<pin id="1286" dir="1" index="3" bw="16" slack="7"/>
</pin_list>
<bind>
<opcode="muladd(1172) " fcode="muladd"/>
<opset="mul_ln25_122/6 add_ln25_97/8 "/>
</bind>
</comp>

<comp id="1288" class="1007" name="grp_fu_1288">
<pin_list>
<pin id="1289" dir="0" index="0" bw="8" slack="0"/>
<pin id="1290" dir="0" index="1" bw="8" slack="0"/>
<pin id="1291" dir="0" index="2" bw="16" slack="2147483647"/>
<pin id="1292" dir="1" index="3" bw="16" slack="0"/>
</pin_list>
<bind>
<opcode="muladd(1172) " fcode="muladd"/>
<opset="mul_ln25_4/7 add_ln25_2/9 "/>
</bind>
</comp>

<comp id="1296" class="1007" name="grp_fu_1296">
<pin_list>
<pin id="1297" dir="0" index="0" bw="8" slack="0"/>
<pin id="1298" dir="0" index="1" bw="8" slack="0"/>
<pin id="1299" dir="0" index="2" bw="16" slack="2147483647"/>
<pin id="1300" dir="1" index="3" bw="16" slack="0"/>
</pin_list>
<bind>
<opcode="muladd(1172) " fcode="muladd"/>
<opset="mul_ln25_9/7 add_ln25_6/9 "/>
</bind>
</comp>

<comp id="1304" class="1007" name="grp_fu_1304">
<pin_list>
<pin id="1305" dir="0" index="0" bw="8" slack="0"/>
<pin id="1306" dir="0" index="1" bw="8" slack="1"/>
<pin id="1307" dir="0" index="2" bw="16" slack="0"/>
<pin id="1308" dir="1" index="3" bw="16" slack="1"/>
</pin_list>
<bind>
<opcode="muladd(1172) " fcode="muladd"/>
<opset="mul_ln25_15/7 add_ln25_12/9 "/>
</bind>
</comp>

<comp id="1311" class="1007" name="grp_fu_1311">
<pin_list>
<pin id="1312" dir="0" index="0" bw="8" slack="0"/>
<pin id="1313" dir="0" index="1" bw="8" slack="1"/>
<pin id="1314" dir="0" index="2" bw="16" slack="0"/>
<pin id="1315" dir="1" index="3" bw="16" slack="2"/>
</pin_list>
<bind>
<opcode="muladd(1172) " fcode="muladd"/>
<opset="mul_ln25_20/7 add_ln25_16/9 "/>
</bind>
</comp>

<comp id="1318" class="1007" name="grp_fu_1318">
<pin_list>
<pin id="1319" dir="0" index="0" bw="8" slack="0"/>
<pin id="1320" dir="0" index="1" bw="8" slack="1"/>
<pin id="1321" dir="0" index="2" bw="16" slack="0"/>
<pin id="1322" dir="1" index="3" bw="16" slack="2"/>
</pin_list>
<bind>
<opcode="muladd(1172) " fcode="muladd"/>
<opset="mul_ln25_25/7 add_ln25_20/9 "/>
</bind>
</comp>

<comp id="1325" class="1007" name="grp_fu_1325">
<pin_list>
<pin id="1326" dir="0" index="0" bw="8" slack="0"/>
<pin id="1327" dir="0" index="1" bw="8" slack="1"/>
<pin id="1328" dir="0" index="2" bw="16" slack="0"/>
<pin id="1329" dir="1" index="3" bw="16" slack="3"/>
</pin_list>
<bind>
<opcode="muladd(1172) " fcode="muladd"/>
<opset="mul_ln25_30/7 add_ln25_24/9 "/>
</bind>
</comp>

<comp id="1332" class="1007" name="grp_fu_1332">
<pin_list>
<pin id="1333" dir="0" index="0" bw="8" slack="0"/>
<pin id="1334" dir="0" index="1" bw="8" slack="1"/>
<pin id="1335" dir="0" index="2" bw="16" slack="2147483647"/>
<pin id="1336" dir="1" index="3" bw="16" slack="0"/>
</pin_list>
<bind>
<opcode="muladd(1172) " fcode="muladd"/>
<opset="mul_ln25_14/8 add_ln25_10/10 "/>
</bind>
</comp>

<comp id="1339" class="1007" name="grp_fu_1339">
<pin_list>
<pin id="1340" dir="0" index="0" bw="8" slack="0"/>
<pin id="1341" dir="0" index="1" bw="8" slack="1"/>
<pin id="1342" dir="0" index="2" bw="16" slack="2147483647"/>
<pin id="1343" dir="1" index="3" bw="16" slack="0"/>
</pin_list>
<bind>
<opcode="muladd(1172) " fcode="muladd"/>
<opset="mul_ln25_19/8 add_ln25_14/10 "/>
</bind>
</comp>

<comp id="1346" class="1007" name="grp_fu_1346">
<pin_list>
<pin id="1347" dir="0" index="0" bw="8" slack="1"/>
<pin id="1348" dir="0" index="1" bw="8" slack="2"/>
<pin id="1349" dir="0" index="2" bw="16" slack="0"/>
<pin id="1350" dir="1" index="3" bw="16" slack="2"/>
</pin_list>
<bind>
<opcode="muladd(1172) " fcode="muladd"/>
<opset="mul_ln25_35/8 add_ln25_28/10 "/>
</bind>
</comp>

<comp id="1352" class="1007" name="grp_fu_1352">
<pin_list>
<pin id="1353" dir="0" index="0" bw="8" slack="1"/>
<pin id="1354" dir="0" index="1" bw="8" slack="1"/>
<pin id="1355" dir="0" index="2" bw="16" slack="0"/>
<pin id="1356" dir="1" index="3" bw="16" slack="3"/>
</pin_list>
<bind>
<opcode="muladd(1172) " fcode="muladd"/>
<opset="mul_ln25_40/8 add_ln25_32/10 "/>
</bind>
</comp>

<comp id="1358" class="1007" name="grp_fu_1358">
<pin_list>
<pin id="1359" dir="0" index="0" bw="8" slack="1"/>
<pin id="1360" dir="0" index="1" bw="8" slack="1"/>
<pin id="1361" dir="0" index="2" bw="16" slack="0"/>
<pin id="1362" dir="1" index="3" bw="16" slack="3"/>
</pin_list>
<bind>
<opcode="muladd(1172) " fcode="muladd"/>
<opset="mul_ln25_45/8 add_ln25_36/10 "/>
</bind>
</comp>

<comp id="1364" class="1007" name="grp_fu_1364">
<pin_list>
<pin id="1365" dir="0" index="0" bw="8" slack="0"/>
<pin id="1366" dir="0" index="1" bw="8" slack="2"/>
<pin id="1367" dir="0" index="2" bw="16" slack="0"/>
<pin id="1368" dir="1" index="3" bw="16" slack="4"/>
</pin_list>
<bind>
<opcode="muladd(1172) " fcode="muladd"/>
<opset="mul_ln25_50/8 add_ln25_40/10 "/>
</bind>
</comp>

<comp id="1371" class="1007" name="grp_fu_1371">
<pin_list>
<pin id="1372" dir="0" index="0" bw="8" slack="0"/>
<pin id="1373" dir="0" index="1" bw="8" slack="2"/>
<pin id="1374" dir="0" index="2" bw="16" slack="2147483647"/>
<pin id="1375" dir="1" index="3" bw="16" slack="0"/>
</pin_list>
<bind>
<opcode="muladd(1172) " fcode="muladd"/>
<opset="mul_ln25_24/9 add_ln25_18/11 "/>
</bind>
</comp>

<comp id="1378" class="1007" name="grp_fu_1378">
<pin_list>
<pin id="1379" dir="0" index="0" bw="8" slack="0"/>
<pin id="1380" dir="0" index="1" bw="8" slack="2"/>
<pin id="1381" dir="0" index="2" bw="16" slack="2147483647"/>
<pin id="1382" dir="1" index="3" bw="16" slack="0"/>
</pin_list>
<bind>
<opcode="muladd(1172) " fcode="muladd"/>
<opset="mul_ln25_29/9 add_ln25_22/11 "/>
</bind>
</comp>

<comp id="1385" class="1007" name="grp_fu_1385">
<pin_list>
<pin id="1386" dir="0" index="0" bw="8" slack="1"/>
<pin id="1387" dir="0" index="1" bw="8" slack="3"/>
<pin id="1388" dir="0" index="2" bw="16" slack="0"/>
<pin id="1389" dir="1" index="3" bw="16" slack="3"/>
</pin_list>
<bind>
<opcode="muladd(1172) " fcode="muladd"/>
<opset="mul_ln25_55/9 add_ln25_44/11 "/>
</bind>
</comp>

<comp id="1391" class="1007" name="grp_fu_1391">
<pin_list>
<pin id="1392" dir="0" index="0" bw="8" slack="1"/>
<pin id="1393" dir="0" index="1" bw="8" slack="3"/>
<pin id="1394" dir="0" index="2" bw="16" slack="0"/>
<pin id="1395" dir="1" index="3" bw="16" slack="3"/>
</pin_list>
<bind>
<opcode="muladd(1172) " fcode="muladd"/>
<opset="mul_ln25_60/9 add_ln25_48/11 "/>
</bind>
</comp>

<comp id="1397" class="1007" name="grp_fu_1397">
<pin_list>
<pin id="1398" dir="0" index="0" bw="8" slack="1"/>
<pin id="1399" dir="0" index="1" bw="8" slack="2"/>
<pin id="1400" dir="0" index="2" bw="16" slack="0"/>
<pin id="1401" dir="1" index="3" bw="16" slack="3"/>
</pin_list>
<bind>
<opcode="muladd(1172) " fcode="muladd"/>
<opset="mul_ln25_65/9 add_ln25_52/11 "/>
</bind>
</comp>

<comp id="1403" class="1007" name="grp_fu_1403">
<pin_list>
<pin id="1404" dir="0" index="0" bw="8" slack="1"/>
<pin id="1405" dir="0" index="1" bw="8" slack="2"/>
<pin id="1406" dir="0" index="2" bw="16" slack="0"/>
<pin id="1407" dir="1" index="3" bw="16" slack="4"/>
</pin_list>
<bind>
<opcode="muladd(1172) " fcode="muladd"/>
<opset="mul_ln25_70/9 add_ln25_56/11 "/>
</bind>
</comp>

<comp id="1409" class="1007" name="grp_fu_1409">
<pin_list>
<pin id="1410" dir="0" index="0" bw="8" slack="1"/>
<pin id="1411" dir="0" index="1" bw="8" slack="3"/>
<pin id="1412" dir="0" index="2" bw="16" slack="2147483647"/>
<pin id="1413" dir="1" index="3" bw="16" slack="0"/>
</pin_list>
<bind>
<opcode="muladd(1172) " fcode="muladd"/>
<opset="mul_ln25_34/10 add_ln25_26/12 "/>
</bind>
</comp>

<comp id="1415" class="1007" name="grp_fu_1415">
<pin_list>
<pin id="1416" dir="0" index="0" bw="8" slack="1"/>
<pin id="1417" dir="0" index="1" bw="8" slack="2"/>
<pin id="1418" dir="0" index="2" bw="16" slack="2147483647"/>
<pin id="1419" dir="1" index="3" bw="16" slack="0"/>
</pin_list>
<bind>
<opcode="muladd(1172) " fcode="muladd"/>
<opset="mul_ln25_39/10 add_ln25_30/12 "/>
</bind>
</comp>

<comp id="1421" class="1007" name="grp_fu_1421">
<pin_list>
<pin id="1422" dir="0" index="0" bw="8" slack="0"/>
<pin id="1423" dir="0" index="1" bw="8" slack="4"/>
<pin id="1424" dir="0" index="2" bw="16" slack="0"/>
<pin id="1425" dir="1" index="3" bw="16" slack="3"/>
</pin_list>
<bind>
<opcode="muladd(1172) " fcode="muladd"/>
<opset="mul_ln25_75/10 add_ln25_60/12 "/>
</bind>
</comp>

<comp id="1428" class="1007" name="grp_fu_1428">
<pin_list>
<pin id="1429" dir="0" index="0" bw="8" slack="0"/>
<pin id="1430" dir="0" index="1" bw="8" slack="4"/>
<pin id="1431" dir="0" index="2" bw="16" slack="0"/>
<pin id="1432" dir="1" index="3" bw="16" slack="3"/>
</pin_list>
<bind>
<opcode="muladd(1172) " fcode="muladd"/>
<opset="mul_ln25_80/10 add_ln25_64/12 "/>
</bind>
</comp>

<comp id="1435" class="1007" name="grp_fu_1435">
<pin_list>
<pin id="1436" dir="0" index="0" bw="8" slack="0"/>
<pin id="1437" dir="0" index="1" bw="8" slack="4"/>
<pin id="1438" dir="0" index="2" bw="16" slack="0"/>
<pin id="1439" dir="1" index="3" bw="16" slack="3"/>
</pin_list>
<bind>
<opcode="muladd(1172) " fcode="muladd"/>
<opset="mul_ln25_85/10 add_ln25_68/12 "/>
</bind>
</comp>

<comp id="1442" class="1007" name="grp_fu_1442">
<pin_list>
<pin id="1443" dir="0" index="0" bw="8" slack="0"/>
<pin id="1444" dir="0" index="1" bw="8" slack="3"/>
<pin id="1445" dir="0" index="2" bw="16" slack="0"/>
<pin id="1446" dir="1" index="3" bw="16" slack="3"/>
</pin_list>
<bind>
<opcode="muladd(1172) " fcode="muladd"/>
<opset="mul_ln25_90/10 add_ln25_72/12 "/>
</bind>
</comp>

<comp id="1449" class="1007" name="grp_fu_1449">
<pin_list>
<pin id="1450" dir="0" index="0" bw="8" slack="2"/>
<pin id="1451" dir="0" index="1" bw="8" slack="3"/>
<pin id="1452" dir="0" index="2" bw="16" slack="2147483647"/>
<pin id="1453" dir="1" index="3" bw="16" slack="0"/>
</pin_list>
<bind>
<opcode="muladd(1172) " fcode="muladd"/>
<opset="mul_ln25_44/11 add_ln25_34/13 "/>
</bind>
</comp>

<comp id="1455" class="1007" name="grp_fu_1455">
<pin_list>
<pin id="1456" dir="0" index="0" bw="8" slack="2"/>
<pin id="1457" dir="0" index="1" bw="8" slack="2"/>
<pin id="1458" dir="0" index="2" bw="16" slack="2147483647"/>
<pin id="1459" dir="1" index="3" bw="16" slack="0"/>
</pin_list>
<bind>
<opcode="muladd(1172) " fcode="muladd"/>
<opset="mul_ln25_49/11 add_ln25_38/13 "/>
</bind>
</comp>

<comp id="1461" class="1007" name="grp_fu_1461">
<pin_list>
<pin id="1462" dir="0" index="0" bw="8" slack="1"/>
<pin id="1463" dir="0" index="1" bw="8" slack="4"/>
<pin id="1464" dir="0" index="2" bw="16" slack="0"/>
<pin id="1465" dir="1" index="3" bw="16" slack="2"/>
</pin_list>
<bind>
<opcode="muladd(1172) " fcode="muladd"/>
<opset="mul_ln25_95/11 add_ln25_76/13 "/>
</bind>
</comp>

<comp id="1467" class="1007" name="grp_fu_1467">
<pin_list>
<pin id="1468" dir="0" index="0" bw="8" slack="0"/>
<pin id="1469" dir="0" index="1" bw="8" slack="5"/>
<pin id="1470" dir="0" index="2" bw="16" slack="0"/>
<pin id="1471" dir="1" index="3" bw="16" slack="3"/>
</pin_list>
<bind>
<opcode="muladd(1172) " fcode="muladd"/>
<opset="mul_ln25_100/11 add_ln25_80/13 "/>
</bind>
</comp>

<comp id="1474" class="1007" name="grp_fu_1474">
<pin_list>
<pin id="1475" dir="0" index="0" bw="8" slack="0"/>
<pin id="1476" dir="0" index="1" bw="8" slack="5"/>
<pin id="1477" dir="0" index="2" bw="16" slack="0"/>
<pin id="1478" dir="1" index="3" bw="16" slack="3"/>
</pin_list>
<bind>
<opcode="muladd(1172) " fcode="muladd"/>
<opset="mul_ln25_105/11 add_ln25_84/13 "/>
</bind>
</comp>

<comp id="1481" class="1007" name="grp_fu_1481">
<pin_list>
<pin id="1482" dir="0" index="0" bw="8" slack="0"/>
<pin id="1483" dir="0" index="1" bw="8" slack="5"/>
<pin id="1484" dir="0" index="2" bw="16" slack="0"/>
<pin id="1485" dir="1" index="3" bw="16" slack="3"/>
</pin_list>
<bind>
<opcode="muladd(1172) " fcode="muladd"/>
<opset="mul_ln25_110/11 add_ln25_88/13 "/>
</bind>
</comp>

<comp id="1488" class="1007" name="grp_fu_1488">
<pin_list>
<pin id="1489" dir="0" index="0" bw="8" slack="0"/>
<pin id="1490" dir="0" index="1" bw="8" slack="5"/>
<pin id="1491" dir="0" index="2" bw="16" slack="2147483647"/>
<pin id="1492" dir="1" index="3" bw="16" slack="0"/>
</pin_list>
<bind>
<opcode="muladd(1172) " fcode="muladd"/>
<opset="mul_ln25_54/12 add_ln25_42/14 "/>
</bind>
</comp>

<comp id="1495" class="1007" name="grp_fu_1495">
<pin_list>
<pin id="1496" dir="0" index="0" bw="8" slack="0"/>
<pin id="1497" dir="0" index="1" bw="8" slack="5"/>
<pin id="1498" dir="0" index="2" bw="16" slack="2147483647"/>
<pin id="1499" dir="1" index="3" bw="16" slack="0"/>
</pin_list>
<bind>
<opcode="muladd(1172) " fcode="muladd"/>
<opset="mul_ln25_59/12 add_ln25_46/14 "/>
</bind>
</comp>

<comp id="1502" class="1007" name="grp_fu_1502">
<pin_list>
<pin id="1503" dir="0" index="0" bw="8" slack="0"/>
<pin id="1504" dir="0" index="1" bw="8" slack="4"/>
<pin id="1505" dir="0" index="2" bw="16" slack="2147483647"/>
<pin id="1506" dir="1" index="3" bw="16" slack="0"/>
</pin_list>
<bind>
<opcode="muladd(1172) " fcode="muladd"/>
<opset="mul_ln25_64/12 add_ln25_50/14 "/>
</bind>
</comp>

<comp id="1509" class="1007" name="grp_fu_1509">
<pin_list>
<pin id="1510" dir="0" index="0" bw="8" slack="0"/>
<pin id="1511" dir="0" index="1" bw="8" slack="4"/>
<pin id="1512" dir="0" index="2" bw="16" slack="2147483647"/>
<pin id="1513" dir="1" index="3" bw="16" slack="0"/>
</pin_list>
<bind>
<opcode="muladd(1172) " fcode="muladd"/>
<opset="mul_ln25_69/12 add_ln25_54/14 "/>
</bind>
</comp>

<comp id="1516" class="1007" name="grp_fu_1516">
<pin_list>
<pin id="1517" dir="0" index="0" bw="8" slack="1"/>
<pin id="1518" dir="0" index="1" bw="8" slack="5"/>
<pin id="1519" dir="0" index="2" bw="16" slack="0"/>
<pin id="1520" dir="1" index="3" bw="16" slack="2"/>
</pin_list>
<bind>
<opcode="muladd(1172) " fcode="muladd"/>
<opset="mul_ln25_115/12 add_ln25_92/14 "/>
</bind>
</comp>

<comp id="1522" class="1007" name="grp_fu_1522">
<pin_list>
<pin id="1523" dir="0" index="0" bw="8" slack="1"/>
<pin id="1524" dir="0" index="1" bw="8" slack="5"/>
<pin id="1525" dir="0" index="2" bw="16" slack="0"/>
<pin id="1526" dir="1" index="3" bw="16" slack="2"/>
</pin_list>
<bind>
<opcode="muladd(1172) " fcode="muladd"/>
<opset="mul_ln25_120/12 add_ln25_96/14 "/>
</bind>
</comp>

<comp id="1528" class="1007" name="grp_fu_1528">
<pin_list>
<pin id="1529" dir="0" index="0" bw="8" slack="1"/>
<pin id="1530" dir="0" index="1" bw="8" slack="4"/>
<pin id="1531" dir="0" index="2" bw="16" slack="2147483647"/>
<pin id="1532" dir="1" index="3" bw="16" slack="0"/>
</pin_list>
<bind>
<opcode="muladd(1172) " fcode="muladd"/>
<opset="mul_ln25_74/13 add_ln25_58/15 "/>
</bind>
</comp>

<comp id="1534" class="1007" name="grp_fu_1534">
<pin_list>
<pin id="1535" dir="0" index="0" bw="8" slack="0"/>
<pin id="1536" dir="0" index="1" bw="8" slack="6"/>
<pin id="1537" dir="0" index="2" bw="16" slack="2147483647"/>
<pin id="1538" dir="1" index="3" bw="16" slack="0"/>
</pin_list>
<bind>
<opcode="muladd(1172) " fcode="muladd"/>
<opset="mul_ln25_79/13 add_ln25_62/15 "/>
</bind>
</comp>

<comp id="1541" class="1007" name="grp_fu_1541">
<pin_list>
<pin id="1542" dir="0" index="0" bw="8" slack="0"/>
<pin id="1543" dir="0" index="1" bw="8" slack="6"/>
<pin id="1544" dir="0" index="2" bw="16" slack="2147483647"/>
<pin id="1545" dir="1" index="3" bw="16" slack="0"/>
</pin_list>
<bind>
<opcode="muladd(1172) " fcode="muladd"/>
<opset="mul_ln25_84/13 add_ln25_66/15 "/>
</bind>
</comp>

<comp id="1548" class="1007" name="grp_fu_1548">
<pin_list>
<pin id="1549" dir="0" index="0" bw="8" slack="0"/>
<pin id="1550" dir="0" index="1" bw="8" slack="5"/>
<pin id="1551" dir="0" index="2" bw="16" slack="2147483647"/>
<pin id="1552" dir="1" index="3" bw="16" slack="0"/>
</pin_list>
<bind>
<opcode="muladd(1172) " fcode="muladd"/>
<opset="mul_ln25_89/13 add_ln25_70/15 "/>
</bind>
</comp>

<comp id="1555" class="1007" name="grp_fu_1555">
<pin_list>
<pin id="1556" dir="0" index="0" bw="8" slack="0"/>
<pin id="1557" dir="0" index="1" bw="8" slack="5"/>
<pin id="1558" dir="0" index="2" bw="16" slack="2147483647"/>
<pin id="1559" dir="1" index="3" bw="16" slack="0"/>
</pin_list>
<bind>
<opcode="muladd(1172) " fcode="muladd"/>
<opset="mul_ln25_94/13 add_ln25_74/15 "/>
</bind>
</comp>

<comp id="1562" class="1007" name="grp_fu_1562">
<pin_list>
<pin id="1563" dir="0" index="0" bw="8" slack="0"/>
<pin id="1564" dir="0" index="1" bw="8" slack="4"/>
<pin id="1565" dir="0" index="2" bw="16" slack="2147483647"/>
<pin id="1566" dir="1" index="3" bw="16" slack="0"/>
</pin_list>
<bind>
<opcode="muladd(1172) " fcode="muladd"/>
<opset="mul_ln25_99/13 add_ln25_78/15 "/>
</bind>
</comp>

<comp id="1569" class="1007" name="grp_fu_1569">
<pin_list>
<pin id="1570" dir="0" index="0" bw="8" slack="0"/>
<pin id="1571" dir="0" index="1" bw="8" slack="7"/>
<pin id="1572" dir="0" index="2" bw="16" slack="2147483647"/>
<pin id="1573" dir="1" index="3" bw="16" slack="0"/>
</pin_list>
<bind>
<opcode="muladd(1172) " fcode="muladd"/>
<opset="mul_ln25_104/14 add_ln25_82/16 "/>
</bind>
</comp>

<comp id="1576" class="1007" name="grp_fu_1576">
<pin_list>
<pin id="1577" dir="0" index="0" bw="8" slack="0"/>
<pin id="1578" dir="0" index="1" bw="8" slack="7"/>
<pin id="1579" dir="0" index="2" bw="16" slack="2147483647"/>
<pin id="1580" dir="1" index="3" bw="16" slack="0"/>
</pin_list>
<bind>
<opcode="muladd(1172) " fcode="muladd"/>
<opset="mul_ln25_109/14 add_ln25_86/16 "/>
</bind>
</comp>

<comp id="1583" class="1007" name="grp_fu_1583">
<pin_list>
<pin id="1584" dir="0" index="0" bw="8" slack="0"/>
<pin id="1585" dir="0" index="1" bw="8" slack="6"/>
<pin id="1586" dir="0" index="2" bw="16" slack="2147483647"/>
<pin id="1587" dir="1" index="3" bw="16" slack="0"/>
</pin_list>
<bind>
<opcode="muladd(1172) " fcode="muladd"/>
<opset="mul_ln25_114/14 add_ln25_90/16 "/>
</bind>
</comp>

<comp id="1590" class="1007" name="grp_fu_1590">
<pin_list>
<pin id="1591" dir="0" index="0" bw="8" slack="0"/>
<pin id="1592" dir="0" index="1" bw="8" slack="6"/>
<pin id="1593" dir="0" index="2" bw="16" slack="2147483647"/>
<pin id="1594" dir="1" index="3" bw="16" slack="0"/>
</pin_list>
<bind>
<opcode="muladd(1172) " fcode="muladd"/>
<opset="mul_ln25_119/14 add_ln25_94/16 "/>
</bind>
</comp>

<comp id="1597" class="1007" name="grp_fu_1597">
<pin_list>
<pin id="1598" dir="0" index="0" bw="8" slack="0"/>
<pin id="1599" dir="0" index="1" bw="8" slack="5"/>
<pin id="1600" dir="0" index="2" bw="16" slack="2147483647"/>
<pin id="1601" dir="1" index="3" bw="16" slack="0"/>
</pin_list>
<bind>
<opcode="muladd(1172) " fcode="muladd"/>
<opset="mul_ln25_124/14 add_ln25_98/16 "/>
</bind>
</comp>

<comp id="1604" class="1005" name="a_addr_reg_1604">
<pin_list>
<pin id="1605" dir="0" index="0" bw="3" slack="1"/>
<pin id="1606" dir="1" index="1" bw="3" slack="1"/>
</pin_list>
<bind>
<opset="a_addr "/>
</bind>
</comp>

<comp id="1609" class="1005" name="b_addr_reg_1609">
<pin_list>
<pin id="1610" dir="0" index="0" bw="3" slack="1"/>
<pin id="1611" dir="1" index="1" bw="3" slack="1"/>
</pin_list>
<bind>
<opset="b_addr "/>
</bind>
</comp>

<comp id="1614" class="1005" name="b_addr_1_reg_1614">
<pin_list>
<pin id="1615" dir="0" index="0" bw="3" slack="1"/>
<pin id="1616" dir="1" index="1" bw="3" slack="1"/>
</pin_list>
<bind>
<opset="b_addr_1 "/>
</bind>
</comp>

<comp id="1619" class="1005" name="a_addr_1_reg_1619">
<pin_list>
<pin id="1620" dir="0" index="0" bw="3" slack="1"/>
<pin id="1621" dir="1" index="1" bw="3" slack="1"/>
</pin_list>
<bind>
<opset="a_addr_1 "/>
</bind>
</comp>

<comp id="1624" class="1005" name="trunc_ln25_reg_1624">
<pin_list>
<pin id="1625" dir="0" index="0" bw="8" slack="4"/>
<pin id="1626" dir="1" index="1" bw="8" slack="4"/>
</pin_list>
<bind>
<opset="trunc_ln25 "/>
</bind>
</comp>

<comp id="1629" class="1005" name="trunc_ln25_1_reg_1629">
<pin_list>
<pin id="1630" dir="0" index="0" bw="8" slack="4"/>
<pin id="1631" dir="1" index="1" bw="8" slack="4"/>
</pin_list>
<bind>
<opset="trunc_ln25_1 "/>
</bind>
</comp>

<comp id="1634" class="1005" name="tmp_reg_1634">
<pin_list>
<pin id="1635" dir="0" index="0" bw="8" slack="6"/>
<pin id="1636" dir="1" index="1" bw="8" slack="6"/>
</pin_list>
<bind>
<opset="tmp "/>
</bind>
</comp>

<comp id="1639" class="1005" name="tmp_1_reg_1639">
<pin_list>
<pin id="1640" dir="0" index="0" bw="8" slack="6"/>
<pin id="1641" dir="1" index="1" bw="8" slack="6"/>
</pin_list>
<bind>
<opset="tmp_1 "/>
</bind>
</comp>

<comp id="1644" class="1005" name="tmp_2_reg_1644">
<pin_list>
<pin id="1645" dir="0" index="0" bw="8" slack="5"/>
<pin id="1646" dir="1" index="1" bw="8" slack="5"/>
</pin_list>
<bind>
<opset="tmp_2 "/>
</bind>
</comp>

<comp id="1649" class="1005" name="tmp_3_reg_1649">
<pin_list>
<pin id="1650" dir="0" index="0" bw="8" slack="5"/>
<pin id="1651" dir="1" index="1" bw="8" slack="5"/>
</pin_list>
<bind>
<opset="tmp_3 "/>
</bind>
</comp>

<comp id="1654" class="1005" name="zext_ln25_6_reg_1654">
<pin_list>
<pin id="1655" dir="0" index="0" bw="16" slack="1"/>
<pin id="1656" dir="1" index="1" bw="16" slack="1"/>
</pin_list>
<bind>
<opset="zext_ln25_6 "/>
</bind>
</comp>

<comp id="1661" class="1005" name="zext_ln25_7_reg_1661">
<pin_list>
<pin id="1662" dir="0" index="0" bw="16" slack="2"/>
<pin id="1663" dir="1" index="1" bw="16" slack="2"/>
</pin_list>
<bind>
<opset="zext_ln25_7 "/>
</bind>
</comp>

<comp id="1668" class="1005" name="zext_ln25_8_reg_1668">
<pin_list>
<pin id="1669" dir="0" index="0" bw="16" slack="1"/>
<pin id="1670" dir="1" index="1" bw="16" slack="1"/>
</pin_list>
<bind>
<opset="zext_ln25_8 "/>
</bind>
</comp>

<comp id="1677" class="1005" name="zext_ln25_9_reg_1677">
<pin_list>
<pin id="1678" dir="0" index="0" bw="16" slack="1"/>
<pin id="1679" dir="1" index="1" bw="16" slack="1"/>
</pin_list>
<bind>
<opset="zext_ln25_9 "/>
</bind>
</comp>

<comp id="1686" class="1005" name="mul_ln25_3_reg_1686">
<pin_list>
<pin id="1687" dir="0" index="0" bw="16" slack="2"/>
<pin id="1688" dir="1" index="1" bw="16" slack="2"/>
</pin_list>
<bind>
<opset="mul_ln25_3 "/>
</bind>
</comp>

<comp id="1691" class="1005" name="trunc_ln25_2_reg_1691">
<pin_list>
<pin id="1692" dir="0" index="0" bw="8" slack="4"/>
<pin id="1693" dir="1" index="1" bw="8" slack="4"/>
</pin_list>
<bind>
<opset="trunc_ln25_2 "/>
</bind>
</comp>

<comp id="1696" class="1005" name="tmp_8_reg_1696">
<pin_list>
<pin id="1697" dir="0" index="0" bw="8" slack="6"/>
<pin id="1698" dir="1" index="1" bw="8" slack="6"/>
</pin_list>
<bind>
<opset="tmp_8 "/>
</bind>
</comp>

<comp id="1701" class="1005" name="tmp_9_reg_1701">
<pin_list>
<pin id="1702" dir="0" index="0" bw="8" slack="5"/>
<pin id="1703" dir="1" index="1" bw="8" slack="5"/>
</pin_list>
<bind>
<opset="tmp_9 "/>
</bind>
</comp>

<comp id="1706" class="1005" name="zext_ln25_13_reg_1706">
<pin_list>
<pin id="1707" dir="0" index="0" bw="16" slack="2"/>
<pin id="1708" dir="1" index="1" bw="16" slack="2"/>
</pin_list>
<bind>
<opset="zext_ln25_13 "/>
</bind>
</comp>

<comp id="1713" class="1005" name="zext_ln25_14_reg_1713">
<pin_list>
<pin id="1714" dir="0" index="0" bw="16" slack="1"/>
<pin id="1715" dir="1" index="1" bw="16" slack="1"/>
</pin_list>
<bind>
<opset="zext_ln25_14 "/>
</bind>
</comp>

<comp id="1722" class="1005" name="mul_ln25_8_reg_1722">
<pin_list>
<pin id="1723" dir="0" index="0" bw="16" slack="2"/>
<pin id="1724" dir="1" index="1" bw="16" slack="2"/>
</pin_list>
<bind>
<opset="mul_ln25_8 "/>
</bind>
</comp>

<comp id="1727" class="1005" name="b_addr_2_reg_1727">
<pin_list>
<pin id="1728" dir="0" index="0" bw="3" slack="1"/>
<pin id="1729" dir="1" index="1" bw="3" slack="1"/>
</pin_list>
<bind>
<opset="b_addr_2 "/>
</bind>
</comp>

<comp id="1732" class="1005" name="b_addr_3_reg_1732">
<pin_list>
<pin id="1733" dir="0" index="0" bw="3" slack="1"/>
<pin id="1734" dir="1" index="1" bw="3" slack="1"/>
</pin_list>
<bind>
<opset="b_addr_3 "/>
</bind>
</comp>

<comp id="1737" class="1005" name="trunc_ln25_6_reg_1737">
<pin_list>
<pin id="1738" dir="0" index="0" bw="8" slack="5"/>
<pin id="1739" dir="1" index="1" bw="8" slack="5"/>
</pin_list>
<bind>
<opset="trunc_ln25_6 "/>
</bind>
</comp>

<comp id="1742" class="1005" name="tmp_23_reg_1742">
<pin_list>
<pin id="1743" dir="0" index="0" bw="8" slack="7"/>
<pin id="1744" dir="1" index="1" bw="8" slack="7"/>
</pin_list>
<bind>
<opset="tmp_23 "/>
</bind>
</comp>

<comp id="1747" class="1005" name="tmp_24_reg_1747">
<pin_list>
<pin id="1748" dir="0" index="0" bw="8" slack="7"/>
<pin id="1749" dir="1" index="1" bw="8" slack="7"/>
</pin_list>
<bind>
<opset="tmp_24 "/>
</bind>
</comp>

<comp id="1752" class="1005" name="zext_ln25_33_reg_1752">
<pin_list>
<pin id="1753" dir="0" index="0" bw="16" slack="1"/>
<pin id="1754" dir="1" index="1" bw="16" slack="1"/>
</pin_list>
<bind>
<opset="zext_ln25_33 "/>
</bind>
</comp>

<comp id="1759" class="1005" name="zext_ln25_34_reg_1759">
<pin_list>
<pin id="1760" dir="0" index="0" bw="16" slack="1"/>
<pin id="1761" dir="1" index="1" bw="16" slack="1"/>
</pin_list>
<bind>
<opset="zext_ln25_34 "/>
</bind>
</comp>

<comp id="1768" class="1005" name="mul_ln25_28_reg_1768">
<pin_list>
<pin id="1769" dir="0" index="0" bw="16" slack="2"/>
<pin id="1770" dir="1" index="1" bw="16" slack="2"/>
</pin_list>
<bind>
<opset="mul_ln25_28 "/>
</bind>
</comp>

<comp id="1773" class="1005" name="mul_ln25_33_reg_1773">
<pin_list>
<pin id="1774" dir="0" index="0" bw="16" slack="2"/>
<pin id="1775" dir="1" index="1" bw="16" slack="2"/>
</pin_list>
<bind>
<opset="mul_ln25_33 "/>
</bind>
</comp>

<comp id="1778" class="1005" name="a_addr_2_reg_1778">
<pin_list>
<pin id="1779" dir="0" index="0" bw="3" slack="1"/>
<pin id="1780" dir="1" index="1" bw="3" slack="1"/>
</pin_list>
<bind>
<opset="a_addr_2 "/>
</bind>
</comp>

<comp id="1783" class="1005" name="a_addr_3_reg_1783">
<pin_list>
<pin id="1784" dir="0" index="0" bw="3" slack="1"/>
<pin id="1785" dir="1" index="1" bw="3" slack="1"/>
</pin_list>
<bind>
<opset="a_addr_3 "/>
</bind>
</comp>

<comp id="1788" class="1005" name="trunc_ln25_3_reg_1788">
<pin_list>
<pin id="1789" dir="0" index="0" bw="8" slack="3"/>
<pin id="1790" dir="1" index="1" bw="8" slack="3"/>
</pin_list>
<bind>
<opset="trunc_ln25_3 "/>
</bind>
</comp>

<comp id="1793" class="1005" name="tmp_11_reg_1793">
<pin_list>
<pin id="1794" dir="0" index="0" bw="8" slack="5"/>
<pin id="1795" dir="1" index="1" bw="8" slack="5"/>
</pin_list>
<bind>
<opset="tmp_11 "/>
</bind>
</comp>

<comp id="1798" class="1005" name="tmp_12_reg_1798">
<pin_list>
<pin id="1799" dir="0" index="0" bw="8" slack="5"/>
<pin id="1800" dir="1" index="1" bw="8" slack="5"/>
</pin_list>
<bind>
<opset="tmp_12 "/>
</bind>
</comp>

<comp id="1803" class="1005" name="zext_ln25_18_reg_1803">
<pin_list>
<pin id="1804" dir="0" index="0" bw="16" slack="2"/>
<pin id="1805" dir="1" index="1" bw="16" slack="2"/>
</pin_list>
<bind>
<opset="zext_ln25_18 "/>
</bind>
</comp>

<comp id="1810" class="1005" name="zext_ln25_19_reg_1810">
<pin_list>
<pin id="1811" dir="0" index="0" bw="16" slack="1"/>
<pin id="1812" dir="1" index="1" bw="16" slack="1"/>
</pin_list>
<bind>
<opset="zext_ln25_19 "/>
</bind>
</comp>

<comp id="1819" class="1005" name="mul_ln25_13_reg_1819">
<pin_list>
<pin id="1820" dir="0" index="0" bw="16" slack="2"/>
<pin id="1821" dir="1" index="1" bw="16" slack="2"/>
</pin_list>
<bind>
<opset="mul_ln25_13 "/>
</bind>
</comp>

<comp id="1824" class="1005" name="trunc_ln25_4_reg_1824">
<pin_list>
<pin id="1825" dir="0" index="0" bw="8" slack="4"/>
<pin id="1826" dir="1" index="1" bw="8" slack="4"/>
</pin_list>
<bind>
<opset="trunc_ln25_4 "/>
</bind>
</comp>

<comp id="1829" class="1005" name="tmp_15_reg_1829">
<pin_list>
<pin id="1830" dir="0" index="0" bw="8" slack="6"/>
<pin id="1831" dir="1" index="1" bw="8" slack="6"/>
</pin_list>
<bind>
<opset="tmp_15 "/>
</bind>
</comp>

<comp id="1834" class="1005" name="tmp_16_reg_1834">
<pin_list>
<pin id="1835" dir="0" index="0" bw="8" slack="5"/>
<pin id="1836" dir="1" index="1" bw="8" slack="5"/>
</pin_list>
<bind>
<opset="tmp_16 "/>
</bind>
</comp>

<comp id="1839" class="1005" name="zext_ln25_23_reg_1839">
<pin_list>
<pin id="1840" dir="0" index="0" bw="16" slack="2"/>
<pin id="1841" dir="1" index="1" bw="16" slack="2"/>
</pin_list>
<bind>
<opset="zext_ln25_23 "/>
</bind>
</comp>

<comp id="1846" class="1005" name="zext_ln25_24_reg_1846">
<pin_list>
<pin id="1847" dir="0" index="0" bw="16" slack="1"/>
<pin id="1848" dir="1" index="1" bw="16" slack="1"/>
</pin_list>
<bind>
<opset="zext_ln25_24 "/>
</bind>
</comp>

<comp id="1855" class="1005" name="mul_ln25_18_reg_1855">
<pin_list>
<pin id="1856" dir="0" index="0" bw="16" slack="2"/>
<pin id="1857" dir="1" index="1" bw="16" slack="2"/>
</pin_list>
<bind>
<opset="mul_ln25_18 "/>
</bind>
</comp>

<comp id="1860" class="1005" name="b_addr_4_reg_1860">
<pin_list>
<pin id="1861" dir="0" index="0" bw="3" slack="1"/>
<pin id="1862" dir="1" index="1" bw="3" slack="1"/>
</pin_list>
<bind>
<opset="b_addr_4 "/>
</bind>
</comp>

<comp id="1865" class="1005" name="mul_ln25_38_reg_1865">
<pin_list>
<pin id="1866" dir="0" index="0" bw="16" slack="2"/>
<pin id="1867" dir="1" index="1" bw="16" slack="2"/>
</pin_list>
<bind>
<opset="mul_ln25_38 "/>
</bind>
</comp>

<comp id="1870" class="1005" name="mul_ln25_43_reg_1870">
<pin_list>
<pin id="1871" dir="0" index="0" bw="16" slack="2"/>
<pin id="1872" dir="1" index="1" bw="16" slack="2"/>
</pin_list>
<bind>
<opset="mul_ln25_43 "/>
</bind>
</comp>

<comp id="1875" class="1005" name="trunc_ln25_7_reg_1875">
<pin_list>
<pin id="1876" dir="0" index="0" bw="8" slack="5"/>
<pin id="1877" dir="1" index="1" bw="8" slack="5"/>
</pin_list>
<bind>
<opset="trunc_ln25_7 "/>
</bind>
</comp>

<comp id="1880" class="1005" name="tmp_27_reg_1880">
<pin_list>
<pin id="1881" dir="0" index="0" bw="8" slack="7"/>
<pin id="1882" dir="1" index="1" bw="8" slack="7"/>
</pin_list>
<bind>
<opset="tmp_27 "/>
</bind>
</comp>

<comp id="1885" class="1005" name="tmp_28_reg_1885">
<pin_list>
<pin id="1886" dir="0" index="0" bw="8" slack="9"/>
<pin id="1887" dir="1" index="1" bw="8" slack="9"/>
</pin_list>
<bind>
<opset="tmp_28 "/>
</bind>
</comp>

<comp id="1890" class="1005" name="tmp_29_reg_1890">
<pin_list>
<pin id="1891" dir="0" index="0" bw="8" slack="1"/>
<pin id="1892" dir="1" index="1" bw="8" slack="1"/>
</pin_list>
<bind>
<opset="tmp_29 "/>
</bind>
</comp>

<comp id="1895" class="1005" name="zext_ln25_39_reg_1895">
<pin_list>
<pin id="1896" dir="0" index="0" bw="16" slack="1"/>
<pin id="1897" dir="1" index="1" bw="16" slack="1"/>
</pin_list>
<bind>
<opset="zext_ln25_39 "/>
</bind>
</comp>

<comp id="1904" class="1005" name="trunc_ln25_8_reg_1904">
<pin_list>
<pin id="1905" dir="0" index="0" bw="8" slack="7"/>
<pin id="1906" dir="1" index="1" bw="8" slack="7"/>
</pin_list>
<bind>
<opset="trunc_ln25_8 "/>
</bind>
</comp>

<comp id="1909" class="1005" name="tmp_31_reg_1909">
<pin_list>
<pin id="1910" dir="0" index="0" bw="8" slack="9"/>
<pin id="1911" dir="1" index="1" bw="8" slack="9"/>
</pin_list>
<bind>
<opset="tmp_31 "/>
</bind>
</comp>

<comp id="1914" class="1005" name="tmp_32_reg_1914">
<pin_list>
<pin id="1915" dir="0" index="0" bw="8" slack="10"/>
<pin id="1916" dir="1" index="1" bw="8" slack="10"/>
</pin_list>
<bind>
<opset="tmp_32 "/>
</bind>
</comp>

<comp id="1919" class="1005" name="tmp_33_reg_1919">
<pin_list>
<pin id="1920" dir="0" index="0" bw="8" slack="2"/>
<pin id="1921" dir="1" index="1" bw="8" slack="2"/>
</pin_list>
<bind>
<opset="tmp_33 "/>
</bind>
</comp>

<comp id="1924" class="1005" name="a_addr_4_reg_1924">
<pin_list>
<pin id="1925" dir="0" index="0" bw="3" slack="1"/>
<pin id="1926" dir="1" index="1" bw="3" slack="1"/>
</pin_list>
<bind>
<opset="a_addr_4 "/>
</bind>
</comp>

<comp id="1929" class="1005" name="trunc_ln25_5_reg_1929">
<pin_list>
<pin id="1930" dir="0" index="0" bw="8" slack="3"/>
<pin id="1931" dir="1" index="1" bw="8" slack="3"/>
</pin_list>
<bind>
<opset="trunc_ln25_5 "/>
</bind>
</comp>

<comp id="1934" class="1005" name="tmp_19_reg_1934">
<pin_list>
<pin id="1935" dir="0" index="0" bw="8" slack="5"/>
<pin id="1936" dir="1" index="1" bw="8" slack="5"/>
</pin_list>
<bind>
<opset="tmp_19 "/>
</bind>
</comp>

<comp id="1939" class="1005" name="tmp_20_reg_1939">
<pin_list>
<pin id="1940" dir="0" index="0" bw="8" slack="5"/>
<pin id="1941" dir="1" index="1" bw="8" slack="5"/>
</pin_list>
<bind>
<opset="tmp_20 "/>
</bind>
</comp>

<comp id="1944" class="1005" name="zext_ln25_28_reg_1944">
<pin_list>
<pin id="1945" dir="0" index="0" bw="16" slack="1"/>
<pin id="1946" dir="1" index="1" bw="16" slack="1"/>
</pin_list>
<bind>
<opset="zext_ln25_28 "/>
</bind>
</comp>

<comp id="1951" class="1005" name="zext_ln25_29_reg_1951">
<pin_list>
<pin id="1952" dir="0" index="0" bw="16" slack="1"/>
<pin id="1953" dir="1" index="1" bw="16" slack="1"/>
</pin_list>
<bind>
<opset="zext_ln25_29 "/>
</bind>
</comp>

<comp id="1960" class="1005" name="mul_ln25_23_reg_1960">
<pin_list>
<pin id="1961" dir="0" index="0" bw="16" slack="2"/>
<pin id="1962" dir="1" index="1" bw="16" slack="2"/>
</pin_list>
<bind>
<opset="mul_ln25_23 "/>
</bind>
</comp>

<comp id="1965" class="1005" name="mul_ln25_48_reg_1965">
<pin_list>
<pin id="1966" dir="0" index="0" bw="16" slack="2"/>
<pin id="1967" dir="1" index="1" bw="16" slack="2"/>
</pin_list>
<bind>
<opset="mul_ln25_48 "/>
</bind>
</comp>

<comp id="1970" class="1005" name="zext_ln25_38_reg_1970">
<pin_list>
<pin id="1971" dir="0" index="0" bw="16" slack="1"/>
<pin id="1972" dir="1" index="1" bw="16" slack="1"/>
</pin_list>
<bind>
<opset="zext_ln25_38 "/>
</bind>
</comp>

<comp id="1977" class="1005" name="mul_ln25_53_reg_1977">
<pin_list>
<pin id="1978" dir="0" index="0" bw="16" slack="1"/>
<pin id="1979" dir="1" index="1" bw="16" slack="1"/>
</pin_list>
<bind>
<opset="mul_ln25_53 "/>
</bind>
</comp>

<comp id="1982" class="1005" name="mul_ln25_58_reg_1982">
<pin_list>
<pin id="1983" dir="0" index="0" bw="16" slack="1"/>
<pin id="1984" dir="1" index="1" bw="16" slack="1"/>
</pin_list>
<bind>
<opset="mul_ln25_58 "/>
</bind>
</comp>

<comp id="1987" class="1005" name="zext_ln25_44_reg_1987">
<pin_list>
<pin id="1988" dir="0" index="0" bw="16" slack="1"/>
<pin id="1989" dir="1" index="1" bw="16" slack="1"/>
</pin_list>
<bind>
<opset="zext_ln25_44 "/>
</bind>
</comp>

<comp id="1996" class="1005" name="trunc_ln25_9_reg_1996">
<pin_list>
<pin id="1997" dir="0" index="0" bw="8" slack="7"/>
<pin id="1998" dir="1" index="1" bw="8" slack="7"/>
</pin_list>
<bind>
<opset="trunc_ln25_9 "/>
</bind>
</comp>

<comp id="2001" class="1005" name="tmp_35_reg_2001">
<pin_list>
<pin id="2002" dir="0" index="0" bw="8" slack="9"/>
<pin id="2003" dir="1" index="1" bw="8" slack="9"/>
</pin_list>
<bind>
<opset="tmp_35 "/>
</bind>
</comp>

<comp id="2006" class="1005" name="tmp_36_reg_2006">
<pin_list>
<pin id="2007" dir="0" index="0" bw="8" slack="10"/>
<pin id="2008" dir="1" index="1" bw="8" slack="10"/>
</pin_list>
<bind>
<opset="tmp_36 "/>
</bind>
</comp>

<comp id="2011" class="1005" name="tmp_37_reg_2011">
<pin_list>
<pin id="2012" dir="0" index="0" bw="8" slack="3"/>
<pin id="2013" dir="1" index="1" bw="8" slack="3"/>
</pin_list>
<bind>
<opset="tmp_37 "/>
</bind>
</comp>

<comp id="2016" class="1005" name="add_ln25_1_reg_2016">
<pin_list>
<pin id="2017" dir="0" index="0" bw="16" slack="4"/>
<pin id="2018" dir="1" index="1" bw="16" slack="4"/>
</pin_list>
<bind>
<opset="add_ln25_1 "/>
</bind>
</comp>

<comp id="2021" class="1005" name="add_ln25_5_reg_2021">
<pin_list>
<pin id="2022" dir="0" index="0" bw="16" slack="4"/>
<pin id="2023" dir="1" index="1" bw="16" slack="4"/>
</pin_list>
<bind>
<opset="add_ln25_5 "/>
</bind>
</comp>

<comp id="2026" class="1005" name="add_ln25_21_reg_2026">
<pin_list>
<pin id="2027" dir="0" index="0" bw="16" slack="6"/>
<pin id="2028" dir="1" index="1" bw="16" slack="6"/>
</pin_list>
<bind>
<opset="add_ln25_21 "/>
</bind>
</comp>

<comp id="2031" class="1005" name="add_ln25_25_reg_2031">
<pin_list>
<pin id="2032" dir="0" index="0" bw="16" slack="7"/>
<pin id="2033" dir="1" index="1" bw="16" slack="7"/>
</pin_list>
<bind>
<opset="add_ln25_25 "/>
</bind>
</comp>

<comp id="2036" class="1005" name="mul_ln25_63_reg_2036">
<pin_list>
<pin id="2037" dir="0" index="0" bw="16" slack="1"/>
<pin id="2038" dir="1" index="1" bw="16" slack="1"/>
</pin_list>
<bind>
<opset="mul_ln25_63 "/>
</bind>
</comp>

<comp id="2041" class="1005" name="mul_ln25_68_reg_2041">
<pin_list>
<pin id="2042" dir="0" index="0" bw="16" slack="1"/>
<pin id="2043" dir="1" index="1" bw="16" slack="1"/>
</pin_list>
<bind>
<opset="mul_ln25_68 "/>
</bind>
</comp>

<comp id="2046" class="1005" name="mul_ln25_73_reg_2046">
<pin_list>
<pin id="2047" dir="0" index="0" bw="16" slack="1"/>
<pin id="2048" dir="1" index="1" bw="16" slack="1"/>
</pin_list>
<bind>
<opset="mul_ln25_73 "/>
</bind>
</comp>

<comp id="2051" class="1005" name="zext_ln25_43_reg_2051">
<pin_list>
<pin id="2052" dir="0" index="0" bw="16" slack="1"/>
<pin id="2053" dir="1" index="1" bw="16" slack="1"/>
</pin_list>
<bind>
<opset="zext_ln25_43 "/>
</bind>
</comp>

<comp id="2059" class="1005" name="mul_ln25_78_reg_2059">
<pin_list>
<pin id="2060" dir="0" index="0" bw="16" slack="1"/>
<pin id="2061" dir="1" index="1" bw="16" slack="1"/>
</pin_list>
<bind>
<opset="mul_ln25_78 "/>
</bind>
</comp>

<comp id="2064" class="1005" name="zext_ln25_49_reg_2064">
<pin_list>
<pin id="2065" dir="0" index="0" bw="16" slack="1"/>
<pin id="2066" dir="1" index="1" bw="16" slack="1"/>
</pin_list>
<bind>
<opset="zext_ln25_49 "/>
</bind>
</comp>

<comp id="2073" class="1005" name="zext_ln25_reg_2073">
<pin_list>
<pin id="2074" dir="0" index="0" bw="16" slack="1"/>
<pin id="2075" dir="1" index="1" bw="16" slack="1"/>
</pin_list>
<bind>
<opset="zext_ln25 "/>
</bind>
</comp>

<comp id="2082" class="1005" name="zext_ln25_1_reg_2082">
<pin_list>
<pin id="2083" dir="0" index="0" bw="16" slack="1"/>
<pin id="2084" dir="1" index="1" bw="16" slack="1"/>
</pin_list>
<bind>
<opset="zext_ln25_1 "/>
</bind>
</comp>

<comp id="2091" class="1005" name="zext_ln25_10_reg_2091">
<pin_list>
<pin id="2092" dir="0" index="0" bw="16" slack="1"/>
<pin id="2093" dir="1" index="1" bw="16" slack="1"/>
</pin_list>
<bind>
<opset="zext_ln25_10 "/>
</bind>
</comp>

<comp id="2100" class="1005" name="zext_ln25_15_reg_2100">
<pin_list>
<pin id="2101" dir="0" index="0" bw="16" slack="1"/>
<pin id="2102" dir="1" index="1" bw="16" slack="1"/>
</pin_list>
<bind>
<opset="zext_ln25_15 "/>
</bind>
</comp>

<comp id="2109" class="1005" name="add_ln25_9_reg_2109">
<pin_list>
<pin id="2110" dir="0" index="0" bw="16" slack="4"/>
<pin id="2111" dir="1" index="1" bw="16" slack="4"/>
</pin_list>
<bind>
<opset="add_ln25_9 "/>
</bind>
</comp>

<comp id="2114" class="1005" name="add_ln25_13_reg_2114">
<pin_list>
<pin id="2115" dir="0" index="0" bw="16" slack="4"/>
<pin id="2116" dir="1" index="1" bw="16" slack="4"/>
</pin_list>
<bind>
<opset="add_ln25_13 "/>
</bind>
</comp>

<comp id="2119" class="1005" name="add_ln25_29_reg_2119">
<pin_list>
<pin id="2120" dir="0" index="0" bw="16" slack="6"/>
<pin id="2121" dir="1" index="1" bw="16" slack="6"/>
</pin_list>
<bind>
<opset="add_ln25_29 "/>
</bind>
</comp>

<comp id="2124" class="1005" name="add_ln25_33_reg_2124">
<pin_list>
<pin id="2125" dir="0" index="0" bw="16" slack="7"/>
<pin id="2126" dir="1" index="1" bw="16" slack="7"/>
</pin_list>
<bind>
<opset="add_ln25_33 "/>
</bind>
</comp>

<comp id="2129" class="1005" name="add_ln25_41_reg_2129">
<pin_list>
<pin id="2130" dir="0" index="0" bw="16" slack="8"/>
<pin id="2131" dir="1" index="1" bw="16" slack="8"/>
</pin_list>
<bind>
<opset="add_ln25_41 "/>
</bind>
</comp>

<comp id="2134" class="1005" name="add_ln25_45_reg_2134">
<pin_list>
<pin id="2135" dir="0" index="0" bw="16" slack="8"/>
<pin id="2136" dir="1" index="1" bw="16" slack="8"/>
</pin_list>
<bind>
<opset="add_ln25_45 "/>
</bind>
</comp>

<comp id="2139" class="1005" name="mul_ln25_83_reg_2139">
<pin_list>
<pin id="2140" dir="0" index="0" bw="16" slack="1"/>
<pin id="2141" dir="1" index="1" bw="16" slack="1"/>
</pin_list>
<bind>
<opset="mul_ln25_83 "/>
</bind>
</comp>

<comp id="2144" class="1005" name="mul_ln25_88_reg_2144">
<pin_list>
<pin id="2145" dir="0" index="0" bw="16" slack="1"/>
<pin id="2146" dir="1" index="1" bw="16" slack="1"/>
</pin_list>
<bind>
<opset="mul_ln25_88 "/>
</bind>
</comp>

<comp id="2149" class="1005" name="mul_ln25_93_reg_2149">
<pin_list>
<pin id="2150" dir="0" index="0" bw="16" slack="1"/>
<pin id="2151" dir="1" index="1" bw="16" slack="1"/>
</pin_list>
<bind>
<opset="mul_ln25_93 "/>
</bind>
</comp>

<comp id="2154" class="1005" name="mul_ln25_98_reg_2154">
<pin_list>
<pin id="2155" dir="0" index="0" bw="16" slack="1"/>
<pin id="2156" dir="1" index="1" bw="16" slack="1"/>
</pin_list>
<bind>
<opset="mul_ln25_98 "/>
</bind>
</comp>

<comp id="2159" class="1005" name="zext_ln25_4_reg_2159">
<pin_list>
<pin id="2160" dir="0" index="0" bw="16" slack="1"/>
<pin id="2161" dir="1" index="1" bw="16" slack="1"/>
</pin_list>
<bind>
<opset="zext_ln25_4 "/>
</bind>
</comp>

<comp id="2168" class="1005" name="zext_ln25_5_reg_2168">
<pin_list>
<pin id="2169" dir="0" index="0" bw="16" slack="1"/>
<pin id="2170" dir="1" index="1" bw="16" slack="1"/>
</pin_list>
<bind>
<opset="zext_ln25_5 "/>
</bind>
</comp>

<comp id="2177" class="1005" name="zext_ln25_12_reg_2177">
<pin_list>
<pin id="2178" dir="0" index="0" bw="16" slack="1"/>
<pin id="2179" dir="1" index="1" bw="16" slack="1"/>
</pin_list>
<bind>
<opset="zext_ln25_12 "/>
</bind>
</comp>

<comp id="2186" class="1005" name="zext_ln25_20_reg_2186">
<pin_list>
<pin id="2187" dir="0" index="0" bw="16" slack="1"/>
<pin id="2188" dir="1" index="1" bw="16" slack="1"/>
</pin_list>
<bind>
<opset="zext_ln25_20 "/>
</bind>
</comp>

<comp id="2195" class="1005" name="zext_ln25_25_reg_2195">
<pin_list>
<pin id="2196" dir="0" index="0" bw="16" slack="1"/>
<pin id="2197" dir="1" index="1" bw="16" slack="1"/>
</pin_list>
<bind>
<opset="zext_ln25_25 "/>
</bind>
</comp>

<comp id="2204" class="1005" name="add_ln25_17_reg_2204">
<pin_list>
<pin id="2205" dir="0" index="0" bw="16" slack="4"/>
<pin id="2206" dir="1" index="1" bw="16" slack="4"/>
</pin_list>
<bind>
<opset="add_ln25_17 "/>
</bind>
</comp>

<comp id="2209" class="1005" name="zext_ln25_30_reg_2209">
<pin_list>
<pin id="2210" dir="0" index="0" bw="16" slack="1"/>
<pin id="2211" dir="1" index="1" bw="16" slack="1"/>
</pin_list>
<bind>
<opset="zext_ln25_30 "/>
</bind>
</comp>

<comp id="2218" class="1005" name="add_ln25_37_reg_2218">
<pin_list>
<pin id="2219" dir="0" index="0" bw="16" slack="6"/>
<pin id="2220" dir="1" index="1" bw="16" slack="6"/>
</pin_list>
<bind>
<opset="add_ln25_37 "/>
</bind>
</comp>

<comp id="2223" class="1005" name="add_ln25_49_reg_2223">
<pin_list>
<pin id="2224" dir="0" index="0" bw="16" slack="7"/>
<pin id="2225" dir="1" index="1" bw="16" slack="7"/>
</pin_list>
<bind>
<opset="add_ln25_49 "/>
</bind>
</comp>

<comp id="2228" class="1005" name="add_ln25_53_reg_2228">
<pin_list>
<pin id="2229" dir="0" index="0" bw="16" slack="7"/>
<pin id="2230" dir="1" index="1" bw="16" slack="7"/>
</pin_list>
<bind>
<opset="add_ln25_53 "/>
</bind>
</comp>

<comp id="2233" class="1005" name="add_ln25_57_reg_2233">
<pin_list>
<pin id="2234" dir="0" index="0" bw="16" slack="8"/>
<pin id="2235" dir="1" index="1" bw="16" slack="8"/>
</pin_list>
<bind>
<opset="add_ln25_57 "/>
</bind>
</comp>

<comp id="2238" class="1005" name="add_ln25_61_reg_2238">
<pin_list>
<pin id="2239" dir="0" index="0" bw="16" slack="8"/>
<pin id="2240" dir="1" index="1" bw="16" slack="8"/>
</pin_list>
<bind>
<opset="add_ln25_61 "/>
</bind>
</comp>

<comp id="2243" class="1005" name="zext_ln25_48_reg_2243">
<pin_list>
<pin id="2244" dir="0" index="0" bw="16" slack="1"/>
<pin id="2245" dir="1" index="1" bw="16" slack="1"/>
</pin_list>
<bind>
<opset="zext_ln25_48 "/>
</bind>
</comp>

<comp id="2248" class="1005" name="mul_ln25_103_reg_2248">
<pin_list>
<pin id="2249" dir="0" index="0" bw="16" slack="1"/>
<pin id="2250" dir="1" index="1" bw="16" slack="1"/>
</pin_list>
<bind>
<opset="mul_ln25_103 "/>
</bind>
</comp>

<comp id="2253" class="1005" name="mul_ln25_108_reg_2253">
<pin_list>
<pin id="2254" dir="0" index="0" bw="16" slack="1"/>
<pin id="2255" dir="1" index="1" bw="16" slack="1"/>
</pin_list>
<bind>
<opset="mul_ln25_108 "/>
</bind>
</comp>

<comp id="2258" class="1005" name="mul_ln25_113_reg_2258">
<pin_list>
<pin id="2259" dir="0" index="0" bw="16" slack="1"/>
<pin id="2260" dir="1" index="1" bw="16" slack="1"/>
</pin_list>
<bind>
<opset="mul_ln25_113 "/>
</bind>
</comp>

<comp id="2263" class="1005" name="mul_ln25_118_reg_2263">
<pin_list>
<pin id="2264" dir="0" index="0" bw="16" slack="1"/>
<pin id="2265" dir="1" index="1" bw="16" slack="1"/>
</pin_list>
<bind>
<opset="mul_ln25_118 "/>
</bind>
</comp>

<comp id="2268" class="1005" name="zext_ln25_2_reg_2268">
<pin_list>
<pin id="2269" dir="0" index="0" bw="16" slack="1"/>
<pin id="2270" dir="1" index="1" bw="16" slack="1"/>
</pin_list>
<bind>
<opset="zext_ln25_2 "/>
</bind>
</comp>

<comp id="2274" class="1005" name="zext_ln25_3_reg_2274">
<pin_list>
<pin id="2275" dir="0" index="0" bw="16" slack="1"/>
<pin id="2276" dir="1" index="1" bw="16" slack="1"/>
</pin_list>
<bind>
<opset="zext_ln25_3 "/>
</bind>
</comp>

<comp id="2282" class="1005" name="mul_ln25_1_reg_2282">
<pin_list>
<pin id="2283" dir="0" index="0" bw="16" slack="1"/>
<pin id="2284" dir="1" index="1" bw="16" slack="1"/>
</pin_list>
<bind>
<opset="mul_ln25_1 "/>
</bind>
</comp>

<comp id="2287" class="1005" name="zext_ln25_11_reg_2287">
<pin_list>
<pin id="2288" dir="0" index="0" bw="16" slack="1"/>
<pin id="2289" dir="1" index="1" bw="16" slack="1"/>
</pin_list>
<bind>
<opset="zext_ln25_11 "/>
</bind>
</comp>

<comp id="2295" class="1005" name="mul_ln25_6_reg_2295">
<pin_list>
<pin id="2296" dir="0" index="0" bw="16" slack="1"/>
<pin id="2297" dir="1" index="1" bw="16" slack="1"/>
</pin_list>
<bind>
<opset="mul_ln25_6 "/>
</bind>
</comp>

<comp id="2300" class="1005" name="zext_ln25_16_reg_2300">
<pin_list>
<pin id="2301" dir="0" index="0" bw="16" slack="2"/>
<pin id="2302" dir="1" index="1" bw="16" slack="2"/>
</pin_list>
<bind>
<opset="zext_ln25_16 "/>
</bind>
</comp>

<comp id="2308" class="1005" name="zext_ln25_17_reg_2308">
<pin_list>
<pin id="2309" dir="0" index="0" bw="16" slack="1"/>
<pin id="2310" dir="1" index="1" bw="16" slack="1"/>
</pin_list>
<bind>
<opset="zext_ln25_17 "/>
</bind>
</comp>

<comp id="2317" class="1005" name="mul_ln25_11_reg_2317">
<pin_list>
<pin id="2318" dir="0" index="0" bw="16" slack="1"/>
<pin id="2319" dir="1" index="1" bw="16" slack="1"/>
</pin_list>
<bind>
<opset="mul_ln25_11 "/>
</bind>
</comp>

<comp id="2322" class="1005" name="zext_ln25_22_reg_2322">
<pin_list>
<pin id="2323" dir="0" index="0" bw="16" slack="1"/>
<pin id="2324" dir="1" index="1" bw="16" slack="1"/>
</pin_list>
<bind>
<opset="zext_ln25_22 "/>
</bind>
</comp>

<comp id="2331" class="1005" name="zext_ln25_35_reg_2331">
<pin_list>
<pin id="2332" dir="0" index="0" bw="16" slack="1"/>
<pin id="2333" dir="1" index="1" bw="16" slack="1"/>
</pin_list>
<bind>
<opset="zext_ln25_35 "/>
</bind>
</comp>

<comp id="2340" class="1005" name="add_ln25_65_reg_2340">
<pin_list>
<pin id="2341" dir="0" index="0" bw="16" slack="7"/>
<pin id="2342" dir="1" index="1" bw="16" slack="7"/>
</pin_list>
<bind>
<opset="add_ln25_65 "/>
</bind>
</comp>

<comp id="2345" class="1005" name="add_ln25_69_reg_2345">
<pin_list>
<pin id="2346" dir="0" index="0" bw="16" slack="7"/>
<pin id="2347" dir="1" index="1" bw="16" slack="7"/>
</pin_list>
<bind>
<opset="add_ln25_69 "/>
</bind>
</comp>

<comp id="2350" class="1005" name="add_ln25_73_reg_2350">
<pin_list>
<pin id="2351" dir="0" index="0" bw="16" slack="7"/>
<pin id="2352" dir="1" index="1" bw="16" slack="7"/>
</pin_list>
<bind>
<opset="add_ln25_73 "/>
</bind>
</comp>

<comp id="2355" class="1005" name="add_ln25_77_reg_2355">
<pin_list>
<pin id="2356" dir="0" index="0" bw="16" slack="7"/>
<pin id="2357" dir="1" index="1" bw="16" slack="7"/>
</pin_list>
<bind>
<opset="add_ln25_77 "/>
</bind>
</comp>

<comp id="2360" class="1005" name="add_ln25_81_reg_2360">
<pin_list>
<pin id="2361" dir="0" index="0" bw="16" slack="8"/>
<pin id="2362" dir="1" index="1" bw="16" slack="8"/>
</pin_list>
<bind>
<opset="add_ln25_81 "/>
</bind>
</comp>

<comp id="2365" class="1005" name="add_ln25_85_reg_2365">
<pin_list>
<pin id="2366" dir="0" index="0" bw="16" slack="8"/>
<pin id="2367" dir="1" index="1" bw="16" slack="8"/>
</pin_list>
<bind>
<opset="add_ln25_85 "/>
</bind>
</comp>

<comp id="2370" class="1005" name="mul_ln25_123_reg_2370">
<pin_list>
<pin id="2371" dir="0" index="0" bw="16" slack="1"/>
<pin id="2372" dir="1" index="1" bw="16" slack="1"/>
</pin_list>
<bind>
<opset="mul_ln25_123 "/>
</bind>
</comp>

<comp id="2375" class="1005" name="add_ln25_reg_2375">
<pin_list>
<pin id="2376" dir="0" index="0" bw="16" slack="1"/>
<pin id="2377" dir="1" index="1" bw="16" slack="1"/>
</pin_list>
<bind>
<opset="add_ln25 "/>
</bind>
</comp>

<comp id="2380" class="1005" name="add_ln25_4_reg_2380">
<pin_list>
<pin id="2381" dir="0" index="0" bw="16" slack="1"/>
<pin id="2382" dir="1" index="1" bw="16" slack="1"/>
</pin_list>
<bind>
<opset="add_ln25_4 "/>
</bind>
</comp>

<comp id="2385" class="1005" name="add_ln25_8_reg_2385">
<pin_list>
<pin id="2386" dir="0" index="0" bw="16" slack="2"/>
<pin id="2387" dir="1" index="1" bw="16" slack="2"/>
</pin_list>
<bind>
<opset="add_ln25_8 "/>
</bind>
</comp>

<comp id="2390" class="1005" name="zext_ln25_21_reg_2390">
<pin_list>
<pin id="2391" dir="0" index="0" bw="16" slack="1"/>
<pin id="2392" dir="1" index="1" bw="16" slack="1"/>
</pin_list>
<bind>
<opset="zext_ln25_21 "/>
</bind>
</comp>

<comp id="2398" class="1005" name="mul_ln25_16_reg_2398">
<pin_list>
<pin id="2399" dir="0" index="0" bw="16" slack="1"/>
<pin id="2400" dir="1" index="1" bw="16" slack="1"/>
</pin_list>
<bind>
<opset="mul_ln25_16 "/>
</bind>
</comp>

<comp id="2403" class="1005" name="zext_ln25_26_reg_2403">
<pin_list>
<pin id="2404" dir="0" index="0" bw="16" slack="1"/>
<pin id="2405" dir="1" index="1" bw="16" slack="1"/>
</pin_list>
<bind>
<opset="zext_ln25_26 "/>
</bind>
</comp>

<comp id="2411" class="1005" name="zext_ln25_27_reg_2411">
<pin_list>
<pin id="2412" dir="0" index="0" bw="16" slack="1"/>
<pin id="2413" dir="1" index="1" bw="16" slack="1"/>
</pin_list>
<bind>
<opset="zext_ln25_27 "/>
</bind>
</comp>

<comp id="2420" class="1005" name="mul_ln25_21_reg_2420">
<pin_list>
<pin id="2421" dir="0" index="0" bw="16" slack="1"/>
<pin id="2422" dir="1" index="1" bw="16" slack="1"/>
</pin_list>
<bind>
<opset="mul_ln25_21 "/>
</bind>
</comp>

<comp id="2425" class="1005" name="zext_ln25_31_reg_2425">
<pin_list>
<pin id="2426" dir="0" index="0" bw="16" slack="1"/>
<pin id="2427" dir="1" index="1" bw="16" slack="1"/>
</pin_list>
<bind>
<opset="zext_ln25_31 "/>
</bind>
</comp>

<comp id="2432" class="1005" name="zext_ln25_32_reg_2432">
<pin_list>
<pin id="2433" dir="0" index="0" bw="16" slack="1"/>
<pin id="2434" dir="1" index="1" bw="16" slack="1"/>
</pin_list>
<bind>
<opset="zext_ln25_32 "/>
</bind>
</comp>

<comp id="2441" class="1005" name="mul_ln25_26_reg_2441">
<pin_list>
<pin id="2442" dir="0" index="0" bw="16" slack="1"/>
<pin id="2443" dir="1" index="1" bw="16" slack="1"/>
</pin_list>
<bind>
<opset="mul_ln25_26 "/>
</bind>
</comp>

<comp id="2446" class="1005" name="mul_ln25_31_reg_2446">
<pin_list>
<pin id="2447" dir="0" index="0" bw="16" slack="1"/>
<pin id="2448" dir="1" index="1" bw="16" slack="1"/>
</pin_list>
<bind>
<opset="mul_ln25_31 "/>
</bind>
</comp>

<comp id="2451" class="1005" name="add_ln25_89_reg_2451">
<pin_list>
<pin id="2452" dir="0" index="0" bw="16" slack="7"/>
<pin id="2453" dir="1" index="1" bw="16" slack="7"/>
</pin_list>
<bind>
<opset="add_ln25_89 "/>
</bind>
</comp>

<comp id="2456" class="1005" name="add_ln25_93_reg_2456">
<pin_list>
<pin id="2457" dir="0" index="0" bw="16" slack="7"/>
<pin id="2458" dir="1" index="1" bw="16" slack="7"/>
</pin_list>
<bind>
<opset="add_ln25_93 "/>
</bind>
</comp>

<comp id="2461" class="1005" name="add_ln25_97_reg_2461">
<pin_list>
<pin id="2462" dir="0" index="0" bw="16" slack="7"/>
<pin id="2463" dir="1" index="1" bw="16" slack="7"/>
</pin_list>
<bind>
<opset="add_ln25_97 "/>
</bind>
</comp>

<comp id="2466" class="1005" name="add_ln25_12_reg_2466">
<pin_list>
<pin id="2467" dir="0" index="0" bw="16" slack="1"/>
<pin id="2468" dir="1" index="1" bw="16" slack="1"/>
</pin_list>
<bind>
<opset="add_ln25_12 "/>
</bind>
</comp>

<comp id="2471" class="1005" name="add_ln25_16_reg_2471">
<pin_list>
<pin id="2472" dir="0" index="0" bw="16" slack="2"/>
<pin id="2473" dir="1" index="1" bw="16" slack="2"/>
</pin_list>
<bind>
<opset="add_ln25_16 "/>
</bind>
</comp>

<comp id="2476" class="1005" name="add_ln25_20_reg_2476">
<pin_list>
<pin id="2477" dir="0" index="0" bw="16" slack="2"/>
<pin id="2478" dir="1" index="1" bw="16" slack="2"/>
</pin_list>
<bind>
<opset="add_ln25_20 "/>
</bind>
</comp>

<comp id="2481" class="1005" name="add_ln25_24_reg_2481">
<pin_list>
<pin id="2482" dir="0" index="0" bw="16" slack="3"/>
<pin id="2483" dir="1" index="1" bw="16" slack="3"/>
</pin_list>
<bind>
<opset="add_ln25_24 "/>
</bind>
</comp>

<comp id="2486" class="1005" name="mul_ln25_36_reg_2486">
<pin_list>
<pin id="2487" dir="0" index="0" bw="16" slack="1"/>
<pin id="2488" dir="1" index="1" bw="16" slack="1"/>
</pin_list>
<bind>
<opset="mul_ln25_36 "/>
</bind>
</comp>

<comp id="2491" class="1005" name="mul_ln25_41_reg_2491">
<pin_list>
<pin id="2492" dir="0" index="0" bw="16" slack="1"/>
<pin id="2493" dir="1" index="1" bw="16" slack="1"/>
</pin_list>
<bind>
<opset="mul_ln25_41 "/>
</bind>
</comp>

<comp id="2496" class="1005" name="mul_ln25_46_reg_2496">
<pin_list>
<pin id="2497" dir="0" index="0" bw="16" slack="1"/>
<pin id="2498" dir="1" index="1" bw="16" slack="1"/>
</pin_list>
<bind>
<opset="mul_ln25_46 "/>
</bind>
</comp>

<comp id="2501" class="1005" name="zext_ln25_36_reg_2501">
<pin_list>
<pin id="2502" dir="0" index="0" bw="16" slack="1"/>
<pin id="2503" dir="1" index="1" bw="16" slack="1"/>
</pin_list>
<bind>
<opset="zext_ln25_36 "/>
</bind>
</comp>

<comp id="2509" class="1005" name="mul_ln25_51_reg_2509">
<pin_list>
<pin id="2510" dir="0" index="0" bw="16" slack="1"/>
<pin id="2511" dir="1" index="1" bw="16" slack="1"/>
</pin_list>
<bind>
<opset="mul_ln25_51 "/>
</bind>
</comp>

<comp id="2514" class="1005" name="zext_ln25_40_reg_2514">
<pin_list>
<pin id="2515" dir="0" index="0" bw="16" slack="1"/>
<pin id="2516" dir="1" index="1" bw="16" slack="1"/>
</pin_list>
<bind>
<opset="zext_ln25_40 "/>
</bind>
</comp>

<comp id="2523" class="1005" name="add_ln25_28_reg_2523">
<pin_list>
<pin id="2524" dir="0" index="0" bw="16" slack="2"/>
<pin id="2525" dir="1" index="1" bw="16" slack="2"/>
</pin_list>
<bind>
<opset="add_ln25_28 "/>
</bind>
</comp>

<comp id="2528" class="1005" name="add_ln25_32_reg_2528">
<pin_list>
<pin id="2529" dir="0" index="0" bw="16" slack="3"/>
<pin id="2530" dir="1" index="1" bw="16" slack="3"/>
</pin_list>
<bind>
<opset="add_ln25_32 "/>
</bind>
</comp>

<comp id="2533" class="1005" name="add_ln25_36_reg_2533">
<pin_list>
<pin id="2534" dir="0" index="0" bw="16" slack="3"/>
<pin id="2535" dir="1" index="1" bw="16" slack="3"/>
</pin_list>
<bind>
<opset="add_ln25_36 "/>
</bind>
</comp>

<comp id="2538" class="1005" name="add_ln25_40_reg_2538">
<pin_list>
<pin id="2539" dir="0" index="0" bw="16" slack="4"/>
<pin id="2540" dir="1" index="1" bw="16" slack="4"/>
</pin_list>
<bind>
<opset="add_ln25_40 "/>
</bind>
</comp>

<comp id="2543" class="1005" name="mul_ln25_56_reg_2543">
<pin_list>
<pin id="2544" dir="0" index="0" bw="16" slack="1"/>
<pin id="2545" dir="1" index="1" bw="16" slack="1"/>
</pin_list>
<bind>
<opset="mul_ln25_56 "/>
</bind>
</comp>

<comp id="2548" class="1005" name="mul_ln25_61_reg_2548">
<pin_list>
<pin id="2549" dir="0" index="0" bw="16" slack="1"/>
<pin id="2550" dir="1" index="1" bw="16" slack="1"/>
</pin_list>
<bind>
<opset="mul_ln25_61 "/>
</bind>
</comp>

<comp id="2553" class="1005" name="mul_ln25_66_reg_2553">
<pin_list>
<pin id="2554" dir="0" index="0" bw="16" slack="1"/>
<pin id="2555" dir="1" index="1" bw="16" slack="1"/>
</pin_list>
<bind>
<opset="mul_ln25_66 "/>
</bind>
</comp>

<comp id="2558" class="1005" name="mul_ln25_71_reg_2558">
<pin_list>
<pin id="2559" dir="0" index="0" bw="16" slack="1"/>
<pin id="2560" dir="1" index="1" bw="16" slack="1"/>
</pin_list>
<bind>
<opset="mul_ln25_71 "/>
</bind>
</comp>

<comp id="2563" class="1005" name="zext_ln25_45_reg_2563">
<pin_list>
<pin id="2564" dir="0" index="0" bw="16" slack="1"/>
<pin id="2565" dir="1" index="1" bw="16" slack="1"/>
</pin_list>
<bind>
<opset="zext_ln25_45 "/>
</bind>
</comp>

<comp id="2572" class="1005" name="zext_ln25_37_reg_2572">
<pin_list>
<pin id="2573" dir="0" index="0" bw="16" slack="1"/>
<pin id="2574" dir="1" index="1" bw="16" slack="1"/>
</pin_list>
<bind>
<opset="zext_ln25_37 "/>
</bind>
</comp>

<comp id="2581" class="1005" name="add_ln25_44_reg_2581">
<pin_list>
<pin id="2582" dir="0" index="0" bw="16" slack="3"/>
<pin id="2583" dir="1" index="1" bw="16" slack="3"/>
</pin_list>
<bind>
<opset="add_ln25_44 "/>
</bind>
</comp>

<comp id="2586" class="1005" name="add_ln25_48_reg_2586">
<pin_list>
<pin id="2587" dir="0" index="0" bw="16" slack="3"/>
<pin id="2588" dir="1" index="1" bw="16" slack="3"/>
</pin_list>
<bind>
<opset="add_ln25_48 "/>
</bind>
</comp>

<comp id="2591" class="1005" name="add_ln25_52_reg_2591">
<pin_list>
<pin id="2592" dir="0" index="0" bw="16" slack="3"/>
<pin id="2593" dir="1" index="1" bw="16" slack="3"/>
</pin_list>
<bind>
<opset="add_ln25_52 "/>
</bind>
</comp>

<comp id="2596" class="1005" name="add_ln25_56_reg_2596">
<pin_list>
<pin id="2597" dir="0" index="0" bw="16" slack="4"/>
<pin id="2598" dir="1" index="1" bw="16" slack="4"/>
</pin_list>
<bind>
<opset="add_ln25_56 "/>
</bind>
</comp>

<comp id="2601" class="1005" name="zext_ln25_41_reg_2601">
<pin_list>
<pin id="2602" dir="0" index="0" bw="16" slack="1"/>
<pin id="2603" dir="1" index="1" bw="16" slack="1"/>
</pin_list>
<bind>
<opset="zext_ln25_41 "/>
</bind>
</comp>

<comp id="2606" class="1005" name="mul_ln25_76_reg_2606">
<pin_list>
<pin id="2607" dir="0" index="0" bw="16" slack="1"/>
<pin id="2608" dir="1" index="1" bw="16" slack="1"/>
</pin_list>
<bind>
<opset="mul_ln25_76 "/>
</bind>
</comp>

<comp id="2611" class="1005" name="mul_ln25_81_reg_2611">
<pin_list>
<pin id="2612" dir="0" index="0" bw="16" slack="1"/>
<pin id="2613" dir="1" index="1" bw="16" slack="1"/>
</pin_list>
<bind>
<opset="mul_ln25_81 "/>
</bind>
</comp>

<comp id="2616" class="1005" name="mul_ln25_86_reg_2616">
<pin_list>
<pin id="2617" dir="0" index="0" bw="16" slack="1"/>
<pin id="2618" dir="1" index="1" bw="16" slack="1"/>
</pin_list>
<bind>
<opset="mul_ln25_86 "/>
</bind>
</comp>

<comp id="2621" class="1005" name="mul_ln25_91_reg_2621">
<pin_list>
<pin id="2622" dir="0" index="0" bw="16" slack="1"/>
<pin id="2623" dir="1" index="1" bw="16" slack="1"/>
</pin_list>
<bind>
<opset="mul_ln25_91 "/>
</bind>
</comp>

<comp id="2626" class="1005" name="zext_ln25_42_reg_2626">
<pin_list>
<pin id="2627" dir="0" index="0" bw="16" slack="1"/>
<pin id="2628" dir="1" index="1" bw="16" slack="1"/>
</pin_list>
<bind>
<opset="zext_ln25_42 "/>
</bind>
</comp>

<comp id="2635" class="1005" name="add_ln25_60_reg_2635">
<pin_list>
<pin id="2636" dir="0" index="0" bw="16" slack="3"/>
<pin id="2637" dir="1" index="1" bw="16" slack="3"/>
</pin_list>
<bind>
<opset="add_ln25_60 "/>
</bind>
</comp>

<comp id="2640" class="1005" name="add_ln25_64_reg_2640">
<pin_list>
<pin id="2641" dir="0" index="0" bw="16" slack="3"/>
<pin id="2642" dir="1" index="1" bw="16" slack="3"/>
</pin_list>
<bind>
<opset="add_ln25_64 "/>
</bind>
</comp>

<comp id="2645" class="1005" name="add_ln25_68_reg_2645">
<pin_list>
<pin id="2646" dir="0" index="0" bw="16" slack="3"/>
<pin id="2647" dir="1" index="1" bw="16" slack="3"/>
</pin_list>
<bind>
<opset="add_ln25_68 "/>
</bind>
</comp>

<comp id="2650" class="1005" name="add_ln25_72_reg_2650">
<pin_list>
<pin id="2651" dir="0" index="0" bw="16" slack="3"/>
<pin id="2652" dir="1" index="1" bw="16" slack="3"/>
</pin_list>
<bind>
<opset="add_ln25_72 "/>
</bind>
</comp>

<comp id="2655" class="1005" name="mul_ln25_96_reg_2655">
<pin_list>
<pin id="2656" dir="0" index="0" bw="16" slack="1"/>
<pin id="2657" dir="1" index="1" bw="16" slack="1"/>
</pin_list>
<bind>
<opset="mul_ln25_96 "/>
</bind>
</comp>

<comp id="2660" class="1005" name="zext_ln25_46_reg_2660">
<pin_list>
<pin id="2661" dir="0" index="0" bw="16" slack="1"/>
<pin id="2662" dir="1" index="1" bw="16" slack="1"/>
</pin_list>
<bind>
<opset="zext_ln25_46 "/>
</bind>
</comp>

<comp id="2666" class="1005" name="mul_ln25_101_reg_2666">
<pin_list>
<pin id="2667" dir="0" index="0" bw="16" slack="1"/>
<pin id="2668" dir="1" index="1" bw="16" slack="1"/>
</pin_list>
<bind>
<opset="mul_ln25_101 "/>
</bind>
</comp>

<comp id="2671" class="1005" name="mul_ln25_106_reg_2671">
<pin_list>
<pin id="2672" dir="0" index="0" bw="16" slack="1"/>
<pin id="2673" dir="1" index="1" bw="16" slack="1"/>
</pin_list>
<bind>
<opset="mul_ln25_106 "/>
</bind>
</comp>

<comp id="2676" class="1005" name="mul_ln25_111_reg_2676">
<pin_list>
<pin id="2677" dir="0" index="0" bw="16" slack="1"/>
<pin id="2678" dir="1" index="1" bw="16" slack="1"/>
</pin_list>
<bind>
<opset="mul_ln25_111 "/>
</bind>
</comp>

<comp id="2681" class="1005" name="add_ln25_76_reg_2681">
<pin_list>
<pin id="2682" dir="0" index="0" bw="16" slack="2"/>
<pin id="2683" dir="1" index="1" bw="16" slack="2"/>
</pin_list>
<bind>
<opset="add_ln25_76 "/>
</bind>
</comp>

<comp id="2686" class="1005" name="zext_ln25_47_reg_2686">
<pin_list>
<pin id="2687" dir="0" index="0" bw="16" slack="1"/>
<pin id="2688" dir="1" index="1" bw="16" slack="1"/>
</pin_list>
<bind>
<opset="zext_ln25_47 "/>
</bind>
</comp>

<comp id="2695" class="1005" name="add_ln25_80_reg_2695">
<pin_list>
<pin id="2696" dir="0" index="0" bw="16" slack="3"/>
<pin id="2697" dir="1" index="1" bw="16" slack="3"/>
</pin_list>
<bind>
<opset="add_ln25_80 "/>
</bind>
</comp>

<comp id="2700" class="1005" name="add_ln25_84_reg_2700">
<pin_list>
<pin id="2701" dir="0" index="0" bw="16" slack="3"/>
<pin id="2702" dir="1" index="1" bw="16" slack="3"/>
</pin_list>
<bind>
<opset="add_ln25_84 "/>
</bind>
</comp>

<comp id="2705" class="1005" name="add_ln25_88_reg_2705">
<pin_list>
<pin id="2706" dir="0" index="0" bw="16" slack="3"/>
<pin id="2707" dir="1" index="1" bw="16" slack="3"/>
</pin_list>
<bind>
<opset="add_ln25_88 "/>
</bind>
</comp>

<comp id="2710" class="1005" name="mul_ln25_116_reg_2710">
<pin_list>
<pin id="2711" dir="0" index="0" bw="16" slack="1"/>
<pin id="2712" dir="1" index="1" bw="16" slack="1"/>
</pin_list>
<bind>
<opset="mul_ln25_116 "/>
</bind>
</comp>

<comp id="2715" class="1005" name="mul_ln25_121_reg_2715">
<pin_list>
<pin id="2716" dir="0" index="0" bw="16" slack="1"/>
<pin id="2717" dir="1" index="1" bw="16" slack="1"/>
</pin_list>
<bind>
<opset="mul_ln25_121 "/>
</bind>
</comp>

<comp id="2720" class="1005" name="add_ln25_51_reg_2720">
<pin_list>
<pin id="2721" dir="0" index="0" bw="16" slack="1"/>
<pin id="2722" dir="1" index="1" bw="16" slack="1"/>
</pin_list>
<bind>
<opset="add_ln25_51 "/>
</bind>
</comp>

<comp id="2725" class="1005" name="add_ln25_55_reg_2725">
<pin_list>
<pin id="2726" dir="0" index="0" bw="16" slack="1"/>
<pin id="2727" dir="1" index="1" bw="16" slack="1"/>
</pin_list>
<bind>
<opset="add_ln25_55 "/>
</bind>
</comp>

<comp id="2730" class="1005" name="add_ln25_92_reg_2730">
<pin_list>
<pin id="2731" dir="0" index="0" bw="16" slack="2"/>
<pin id="2732" dir="1" index="1" bw="16" slack="2"/>
</pin_list>
<bind>
<opset="add_ln25_92 "/>
</bind>
</comp>

<comp id="2735" class="1005" name="add_ln25_96_reg_2735">
<pin_list>
<pin id="2736" dir="0" index="0" bw="16" slack="2"/>
<pin id="2737" dir="1" index="1" bw="16" slack="2"/>
</pin_list>
<bind>
<opset="add_ln25_96 "/>
</bind>
</comp>

<comp id="2740" class="1005" name="add_ln25_59_reg_2740">
<pin_list>
<pin id="2741" dir="0" index="0" bw="16" slack="1"/>
<pin id="2742" dir="1" index="1" bw="16" slack="1"/>
</pin_list>
<bind>
<opset="add_ln25_59 "/>
</bind>
</comp>

<comp id="2745" class="1005" name="add_ln25_63_reg_2745">
<pin_list>
<pin id="2746" dir="0" index="0" bw="16" slack="1"/>
<pin id="2747" dir="1" index="1" bw="16" slack="1"/>
</pin_list>
<bind>
<opset="add_ln25_63 "/>
</bind>
</comp>

<comp id="2750" class="1005" name="add_ln25_67_reg_2750">
<pin_list>
<pin id="2751" dir="0" index="0" bw="16" slack="2"/>
<pin id="2752" dir="1" index="1" bw="16" slack="2"/>
</pin_list>
<bind>
<opset="add_ln25_67 "/>
</bind>
</comp>

<comp id="2755" class="1005" name="add_ln25_71_reg_2755">
<pin_list>
<pin id="2756" dir="0" index="0" bw="16" slack="2"/>
<pin id="2757" dir="1" index="1" bw="16" slack="2"/>
</pin_list>
<bind>
<opset="add_ln25_71 "/>
</bind>
</comp>

<comp id="2760" class="1005" name="add_ln25_75_reg_2760">
<pin_list>
<pin id="2761" dir="0" index="0" bw="16" slack="3"/>
<pin id="2762" dir="1" index="1" bw="16" slack="3"/>
</pin_list>
<bind>
<opset="add_ln25_75 "/>
</bind>
</comp>

<comp id="2765" class="1005" name="add_ln25_79_reg_2765">
<pin_list>
<pin id="2766" dir="0" index="0" bw="16" slack="3"/>
<pin id="2767" dir="1" index="1" bw="16" slack="3"/>
</pin_list>
<bind>
<opset="add_ln25_79 "/>
</bind>
</comp>

<comp id="2770" class="1005" name="add_ln25_83_reg_2770">
<pin_list>
<pin id="2771" dir="0" index="0" bw="16" slack="3"/>
<pin id="2772" dir="1" index="1" bw="16" slack="3"/>
</pin_list>
<bind>
<opset="add_ln25_83 "/>
</bind>
</comp>

<comp id="2775" class="1005" name="add_ln25_87_reg_2775">
<pin_list>
<pin id="2776" dir="0" index="0" bw="16" slack="3"/>
<pin id="2777" dir="1" index="1" bw="16" slack="3"/>
</pin_list>
<bind>
<opset="add_ln25_87 "/>
</bind>
</comp>

<comp id="2780" class="1005" name="add_ln25_91_reg_2780">
<pin_list>
<pin id="2781" dir="0" index="0" bw="16" slack="4"/>
<pin id="2782" dir="1" index="1" bw="16" slack="4"/>
</pin_list>
<bind>
<opset="add_ln25_91 "/>
</bind>
</comp>

<comp id="2785" class="1005" name="add_ln25_95_reg_2785">
<pin_list>
<pin id="2786" dir="0" index="0" bw="16" slack="4"/>
<pin id="2787" dir="1" index="1" bw="16" slack="4"/>
</pin_list>
<bind>
<opset="add_ln25_95 "/>
</bind>
</comp>

<comp id="2790" class="1005" name="add_ln25_99_reg_2790">
<pin_list>
<pin id="2791" dir="0" index="0" bw="16" slack="5"/>
<pin id="2792" dir="1" index="1" bw="16" slack="5"/>
</pin_list>
<bind>
<opset="add_ln25_99 "/>
</bind>
</comp>

</comp_list>

<net_list>
<net id="89"><net_src comp="0" pin="0"/><net_sink comp="84" pin=0"/></net>

<net id="90"><net_src comp="6" pin="0"/><net_sink comp="84" pin=1"/></net>

<net id="91"><net_src comp="6" pin="0"/><net_sink comp="84" pin=2"/></net>

<net id="101"><net_src comp="84" pin="3"/><net_sink comp="92" pin=2"/></net>

<net id="107"><net_src comp="2" pin="0"/><net_sink comp="102" pin=0"/></net>

<net id="108"><net_src comp="6" pin="0"/><net_sink comp="102" pin=1"/></net>

<net id="109"><net_src comp="6" pin="0"/><net_sink comp="102" pin=2"/></net>

<net id="119"><net_src comp="102" pin="3"/><net_sink comp="110" pin=2"/></net>

<net id="125"><net_src comp="2" pin="0"/><net_sink comp="120" pin=0"/></net>

<net id="126"><net_src comp="6" pin="0"/><net_sink comp="120" pin=1"/></net>

<net id="127"><net_src comp="8" pin="0"/><net_sink comp="120" pin=2"/></net>

<net id="128"><net_src comp="120" pin="3"/><net_sink comp="110" pin=0"/></net>

<net id="134"><net_src comp="0" pin="0"/><net_sink comp="129" pin=0"/></net>

<net id="135"><net_src comp="6" pin="0"/><net_sink comp="129" pin=1"/></net>

<net id="136"><net_src comp="8" pin="0"/><net_sink comp="129" pin=2"/></net>

<net id="137"><net_src comp="129" pin="3"/><net_sink comp="92" pin=0"/></net>

<net id="143"><net_src comp="2" pin="0"/><net_sink comp="138" pin=0"/></net>

<net id="144"><net_src comp="6" pin="0"/><net_sink comp="138" pin=1"/></net>

<net id="145"><net_src comp="20" pin="0"/><net_sink comp="138" pin=2"/></net>

<net id="146"><net_src comp="138" pin="3"/><net_sink comp="110" pin=2"/></net>

<net id="152"><net_src comp="2" pin="0"/><net_sink comp="147" pin=0"/></net>

<net id="153"><net_src comp="6" pin="0"/><net_sink comp="147" pin=1"/></net>

<net id="154"><net_src comp="22" pin="0"/><net_sink comp="147" pin=2"/></net>

<net id="155"><net_src comp="147" pin="3"/><net_sink comp="110" pin=0"/></net>

<net id="161"><net_src comp="0" pin="0"/><net_sink comp="156" pin=0"/></net>

<net id="162"><net_src comp="6" pin="0"/><net_sink comp="156" pin=1"/></net>

<net id="163"><net_src comp="20" pin="0"/><net_sink comp="156" pin=2"/></net>

<net id="164"><net_src comp="156" pin="3"/><net_sink comp="92" pin=2"/></net>

<net id="170"><net_src comp="0" pin="0"/><net_sink comp="165" pin=0"/></net>

<net id="171"><net_src comp="6" pin="0"/><net_sink comp="165" pin=1"/></net>

<net id="172"><net_src comp="22" pin="0"/><net_sink comp="165" pin=2"/></net>

<net id="173"><net_src comp="165" pin="3"/><net_sink comp="92" pin=0"/></net>

<net id="179"><net_src comp="2" pin="0"/><net_sink comp="174" pin=0"/></net>

<net id="180"><net_src comp="6" pin="0"/><net_sink comp="174" pin=1"/></net>

<net id="181"><net_src comp="24" pin="0"/><net_sink comp="174" pin=2"/></net>

<net id="182"><net_src comp="174" pin="3"/><net_sink comp="110" pin=0"/></net>

<net id="188"><net_src comp="0" pin="0"/><net_sink comp="183" pin=0"/></net>

<net id="189"><net_src comp="6" pin="0"/><net_sink comp="183" pin=1"/></net>

<net id="190"><net_src comp="24" pin="0"/><net_sink comp="183" pin=2"/></net>

<net id="191"><net_src comp="183" pin="3"/><net_sink comp="92" pin=0"/></net>

<net id="197"><net_src comp="4" pin="0"/><net_sink comp="192" pin=0"/></net>

<net id="198"><net_src comp="6" pin="0"/><net_sink comp="192" pin=1"/></net>

<net id="199"><net_src comp="6" pin="0"/><net_sink comp="192" pin=2"/></net>

<net id="205"><net_src comp="4" pin="0"/><net_sink comp="200" pin=0"/></net>

<net id="206"><net_src comp="6" pin="0"/><net_sink comp="200" pin=1"/></net>

<net id="207"><net_src comp="8" pin="0"/><net_sink comp="200" pin=2"/></net>

<net id="213"><net_src comp="192" pin="3"/><net_sink comp="208" pin=0"/></net>

<net id="218"><net_src comp="200" pin="3"/><net_sink comp="208" pin=2"/></net>

<net id="224"><net_src comp="4" pin="0"/><net_sink comp="219" pin=0"/></net>

<net id="225"><net_src comp="6" pin="0"/><net_sink comp="219" pin=1"/></net>

<net id="226"><net_src comp="20" pin="0"/><net_sink comp="219" pin=2"/></net>

<net id="232"><net_src comp="4" pin="0"/><net_sink comp="227" pin=0"/></net>

<net id="233"><net_src comp="6" pin="0"/><net_sink comp="227" pin=1"/></net>

<net id="234"><net_src comp="22" pin="0"/><net_sink comp="227" pin=2"/></net>

<net id="235"><net_src comp="219" pin="3"/><net_sink comp="208" pin=0"/></net>

<net id="236"><net_src comp="227" pin="3"/><net_sink comp="208" pin=2"/></net>

<net id="242"><net_src comp="4" pin="0"/><net_sink comp="237" pin=0"/></net>

<net id="243"><net_src comp="6" pin="0"/><net_sink comp="237" pin=1"/></net>

<net id="244"><net_src comp="24" pin="0"/><net_sink comp="237" pin=2"/></net>

<net id="250"><net_src comp="4" pin="0"/><net_sink comp="245" pin=0"/></net>

<net id="251"><net_src comp="6" pin="0"/><net_sink comp="245" pin=1"/></net>

<net id="252"><net_src comp="26" pin="0"/><net_sink comp="245" pin=2"/></net>

<net id="253"><net_src comp="237" pin="3"/><net_sink comp="208" pin=0"/></net>

<net id="254"><net_src comp="245" pin="3"/><net_sink comp="208" pin=2"/></net>

<net id="260"><net_src comp="4" pin="0"/><net_sink comp="255" pin=0"/></net>

<net id="261"><net_src comp="6" pin="0"/><net_sink comp="255" pin=1"/></net>

<net id="262"><net_src comp="28" pin="0"/><net_sink comp="255" pin=2"/></net>

<net id="268"><net_src comp="4" pin="0"/><net_sink comp="263" pin=0"/></net>

<net id="269"><net_src comp="6" pin="0"/><net_sink comp="263" pin=1"/></net>

<net id="270"><net_src comp="30" pin="0"/><net_sink comp="263" pin=2"/></net>

<net id="271"><net_src comp="255" pin="3"/><net_sink comp="208" pin=0"/></net>

<net id="272"><net_src comp="263" pin="3"/><net_sink comp="208" pin=2"/></net>

<net id="278"><net_src comp="4" pin="0"/><net_sink comp="273" pin=0"/></net>

<net id="279"><net_src comp="6" pin="0"/><net_sink comp="273" pin=1"/></net>

<net id="280"><net_src comp="32" pin="0"/><net_sink comp="273" pin=2"/></net>

<net id="286"><net_src comp="4" pin="0"/><net_sink comp="281" pin=0"/></net>

<net id="287"><net_src comp="6" pin="0"/><net_sink comp="281" pin=1"/></net>

<net id="288"><net_src comp="34" pin="0"/><net_sink comp="281" pin=2"/></net>

<net id="289"><net_src comp="273" pin="3"/><net_sink comp="208" pin=2"/></net>

<net id="290"><net_src comp="281" pin="3"/><net_sink comp="208" pin=0"/></net>

<net id="296"><net_src comp="4" pin="0"/><net_sink comp="291" pin=0"/></net>

<net id="297"><net_src comp="6" pin="0"/><net_sink comp="291" pin=1"/></net>

<net id="298"><net_src comp="36" pin="0"/><net_sink comp="291" pin=2"/></net>

<net id="304"><net_src comp="4" pin="0"/><net_sink comp="299" pin=0"/></net>

<net id="305"><net_src comp="6" pin="0"/><net_sink comp="299" pin=1"/></net>

<net id="306"><net_src comp="38" pin="0"/><net_sink comp="299" pin=2"/></net>

<net id="307"><net_src comp="291" pin="3"/><net_sink comp="208" pin=2"/></net>

<net id="308"><net_src comp="299" pin="3"/><net_sink comp="208" pin=0"/></net>

<net id="314"><net_src comp="4" pin="0"/><net_sink comp="309" pin=0"/></net>

<net id="315"><net_src comp="6" pin="0"/><net_sink comp="309" pin=1"/></net>

<net id="316"><net_src comp="40" pin="0"/><net_sink comp="309" pin=2"/></net>

<net id="322"><net_src comp="4" pin="0"/><net_sink comp="317" pin=0"/></net>

<net id="323"><net_src comp="6" pin="0"/><net_sink comp="317" pin=1"/></net>

<net id="324"><net_src comp="42" pin="0"/><net_sink comp="317" pin=2"/></net>

<net id="325"><net_src comp="309" pin="3"/><net_sink comp="208" pin=2"/></net>

<net id="326"><net_src comp="317" pin="3"/><net_sink comp="208" pin=0"/></net>

<net id="332"><net_src comp="4" pin="0"/><net_sink comp="327" pin=0"/></net>

<net id="333"><net_src comp="6" pin="0"/><net_sink comp="327" pin=1"/></net>

<net id="334"><net_src comp="44" pin="0"/><net_sink comp="327" pin=2"/></net>

<net id="340"><net_src comp="4" pin="0"/><net_sink comp="335" pin=0"/></net>

<net id="341"><net_src comp="6" pin="0"/><net_sink comp="335" pin=1"/></net>

<net id="342"><net_src comp="46" pin="0"/><net_sink comp="335" pin=2"/></net>

<net id="343"><net_src comp="327" pin="3"/><net_sink comp="208" pin=2"/></net>

<net id="344"><net_src comp="335" pin="3"/><net_sink comp="208" pin=0"/></net>

<net id="350"><net_src comp="4" pin="0"/><net_sink comp="345" pin=0"/></net>

<net id="351"><net_src comp="6" pin="0"/><net_sink comp="345" pin=1"/></net>

<net id="352"><net_src comp="48" pin="0"/><net_sink comp="345" pin=2"/></net>

<net id="358"><net_src comp="4" pin="0"/><net_sink comp="353" pin=0"/></net>

<net id="359"><net_src comp="6" pin="0"/><net_sink comp="353" pin=1"/></net>

<net id="360"><net_src comp="50" pin="0"/><net_sink comp="353" pin=2"/></net>

<net id="361"><net_src comp="345" pin="3"/><net_sink comp="208" pin=2"/></net>

<net id="362"><net_src comp="353" pin="3"/><net_sink comp="208" pin=0"/></net>

<net id="368"><net_src comp="4" pin="0"/><net_sink comp="363" pin=0"/></net>

<net id="369"><net_src comp="6" pin="0"/><net_sink comp="363" pin=1"/></net>

<net id="370"><net_src comp="52" pin="0"/><net_sink comp="363" pin=2"/></net>

<net id="376"><net_src comp="4" pin="0"/><net_sink comp="371" pin=0"/></net>

<net id="377"><net_src comp="6" pin="0"/><net_sink comp="371" pin=1"/></net>

<net id="378"><net_src comp="54" pin="0"/><net_sink comp="371" pin=2"/></net>

<net id="379"><net_src comp="363" pin="3"/><net_sink comp="208" pin=2"/></net>

<net id="380"><net_src comp="371" pin="3"/><net_sink comp="208" pin=0"/></net>

<net id="386"><net_src comp="4" pin="0"/><net_sink comp="381" pin=0"/></net>

<net id="387"><net_src comp="6" pin="0"/><net_sink comp="381" pin=1"/></net>

<net id="388"><net_src comp="56" pin="0"/><net_sink comp="381" pin=2"/></net>

<net id="394"><net_src comp="4" pin="0"/><net_sink comp="389" pin=0"/></net>

<net id="395"><net_src comp="6" pin="0"/><net_sink comp="389" pin=1"/></net>

<net id="396"><net_src comp="58" pin="0"/><net_sink comp="389" pin=2"/></net>

<net id="397"><net_src comp="381" pin="3"/><net_sink comp="208" pin=2"/></net>

<net id="398"><net_src comp="389" pin="3"/><net_sink comp="208" pin=0"/></net>

<net id="404"><net_src comp="4" pin="0"/><net_sink comp="399" pin=0"/></net>

<net id="405"><net_src comp="6" pin="0"/><net_sink comp="399" pin=1"/></net>

<net id="406"><net_src comp="60" pin="0"/><net_sink comp="399" pin=2"/></net>

<net id="412"><net_src comp="4" pin="0"/><net_sink comp="407" pin=0"/></net>

<net id="413"><net_src comp="6" pin="0"/><net_sink comp="407" pin=1"/></net>

<net id="414"><net_src comp="62" pin="0"/><net_sink comp="407" pin=2"/></net>

<net id="415"><net_src comp="399" pin="3"/><net_sink comp="208" pin=2"/></net>

<net id="416"><net_src comp="407" pin="3"/><net_sink comp="208" pin=0"/></net>

<net id="422"><net_src comp="4" pin="0"/><net_sink comp="417" pin=0"/></net>

<net id="423"><net_src comp="6" pin="0"/><net_sink comp="417" pin=1"/></net>

<net id="424"><net_src comp="64" pin="0"/><net_sink comp="417" pin=2"/></net>

<net id="425"><net_src comp="417" pin="3"/><net_sink comp="208" pin=0"/></net>

<net id="431"><net_src comp="10" pin="0"/><net_sink comp="426" pin=0"/></net>

<net id="432"><net_src comp="92" pin="7"/><net_sink comp="426" pin=1"/></net>

<net id="433"><net_src comp="12" pin="0"/><net_sink comp="426" pin=2"/></net>

<net id="439"><net_src comp="10" pin="0"/><net_sink comp="434" pin=0"/></net>

<net id="440"><net_src comp="110" pin="7"/><net_sink comp="434" pin=1"/></net>

<net id="441"><net_src comp="12" pin="0"/><net_sink comp="434" pin=2"/></net>

<net id="447"><net_src comp="10" pin="0"/><net_sink comp="442" pin=0"/></net>

<net id="448"><net_src comp="92" pin="7"/><net_sink comp="442" pin=1"/></net>

<net id="449"><net_src comp="14" pin="0"/><net_sink comp="442" pin=2"/></net>

<net id="455"><net_src comp="10" pin="0"/><net_sink comp="450" pin=0"/></net>

<net id="456"><net_src comp="110" pin="7"/><net_sink comp="450" pin=1"/></net>

<net id="457"><net_src comp="14" pin="0"/><net_sink comp="450" pin=2"/></net>

<net id="463"><net_src comp="10" pin="0"/><net_sink comp="458" pin=0"/></net>

<net id="464"><net_src comp="92" pin="7"/><net_sink comp="458" pin=1"/></net>

<net id="465"><net_src comp="16" pin="0"/><net_sink comp="458" pin=2"/></net>

<net id="471"><net_src comp="10" pin="0"/><net_sink comp="466" pin=0"/></net>

<net id="472"><net_src comp="110" pin="7"/><net_sink comp="466" pin=1"/></net>

<net id="473"><net_src comp="16" pin="0"/><net_sink comp="466" pin=2"/></net>

<net id="479"><net_src comp="10" pin="0"/><net_sink comp="474" pin=0"/></net>

<net id="480"><net_src comp="92" pin="7"/><net_sink comp="474" pin=1"/></net>

<net id="481"><net_src comp="18" pin="0"/><net_sink comp="474" pin=2"/></net>

<net id="487"><net_src comp="10" pin="0"/><net_sink comp="482" pin=0"/></net>

<net id="488"><net_src comp="110" pin="7"/><net_sink comp="482" pin=1"/></net>

<net id="489"><net_src comp="18" pin="0"/><net_sink comp="482" pin=2"/></net>

<net id="495"><net_src comp="10" pin="0"/><net_sink comp="490" pin=0"/></net>

<net id="496"><net_src comp="110" pin="3"/><net_sink comp="490" pin=1"/></net>

<net id="497"><net_src comp="12" pin="0"/><net_sink comp="490" pin=2"/></net>

<net id="503"><net_src comp="10" pin="0"/><net_sink comp="498" pin=0"/></net>

<net id="504"><net_src comp="110" pin="3"/><net_sink comp="498" pin=1"/></net>

<net id="505"><net_src comp="14" pin="0"/><net_sink comp="498" pin=2"/></net>

<net id="511"><net_src comp="10" pin="0"/><net_sink comp="506" pin=0"/></net>

<net id="512"><net_src comp="110" pin="3"/><net_sink comp="506" pin=1"/></net>

<net id="513"><net_src comp="16" pin="0"/><net_sink comp="506" pin=2"/></net>

<net id="519"><net_src comp="10" pin="0"/><net_sink comp="514" pin=0"/></net>

<net id="520"><net_src comp="110" pin="3"/><net_sink comp="514" pin=1"/></net>

<net id="521"><net_src comp="18" pin="0"/><net_sink comp="514" pin=2"/></net>

<net id="527"><net_src comp="10" pin="0"/><net_sink comp="522" pin=0"/></net>

<net id="528"><net_src comp="92" pin="3"/><net_sink comp="522" pin=1"/></net>

<net id="529"><net_src comp="12" pin="0"/><net_sink comp="522" pin=2"/></net>

<net id="535"><net_src comp="10" pin="0"/><net_sink comp="530" pin=0"/></net>

<net id="536"><net_src comp="92" pin="3"/><net_sink comp="530" pin=1"/></net>

<net id="537"><net_src comp="14" pin="0"/><net_sink comp="530" pin=2"/></net>

<net id="543"><net_src comp="10" pin="0"/><net_sink comp="538" pin=0"/></net>

<net id="544"><net_src comp="92" pin="3"/><net_sink comp="538" pin=1"/></net>

<net id="545"><net_src comp="16" pin="0"/><net_sink comp="538" pin=2"/></net>

<net id="551"><net_src comp="10" pin="0"/><net_sink comp="546" pin=0"/></net>

<net id="552"><net_src comp="92" pin="3"/><net_sink comp="546" pin=1"/></net>

<net id="553"><net_src comp="18" pin="0"/><net_sink comp="546" pin=2"/></net>

<net id="557"><net_src comp="546" pin="3"/><net_sink comp="554" pin=0"/></net>

<net id="561"><net_src comp="92" pin="7"/><net_sink comp="558" pin=0"/></net>

<net id="565"><net_src comp="110" pin="7"/><net_sink comp="562" pin=0"/></net>

<net id="569"><net_src comp="458" pin="3"/><net_sink comp="566" pin=0"/></net>

<net id="573"><net_src comp="466" pin="3"/><net_sink comp="570" pin=0"/></net>

<net id="577"><net_src comp="474" pin="3"/><net_sink comp="574" pin=0"/></net>

<net id="581"><net_src comp="482" pin="3"/><net_sink comp="578" pin=0"/></net>

<net id="586"><net_src comp="570" pin="1"/><net_sink comp="582" pin=0"/></net>

<net id="587"><net_src comp="566" pin="1"/><net_sink comp="582" pin=1"/></net>

<net id="591"><net_src comp="110" pin="3"/><net_sink comp="588" pin=0"/></net>

<net id="595"><net_src comp="506" pin="3"/><net_sink comp="592" pin=0"/></net>

<net id="599"><net_src comp="514" pin="3"/><net_sink comp="596" pin=0"/></net>

<net id="604"><net_src comp="592" pin="1"/><net_sink comp="600" pin=0"/></net>

<net id="605"><net_src comp="566" pin="1"/><net_sink comp="600" pin=1"/></net>

<net id="609"><net_src comp="92" pin="3"/><net_sink comp="606" pin=0"/></net>

<net id="613"><net_src comp="538" pin="3"/><net_sink comp="610" pin=0"/></net>

<net id="617"><net_src comp="546" pin="3"/><net_sink comp="614" pin=0"/></net>

<net id="622"><net_src comp="610" pin="1"/><net_sink comp="618" pin=0"/></net>

<net id="623"><net_src comp="570" pin="1"/><net_sink comp="618" pin=1"/></net>

<net id="628"><net_src comp="610" pin="1"/><net_sink comp="624" pin=0"/></net>

<net id="629"><net_src comp="592" pin="1"/><net_sink comp="624" pin=1"/></net>

<net id="633"><net_src comp="110" pin="7"/><net_sink comp="630" pin=0"/></net>

<net id="637"><net_src comp="466" pin="3"/><net_sink comp="634" pin=0"/></net>

<net id="641"><net_src comp="482" pin="3"/><net_sink comp="638" pin=0"/></net>

<net id="646"><net_src comp="634" pin="1"/><net_sink comp="642" pin=0"/></net>

<net id="650"><net_src comp="110" pin="3"/><net_sink comp="647" pin=0"/></net>

<net id="654"><net_src comp="506" pin="3"/><net_sink comp="651" pin=0"/></net>

<net id="658"><net_src comp="514" pin="3"/><net_sink comp="655" pin=0"/></net>

<net id="663"><net_src comp="651" pin="1"/><net_sink comp="659" pin=0"/></net>

<net id="668"><net_src comp="634" pin="1"/><net_sink comp="664" pin=1"/></net>

<net id="673"><net_src comp="651" pin="1"/><net_sink comp="669" pin=1"/></net>

<net id="677"><net_src comp="92" pin="7"/><net_sink comp="674" pin=0"/></net>

<net id="681"><net_src comp="474" pin="3"/><net_sink comp="678" pin=0"/></net>

<net id="685"><net_src comp="92" pin="3"/><net_sink comp="682" pin=0"/></net>

<net id="689"><net_src comp="110" pin="3"/><net_sink comp="686" pin=0"/></net>

<net id="693"><net_src comp="506" pin="3"/><net_sink comp="690" pin=0"/></net>

<net id="697"><net_src comp="514" pin="3"/><net_sink comp="694" pin=0"/></net>

<net id="702"><net_src comp="690" pin="1"/><net_sink comp="698" pin=0"/></net>

<net id="707"><net_src comp="690" pin="1"/><net_sink comp="703" pin=1"/></net>

<net id="715"><net_src comp="708" pin="1"/><net_sink comp="711" pin=0"/></net>

<net id="720"><net_src comp="708" pin="1"/><net_sink comp="716" pin=0"/></net>

<net id="724"><net_src comp="554" pin="1"/><net_sink comp="721" pin=0"/></net>

<net id="728"><net_src comp="92" pin="3"/><net_sink comp="725" pin=0"/></net>

<net id="748"><net_src comp="741" pin="1"/><net_sink comp="744" pin=0"/></net>

<net id="752"><net_src comp="554" pin="1"/><net_sink comp="749" pin=0"/></net>

<net id="806"><net_src comp="799" pin="1"/><net_sink comp="802" pin=0"/></net>

<net id="811"><net_src comp="799" pin="1"/><net_sink comp="807" pin=0"/></net>

<net id="816"><net_src comp="799" pin="1"/><net_sink comp="812" pin=0"/></net>

<net id="821"><net_src comp="799" pin="1"/><net_sink comp="817" pin=0"/></net>

<net id="832"><net_src comp="825" pin="1"/><net_sink comp="828" pin=0"/></net>

<net id="833"><net_src comp="822" pin="1"/><net_sink comp="828" pin=1"/></net>

<net id="841"><net_src comp="834" pin="1"/><net_sink comp="837" pin=0"/></net>

<net id="842"><net_src comp="822" pin="1"/><net_sink comp="837" pin=1"/></net>

<net id="853"><net_src comp="843" pin="1"/><net_sink comp="849" pin=0"/></net>

<net id="854"><net_src comp="822" pin="1"/><net_sink comp="849" pin=1"/></net>

<net id="872"><net_src comp="865" pin="1"/><net_sink comp="868" pin=0"/></net>

<net id="883"><net_src comp="873" pin="1"/><net_sink comp="879" pin=0"/></net>

<net id="894"><net_src comp="884" pin="1"/><net_sink comp="890" pin=0"/></net>

<net id="899"><net_src comp="884" pin="1"/><net_sink comp="895" pin=0"/></net>

<net id="904"><net_src comp="900" pin="2"/><net_sink comp="208" pin=1"/></net>

<net id="909"><net_src comp="905" pin="2"/><net_sink comp="208" pin=4"/></net>

<net id="929"><net_src comp="922" pin="1"/><net_sink comp="925" pin=0"/></net>

<net id="937"><net_src comp="933" pin="2"/><net_sink comp="208" pin=1"/></net>

<net id="942"><net_src comp="938" pin="2"/><net_sink comp="208" pin=4"/></net>

<net id="966"><net_src comp="962" pin="2"/><net_sink comp="208" pin=1"/></net>

<net id="971"><net_src comp="967" pin="2"/><net_sink comp="208" pin=4"/></net>

<net id="982"><net_src comp="975" pin="1"/><net_sink comp="978" pin=0"/></net>

<net id="987"><net_src comp="975" pin="1"/><net_sink comp="983" pin=0"/></net>

<net id="992"><net_src comp="975" pin="1"/><net_sink comp="988" pin=0"/></net>

<net id="997"><net_src comp="975" pin="1"/><net_sink comp="993" pin=0"/></net>

<net id="1002"><net_src comp="998" pin="2"/><net_sink comp="208" pin=1"/></net>

<net id="1007"><net_src comp="1003" pin="2"/><net_sink comp="208" pin=4"/></net>

<net id="1022"><net_src comp="1015" pin="1"/><net_sink comp="1018" pin=0"/></net>

<net id="1027"><net_src comp="1015" pin="1"/><net_sink comp="1023" pin=0"/></net>

<net id="1032"><net_src comp="1015" pin="1"/><net_sink comp="1028" pin=0"/></net>

<net id="1037"><net_src comp="1033" pin="2"/><net_sink comp="208" pin=4"/></net>

<net id="1042"><net_src comp="1038" pin="2"/><net_sink comp="208" pin=1"/></net>

<net id="1058"><net_src comp="1054" pin="2"/><net_sink comp="208" pin=4"/></net>

<net id="1063"><net_src comp="1059" pin="2"/><net_sink comp="208" pin=1"/></net>

<net id="1121"><net_src comp="578" pin="1"/><net_sink comp="1116" pin=0"/></net>

<net id="1122"><net_src comp="574" pin="1"/><net_sink comp="1116" pin=1"/></net>

<net id="1128"><net_src comp="596" pin="1"/><net_sink comp="1123" pin=0"/></net>

<net id="1129"><net_src comp="574" pin="1"/><net_sink comp="1123" pin=1"/></net>

<net id="1135"><net_src comp="614" pin="1"/><net_sink comp="1130" pin=0"/></net>

<net id="1136"><net_src comp="578" pin="1"/><net_sink comp="1130" pin=1"/></net>

<net id="1142"><net_src comp="614" pin="1"/><net_sink comp="1137" pin=0"/></net>

<net id="1143"><net_src comp="596" pin="1"/><net_sink comp="1137" pin=1"/></net>

<net id="1149"><net_src comp="638" pin="1"/><net_sink comp="1144" pin=0"/></net>

<net id="1155"><net_src comp="655" pin="1"/><net_sink comp="1150" pin=0"/></net>

<net id="1161"><net_src comp="638" pin="1"/><net_sink comp="1156" pin=1"/></net>

<net id="1167"><net_src comp="655" pin="1"/><net_sink comp="1162" pin=1"/></net>

<net id="1173"><net_src comp="678" pin="1"/><net_sink comp="1168" pin=0"/></net>

<net id="1179"><net_src comp="678" pin="1"/><net_sink comp="1174" pin=0"/></net>

<net id="1185"><net_src comp="694" pin="1"/><net_sink comp="1180" pin=0"/></net>

<net id="1191"><net_src comp="694" pin="1"/><net_sink comp="1186" pin=1"/></net>

<net id="1207"><net_src comp="694" pin="1"/><net_sink comp="1202" pin=1"/></net>

<net id="1213"><net_src comp="721" pin="1"/><net_sink comp="1208" pin=0"/></net>

<net id="1239"><net_src comp="749" pin="1"/><net_sink comp="1234" pin=0"/></net>

<net id="1240"><net_src comp="802" pin="2"/><net_sink comp="1234" pin=2"/></net>

<net id="1246"><net_src comp="749" pin="1"/><net_sink comp="1241" pin=0"/></net>

<net id="1247"><net_src comp="807" pin="2"/><net_sink comp="1241" pin=2"/></net>

<net id="1253"><net_src comp="756" pin="1"/><net_sink comp="1248" pin=0"/></net>

<net id="1254"><net_src comp="753" pin="1"/><net_sink comp="1248" pin=1"/></net>

<net id="1255"><net_src comp="828" pin="2"/><net_sink comp="1248" pin=2"/></net>

<net id="1261"><net_src comp="759" pin="1"/><net_sink comp="1256" pin=0"/></net>

<net id="1262"><net_src comp="753" pin="1"/><net_sink comp="1256" pin=1"/></net>

<net id="1263"><net_src comp="837" pin="2"/><net_sink comp="1256" pin=2"/></net>

<net id="1269"><net_src comp="762" pin="1"/><net_sink comp="1264" pin=0"/></net>

<net id="1270"><net_src comp="753" pin="1"/><net_sink comp="1264" pin=1"/></net>

<net id="1271"><net_src comp="849" pin="2"/><net_sink comp="1264" pin=2"/></net>

<net id="1287"><net_src comp="861" pin="2"/><net_sink comp="1282" pin=2"/></net>

<net id="1293"><net_src comp="784" pin="1"/><net_sink comp="1288" pin=0"/></net>

<net id="1294"><net_src comp="781" pin="1"/><net_sink comp="1288" pin=1"/></net>

<net id="1295"><net_src comp="1288" pin="3"/><net_sink comp="900" pin=0"/></net>

<net id="1301"><net_src comp="787" pin="1"/><net_sink comp="1296" pin=0"/></net>

<net id="1302"><net_src comp="781" pin="1"/><net_sink comp="1296" pin=1"/></net>

<net id="1303"><net_src comp="1296" pin="3"/><net_sink comp="905" pin=0"/></net>

<net id="1309"><net_src comp="790" pin="1"/><net_sink comp="1304" pin=0"/></net>

<net id="1310"><net_src comp="868" pin="2"/><net_sink comp="1304" pin=2"/></net>

<net id="1316"><net_src comp="793" pin="1"/><net_sink comp="1311" pin=0"/></net>

<net id="1317"><net_src comp="879" pin="2"/><net_sink comp="1311" pin=2"/></net>

<net id="1323"><net_src comp="796" pin="1"/><net_sink comp="1318" pin=0"/></net>

<net id="1324"><net_src comp="890" pin="2"/><net_sink comp="1318" pin=2"/></net>

<net id="1330"><net_src comp="796" pin="1"/><net_sink comp="1325" pin=0"/></net>

<net id="1331"><net_src comp="895" pin="2"/><net_sink comp="1325" pin=2"/></net>

<net id="1337"><net_src comp="846" pin="1"/><net_sink comp="1332" pin=0"/></net>

<net id="1338"><net_src comp="1332" pin="3"/><net_sink comp="933" pin=0"/></net>

<net id="1344"><net_src comp="855" pin="1"/><net_sink comp="1339" pin=0"/></net>

<net id="1345"><net_src comp="1339" pin="3"/><net_sink comp="938" pin=0"/></net>

<net id="1351"><net_src comp="910" pin="2"/><net_sink comp="1346" pin=2"/></net>

<net id="1357"><net_src comp="914" pin="2"/><net_sink comp="1352" pin=2"/></net>

<net id="1363"><net_src comp="918" pin="2"/><net_sink comp="1358" pin=2"/></net>

<net id="1369"><net_src comp="858" pin="1"/><net_sink comp="1364" pin=0"/></net>

<net id="1370"><net_src comp="925" pin="2"/><net_sink comp="1364" pin=2"/></net>

<net id="1376"><net_src comp="876" pin="1"/><net_sink comp="1371" pin=0"/></net>

<net id="1377"><net_src comp="1371" pin="3"/><net_sink comp="962" pin=0"/></net>

<net id="1383"><net_src comp="887" pin="1"/><net_sink comp="1378" pin=0"/></net>

<net id="1384"><net_src comp="1378" pin="3"/><net_sink comp="967" pin=0"/></net>

<net id="1390"><net_src comp="943" pin="2"/><net_sink comp="1385" pin=2"/></net>

<net id="1396"><net_src comp="947" pin="2"/><net_sink comp="1391" pin=2"/></net>

<net id="1402"><net_src comp="951" pin="2"/><net_sink comp="1397" pin=2"/></net>

<net id="1408"><net_src comp="955" pin="2"/><net_sink comp="1403" pin=2"/></net>

<net id="1414"><net_src comp="1409" pin="3"/><net_sink comp="998" pin=0"/></net>

<net id="1420"><net_src comp="1415" pin="3"/><net_sink comp="1003" pin=0"/></net>

<net id="1426"><net_src comp="930" pin="1"/><net_sink comp="1421" pin=0"/></net>

<net id="1427"><net_src comp="978" pin="2"/><net_sink comp="1421" pin=2"/></net>

<net id="1433"><net_src comp="930" pin="1"/><net_sink comp="1428" pin=0"/></net>

<net id="1434"><net_src comp="983" pin="2"/><net_sink comp="1428" pin=2"/></net>

<net id="1440"><net_src comp="930" pin="1"/><net_sink comp="1435" pin=0"/></net>

<net id="1441"><net_src comp="988" pin="2"/><net_sink comp="1435" pin=2"/></net>

<net id="1447"><net_src comp="930" pin="1"/><net_sink comp="1442" pin=0"/></net>

<net id="1448"><net_src comp="993" pin="2"/><net_sink comp="1442" pin=2"/></net>

<net id="1454"><net_src comp="1449" pin="3"/><net_sink comp="1033" pin=0"/></net>

<net id="1460"><net_src comp="1455" pin="3"/><net_sink comp="1038" pin=0"/></net>

<net id="1466"><net_src comp="1011" pin="2"/><net_sink comp="1461" pin=2"/></net>

<net id="1472"><net_src comp="959" pin="1"/><net_sink comp="1467" pin=0"/></net>

<net id="1473"><net_src comp="1018" pin="2"/><net_sink comp="1467" pin=2"/></net>

<net id="1479"><net_src comp="959" pin="1"/><net_sink comp="1474" pin=0"/></net>

<net id="1480"><net_src comp="1023" pin="2"/><net_sink comp="1474" pin=2"/></net>

<net id="1486"><net_src comp="959" pin="1"/><net_sink comp="1481" pin=0"/></net>

<net id="1487"><net_src comp="1028" pin="2"/><net_sink comp="1481" pin=2"/></net>

<net id="1493"><net_src comp="972" pin="1"/><net_sink comp="1488" pin=0"/></net>

<net id="1494"><net_src comp="1488" pin="3"/><net_sink comp="1054" pin=0"/></net>

<net id="1500"><net_src comp="972" pin="1"/><net_sink comp="1495" pin=0"/></net>

<net id="1501"><net_src comp="1495" pin="3"/><net_sink comp="1059" pin=0"/></net>

<net id="1507"><net_src comp="972" pin="1"/><net_sink comp="1502" pin=0"/></net>

<net id="1508"><net_src comp="1502" pin="3"/><net_sink comp="1064" pin=0"/></net>

<net id="1514"><net_src comp="972" pin="1"/><net_sink comp="1509" pin=0"/></net>

<net id="1515"><net_src comp="1509" pin="3"/><net_sink comp="1068" pin=0"/></net>

<net id="1521"><net_src comp="1046" pin="2"/><net_sink comp="1516" pin=2"/></net>

<net id="1527"><net_src comp="1050" pin="2"/><net_sink comp="1522" pin=2"/></net>

<net id="1533"><net_src comp="1528" pin="3"/><net_sink comp="1072" pin=0"/></net>

<net id="1539"><net_src comp="1008" pin="1"/><net_sink comp="1534" pin=0"/></net>

<net id="1540"><net_src comp="1534" pin="3"/><net_sink comp="1076" pin=0"/></net>

<net id="1546"><net_src comp="1008" pin="1"/><net_sink comp="1541" pin=0"/></net>

<net id="1547"><net_src comp="1541" pin="3"/><net_sink comp="1080" pin=0"/></net>

<net id="1553"><net_src comp="1008" pin="1"/><net_sink comp="1548" pin=0"/></net>

<net id="1554"><net_src comp="1548" pin="3"/><net_sink comp="1084" pin=0"/></net>

<net id="1560"><net_src comp="1008" pin="1"/><net_sink comp="1555" pin=0"/></net>

<net id="1561"><net_src comp="1555" pin="3"/><net_sink comp="1088" pin=0"/></net>

<net id="1567"><net_src comp="1008" pin="1"/><net_sink comp="1562" pin=0"/></net>

<net id="1568"><net_src comp="1562" pin="3"/><net_sink comp="1092" pin=0"/></net>

<net id="1574"><net_src comp="1043" pin="1"/><net_sink comp="1569" pin=0"/></net>

<net id="1575"><net_src comp="1569" pin="3"/><net_sink comp="1096" pin=0"/></net>

<net id="1581"><net_src comp="1043" pin="1"/><net_sink comp="1576" pin=0"/></net>

<net id="1582"><net_src comp="1576" pin="3"/><net_sink comp="1100" pin=0"/></net>

<net id="1588"><net_src comp="1043" pin="1"/><net_sink comp="1583" pin=0"/></net>

<net id="1589"><net_src comp="1583" pin="3"/><net_sink comp="1104" pin=0"/></net>

<net id="1595"><net_src comp="1043" pin="1"/><net_sink comp="1590" pin=0"/></net>

<net id="1596"><net_src comp="1590" pin="3"/><net_sink comp="1108" pin=0"/></net>

<net id="1602"><net_src comp="1043" pin="1"/><net_sink comp="1597" pin=0"/></net>

<net id="1603"><net_src comp="1597" pin="3"/><net_sink comp="1112" pin=0"/></net>

<net id="1607"><net_src comp="84" pin="3"/><net_sink comp="1604" pin=0"/></net>

<net id="1608"><net_src comp="1604" pin="1"/><net_sink comp="92" pin=2"/></net>

<net id="1612"><net_src comp="102" pin="3"/><net_sink comp="1609" pin=0"/></net>

<net id="1613"><net_src comp="1609" pin="1"/><net_sink comp="110" pin=2"/></net>

<net id="1617"><net_src comp="120" pin="3"/><net_sink comp="1614" pin=0"/></net>

<net id="1618"><net_src comp="1614" pin="1"/><net_sink comp="110" pin=0"/></net>

<net id="1622"><net_src comp="129" pin="3"/><net_sink comp="1619" pin=0"/></net>

<net id="1623"><net_src comp="1619" pin="1"/><net_sink comp="92" pin=0"/></net>

<net id="1627"><net_src comp="558" pin="1"/><net_sink comp="1624" pin=0"/></net>

<net id="1628"><net_src comp="1624" pin="1"/><net_sink comp="753" pin=0"/></net>

<net id="1632"><net_src comp="562" pin="1"/><net_sink comp="1629" pin=0"/></net>

<net id="1633"><net_src comp="1629" pin="1"/><net_sink comp="756" pin=0"/></net>

<net id="1637"><net_src comp="426" pin="3"/><net_sink comp="1634" pin=0"/></net>

<net id="1638"><net_src comp="1634" pin="1"/><net_sink comp="822" pin=0"/></net>

<net id="1642"><net_src comp="434" pin="3"/><net_sink comp="1639" pin=0"/></net>

<net id="1643"><net_src comp="1639" pin="1"/><net_sink comp="825" pin=0"/></net>

<net id="1647"><net_src comp="442" pin="3"/><net_sink comp="1644" pin=0"/></net>

<net id="1648"><net_src comp="1644" pin="1"/><net_sink comp="781" pin=0"/></net>

<net id="1652"><net_src comp="450" pin="3"/><net_sink comp="1649" pin=0"/></net>

<net id="1653"><net_src comp="1649" pin="1"/><net_sink comp="784" pin=0"/></net>

<net id="1657"><net_src comp="566" pin="1"/><net_sink comp="1654" pin=0"/></net>

<net id="1658"><net_src comp="1654" pin="1"/><net_sink comp="642" pin=1"/></net>

<net id="1659"><net_src comp="1654" pin="1"/><net_sink comp="659" pin=1"/></net>

<net id="1660"><net_src comp="1654" pin="1"/><net_sink comp="698" pin=1"/></net>

<net id="1664"><net_src comp="570" pin="1"/><net_sink comp="1661" pin=0"/></net>

<net id="1665"><net_src comp="1661" pin="1"/><net_sink comp="711" pin=1"/></net>

<net id="1666"><net_src comp="1661" pin="1"/><net_sink comp="744" pin=1"/></net>

<net id="1667"><net_src comp="1661" pin="1"/><net_sink comp="802" pin=1"/></net>

<net id="1671"><net_src comp="574" pin="1"/><net_sink comp="1668" pin=0"/></net>

<net id="1672"><net_src comp="1668" pin="1"/><net_sink comp="1116" pin=1"/></net>

<net id="1673"><net_src comp="1668" pin="1"/><net_sink comp="1123" pin=1"/></net>

<net id="1674"><net_src comp="1668" pin="1"/><net_sink comp="1144" pin=1"/></net>

<net id="1675"><net_src comp="1668" pin="1"/><net_sink comp="1150" pin=1"/></net>

<net id="1676"><net_src comp="1668" pin="1"/><net_sink comp="1180" pin=1"/></net>

<net id="1680"><net_src comp="578" pin="1"/><net_sink comp="1677" pin=0"/></net>

<net id="1681"><net_src comp="1677" pin="1"/><net_sink comp="1116" pin=0"/></net>

<net id="1682"><net_src comp="1677" pin="1"/><net_sink comp="1130" pin=1"/></net>

<net id="1683"><net_src comp="1677" pin="1"/><net_sink comp="1168" pin=1"/></net>

<net id="1684"><net_src comp="1677" pin="1"/><net_sink comp="1208" pin=1"/></net>

<net id="1685"><net_src comp="1677" pin="1"/><net_sink comp="1234" pin=1"/></net>

<net id="1689"><net_src comp="582" pin="2"/><net_sink comp="1686" pin=0"/></net>

<net id="1690"><net_src comp="1686" pin="1"/><net_sink comp="1116" pin=0"/></net>

<net id="1694"><net_src comp="588" pin="1"/><net_sink comp="1691" pin=0"/></net>

<net id="1695"><net_src comp="1691" pin="1"/><net_sink comp="759" pin=0"/></net>

<net id="1699"><net_src comp="490" pin="3"/><net_sink comp="1696" pin=0"/></net>

<net id="1700"><net_src comp="1696" pin="1"/><net_sink comp="834" pin=0"/></net>

<net id="1704"><net_src comp="498" pin="3"/><net_sink comp="1701" pin=0"/></net>

<net id="1705"><net_src comp="1701" pin="1"/><net_sink comp="787" pin=0"/></net>

<net id="1709"><net_src comp="592" pin="1"/><net_sink comp="1706" pin=0"/></net>

<net id="1710"><net_src comp="1706" pin="1"/><net_sink comp="716" pin=1"/></net>

<net id="1711"><net_src comp="1706" pin="1"/><net_sink comp="765" pin=1"/></net>

<net id="1712"><net_src comp="1706" pin="1"/><net_sink comp="807" pin=1"/></net>

<net id="1716"><net_src comp="596" pin="1"/><net_sink comp="1713" pin=0"/></net>

<net id="1717"><net_src comp="1713" pin="1"/><net_sink comp="1123" pin=0"/></net>

<net id="1718"><net_src comp="1713" pin="1"/><net_sink comp="1137" pin=1"/></net>

<net id="1719"><net_src comp="1713" pin="1"/><net_sink comp="1174" pin=1"/></net>

<net id="1720"><net_src comp="1713" pin="1"/><net_sink comp="1214" pin=1"/></net>

<net id="1721"><net_src comp="1713" pin="1"/><net_sink comp="1241" pin=1"/></net>

<net id="1725"><net_src comp="600" pin="2"/><net_sink comp="1722" pin=0"/></net>

<net id="1726"><net_src comp="1722" pin="1"/><net_sink comp="1123" pin=0"/></net>

<net id="1730"><net_src comp="138" pin="3"/><net_sink comp="1727" pin=0"/></net>

<net id="1731"><net_src comp="1727" pin="1"/><net_sink comp="110" pin=2"/></net>

<net id="1735"><net_src comp="147" pin="3"/><net_sink comp="1732" pin=0"/></net>

<net id="1736"><net_src comp="1732" pin="1"/><net_sink comp="110" pin=0"/></net>

<net id="1740"><net_src comp="606" pin="1"/><net_sink comp="1737" pin=0"/></net>

<net id="1741"><net_src comp="1737" pin="1"/><net_sink comp="796" pin=0"/></net>

<net id="1745"><net_src comp="522" pin="3"/><net_sink comp="1742" pin=0"/></net>

<net id="1746"><net_src comp="1742" pin="1"/><net_sink comp="884" pin=0"/></net>

<net id="1750"><net_src comp="530" pin="3"/><net_sink comp="1747" pin=0"/></net>

<net id="1751"><net_src comp="1747" pin="1"/><net_sink comp="887" pin=0"/></net>

<net id="1755"><net_src comp="610" pin="1"/><net_sink comp="1752" pin=0"/></net>

<net id="1756"><net_src comp="1752" pin="1"/><net_sink comp="664" pin=0"/></net>

<net id="1757"><net_src comp="1752" pin="1"/><net_sink comp="669" pin=0"/></net>

<net id="1758"><net_src comp="1752" pin="1"/><net_sink comp="703" pin=0"/></net>

<net id="1762"><net_src comp="614" pin="1"/><net_sink comp="1759" pin=0"/></net>

<net id="1763"><net_src comp="1759" pin="1"/><net_sink comp="1130" pin=0"/></net>

<net id="1764"><net_src comp="1759" pin="1"/><net_sink comp="1137" pin=0"/></net>

<net id="1765"><net_src comp="1759" pin="1"/><net_sink comp="1156" pin=0"/></net>

<net id="1766"><net_src comp="1759" pin="1"/><net_sink comp="1162" pin=0"/></net>

<net id="1767"><net_src comp="1759" pin="1"/><net_sink comp="1186" pin=0"/></net>

<net id="1771"><net_src comp="618" pin="2"/><net_sink comp="1768" pin=0"/></net>

<net id="1772"><net_src comp="1768" pin="1"/><net_sink comp="1130" pin=0"/></net>

<net id="1776"><net_src comp="624" pin="2"/><net_sink comp="1773" pin=0"/></net>

<net id="1777"><net_src comp="1773" pin="1"/><net_sink comp="1137" pin=0"/></net>

<net id="1781"><net_src comp="156" pin="3"/><net_sink comp="1778" pin=0"/></net>

<net id="1782"><net_src comp="1778" pin="1"/><net_sink comp="92" pin=2"/></net>

<net id="1786"><net_src comp="165" pin="3"/><net_sink comp="1783" pin=0"/></net>

<net id="1787"><net_src comp="1783" pin="1"/><net_sink comp="92" pin=0"/></net>

<net id="1791"><net_src comp="630" pin="1"/><net_sink comp="1788" pin=0"/></net>

<net id="1792"><net_src comp="1788" pin="1"/><net_sink comp="762" pin=0"/></net>

<net id="1796"><net_src comp="434" pin="3"/><net_sink comp="1793" pin=0"/></net>

<net id="1797"><net_src comp="1793" pin="1"/><net_sink comp="843" pin=0"/></net>

<net id="1801"><net_src comp="450" pin="3"/><net_sink comp="1798" pin=0"/></net>

<net id="1802"><net_src comp="1798" pin="1"/><net_sink comp="846" pin=0"/></net>

<net id="1806"><net_src comp="634" pin="1"/><net_sink comp="1803" pin=0"/></net>

<net id="1807"><net_src comp="1803" pin="1"/><net_sink comp="729" pin=1"/></net>

<net id="1808"><net_src comp="1803" pin="1"/><net_sink comp="769" pin=1"/></net>

<net id="1809"><net_src comp="1803" pin="1"/><net_sink comp="812" pin=1"/></net>

<net id="1813"><net_src comp="638" pin="1"/><net_sink comp="1810" pin=0"/></net>

<net id="1814"><net_src comp="1810" pin="1"/><net_sink comp="1144" pin=0"/></net>

<net id="1815"><net_src comp="1810" pin="1"/><net_sink comp="1156" pin=1"/></net>

<net id="1816"><net_src comp="1810" pin="1"/><net_sink comp="1192" pin=1"/></net>

<net id="1817"><net_src comp="1810" pin="1"/><net_sink comp="1219" pin=1"/></net>

<net id="1818"><net_src comp="1810" pin="1"/><net_sink comp="1272" pin=1"/></net>

<net id="1822"><net_src comp="642" pin="2"/><net_sink comp="1819" pin=0"/></net>

<net id="1823"><net_src comp="1819" pin="1"/><net_sink comp="1144" pin=0"/></net>

<net id="1827"><net_src comp="647" pin="1"/><net_sink comp="1824" pin=0"/></net>

<net id="1828"><net_src comp="1824" pin="1"/><net_sink comp="790" pin=0"/></net>

<net id="1832"><net_src comp="490" pin="3"/><net_sink comp="1829" pin=0"/></net>

<net id="1833"><net_src comp="1829" pin="1"/><net_sink comp="865" pin=0"/></net>

<net id="1837"><net_src comp="498" pin="3"/><net_sink comp="1834" pin=0"/></net>

<net id="1838"><net_src comp="1834" pin="1"/><net_sink comp="855" pin=0"/></net>

<net id="1842"><net_src comp="651" pin="1"/><net_sink comp="1839" pin=0"/></net>

<net id="1843"><net_src comp="1839" pin="1"/><net_sink comp="733" pin=1"/></net>

<net id="1844"><net_src comp="1839" pin="1"/><net_sink comp="773" pin=1"/></net>

<net id="1845"><net_src comp="1839" pin="1"/><net_sink comp="817" pin=1"/></net>

<net id="1849"><net_src comp="655" pin="1"/><net_sink comp="1846" pin=0"/></net>

<net id="1850"><net_src comp="1846" pin="1"/><net_sink comp="1150" pin=0"/></net>

<net id="1851"><net_src comp="1846" pin="1"/><net_sink comp="1162" pin=1"/></net>

<net id="1852"><net_src comp="1846" pin="1"/><net_sink comp="1197" pin=1"/></net>

<net id="1853"><net_src comp="1846" pin="1"/><net_sink comp="1224" pin=1"/></net>

<net id="1854"><net_src comp="1846" pin="1"/><net_sink comp="1277" pin=1"/></net>

<net id="1858"><net_src comp="659" pin="2"/><net_sink comp="1855" pin=0"/></net>

<net id="1859"><net_src comp="1855" pin="1"/><net_sink comp="1150" pin=0"/></net>

<net id="1863"><net_src comp="174" pin="3"/><net_sink comp="1860" pin=0"/></net>

<net id="1864"><net_src comp="1860" pin="1"/><net_sink comp="110" pin=0"/></net>

<net id="1868"><net_src comp="664" pin="2"/><net_sink comp="1865" pin=0"/></net>

<net id="1869"><net_src comp="1865" pin="1"/><net_sink comp="1156" pin=0"/></net>

<net id="1873"><net_src comp="669" pin="2"/><net_sink comp="1870" pin=0"/></net>

<net id="1874"><net_src comp="1870" pin="1"/><net_sink comp="1162" pin=0"/></net>

<net id="1878"><net_src comp="674" pin="1"/><net_sink comp="1875" pin=0"/></net>

<net id="1879"><net_src comp="1875" pin="1"/><net_sink comp="858" pin=0"/></net>

<net id="1883"><net_src comp="426" pin="3"/><net_sink comp="1880" pin=0"/></net>

<net id="1884"><net_src comp="1880" pin="1"/><net_sink comp="922" pin=0"/></net>

<net id="1888"><net_src comp="442" pin="3"/><net_sink comp="1885" pin=0"/></net>

<net id="1889"><net_src comp="1885" pin="1"/><net_sink comp="972" pin=0"/></net>

<net id="1893"><net_src comp="458" pin="3"/><net_sink comp="1890" pin=0"/></net>

<net id="1894"><net_src comp="1890" pin="1"/><net_sink comp="708" pin=0"/></net>

<net id="1898"><net_src comp="678" pin="1"/><net_sink comp="1895" pin=0"/></net>

<net id="1899"><net_src comp="1895" pin="1"/><net_sink comp="1168" pin=0"/></net>

<net id="1900"><net_src comp="1895" pin="1"/><net_sink comp="1174" pin=0"/></net>

<net id="1901"><net_src comp="1895" pin="1"/><net_sink comp="1192" pin=0"/></net>

<net id="1902"><net_src comp="1895" pin="1"/><net_sink comp="1197" pin=0"/></net>

<net id="1903"><net_src comp="1895" pin="1"/><net_sink comp="1202" pin=0"/></net>

<net id="1907"><net_src comp="682" pin="1"/><net_sink comp="1904" pin=0"/></net>

<net id="1908"><net_src comp="1904" pin="1"/><net_sink comp="930" pin=0"/></net>

<net id="1912"><net_src comp="522" pin="3"/><net_sink comp="1909" pin=0"/></net>

<net id="1913"><net_src comp="1909" pin="1"/><net_sink comp="975" pin=0"/></net>

<net id="1917"><net_src comp="530" pin="3"/><net_sink comp="1914" pin=0"/></net>

<net id="1918"><net_src comp="1914" pin="1"/><net_sink comp="1008" pin=0"/></net>

<net id="1922"><net_src comp="538" pin="3"/><net_sink comp="1919" pin=0"/></net>

<net id="1923"><net_src comp="1919" pin="1"/><net_sink comp="741" pin=0"/></net>

<net id="1927"><net_src comp="183" pin="3"/><net_sink comp="1924" pin=0"/></net>

<net id="1928"><net_src comp="1924" pin="1"/><net_sink comp="92" pin=0"/></net>

<net id="1932"><net_src comp="686" pin="1"/><net_sink comp="1929" pin=0"/></net>

<net id="1933"><net_src comp="1929" pin="1"/><net_sink comp="793" pin=0"/></net>

<net id="1937"><net_src comp="490" pin="3"/><net_sink comp="1934" pin=0"/></net>

<net id="1938"><net_src comp="1934" pin="1"/><net_sink comp="873" pin=0"/></net>

<net id="1942"><net_src comp="498" pin="3"/><net_sink comp="1939" pin=0"/></net>

<net id="1943"><net_src comp="1939" pin="1"/><net_sink comp="876" pin=0"/></net>

<net id="1947"><net_src comp="690" pin="1"/><net_sink comp="1944" pin=0"/></net>

<net id="1948"><net_src comp="1944" pin="1"/><net_sink comp="737" pin=1"/></net>

<net id="1949"><net_src comp="1944" pin="1"/><net_sink comp="777" pin=1"/></net>

<net id="1950"><net_src comp="1944" pin="1"/><net_sink comp="861" pin=1"/></net>

<net id="1954"><net_src comp="694" pin="1"/><net_sink comp="1951" pin=0"/></net>

<net id="1955"><net_src comp="1951" pin="1"/><net_sink comp="1180" pin=0"/></net>

<net id="1956"><net_src comp="1951" pin="1"/><net_sink comp="1186" pin=1"/></net>

<net id="1957"><net_src comp="1951" pin="1"/><net_sink comp="1202" pin=1"/></net>

<net id="1958"><net_src comp="1951" pin="1"/><net_sink comp="1229" pin=1"/></net>

<net id="1959"><net_src comp="1951" pin="1"/><net_sink comp="1282" pin=1"/></net>

<net id="1963"><net_src comp="698" pin="2"/><net_sink comp="1960" pin=0"/></net>

<net id="1964"><net_src comp="1960" pin="1"/><net_sink comp="1180" pin=0"/></net>

<net id="1968"><net_src comp="703" pin="2"/><net_sink comp="1965" pin=0"/></net>

<net id="1969"><net_src comp="1965" pin="1"/><net_sink comp="1186" pin=0"/></net>

<net id="1973"><net_src comp="708" pin="1"/><net_sink comp="1970" pin=0"/></net>

<net id="1974"><net_src comp="1970" pin="1"/><net_sink comp="729" pin=0"/></net>

<net id="1975"><net_src comp="1970" pin="1"/><net_sink comp="733" pin=0"/></net>

<net id="1976"><net_src comp="1970" pin="1"/><net_sink comp="737" pin=0"/></net>

<net id="1980"><net_src comp="711" pin="2"/><net_sink comp="1977" pin=0"/></net>

<net id="1981"><net_src comp="1977" pin="1"/><net_sink comp="1168" pin=0"/></net>

<net id="1985"><net_src comp="716" pin="2"/><net_sink comp="1982" pin=0"/></net>

<net id="1986"><net_src comp="1982" pin="1"/><net_sink comp="1174" pin=0"/></net>

<net id="1990"><net_src comp="721" pin="1"/><net_sink comp="1987" pin=0"/></net>

<net id="1991"><net_src comp="1987" pin="1"/><net_sink comp="1208" pin=0"/></net>

<net id="1992"><net_src comp="1987" pin="1"/><net_sink comp="1214" pin=0"/></net>

<net id="1993"><net_src comp="1987" pin="1"/><net_sink comp="1219" pin=0"/></net>

<net id="1994"><net_src comp="1987" pin="1"/><net_sink comp="1224" pin=0"/></net>

<net id="1995"><net_src comp="1987" pin="1"/><net_sink comp="1229" pin=0"/></net>

<net id="1999"><net_src comp="725" pin="1"/><net_sink comp="1996" pin=0"/></net>

<net id="2000"><net_src comp="1996" pin="1"/><net_sink comp="959" pin=0"/></net>

<net id="2004"><net_src comp="522" pin="3"/><net_sink comp="2001" pin=0"/></net>

<net id="2005"><net_src comp="2001" pin="1"/><net_sink comp="1015" pin=0"/></net>

<net id="2009"><net_src comp="530" pin="3"/><net_sink comp="2006" pin=0"/></net>

<net id="2010"><net_src comp="2006" pin="1"/><net_sink comp="1043" pin=0"/></net>

<net id="2014"><net_src comp="538" pin="3"/><net_sink comp="2011" pin=0"/></net>

<net id="2015"><net_src comp="2011" pin="1"/><net_sink comp="799" pin=0"/></net>

<net id="2019"><net_src comp="1116" pin="3"/><net_sink comp="2016" pin=0"/></net>

<net id="2020"><net_src comp="2016" pin="1"/><net_sink comp="1288" pin=0"/></net>

<net id="2024"><net_src comp="1123" pin="3"/><net_sink comp="2021" pin=0"/></net>

<net id="2025"><net_src comp="2021" pin="1"/><net_sink comp="1296" pin=0"/></net>

<net id="2029"><net_src comp="1130" pin="3"/><net_sink comp="2026" pin=0"/></net>

<net id="2030"><net_src comp="2026" pin="1"/><net_sink comp="1378" pin=0"/></net>

<net id="2034"><net_src comp="1137" pin="3"/><net_sink comp="2031" pin=0"/></net>

<net id="2035"><net_src comp="2031" pin="1"/><net_sink comp="1409" pin=0"/></net>

<net id="2039"><net_src comp="729" pin="2"/><net_sink comp="2036" pin=0"/></net>

<net id="2040"><net_src comp="2036" pin="1"/><net_sink comp="1192" pin=0"/></net>

<net id="2044"><net_src comp="733" pin="2"/><net_sink comp="2041" pin=0"/></net>

<net id="2045"><net_src comp="2041" pin="1"/><net_sink comp="1197" pin=0"/></net>

<net id="2049"><net_src comp="737" pin="2"/><net_sink comp="2046" pin=0"/></net>

<net id="2050"><net_src comp="2046" pin="1"/><net_sink comp="1202" pin=0"/></net>

<net id="2054"><net_src comp="741" pin="1"/><net_sink comp="2051" pin=0"/></net>

<net id="2055"><net_src comp="2051" pin="1"/><net_sink comp="765" pin=0"/></net>

<net id="2056"><net_src comp="2051" pin="1"/><net_sink comp="769" pin=0"/></net>

<net id="2057"><net_src comp="2051" pin="1"/><net_sink comp="773" pin=0"/></net>

<net id="2058"><net_src comp="2051" pin="1"/><net_sink comp="777" pin=0"/></net>

<net id="2062"><net_src comp="744" pin="2"/><net_sink comp="2059" pin=0"/></net>

<net id="2063"><net_src comp="2059" pin="1"/><net_sink comp="1208" pin=0"/></net>

<net id="2067"><net_src comp="749" pin="1"/><net_sink comp="2064" pin=0"/></net>

<net id="2068"><net_src comp="2064" pin="1"/><net_sink comp="1234" pin=0"/></net>

<net id="2069"><net_src comp="2064" pin="1"/><net_sink comp="1241" pin=0"/></net>

<net id="2070"><net_src comp="2064" pin="1"/><net_sink comp="1272" pin=0"/></net>

<net id="2071"><net_src comp="2064" pin="1"/><net_sink comp="1277" pin=0"/></net>

<net id="2072"><net_src comp="2064" pin="1"/><net_sink comp="1282" pin=0"/></net>

<net id="2076"><net_src comp="753" pin="1"/><net_sink comp="2073" pin=0"/></net>

<net id="2077"><net_src comp="2073" pin="1"/><net_sink comp="1248" pin=1"/></net>

<net id="2078"><net_src comp="2073" pin="1"/><net_sink comp="1256" pin=1"/></net>

<net id="2079"><net_src comp="2073" pin="1"/><net_sink comp="1264" pin=1"/></net>

<net id="2080"><net_src comp="2073" pin="1"/><net_sink comp="1304" pin=1"/></net>

<net id="2081"><net_src comp="2073" pin="1"/><net_sink comp="1311" pin=1"/></net>

<net id="2085"><net_src comp="756" pin="1"/><net_sink comp="2082" pin=0"/></net>

<net id="2086"><net_src comp="2082" pin="1"/><net_sink comp="1248" pin=0"/></net>

<net id="2087"><net_src comp="2082" pin="1"/><net_sink comp="1318" pin=1"/></net>

<net id="2088"><net_src comp="2082" pin="1"/><net_sink comp="1364" pin=1"/></net>

<net id="2089"><net_src comp="2082" pin="1"/><net_sink comp="1421" pin=1"/></net>

<net id="2090"><net_src comp="2082" pin="1"/><net_sink comp="1467" pin=1"/></net>

<net id="2094"><net_src comp="759" pin="1"/><net_sink comp="2091" pin=0"/></net>

<net id="2095"><net_src comp="2091" pin="1"/><net_sink comp="1256" pin=0"/></net>

<net id="2096"><net_src comp="2091" pin="1"/><net_sink comp="1325" pin=1"/></net>

<net id="2097"><net_src comp="2091" pin="1"/><net_sink comp="1385" pin=1"/></net>

<net id="2098"><net_src comp="2091" pin="1"/><net_sink comp="1428" pin=1"/></net>

<net id="2099"><net_src comp="2091" pin="1"/><net_sink comp="1474" pin=1"/></net>

<net id="2103"><net_src comp="762" pin="1"/><net_sink comp="2100" pin=0"/></net>

<net id="2104"><net_src comp="2100" pin="1"/><net_sink comp="1264" pin=0"/></net>

<net id="2105"><net_src comp="2100" pin="1"/><net_sink comp="1346" pin=1"/></net>

<net id="2106"><net_src comp="2100" pin="1"/><net_sink comp="1391" pin=1"/></net>

<net id="2107"><net_src comp="2100" pin="1"/><net_sink comp="1435" pin=1"/></net>

<net id="2108"><net_src comp="2100" pin="1"/><net_sink comp="1481" pin=1"/></net>

<net id="2112"><net_src comp="1144" pin="3"/><net_sink comp="2109" pin=0"/></net>

<net id="2113"><net_src comp="2109" pin="1"/><net_sink comp="1332" pin=0"/></net>

<net id="2117"><net_src comp="1150" pin="3"/><net_sink comp="2114" pin=0"/></net>

<net id="2118"><net_src comp="2114" pin="1"/><net_sink comp="1339" pin=0"/></net>

<net id="2122"><net_src comp="1156" pin="3"/><net_sink comp="2119" pin=0"/></net>

<net id="2123"><net_src comp="2119" pin="1"/><net_sink comp="1415" pin=0"/></net>

<net id="2127"><net_src comp="1162" pin="3"/><net_sink comp="2124" pin=0"/></net>

<net id="2128"><net_src comp="2124" pin="1"/><net_sink comp="1449" pin=0"/></net>

<net id="2132"><net_src comp="1168" pin="3"/><net_sink comp="2129" pin=0"/></net>

<net id="2133"><net_src comp="2129" pin="1"/><net_sink comp="1488" pin=0"/></net>

<net id="2137"><net_src comp="1174" pin="3"/><net_sink comp="2134" pin=0"/></net>

<net id="2138"><net_src comp="2134" pin="1"/><net_sink comp="1495" pin=0"/></net>

<net id="2142"><net_src comp="765" pin="2"/><net_sink comp="2139" pin=0"/></net>

<net id="2143"><net_src comp="2139" pin="1"/><net_sink comp="1214" pin=0"/></net>

<net id="2147"><net_src comp="769" pin="2"/><net_sink comp="2144" pin=0"/></net>

<net id="2148"><net_src comp="2144" pin="1"/><net_sink comp="1219" pin=0"/></net>

<net id="2152"><net_src comp="773" pin="2"/><net_sink comp="2149" pin=0"/></net>

<net id="2153"><net_src comp="2149" pin="1"/><net_sink comp="1224" pin=0"/></net>

<net id="2157"><net_src comp="777" pin="2"/><net_sink comp="2154" pin=0"/></net>

<net id="2158"><net_src comp="2154" pin="1"/><net_sink comp="1229" pin=0"/></net>

<net id="2162"><net_src comp="781" pin="1"/><net_sink comp="2159" pin=0"/></net>

<net id="2163"><net_src comp="2159" pin="1"/><net_sink comp="1288" pin=1"/></net>

<net id="2164"><net_src comp="2159" pin="1"/><net_sink comp="1296" pin=1"/></net>

<net id="2165"><net_src comp="2159" pin="1"/><net_sink comp="1332" pin=1"/></net>

<net id="2166"><net_src comp="2159" pin="1"/><net_sink comp="1339" pin=1"/></net>

<net id="2167"><net_src comp="2159" pin="1"/><net_sink comp="1371" pin=1"/></net>

<net id="2171"><net_src comp="784" pin="1"/><net_sink comp="2168" pin=0"/></net>

<net id="2172"><net_src comp="2168" pin="1"/><net_sink comp="1288" pin=0"/></net>

<net id="2173"><net_src comp="2168" pin="1"/><net_sink comp="1378" pin=1"/></net>

<net id="2174"><net_src comp="2168" pin="1"/><net_sink comp="1488" pin=1"/></net>

<net id="2175"><net_src comp="2168" pin="1"/><net_sink comp="1534" pin=1"/></net>

<net id="2176"><net_src comp="2168" pin="1"/><net_sink comp="1569" pin=1"/></net>

<net id="2180"><net_src comp="787" pin="1"/><net_sink comp="2177" pin=0"/></net>

<net id="2181"><net_src comp="2177" pin="1"/><net_sink comp="1296" pin=0"/></net>

<net id="2182"><net_src comp="2177" pin="1"/><net_sink comp="1409" pin=1"/></net>

<net id="2183"><net_src comp="2177" pin="1"/><net_sink comp="1495" pin=1"/></net>

<net id="2184"><net_src comp="2177" pin="1"/><net_sink comp="1541" pin=1"/></net>

<net id="2185"><net_src comp="2177" pin="1"/><net_sink comp="1576" pin=1"/></net>

<net id="2189"><net_src comp="790" pin="1"/><net_sink comp="2186" pin=0"/></net>

<net id="2190"><net_src comp="2186" pin="1"/><net_sink comp="1304" pin=0"/></net>

<net id="2191"><net_src comp="2186" pin="1"/><net_sink comp="1352" pin=1"/></net>

<net id="2192"><net_src comp="2186" pin="1"/><net_sink comp="1397" pin=1"/></net>

<net id="2193"><net_src comp="2186" pin="1"/><net_sink comp="1442" pin=1"/></net>

<net id="2194"><net_src comp="2186" pin="1"/><net_sink comp="1516" pin=1"/></net>

<net id="2198"><net_src comp="793" pin="1"/><net_sink comp="2195" pin=0"/></net>

<net id="2199"><net_src comp="2195" pin="1"/><net_sink comp="1311" pin=0"/></net>

<net id="2200"><net_src comp="2195" pin="1"/><net_sink comp="1358" pin=1"/></net>

<net id="2201"><net_src comp="2195" pin="1"/><net_sink comp="1403" pin=1"/></net>

<net id="2202"><net_src comp="2195" pin="1"/><net_sink comp="1461" pin=1"/></net>

<net id="2203"><net_src comp="2195" pin="1"/><net_sink comp="1522" pin=1"/></net>

<net id="2207"><net_src comp="1180" pin="3"/><net_sink comp="2204" pin=0"/></net>

<net id="2208"><net_src comp="2204" pin="1"/><net_sink comp="1371" pin=0"/></net>

<net id="2212"><net_src comp="796" pin="1"/><net_sink comp="2209" pin=0"/></net>

<net id="2213"><net_src comp="2209" pin="1"/><net_sink comp="1318" pin=0"/></net>

<net id="2214"><net_src comp="2209" pin="1"/><net_sink comp="1325" pin=0"/></net>

<net id="2215"><net_src comp="2209" pin="1"/><net_sink comp="1346" pin=0"/></net>

<net id="2216"><net_src comp="2209" pin="1"/><net_sink comp="1352" pin=0"/></net>

<net id="2217"><net_src comp="2209" pin="1"/><net_sink comp="1358" pin=0"/></net>

<net id="2221"><net_src comp="1186" pin="3"/><net_sink comp="2218" pin=0"/></net>

<net id="2222"><net_src comp="2218" pin="1"/><net_sink comp="1455" pin=0"/></net>

<net id="2226"><net_src comp="1192" pin="3"/><net_sink comp="2223" pin=0"/></net>

<net id="2227"><net_src comp="2223" pin="1"/><net_sink comp="1502" pin=0"/></net>

<net id="2231"><net_src comp="1197" pin="3"/><net_sink comp="2228" pin=0"/></net>

<net id="2232"><net_src comp="2228" pin="1"/><net_sink comp="1509" pin=0"/></net>

<net id="2236"><net_src comp="1202" pin="3"/><net_sink comp="2233" pin=0"/></net>

<net id="2237"><net_src comp="2233" pin="1"/><net_sink comp="1528" pin=0"/></net>

<net id="2241"><net_src comp="1208" pin="3"/><net_sink comp="2238" pin=0"/></net>

<net id="2242"><net_src comp="2238" pin="1"/><net_sink comp="1534" pin=0"/></net>

<net id="2246"><net_src comp="799" pin="1"/><net_sink comp="2243" pin=0"/></net>

<net id="2247"><net_src comp="2243" pin="1"/><net_sink comp="861" pin=0"/></net>

<net id="2251"><net_src comp="802" pin="2"/><net_sink comp="2248" pin=0"/></net>

<net id="2252"><net_src comp="2248" pin="1"/><net_sink comp="1234" pin=0"/></net>

<net id="2256"><net_src comp="807" pin="2"/><net_sink comp="2253" pin=0"/></net>

<net id="2257"><net_src comp="2253" pin="1"/><net_sink comp="1241" pin=0"/></net>

<net id="2261"><net_src comp="812" pin="2"/><net_sink comp="2258" pin=0"/></net>

<net id="2262"><net_src comp="2258" pin="1"/><net_sink comp="1272" pin=0"/></net>

<net id="2266"><net_src comp="817" pin="2"/><net_sink comp="2263" pin=0"/></net>

<net id="2267"><net_src comp="2263" pin="1"/><net_sink comp="1277" pin=0"/></net>

<net id="2271"><net_src comp="822" pin="1"/><net_sink comp="2268" pin=0"/></net>

<net id="2272"><net_src comp="2268" pin="1"/><net_sink comp="868" pin=1"/></net>

<net id="2273"><net_src comp="2268" pin="1"/><net_sink comp="879" pin=1"/></net>

<net id="2277"><net_src comp="825" pin="1"/><net_sink comp="2274" pin=0"/></net>

<net id="2278"><net_src comp="2274" pin="1"/><net_sink comp="890" pin=1"/></net>

<net id="2279"><net_src comp="2274" pin="1"/><net_sink comp="925" pin=1"/></net>

<net id="2280"><net_src comp="2274" pin="1"/><net_sink comp="978" pin=1"/></net>

<net id="2281"><net_src comp="2274" pin="1"/><net_sink comp="1018" pin=1"/></net>

<net id="2285"><net_src comp="828" pin="2"/><net_sink comp="2282" pin=0"/></net>

<net id="2286"><net_src comp="2282" pin="1"/><net_sink comp="1248" pin=0"/></net>

<net id="2290"><net_src comp="834" pin="1"/><net_sink comp="2287" pin=0"/></net>

<net id="2291"><net_src comp="2287" pin="1"/><net_sink comp="895" pin=1"/></net>

<net id="2292"><net_src comp="2287" pin="1"/><net_sink comp="943" pin=1"/></net>

<net id="2293"><net_src comp="2287" pin="1"/><net_sink comp="983" pin=1"/></net>

<net id="2294"><net_src comp="2287" pin="1"/><net_sink comp="1023" pin=1"/></net>

<net id="2298"><net_src comp="837" pin="2"/><net_sink comp="2295" pin=0"/></net>

<net id="2299"><net_src comp="2295" pin="1"/><net_sink comp="1256" pin=0"/></net>

<net id="2303"><net_src comp="843" pin="1"/><net_sink comp="2300" pin=0"/></net>

<net id="2304"><net_src comp="2300" pin="1"/><net_sink comp="910" pin=1"/></net>

<net id="2305"><net_src comp="2300" pin="1"/><net_sink comp="947" pin=1"/></net>

<net id="2306"><net_src comp="2300" pin="1"/><net_sink comp="988" pin=1"/></net>

<net id="2307"><net_src comp="2300" pin="1"/><net_sink comp="1028" pin=1"/></net>

<net id="2311"><net_src comp="846" pin="1"/><net_sink comp="2308" pin=0"/></net>

<net id="2312"><net_src comp="2308" pin="1"/><net_sink comp="1332" pin=0"/></net>

<net id="2313"><net_src comp="2308" pin="1"/><net_sink comp="1415" pin=1"/></net>

<net id="2314"><net_src comp="2308" pin="1"/><net_sink comp="1502" pin=1"/></net>

<net id="2315"><net_src comp="2308" pin="1"/><net_sink comp="1548" pin=1"/></net>

<net id="2316"><net_src comp="2308" pin="1"/><net_sink comp="1583" pin=1"/></net>

<net id="2320"><net_src comp="849" pin="2"/><net_sink comp="2317" pin=0"/></net>

<net id="2321"><net_src comp="2317" pin="1"/><net_sink comp="1264" pin=0"/></net>

<net id="2325"><net_src comp="855" pin="1"/><net_sink comp="2322" pin=0"/></net>

<net id="2326"><net_src comp="2322" pin="1"/><net_sink comp="1339" pin=0"/></net>

<net id="2327"><net_src comp="2322" pin="1"/><net_sink comp="1449" pin=1"/></net>

<net id="2328"><net_src comp="2322" pin="1"/><net_sink comp="1509" pin=1"/></net>

<net id="2329"><net_src comp="2322" pin="1"/><net_sink comp="1555" pin=1"/></net>

<net id="2330"><net_src comp="2322" pin="1"/><net_sink comp="1590" pin=1"/></net>

<net id="2334"><net_src comp="858" pin="1"/><net_sink comp="2331" pin=0"/></net>

<net id="2335"><net_src comp="2331" pin="1"/><net_sink comp="1364" pin=0"/></net>

<net id="2336"><net_src comp="2331" pin="1"/><net_sink comp="1385" pin=0"/></net>

<net id="2337"><net_src comp="2331" pin="1"/><net_sink comp="1391" pin=0"/></net>

<net id="2338"><net_src comp="2331" pin="1"/><net_sink comp="1397" pin=0"/></net>

<net id="2339"><net_src comp="2331" pin="1"/><net_sink comp="1403" pin=0"/></net>

<net id="2343"><net_src comp="1214" pin="3"/><net_sink comp="2340" pin=0"/></net>

<net id="2344"><net_src comp="2340" pin="1"/><net_sink comp="1541" pin=0"/></net>

<net id="2348"><net_src comp="1219" pin="3"/><net_sink comp="2345" pin=0"/></net>

<net id="2349"><net_src comp="2345" pin="1"/><net_sink comp="1548" pin=0"/></net>

<net id="2353"><net_src comp="1224" pin="3"/><net_sink comp="2350" pin=0"/></net>

<net id="2354"><net_src comp="2350" pin="1"/><net_sink comp="1555" pin=0"/></net>

<net id="2358"><net_src comp="1229" pin="3"/><net_sink comp="2355" pin=0"/></net>

<net id="2359"><net_src comp="2355" pin="1"/><net_sink comp="1562" pin=0"/></net>

<net id="2363"><net_src comp="1234" pin="3"/><net_sink comp="2360" pin=0"/></net>

<net id="2364"><net_src comp="2360" pin="1"/><net_sink comp="1569" pin=0"/></net>

<net id="2368"><net_src comp="1241" pin="3"/><net_sink comp="2365" pin=0"/></net>

<net id="2369"><net_src comp="2365" pin="1"/><net_sink comp="1576" pin=0"/></net>

<net id="2373"><net_src comp="861" pin="2"/><net_sink comp="2370" pin=0"/></net>

<net id="2374"><net_src comp="2370" pin="1"/><net_sink comp="1282" pin=0"/></net>

<net id="2378"><net_src comp="1248" pin="3"/><net_sink comp="2375" pin=0"/></net>

<net id="2379"><net_src comp="2375" pin="1"/><net_sink comp="900" pin=1"/></net>

<net id="2383"><net_src comp="1256" pin="3"/><net_sink comp="2380" pin=0"/></net>

<net id="2384"><net_src comp="2380" pin="1"/><net_sink comp="905" pin=1"/></net>

<net id="2388"><net_src comp="1264" pin="3"/><net_sink comp="2385" pin=0"/></net>

<net id="2389"><net_src comp="2385" pin="1"/><net_sink comp="933" pin=1"/></net>

<net id="2393"><net_src comp="865" pin="1"/><net_sink comp="2390" pin=0"/></net>

<net id="2394"><net_src comp="2390" pin="1"/><net_sink comp="914" pin=1"/></net>

<net id="2395"><net_src comp="2390" pin="1"/><net_sink comp="951" pin=1"/></net>

<net id="2396"><net_src comp="2390" pin="1"/><net_sink comp="993" pin=1"/></net>

<net id="2397"><net_src comp="2390" pin="1"/><net_sink comp="1046" pin=1"/></net>

<net id="2401"><net_src comp="868" pin="2"/><net_sink comp="2398" pin=0"/></net>

<net id="2402"><net_src comp="2398" pin="1"/><net_sink comp="1304" pin=0"/></net>

<net id="2406"><net_src comp="873" pin="1"/><net_sink comp="2403" pin=0"/></net>

<net id="2407"><net_src comp="2403" pin="1"/><net_sink comp="918" pin=1"/></net>

<net id="2408"><net_src comp="2403" pin="1"/><net_sink comp="955" pin=1"/></net>

<net id="2409"><net_src comp="2403" pin="1"/><net_sink comp="1011" pin=1"/></net>

<net id="2410"><net_src comp="2403" pin="1"/><net_sink comp="1050" pin=1"/></net>

<net id="2414"><net_src comp="876" pin="1"/><net_sink comp="2411" pin=0"/></net>

<net id="2415"><net_src comp="2411" pin="1"/><net_sink comp="1371" pin=0"/></net>

<net id="2416"><net_src comp="2411" pin="1"/><net_sink comp="1455" pin=1"/></net>

<net id="2417"><net_src comp="2411" pin="1"/><net_sink comp="1528" pin=1"/></net>

<net id="2418"><net_src comp="2411" pin="1"/><net_sink comp="1562" pin=1"/></net>

<net id="2419"><net_src comp="2411" pin="1"/><net_sink comp="1597" pin=1"/></net>

<net id="2423"><net_src comp="879" pin="2"/><net_sink comp="2420" pin=0"/></net>

<net id="2424"><net_src comp="2420" pin="1"/><net_sink comp="1311" pin=0"/></net>

<net id="2428"><net_src comp="884" pin="1"/><net_sink comp="2425" pin=0"/></net>

<net id="2429"><net_src comp="2425" pin="1"/><net_sink comp="910" pin=0"/></net>

<net id="2430"><net_src comp="2425" pin="1"/><net_sink comp="914" pin=0"/></net>

<net id="2431"><net_src comp="2425" pin="1"/><net_sink comp="918" pin=0"/></net>

<net id="2435"><net_src comp="887" pin="1"/><net_sink comp="2432" pin=0"/></net>

<net id="2436"><net_src comp="2432" pin="1"/><net_sink comp="1378" pin=0"/></net>

<net id="2437"><net_src comp="2432" pin="1"/><net_sink comp="1409" pin=0"/></net>

<net id="2438"><net_src comp="2432" pin="1"/><net_sink comp="1415" pin=0"/></net>

<net id="2439"><net_src comp="2432" pin="1"/><net_sink comp="1449" pin=0"/></net>

<net id="2440"><net_src comp="2432" pin="1"/><net_sink comp="1455" pin=0"/></net>

<net id="2444"><net_src comp="890" pin="2"/><net_sink comp="2441" pin=0"/></net>

<net id="2445"><net_src comp="2441" pin="1"/><net_sink comp="1318" pin=0"/></net>

<net id="2449"><net_src comp="895" pin="2"/><net_sink comp="2446" pin=0"/></net>

<net id="2450"><net_src comp="2446" pin="1"/><net_sink comp="1325" pin=0"/></net>

<net id="2454"><net_src comp="1272" pin="3"/><net_sink comp="2451" pin=0"/></net>

<net id="2455"><net_src comp="2451" pin="1"/><net_sink comp="1583" pin=0"/></net>

<net id="2459"><net_src comp="1277" pin="3"/><net_sink comp="2456" pin=0"/></net>

<net id="2460"><net_src comp="2456" pin="1"/><net_sink comp="1590" pin=0"/></net>

<net id="2464"><net_src comp="1282" pin="3"/><net_sink comp="2461" pin=0"/></net>

<net id="2465"><net_src comp="2461" pin="1"/><net_sink comp="1597" pin=0"/></net>

<net id="2469"><net_src comp="1304" pin="3"/><net_sink comp="2466" pin=0"/></net>

<net id="2470"><net_src comp="2466" pin="1"/><net_sink comp="938" pin=1"/></net>

<net id="2474"><net_src comp="1311" pin="3"/><net_sink comp="2471" pin=0"/></net>

<net id="2475"><net_src comp="2471" pin="1"/><net_sink comp="962" pin=1"/></net>

<net id="2479"><net_src comp="1318" pin="3"/><net_sink comp="2476" pin=0"/></net>

<net id="2480"><net_src comp="2476" pin="1"/><net_sink comp="967" pin=1"/></net>

<net id="2484"><net_src comp="1325" pin="3"/><net_sink comp="2481" pin=0"/></net>

<net id="2485"><net_src comp="2481" pin="1"/><net_sink comp="998" pin=1"/></net>

<net id="2489"><net_src comp="910" pin="2"/><net_sink comp="2486" pin=0"/></net>

<net id="2490"><net_src comp="2486" pin="1"/><net_sink comp="1346" pin=0"/></net>

<net id="2494"><net_src comp="914" pin="2"/><net_sink comp="2491" pin=0"/></net>

<net id="2495"><net_src comp="2491" pin="1"/><net_sink comp="1352" pin=0"/></net>

<net id="2499"><net_src comp="918" pin="2"/><net_sink comp="2496" pin=0"/></net>

<net id="2500"><net_src comp="2496" pin="1"/><net_sink comp="1358" pin=0"/></net>

<net id="2504"><net_src comp="922" pin="1"/><net_sink comp="2501" pin=0"/></net>

<net id="2505"><net_src comp="2501" pin="1"/><net_sink comp="943" pin=0"/></net>

<net id="2506"><net_src comp="2501" pin="1"/><net_sink comp="947" pin=0"/></net>

<net id="2507"><net_src comp="2501" pin="1"/><net_sink comp="951" pin=0"/></net>

<net id="2508"><net_src comp="2501" pin="1"/><net_sink comp="955" pin=0"/></net>

<net id="2512"><net_src comp="925" pin="2"/><net_sink comp="2509" pin=0"/></net>

<net id="2513"><net_src comp="2509" pin="1"/><net_sink comp="1364" pin=0"/></net>

<net id="2517"><net_src comp="930" pin="1"/><net_sink comp="2514" pin=0"/></net>

<net id="2518"><net_src comp="2514" pin="1"/><net_sink comp="1421" pin=0"/></net>

<net id="2519"><net_src comp="2514" pin="1"/><net_sink comp="1428" pin=0"/></net>

<net id="2520"><net_src comp="2514" pin="1"/><net_sink comp="1435" pin=0"/></net>

<net id="2521"><net_src comp="2514" pin="1"/><net_sink comp="1442" pin=0"/></net>

<net id="2522"><net_src comp="2514" pin="1"/><net_sink comp="1461" pin=0"/></net>

<net id="2526"><net_src comp="1346" pin="3"/><net_sink comp="2523" pin=0"/></net>

<net id="2527"><net_src comp="2523" pin="1"/><net_sink comp="1003" pin=1"/></net>

<net id="2531"><net_src comp="1352" pin="3"/><net_sink comp="2528" pin=0"/></net>

<net id="2532"><net_src comp="2528" pin="1"/><net_sink comp="1033" pin=1"/></net>

<net id="2536"><net_src comp="1358" pin="3"/><net_sink comp="2533" pin=0"/></net>

<net id="2537"><net_src comp="2533" pin="1"/><net_sink comp="1038" pin=1"/></net>

<net id="2541"><net_src comp="1364" pin="3"/><net_sink comp="2538" pin=0"/></net>

<net id="2542"><net_src comp="2538" pin="1"/><net_sink comp="1054" pin=1"/></net>

<net id="2546"><net_src comp="943" pin="2"/><net_sink comp="2543" pin=0"/></net>

<net id="2547"><net_src comp="2543" pin="1"/><net_sink comp="1385" pin=0"/></net>

<net id="2551"><net_src comp="947" pin="2"/><net_sink comp="2548" pin=0"/></net>

<net id="2552"><net_src comp="2548" pin="1"/><net_sink comp="1391" pin=0"/></net>

<net id="2556"><net_src comp="951" pin="2"/><net_sink comp="2553" pin=0"/></net>

<net id="2557"><net_src comp="2553" pin="1"/><net_sink comp="1397" pin=0"/></net>

<net id="2561"><net_src comp="955" pin="2"/><net_sink comp="2558" pin=0"/></net>

<net id="2562"><net_src comp="2558" pin="1"/><net_sink comp="1403" pin=0"/></net>

<net id="2566"><net_src comp="959" pin="1"/><net_sink comp="2563" pin=0"/></net>

<net id="2567"><net_src comp="2563" pin="1"/><net_sink comp="1467" pin=0"/></net>

<net id="2568"><net_src comp="2563" pin="1"/><net_sink comp="1474" pin=0"/></net>

<net id="2569"><net_src comp="2563" pin="1"/><net_sink comp="1481" pin=0"/></net>

<net id="2570"><net_src comp="2563" pin="1"/><net_sink comp="1516" pin=0"/></net>

<net id="2571"><net_src comp="2563" pin="1"/><net_sink comp="1522" pin=0"/></net>

<net id="2575"><net_src comp="972" pin="1"/><net_sink comp="2572" pin=0"/></net>

<net id="2576"><net_src comp="2572" pin="1"/><net_sink comp="1488" pin=0"/></net>

<net id="2577"><net_src comp="2572" pin="1"/><net_sink comp="1495" pin=0"/></net>

<net id="2578"><net_src comp="2572" pin="1"/><net_sink comp="1502" pin=0"/></net>

<net id="2579"><net_src comp="2572" pin="1"/><net_sink comp="1509" pin=0"/></net>

<net id="2580"><net_src comp="2572" pin="1"/><net_sink comp="1528" pin=0"/></net>

<net id="2584"><net_src comp="1385" pin="3"/><net_sink comp="2581" pin=0"/></net>

<net id="2585"><net_src comp="2581" pin="1"/><net_sink comp="1059" pin=1"/></net>

<net id="2589"><net_src comp="1391" pin="3"/><net_sink comp="2586" pin=0"/></net>

<net id="2590"><net_src comp="2586" pin="1"/><net_sink comp="1064" pin=1"/></net>

<net id="2594"><net_src comp="1397" pin="3"/><net_sink comp="2591" pin=0"/></net>

<net id="2595"><net_src comp="2591" pin="1"/><net_sink comp="1068" pin=1"/></net>

<net id="2599"><net_src comp="1403" pin="3"/><net_sink comp="2596" pin=0"/></net>

<net id="2600"><net_src comp="2596" pin="1"/><net_sink comp="1072" pin=1"/></net>

<net id="2604"><net_src comp="975" pin="1"/><net_sink comp="2601" pin=0"/></net>

<net id="2605"><net_src comp="2601" pin="1"/><net_sink comp="1011" pin=0"/></net>

<net id="2609"><net_src comp="978" pin="2"/><net_sink comp="2606" pin=0"/></net>

<net id="2610"><net_src comp="2606" pin="1"/><net_sink comp="1421" pin=0"/></net>

<net id="2614"><net_src comp="983" pin="2"/><net_sink comp="2611" pin=0"/></net>

<net id="2615"><net_src comp="2611" pin="1"/><net_sink comp="1428" pin=0"/></net>

<net id="2619"><net_src comp="988" pin="2"/><net_sink comp="2616" pin=0"/></net>

<net id="2620"><net_src comp="2616" pin="1"/><net_sink comp="1435" pin=0"/></net>

<net id="2624"><net_src comp="993" pin="2"/><net_sink comp="2621" pin=0"/></net>

<net id="2625"><net_src comp="2621" pin="1"/><net_sink comp="1442" pin=0"/></net>

<net id="2629"><net_src comp="1008" pin="1"/><net_sink comp="2626" pin=0"/></net>

<net id="2630"><net_src comp="2626" pin="1"/><net_sink comp="1534" pin=0"/></net>

<net id="2631"><net_src comp="2626" pin="1"/><net_sink comp="1541" pin=0"/></net>

<net id="2632"><net_src comp="2626" pin="1"/><net_sink comp="1548" pin=0"/></net>

<net id="2633"><net_src comp="2626" pin="1"/><net_sink comp="1555" pin=0"/></net>

<net id="2634"><net_src comp="2626" pin="1"/><net_sink comp="1562" pin=0"/></net>

<net id="2638"><net_src comp="1421" pin="3"/><net_sink comp="2635" pin=0"/></net>

<net id="2639"><net_src comp="2635" pin="1"/><net_sink comp="1076" pin=1"/></net>

<net id="2643"><net_src comp="1428" pin="3"/><net_sink comp="2640" pin=0"/></net>

<net id="2644"><net_src comp="2640" pin="1"/><net_sink comp="1080" pin=1"/></net>

<net id="2648"><net_src comp="1435" pin="3"/><net_sink comp="2645" pin=0"/></net>

<net id="2649"><net_src comp="2645" pin="1"/><net_sink comp="1084" pin=1"/></net>

<net id="2653"><net_src comp="1442" pin="3"/><net_sink comp="2650" pin=0"/></net>

<net id="2654"><net_src comp="2650" pin="1"/><net_sink comp="1088" pin=1"/></net>

<net id="2658"><net_src comp="1011" pin="2"/><net_sink comp="2655" pin=0"/></net>

<net id="2659"><net_src comp="2655" pin="1"/><net_sink comp="1461" pin=0"/></net>

<net id="2663"><net_src comp="1015" pin="1"/><net_sink comp="2660" pin=0"/></net>

<net id="2664"><net_src comp="2660" pin="1"/><net_sink comp="1046" pin=0"/></net>

<net id="2665"><net_src comp="2660" pin="1"/><net_sink comp="1050" pin=0"/></net>

<net id="2669"><net_src comp="1018" pin="2"/><net_sink comp="2666" pin=0"/></net>

<net id="2670"><net_src comp="2666" pin="1"/><net_sink comp="1467" pin=0"/></net>

<net id="2674"><net_src comp="1023" pin="2"/><net_sink comp="2671" pin=0"/></net>

<net id="2675"><net_src comp="2671" pin="1"/><net_sink comp="1474" pin=0"/></net>

<net id="2679"><net_src comp="1028" pin="2"/><net_sink comp="2676" pin=0"/></net>

<net id="2680"><net_src comp="2676" pin="1"/><net_sink comp="1481" pin=0"/></net>

<net id="2684"><net_src comp="1461" pin="3"/><net_sink comp="2681" pin=0"/></net>

<net id="2685"><net_src comp="2681" pin="1"/><net_sink comp="1092" pin=1"/></net>

<net id="2689"><net_src comp="1043" pin="1"/><net_sink comp="2686" pin=0"/></net>

<net id="2690"><net_src comp="2686" pin="1"/><net_sink comp="1569" pin=0"/></net>

<net id="2691"><net_src comp="2686" pin="1"/><net_sink comp="1576" pin=0"/></net>

<net id="2692"><net_src comp="2686" pin="1"/><net_sink comp="1583" pin=0"/></net>

<net id="2693"><net_src comp="2686" pin="1"/><net_sink comp="1590" pin=0"/></net>

<net id="2694"><net_src comp="2686" pin="1"/><net_sink comp="1597" pin=0"/></net>

<net id="2698"><net_src comp="1467" pin="3"/><net_sink comp="2695" pin=0"/></net>

<net id="2699"><net_src comp="2695" pin="1"/><net_sink comp="1096" pin=1"/></net>

<net id="2703"><net_src comp="1474" pin="3"/><net_sink comp="2700" pin=0"/></net>

<net id="2704"><net_src comp="2700" pin="1"/><net_sink comp="1100" pin=1"/></net>

<net id="2708"><net_src comp="1481" pin="3"/><net_sink comp="2705" pin=0"/></net>

<net id="2709"><net_src comp="2705" pin="1"/><net_sink comp="1104" pin=1"/></net>

<net id="2713"><net_src comp="1046" pin="2"/><net_sink comp="2710" pin=0"/></net>

<net id="2714"><net_src comp="2710" pin="1"/><net_sink comp="1516" pin=0"/></net>

<net id="2718"><net_src comp="1050" pin="2"/><net_sink comp="2715" pin=0"/></net>

<net id="2719"><net_src comp="2715" pin="1"/><net_sink comp="1522" pin=0"/></net>

<net id="2723"><net_src comp="1064" pin="2"/><net_sink comp="2720" pin=0"/></net>

<net id="2724"><net_src comp="2720" pin="1"/><net_sink comp="208" pin=4"/></net>

<net id="2728"><net_src comp="1068" pin="2"/><net_sink comp="2725" pin=0"/></net>

<net id="2729"><net_src comp="2725" pin="1"/><net_sink comp="208" pin=1"/></net>

<net id="2733"><net_src comp="1516" pin="3"/><net_sink comp="2730" pin=0"/></net>

<net id="2734"><net_src comp="2730" pin="1"/><net_sink comp="1108" pin=1"/></net>

<net id="2738"><net_src comp="1522" pin="3"/><net_sink comp="2735" pin=0"/></net>

<net id="2739"><net_src comp="2735" pin="1"/><net_sink comp="1112" pin=1"/></net>

<net id="2743"><net_src comp="1072" pin="2"/><net_sink comp="2740" pin=0"/></net>

<net id="2744"><net_src comp="2740" pin="1"/><net_sink comp="208" pin=4"/></net>

<net id="2748"><net_src comp="1076" pin="2"/><net_sink comp="2745" pin=0"/></net>

<net id="2749"><net_src comp="2745" pin="1"/><net_sink comp="208" pin=1"/></net>

<net id="2753"><net_src comp="1080" pin="2"/><net_sink comp="2750" pin=0"/></net>

<net id="2754"><net_src comp="2750" pin="1"/><net_sink comp="208" pin=4"/></net>

<net id="2758"><net_src comp="1084" pin="2"/><net_sink comp="2755" pin=0"/></net>

<net id="2759"><net_src comp="2755" pin="1"/><net_sink comp="208" pin=1"/></net>

<net id="2763"><net_src comp="1088" pin="2"/><net_sink comp="2760" pin=0"/></net>

<net id="2764"><net_src comp="2760" pin="1"/><net_sink comp="208" pin=4"/></net>

<net id="2768"><net_src comp="1092" pin="2"/><net_sink comp="2765" pin=0"/></net>

<net id="2769"><net_src comp="2765" pin="1"/><net_sink comp="208" pin=1"/></net>

<net id="2773"><net_src comp="1096" pin="2"/><net_sink comp="2770" pin=0"/></net>

<net id="2774"><net_src comp="2770" pin="1"/><net_sink comp="208" pin=4"/></net>

<net id="2778"><net_src comp="1100" pin="2"/><net_sink comp="2775" pin=0"/></net>

<net id="2779"><net_src comp="2775" pin="1"/><net_sink comp="208" pin=1"/></net>

<net id="2783"><net_src comp="1104" pin="2"/><net_sink comp="2780" pin=0"/></net>

<net id="2784"><net_src comp="2780" pin="1"/><net_sink comp="208" pin=4"/></net>

<net id="2788"><net_src comp="1108" pin="2"/><net_sink comp="2785" pin=0"/></net>

<net id="2789"><net_src comp="2785" pin="1"/><net_sink comp="208" pin=1"/></net>

<net id="2793"><net_src comp="1112" pin="2"/><net_sink comp="2790" pin=0"/></net>

<net id="2794"><net_src comp="2790" pin="1"/><net_sink comp="208" pin=1"/></net>

</net_list>

</model> 
---------------- Datapath Model END ------------------

* FSMD analyzer results:
  - Output states:
	Port: prod | {10 11 12 13 14 15 16 17 18 19 20 21 22 }
 - Input state : 
	Port: matrix_mult : a | {1 2 3 4 }
	Port: matrix_mult : b | {1 2 3 4 }
  - Chain level:
	State 1
		a_load : 1
		b_load : 1
		b_load_1 : 1
		a_load_1 : 1
	State 2
		trunc_ln25 : 1
		trunc_ln25_1 : 1
		tmp : 1
		tmp_1 : 1
		tmp_2 : 1
		tmp_3 : 1
		tmp_4 : 1
		zext_ln25_6 : 2
		tmp_5 : 1
		zext_ln25_7 : 2
		tmp_6 : 1
		zext_ln25_8 : 2
		tmp_7 : 1
		zext_ln25_9 : 2
		mul_ln25_2 : 3
		mul_ln25_3 : 3
		trunc_ln25_2 : 1
		tmp_8 : 1
		tmp_9 : 1
		tmp_s : 1
		zext_ln25_13 : 2
		tmp_10 : 1
		zext_ln25_14 : 2
		mul_ln25_7 : 3
		mul_ln25_8 : 3
		b_load_2 : 1
		b_load_3 : 1
		trunc_ln25_6 : 1
		tmp_23 : 1
		tmp_24 : 1
		tmp_25 : 1
		zext_ln25_33 : 2
		tmp_26 : 1
		zext_ln25_34 : 2
		mul_ln25_27 : 3
		mul_ln25_28 : 3
		mul_ln25_32 : 3
		mul_ln25_33 : 3
		a_load_2 : 1
		a_load_3 : 1
	State 3
		trunc_ln25_3 : 1
		tmp_11 : 1
		tmp_12 : 1
		tmp_13 : 1
		zext_ln25_18 : 2
		tmp_14 : 1
		zext_ln25_19 : 2
		mul_ln25_12 : 3
		mul_ln25_13 : 3
		trunc_ln25_4 : 1
		tmp_15 : 1
		tmp_16 : 1
		tmp_17 : 1
		zext_ln25_23 : 2
		tmp_18 : 1
		zext_ln25_24 : 2
		mul_ln25_17 : 3
		mul_ln25_18 : 3
		b_load_4 : 1
		mul_ln25_37 : 3
		mul_ln25_38 : 3
		mul_ln25_42 : 3
		mul_ln25_43 : 3
		trunc_ln25_7 : 1
		tmp_27 : 1
		tmp_28 : 1
		tmp_29 : 1
		tmp_30 : 1
		zext_ln25_39 : 2
		mul_ln25_52 : 3
		mul_ln25_57 : 3
		trunc_ln25_8 : 1
		tmp_31 : 1
		tmp_32 : 1
		tmp_33 : 1
		tmp_34 : 1
		a_load_4 : 1
	State 4
		add_ln25_1 : 1
		add_ln25_5 : 1
		trunc_ln25_5 : 1
		tmp_19 : 1
		tmp_20 : 1
		tmp_21 : 1
		zext_ln25_28 : 2
		tmp_22 : 1
		zext_ln25_29 : 2
		mul_ln25_22 : 3
		mul_ln25_23 : 3
		add_ln25_21 : 1
		add_ln25_25 : 1
		mul_ln25_47 : 3
		mul_ln25_48 : 3
		mul_ln25_53 : 1
		mul_ln25_58 : 1
		mul_ln25_72 : 3
		mul_ln25_77 : 1
		trunc_ln25_9 : 1
		tmp_35 : 1
		tmp_36 : 1
		tmp_37 : 1
		tmp_38 : 1
	State 5
		add_ln25_9 : 1
		add_ln25_13 : 1
		add_ln25_29 : 1
		add_ln25_33 : 1
		add_ln25_41 : 1
		add_ln25_45 : 1
		mul_ln25_78 : 1
		mul_ln25_102 : 1
		mul_ln25_107 : 1
	State 6
		mul_ln25 : 1
		mul_ln25_5 : 1
		mul_ln25_10 : 1
		add_ln25_17 : 1
		add_ln25_37 : 1
		add_ln25_49 : 1
		add_ln25_53 : 1
		add_ln25_57 : 1
		add_ln25_61 : 1
	State 7
		mul_ln25_4 : 1
		mul_ln25_9 : 1
		mul_ln25_15 : 1
		mul_ln25_20 : 1
		mul_ln25_25 : 1
		mul_ln25_30 : 1
		add_ln25_65 : 1
		add_ln25_69 : 1
		add_ln25_73 : 1
		add_ln25_77 : 1
		mul_ln25_103 : 1
		add_ln25_81 : 2
		mul_ln25_108 : 1
		add_ln25_85 : 2
		mul_ln25_113 : 1
		mul_ln25_118 : 1
	State 8
		mul_ln25_1 : 1
		add_ln25 : 2
		mul_ln25_6 : 1
		add_ln25_4 : 2
		mul_ln25_11 : 1
		mul_ln25_14 : 1
		add_ln25_8 : 2
		mul_ln25_19 : 1
		mul_ln25_50 : 1
		add_ln25_89 : 1
		add_ln25_93 : 1
		add_ln25_97 : 1
	State 9
		add_ln25_2 : 1
		add_ln25_6 : 1
		mul_ln25_16 : 1
		add_ln25_12 : 2
		mul_ln25_21 : 1
		mul_ln25_24 : 1
		add_ln25_16 : 2
		mul_ln25_26 : 1
		mul_ln25_29 : 1
		add_ln25_20 : 2
		mul_ln25_31 : 1
		add_ln25_24 : 2
	State 10
		add_ln25_3 : 1
		store_ln25 : 2
		add_ln25_7 : 1
		store_ln25 : 2
		add_ln25_10 : 1
		add_ln25_14 : 1
		add_ln25_28 : 1
		add_ln25_32 : 1
		add_ln25_36 : 1
		mul_ln25_51 : 1
		add_ln25_40 : 2
		mul_ln25_75 : 1
		mul_ln25_80 : 1
		mul_ln25_85 : 1
		mul_ln25_90 : 1
	State 11
		add_ln25_11 : 1
		store_ln25 : 2
		add_ln25_15 : 1
		store_ln25 : 2
		add_ln25_18 : 1
		add_ln25_22 : 1
		add_ln25_44 : 1
		add_ln25_48 : 1
		add_ln25_52 : 1
		add_ln25_56 : 1
		mul_ln25_100 : 1
		mul_ln25_105 : 1
		mul_ln25_110 : 1
	State 12
		add_ln25_19 : 1
		store_ln25 : 2
		add_ln25_23 : 1
		store_ln25 : 2
		add_ln25_26 : 1
		add_ln25_30 : 1
		mul_ln25_54 : 1
		mul_ln25_59 : 1
		mul_ln25_64 : 1
		mul_ln25_69 : 1
		mul_ln25_76 : 1
		add_ln25_60 : 2
		mul_ln25_81 : 1
		add_ln25_64 : 2
		mul_ln25_86 : 1
		add_ln25_68 : 2
		mul_ln25_91 : 1
		add_ln25_72 : 2
	State 13
		add_ln25_27 : 1
		store_ln25 : 2
		add_ln25_31 : 1
		store_ln25 : 2
		add_ln25_34 : 1
		add_ln25_38 : 1
		mul_ln25_79 : 1
		mul_ln25_84 : 1
		mul_ln25_89 : 1
		mul_ln25_94 : 1
		mul_ln25_99 : 1
		add_ln25_76 : 1
		mul_ln25_101 : 1
		add_ln25_80 : 2
		mul_ln25_106 : 1
		add_ln25_84 : 2
		mul_ln25_111 : 1
		add_ln25_88 : 2
	State 14
		add_ln25_35 : 1
		store_ln25 : 2
		add_ln25_39 : 1
		store_ln25 : 2
		add_ln25_42 : 1
		add_ln25_46 : 1
		add_ln25_50 : 1
		add_ln25_54 : 1
		mul_ln25_104 : 1
		mul_ln25_109 : 1
		mul_ln25_114 : 1
		mul_ln25_119 : 1
		add_ln25_92 : 1
		mul_ln25_124 : 1
		add_ln25_96 : 1
	State 15
		add_ln25_43 : 1
		store_ln25 : 2
		add_ln25_47 : 1
		store_ln25 : 2
		add_ln25_51 : 1
		add_ln25_55 : 1
		add_ln25_58 : 1
		add_ln25_62 : 1
		add_ln25_66 : 1
		add_ln25_70 : 1
		add_ln25_74 : 1
		add_ln25_78 : 1
	State 16
		store_ln25 : 1
		store_ln25 : 1
		add_ln25_59 : 1
		add_ln25_63 : 1
		add_ln25_67 : 1
		add_ln25_71 : 1
		add_ln25_75 : 1
		add_ln25_79 : 1
		add_ln25_82 : 1
		add_ln25_86 : 1
		add_ln25_90 : 1
		add_ln25_94 : 1
		add_ln25_98 : 1
	State 17
		store_ln25 : 1
		store_ln25 : 1
		add_ln25_83 : 1
		add_ln25_87 : 1
		add_ln25_91 : 1
		add_ln25_95 : 1
		add_ln25_99 : 1
	State 18
		store_ln25 : 1
		store_ln25 : 1
	State 19
		store_ln25 : 1
		store_ln25 : 1
	State 20
		store_ln25 : 1
		store_ln25 : 1
	State 21
		store_ln25 : 1
		store_ln25 : 1
	State 22
		store_ln25 : 1


============================================================
+ Verbose Summary: Datapath Resource usage 
============================================================

* Functional unit list:
|----------|----------------------|---------|---------|---------|
| Operation|    Functional Unit   |   DSP   |    FF   |   LUT   |
|----------|----------------------|---------|---------|---------|
|          |   mul_ln25_3_fu_582  |    0    |    0    |    41   |
|          |   mul_ln25_8_fu_600  |    0    |    0    |    41   |
|          |  mul_ln25_28_fu_618  |    0    |    0    |    41   |
|          |  mul_ln25_33_fu_624  |    0    |    0    |    41   |
|          |  mul_ln25_13_fu_642  |    0    |    0    |    41   |
|          |  mul_ln25_18_fu_659  |    0    |    0    |    41   |
|          |  mul_ln25_38_fu_664  |    0    |    0    |    41   |
|          |  mul_ln25_43_fu_669  |    0    |    0    |    41   |
|          |  mul_ln25_23_fu_698  |    0    |    0    |    41   |
|          |  mul_ln25_48_fu_703  |    0    |    0    |    41   |
|          |  mul_ln25_53_fu_711  |    0    |    0    |    41   |
|          |  mul_ln25_58_fu_716  |    0    |    0    |    41   |
|          |  mul_ln25_63_fu_729  |    0    |    0    |    41   |
|          |  mul_ln25_68_fu_733  |    0    |    0    |    41   |
|          |  mul_ln25_73_fu_737  |    0    |    0    |    41   |
|          |  mul_ln25_78_fu_744  |    0    |    0    |    41   |
|          |  mul_ln25_83_fu_765  |    0    |    0    |    41   |
|          |  mul_ln25_88_fu_769  |    0    |    0    |    41   |
|          |  mul_ln25_93_fu_773  |    0    |    0    |    41   |
|          |  mul_ln25_98_fu_777  |    0    |    0    |    41   |
|          |  mul_ln25_103_fu_802 |    0    |    0    |    41   |
|          |  mul_ln25_108_fu_807 |    0    |    0    |    41   |
|          |  mul_ln25_113_fu_812 |    0    |    0    |    41   |
|          |  mul_ln25_118_fu_817 |    0    |    0    |    41   |
|    mul   |   mul_ln25_1_fu_828  |    0    |    0    |    41   |
|          |   mul_ln25_6_fu_837  |    0    |    0    |    41   |
|          |  mul_ln25_11_fu_849  |    0    |    0    |    41   |
|          |  mul_ln25_123_fu_861 |    0    |    0    |    41   |
|          |  mul_ln25_16_fu_868  |    0    |    0    |    41   |
|          |  mul_ln25_21_fu_879  |    0    |    0    |    41   |
|          |  mul_ln25_26_fu_890  |    0    |    0    |    41   |
|          |  mul_ln25_31_fu_895  |    0    |    0    |    41   |
|          |  mul_ln25_36_fu_910  |    0    |    0    |    41   |
|          |  mul_ln25_41_fu_914  |    0    |    0    |    41   |
|          |  mul_ln25_46_fu_918  |    0    |    0    |    41   |
|          |  mul_ln25_51_fu_925  |    0    |    0    |    41   |
|          |  mul_ln25_56_fu_943  |    0    |    0    |    41   |
|          |  mul_ln25_61_fu_947  |    0    |    0    |    41   |
|          |  mul_ln25_66_fu_951  |    0    |    0    |    41   |
|          |  mul_ln25_71_fu_955  |    0    |    0    |    41   |
|          |  mul_ln25_76_fu_978  |    0    |    0    |    41   |
|          |  mul_ln25_81_fu_983  |    0    |    0    |    41   |
|          |  mul_ln25_86_fu_988  |    0    |    0    |    41   |
|          |  mul_ln25_91_fu_993  |    0    |    0    |    41   |
|          |  mul_ln25_96_fu_1011 |    0    |    0    |    41   |
|          | mul_ln25_101_fu_1018 |    0    |    0    |    41   |
|          | mul_ln25_106_fu_1023 |    0    |    0    |    41   |
|          | mul_ln25_111_fu_1028 |    0    |    0    |    41   |
|          | mul_ln25_116_fu_1046 |    0    |    0    |    41   |
|          | mul_ln25_121_fu_1050 |    0    |    0    |    41   |
|----------|----------------------|---------|---------|---------|
|          |   add_ln25_3_fu_900  |    0    |    0    |    23   |
|          |   add_ln25_7_fu_905  |    0    |    0    |    23   |
|          |  add_ln25_11_fu_933  |    0    |    0    |    23   |
|          |  add_ln25_15_fu_938  |    0    |    0    |    23   |
|          |  add_ln25_19_fu_962  |    0    |    0    |    23   |
|          |  add_ln25_23_fu_967  |    0    |    0    |    23   |
|          |  add_ln25_27_fu_998  |    0    |    0    |    23   |
|          |  add_ln25_31_fu_1003 |    0    |    0    |    23   |
|          |  add_ln25_35_fu_1033 |    0    |    0    |    23   |
|          |  add_ln25_39_fu_1038 |    0    |    0    |    23   |
|          |  add_ln25_43_fu_1054 |    0    |    0    |    23   |
|          |  add_ln25_47_fu_1059 |    0    |    0    |    23   |
|    add   |  add_ln25_51_fu_1064 |    0    |    0    |    23   |
|          |  add_ln25_55_fu_1068 |    0    |    0    |    23   |
|          |  add_ln25_59_fu_1072 |    0    |    0    |    23   |
|          |  add_ln25_63_fu_1076 |    0    |    0    |    23   |
|          |  add_ln25_67_fu_1080 |    0    |    0    |    23   |
|          |  add_ln25_71_fu_1084 |    0    |    0    |    23   |
|          |  add_ln25_75_fu_1088 |    0    |    0    |    23   |
|          |  add_ln25_79_fu_1092 |    0    |    0    |    23   |
|          |  add_ln25_83_fu_1096 |    0    |    0    |    23   |
|          |  add_ln25_87_fu_1100 |    0    |    0    |    23   |
|          |  add_ln25_91_fu_1104 |    0    |    0    |    23   |
|          |  add_ln25_95_fu_1108 |    0    |    0    |    23   |
|          |  add_ln25_99_fu_1112 |    0    |    0    |    23   |
|----------|----------------------|---------|---------|---------|
|          |      grp_fu_1116     |    1    |    0    |    0    |
|          |      grp_fu_1123     |    1    |    0    |    0    |
|          |      grp_fu_1130     |    1    |    0    |    0    |
|          |      grp_fu_1137     |    1    |    0    |    0    |
|          |      grp_fu_1144     |    1    |    0    |    0    |
|          |      grp_fu_1150     |    1    |    0    |    0    |
|          |      grp_fu_1156     |    1    |    0    |    0    |
|          |      grp_fu_1162     |    1    |    0    |    0    |
|          |      grp_fu_1168     |    1    |    0    |    0    |
|          |      grp_fu_1174     |    1    |    0    |    0    |
|          |      grp_fu_1180     |    1    |    0    |    0    |
|          |      grp_fu_1186     |    1    |    0    |    0    |
|          |      grp_fu_1192     |    1    |    0    |    0    |
|          |      grp_fu_1197     |    1    |    0    |    0    |
|          |      grp_fu_1202     |    1    |    0    |    0    |
|          |      grp_fu_1208     |    1    |    0    |    0    |
|          |      grp_fu_1214     |    1    |    0    |    0    |
|          |      grp_fu_1219     |    1    |    0    |    0    |
|          |      grp_fu_1224     |    1    |    0    |    0    |
|          |      grp_fu_1229     |    1    |    0    |    0    |
|          |      grp_fu_1234     |    1    |    0    |    0    |
|          |      grp_fu_1241     |    1    |    0    |    0    |
|          |      grp_fu_1248     |    1    |    0    |    0    |
|          |      grp_fu_1256     |    1    |    0    |    0    |
|          |      grp_fu_1264     |    1    |    0    |    0    |
|          |      grp_fu_1272     |    1    |    0    |    0    |
|          |      grp_fu_1277     |    1    |    0    |    0    |
|          |      grp_fu_1282     |    1    |    0    |    0    |
|          |      grp_fu_1288     |    1    |    0    |    0    |
|          |      grp_fu_1296     |    1    |    0    |    0    |
|          |      grp_fu_1304     |    1    |    0    |    0    |
|          |      grp_fu_1311     |    1    |    0    |    0    |
|          |      grp_fu_1318     |    1    |    0    |    0    |
|          |      grp_fu_1325     |    1    |    0    |    0    |
|          |      grp_fu_1332     |    1    |    0    |    0    |
|          |      grp_fu_1339     |    1    |    0    |    0    |
|          |      grp_fu_1346     |    1    |    0    |    0    |
|  muladd  |      grp_fu_1352     |    1    |    0    |    0    |
|          |      grp_fu_1358     |    1    |    0    |    0    |
|          |      grp_fu_1364     |    1    |    0    |    0    |
|          |      grp_fu_1371     |    1    |    0    |    0    |
|          |      grp_fu_1378     |    1    |    0    |    0    |
|          |      grp_fu_1385     |    1    |    0    |    0    |
|          |      grp_fu_1391     |    1    |    0    |    0    |
|          |      grp_fu_1397     |    1    |    0    |    0    |
|          |      grp_fu_1403     |    1    |    0    |    0    |
|          |      grp_fu_1409     |    1    |    0    |    0    |
|          |      grp_fu_1415     |    1    |    0    |    0    |
|          |      grp_fu_1421     |    1    |    0    |    0    |
|          |      grp_fu_1428     |    1    |    0    |    0    |
|          |      grp_fu_1435     |    1    |    0    |    0    |
|          |      grp_fu_1442     |    1    |    0    |    0    |
|          |      grp_fu_1449     |    1    |    0    |    0    |
|          |      grp_fu_1455     |    1    |    0    |    0    |
|          |      grp_fu_1461     |    1    |    0    |    0    |
|          |      grp_fu_1467     |    1    |    0    |    0    |
|          |      grp_fu_1474     |    1    |    0    |    0    |
|          |      grp_fu_1481     |    1    |    0    |    0    |
|          |      grp_fu_1488     |    1    |    0    |    0    |
|          |      grp_fu_1495     |    1    |    0    |    0    |
|          |      grp_fu_1502     |    1    |    0    |    0    |
|          |      grp_fu_1509     |    1    |    0    |    0    |
|          |      grp_fu_1516     |    1    |    0    |    0    |
|          |      grp_fu_1522     |    1    |    0    |    0    |
|          |      grp_fu_1528     |    1    |    0    |    0    |
|          |      grp_fu_1534     |    1    |    0    |    0    |
|          |      grp_fu_1541     |    1    |    0    |    0    |
|          |      grp_fu_1548     |    1    |    0    |    0    |
|          |      grp_fu_1555     |    1    |    0    |    0    |
|          |      grp_fu_1562     |    1    |    0    |    0    |
|          |      grp_fu_1569     |    1    |    0    |    0    |
|          |      grp_fu_1576     |    1    |    0    |    0    |
|          |      grp_fu_1583     |    1    |    0    |    0    |
|          |      grp_fu_1590     |    1    |    0    |    0    |
|          |      grp_fu_1597     |    1    |    0    |    0    |
|----------|----------------------|---------|---------|---------|
|          |      grp_fu_426      |    0    |    0    |    0    |
|          |      grp_fu_434      |    0    |    0    |    0    |
|          |      grp_fu_442      |    0    |    0    |    0    |
|          |      grp_fu_450      |    0    |    0    |    0    |
|          |      grp_fu_458      |    0    |    0    |    0    |
|          |      grp_fu_466      |    0    |    0    |    0    |
|          |      grp_fu_474      |    0    |    0    |    0    |
|partselect|      grp_fu_482      |    0    |    0    |    0    |
|          |      grp_fu_490      |    0    |    0    |    0    |
|          |      grp_fu_498      |    0    |    0    |    0    |
|          |      grp_fu_506      |    0    |    0    |    0    |
|          |      grp_fu_514      |    0    |    0    |    0    |
|          |      grp_fu_522      |    0    |    0    |    0    |
|          |      grp_fu_530      |    0    |    0    |    0    |
|          |      grp_fu_538      |    0    |    0    |    0    |
|          |      grp_fu_546      |    0    |    0    |    0    |
|----------|----------------------|---------|---------|---------|
|          |   trunc_ln25_fu_558  |    0    |    0    |    0    |
|          |  trunc_ln25_1_fu_562 |    0    |    0    |    0    |
|          |  trunc_ln25_2_fu_588 |    0    |    0    |    0    |
|          |  trunc_ln25_6_fu_606 |    0    |    0    |    0    |
|   trunc  |  trunc_ln25_3_fu_630 |    0    |    0    |    0    |
|          |  trunc_ln25_4_fu_647 |    0    |    0    |    0    |
|          |  trunc_ln25_7_fu_674 |    0    |    0    |    0    |
|          |  trunc_ln25_8_fu_682 |    0    |    0    |    0    |
|          |  trunc_ln25_5_fu_686 |    0    |    0    |    0    |
|          |  trunc_ln25_9_fu_725 |    0    |    0    |    0    |
|----------|----------------------|---------|---------|---------|
|          |  zext_ln25_6_fu_566  |    0    |    0    |    0    |
|          |  zext_ln25_7_fu_570  |    0    |    0    |    0    |
|          |  zext_ln25_8_fu_574  |    0    |    0    |    0    |
|          |  zext_ln25_9_fu_578  |    0    |    0    |    0    |
|          |  zext_ln25_13_fu_592 |    0    |    0    |    0    |
|          |  zext_ln25_14_fu_596 |    0    |    0    |    0    |
|          |  zext_ln25_33_fu_610 |    0    |    0    |    0    |
|          |  zext_ln25_34_fu_614 |    0    |    0    |    0    |
|          |  zext_ln25_18_fu_634 |    0    |    0    |    0    |
|          |  zext_ln25_19_fu_638 |    0    |    0    |    0    |
|          |  zext_ln25_23_fu_651 |    0    |    0    |    0    |
|          |  zext_ln25_24_fu_655 |    0    |    0    |    0    |
|          |  zext_ln25_39_fu_678 |    0    |    0    |    0    |
|          |  zext_ln25_28_fu_690 |    0    |    0    |    0    |
|          |  zext_ln25_29_fu_694 |    0    |    0    |    0    |
|          |  zext_ln25_38_fu_708 |    0    |    0    |    0    |
|          |  zext_ln25_44_fu_721 |    0    |    0    |    0    |
|          |  zext_ln25_43_fu_741 |    0    |    0    |    0    |
|          |  zext_ln25_49_fu_749 |    0    |    0    |    0    |
|          |   zext_ln25_fu_753   |    0    |    0    |    0    |
|          |  zext_ln25_1_fu_756  |    0    |    0    |    0    |
|          |  zext_ln25_10_fu_759 |    0    |    0    |    0    |
|          |  zext_ln25_15_fu_762 |    0    |    0    |    0    |
|          |  zext_ln25_4_fu_781  |    0    |    0    |    0    |
|   zext   |  zext_ln25_5_fu_784  |    0    |    0    |    0    |
|          |  zext_ln25_12_fu_787 |    0    |    0    |    0    |
|          |  zext_ln25_20_fu_790 |    0    |    0    |    0    |
|          |  zext_ln25_25_fu_793 |    0    |    0    |    0    |
|          |  zext_ln25_30_fu_796 |    0    |    0    |    0    |
|          |  zext_ln25_48_fu_799 |    0    |    0    |    0    |
|          |  zext_ln25_2_fu_822  |    0    |    0    |    0    |
|          |  zext_ln25_3_fu_825  |    0    |    0    |    0    |
|          |  zext_ln25_11_fu_834 |    0    |    0    |    0    |
|          |  zext_ln25_16_fu_843 |    0    |    0    |    0    |
|          |  zext_ln25_17_fu_846 |    0    |    0    |    0    |
|          |  zext_ln25_22_fu_855 |    0    |    0    |    0    |
|          |  zext_ln25_35_fu_858 |    0    |    0    |    0    |
|          |  zext_ln25_21_fu_865 |    0    |    0    |    0    |
|          |  zext_ln25_26_fu_873 |    0    |    0    |    0    |
|          |  zext_ln25_27_fu_876 |    0    |    0    |    0    |
|          |  zext_ln25_31_fu_884 |    0    |    0    |    0    |
|          |  zext_ln25_32_fu_887 |    0    |    0    |    0    |
|          |  zext_ln25_36_fu_922 |    0    |    0    |    0    |
|          |  zext_ln25_40_fu_930 |    0    |    0    |    0    |
|          |  zext_ln25_45_fu_959 |    0    |    0    |    0    |
|          |  zext_ln25_37_fu_972 |    0    |    0    |    0    |
|          |  zext_ln25_41_fu_975 |    0    |    0    |    0    |
|          | zext_ln25_42_fu_1008 |    0    |    0    |    0    |
|          | zext_ln25_46_fu_1015 |    0    |    0    |    0    |
|          | zext_ln25_47_fu_1043 |    0    |    0    |    0    |
|----------|----------------------|---------|---------|---------|
|   Total  |                      |    75   |    0    |   2625  |
|----------|----------------------|---------|---------|---------|

Memories:
N/A

* Register list:
+---------------------+--------+
|                     |   FF   |
+---------------------+--------+
|  a_addr_1_reg_1619  |    3   |
|  a_addr_2_reg_1778  |    3   |
|  a_addr_3_reg_1783  |    3   |
|  a_addr_4_reg_1924  |    3   |
|   a_addr_reg_1604   |    3   |
| add_ln25_12_reg_2466|   16   |
| add_ln25_13_reg_2114|   16   |
| add_ln25_16_reg_2471|   16   |
| add_ln25_17_reg_2204|   16   |
| add_ln25_1_reg_2016 |   16   |
| add_ln25_20_reg_2476|   16   |
| add_ln25_21_reg_2026|   16   |
| add_ln25_24_reg_2481|   16   |
| add_ln25_25_reg_2031|   16   |
| add_ln25_28_reg_2523|   16   |
| add_ln25_29_reg_2119|   16   |
| add_ln25_32_reg_2528|   16   |
| add_ln25_33_reg_2124|   16   |
| add_ln25_36_reg_2533|   16   |
| add_ln25_37_reg_2218|   16   |
| add_ln25_40_reg_2538|   16   |
| add_ln25_41_reg_2129|   16   |
| add_ln25_44_reg_2581|   16   |
| add_ln25_45_reg_2134|   16   |
| add_ln25_48_reg_2586|   16   |
| add_ln25_49_reg_2223|   16   |
| add_ln25_4_reg_2380 |   16   |
| add_ln25_51_reg_2720|   16   |
| add_ln25_52_reg_2591|   16   |
| add_ln25_53_reg_2228|   16   |
| add_ln25_55_reg_2725|   16   |
| add_ln25_56_reg_2596|   16   |
| add_ln25_57_reg_2233|   16   |
| add_ln25_59_reg_2740|   16   |
| add_ln25_5_reg_2021 |   16   |
| add_ln25_60_reg_2635|   16   |
| add_ln25_61_reg_2238|   16   |
| add_ln25_63_reg_2745|   16   |
| add_ln25_64_reg_2640|   16   |
| add_ln25_65_reg_2340|   16   |
| add_ln25_67_reg_2750|   16   |
| add_ln25_68_reg_2645|   16   |
| add_ln25_69_reg_2345|   16   |
| add_ln25_71_reg_2755|   16   |
| add_ln25_72_reg_2650|   16   |
| add_ln25_73_reg_2350|   16   |
| add_ln25_75_reg_2760|   16   |
| add_ln25_76_reg_2681|   16   |
| add_ln25_77_reg_2355|   16   |
| add_ln25_79_reg_2765|   16   |
| add_ln25_80_reg_2695|   16   |
| add_ln25_81_reg_2360|   16   |
| add_ln25_83_reg_2770|   16   |
| add_ln25_84_reg_2700|   16   |
| add_ln25_85_reg_2365|   16   |
| add_ln25_87_reg_2775|   16   |
| add_ln25_88_reg_2705|   16   |
| add_ln25_89_reg_2451|   16   |
| add_ln25_8_reg_2385 |   16   |
| add_ln25_91_reg_2780|   16   |
| add_ln25_92_reg_2730|   16   |
| add_ln25_93_reg_2456|   16   |
| add_ln25_95_reg_2785|   16   |
| add_ln25_96_reg_2735|   16   |
| add_ln25_97_reg_2461|   16   |
| add_ln25_99_reg_2790|   16   |
| add_ln25_9_reg_2109 |   16   |
|  add_ln25_reg_2375  |   16   |
|  b_addr_1_reg_1614  |    3   |
|  b_addr_2_reg_1727  |    3   |
|  b_addr_3_reg_1732  |    3   |
|  b_addr_4_reg_1860  |    3   |
|   b_addr_reg_1609   |    3   |
|mul_ln25_101_reg_2666|   16   |
|mul_ln25_103_reg_2248|   16   |
|mul_ln25_106_reg_2671|   16   |
|mul_ln25_108_reg_2253|   16   |
|mul_ln25_111_reg_2676|   16   |
|mul_ln25_113_reg_2258|   16   |
|mul_ln25_116_reg_2710|   16   |
|mul_ln25_118_reg_2263|   16   |
| mul_ln25_11_reg_2317|   16   |
|mul_ln25_121_reg_2715|   16   |
|mul_ln25_123_reg_2370|   16   |
| mul_ln25_13_reg_1819|   16   |
| mul_ln25_16_reg_2398|   16   |
| mul_ln25_18_reg_1855|   16   |
| mul_ln25_1_reg_2282 |   16   |
| mul_ln25_21_reg_2420|   16   |
| mul_ln25_23_reg_1960|   16   |
| mul_ln25_26_reg_2441|   16   |
| mul_ln25_28_reg_1768|   16   |
| mul_ln25_31_reg_2446|   16   |
| mul_ln25_33_reg_1773|   16   |
| mul_ln25_36_reg_2486|   16   |
| mul_ln25_38_reg_1865|   16   |
| mul_ln25_3_reg_1686 |   16   |
| mul_ln25_41_reg_2491|   16   |
| mul_ln25_43_reg_1870|   16   |
| mul_ln25_46_reg_2496|   16   |
| mul_ln25_48_reg_1965|   16   |
| mul_ln25_51_reg_2509|   16   |
| mul_ln25_53_reg_1977|   16   |
| mul_ln25_56_reg_2543|   16   |
| mul_ln25_58_reg_1982|   16   |
| mul_ln25_61_reg_2548|   16   |
| mul_ln25_63_reg_2036|   16   |
| mul_ln25_66_reg_2553|   16   |
| mul_ln25_68_reg_2041|   16   |
| mul_ln25_6_reg_2295 |   16   |
| mul_ln25_71_reg_2558|   16   |
| mul_ln25_73_reg_2046|   16   |
| mul_ln25_76_reg_2606|   16   |
| mul_ln25_78_reg_2059|   16   |
| mul_ln25_81_reg_2611|   16   |
| mul_ln25_83_reg_2139|   16   |
| mul_ln25_86_reg_2616|   16   |
| mul_ln25_88_reg_2144|   16   |
| mul_ln25_8_reg_1722 |   16   |
| mul_ln25_91_reg_2621|   16   |
| mul_ln25_93_reg_2149|   16   |
| mul_ln25_96_reg_2655|   16   |
| mul_ln25_98_reg_2154|   16   |
|       reg_554       |    8   |
|   tmp_11_reg_1793   |    8   |
|   tmp_12_reg_1798   |    8   |
|   tmp_15_reg_1829   |    8   |
|   tmp_16_reg_1834   |    8   |
|   tmp_19_reg_1934   |    8   |
|    tmp_1_reg_1639   |    8   |
|   tmp_20_reg_1939   |    8   |
|   tmp_23_reg_1742   |    8   |
|   tmp_24_reg_1747   |    8   |
|   tmp_27_reg_1880   |    8   |
|   tmp_28_reg_1885   |    8   |
|   tmp_29_reg_1890   |    8   |
|    tmp_2_reg_1644   |    8   |
|   tmp_31_reg_1909   |    8   |
|   tmp_32_reg_1914   |    8   |
|   tmp_33_reg_1919   |    8   |
|   tmp_35_reg_2001   |    8   |
|   tmp_36_reg_2006   |    8   |
|   tmp_37_reg_2011   |    8   |
|    tmp_3_reg_1649   |    8   |
|    tmp_8_reg_1696   |    8   |
|    tmp_9_reg_1701   |    8   |
|     tmp_reg_1634    |    8   |
|trunc_ln25_1_reg_1629|    8   |
|trunc_ln25_2_reg_1691|    8   |
|trunc_ln25_3_reg_1788|    8   |
|trunc_ln25_4_reg_1824|    8   |
|trunc_ln25_5_reg_1929|    8   |
|trunc_ln25_6_reg_1737|    8   |
|trunc_ln25_7_reg_1875|    8   |
|trunc_ln25_8_reg_1904|    8   |
|trunc_ln25_9_reg_1996|    8   |
| trunc_ln25_reg_1624 |    8   |
|zext_ln25_10_reg_2091|   16   |
|zext_ln25_11_reg_2287|   16   |
|zext_ln25_12_reg_2177|   16   |
|zext_ln25_13_reg_1706|   16   |
|zext_ln25_14_reg_1713|   16   |
|zext_ln25_15_reg_2100|   16   |
|zext_ln25_16_reg_2300|   16   |
|zext_ln25_17_reg_2308|   16   |
|zext_ln25_18_reg_1803|   16   |
|zext_ln25_19_reg_1810|   16   |
| zext_ln25_1_reg_2082|   16   |
|zext_ln25_20_reg_2186|   16   |
|zext_ln25_21_reg_2390|   16   |
|zext_ln25_22_reg_2322|   16   |
|zext_ln25_23_reg_1839|   16   |
|zext_ln25_24_reg_1846|   16   |
|zext_ln25_25_reg_2195|   16   |
|zext_ln25_26_reg_2403|   16   |
|zext_ln25_27_reg_2411|   16   |
|zext_ln25_28_reg_1944|   16   |
|zext_ln25_29_reg_1951|   16   |
| zext_ln25_2_reg_2268|   16   |
|zext_ln25_30_reg_2209|   16   |
|zext_ln25_31_reg_2425|   16   |
|zext_ln25_32_reg_2432|   16   |
|zext_ln25_33_reg_1752|   16   |
|zext_ln25_34_reg_1759|   16   |
|zext_ln25_35_reg_2331|   16   |
|zext_ln25_36_reg_2501|   16   |
|zext_ln25_37_reg_2572|   16   |
|zext_ln25_38_reg_1970|   16   |
|zext_ln25_39_reg_1895|   16   |
| zext_ln25_3_reg_2274|   16   |
|zext_ln25_40_reg_2514|   16   |
|zext_ln25_41_reg_2601|   16   |
|zext_ln25_42_reg_2626|   16   |
|zext_ln25_43_reg_2051|   16   |
|zext_ln25_44_reg_1987|   16   |
|zext_ln25_45_reg_2563|   16   |
|zext_ln25_46_reg_2660|   16   |
|zext_ln25_47_reg_2686|   16   |
|zext_ln25_48_reg_2243|   16   |
|zext_ln25_49_reg_2064|   16   |
| zext_ln25_4_reg_2159|   16   |
| zext_ln25_5_reg_2168|   16   |
| zext_ln25_6_reg_1654|   16   |
| zext_ln25_7_reg_1661|   16   |
| zext_ln25_8_reg_1668|   16   |
| zext_ln25_9_reg_1677|   16   |
|  zext_ln25_reg_2073 |   16   |
+---------------------+--------+
|        Total        |  2910  |
+---------------------+--------+

* Multiplexer (MUX) list: 
|-------------------|------|------|------|--------||---------||---------||---------|
|        Comp       |  Pin | Size |  BW  | S x BW ||  Delay  ||    FF   ||   LUT   |
|-------------------|------|------|------|--------||---------||---------||---------|
|  grp_access_fu_92 |  p0  |   6  |   3  |   18   ||    0    ||    31   |
|  grp_access_fu_92 |  p2  |   4  |   0  |    0   ||    0    ||    20   |
| grp_access_fu_110 |  p0  |   6  |   3  |   18   ||    0    ||    31   |
| grp_access_fu_110 |  p2  |   4  |   0  |    0   ||    0    ||    20   |
| grp_access_fu_208 |  p0  |  13  |   5  |   65   ||    0    ||    65   |
| grp_access_fu_208 |  p1  |  13  |  16  |   208  ||    0    ||    65   |
| grp_access_fu_208 |  p2  |  12  |   0  |    0   ||    0    ||    65   |
| grp_access_fu_208 |  p4  |  12  |   5  |   60   ||    0    ||    65   |
|    grp_fu_1116    |  p0  |   3  |   8  |   24   ||    0    ||    14   |
|    grp_fu_1116    |  p1  |   2  |   8  |   16   ||    0    ||    9    |
|    grp_fu_1123    |  p0  |   3  |   8  |   24   ||    0    ||    14   |
|    grp_fu_1123    |  p1  |   2  |   8  |   16   ||    0    ||    9    |
|    grp_fu_1130    |  p0  |   3  |   8  |   24   ||    0    ||    14   |
|    grp_fu_1130    |  p1  |   2  |   8  |   16   ||    0    ||    9    |
|    grp_fu_1137    |  p0  |   3  |   8  |   24   ||    0    ||    14   |
|    grp_fu_1137    |  p1  |   2  |   8  |   16   ||    0    ||    9    |
|    grp_fu_1144    |  p0  |   3  |   8  |   24   ||    0    ||    14   |
|    grp_fu_1150    |  p0  |   3  |   8  |   24   ||    0    ||    14   |
|    grp_fu_1156    |  p0  |   2  |   8  |   16   ||    0    ||    9    |
|    grp_fu_1156    |  p1  |   2  |   8  |   16   ||    0    ||    9    |
|    grp_fu_1162    |  p0  |   2  |   8  |   16   ||    0    ||    9    |
|    grp_fu_1162    |  p1  |   2  |   8  |   16   ||    0    ||    9    |
|    grp_fu_1168    |  p0  |   3  |   8  |   24   ||    0    ||    14   |
|    grp_fu_1174    |  p0  |   3  |   8  |   24   ||    0    ||    14   |
|    grp_fu_1180    |  p0  |   3  |   8  |   24   ||    0    ||    14   |
|    grp_fu_1186    |  p0  |   2  |   8  |   16   ||    0    ||    9    |
|    grp_fu_1186    |  p1  |   2  |   8  |   16   ||    0    ||    9    |
|    grp_fu_1192    |  p0  |   2  |   8  |   16   ||    0    ||    9    |
|    grp_fu_1197    |  p0  |   2  |   8  |   16   ||    0    ||    9    |
|    grp_fu_1202    |  p0  |   2  |   8  |   16   ||    0    ||    9    |
|    grp_fu_1202    |  p1  |   2  |   8  |   16   ||    0    ||    9    |
|    grp_fu_1208    |  p0  |   3  |   8  |   24   ||    0    ||    14   |
|    grp_fu_1214    |  p0  |   2  |   8  |   16   ||    0    ||    9    |
|    grp_fu_1219    |  p0  |   2  |   8  |   16   ||    0    ||    9    |
|    grp_fu_1224    |  p0  |   2  |   8  |   16   ||    0    ||    9    |
|    grp_fu_1229    |  p0  |   2  |   8  |   16   ||    0    ||    9    |
|    grp_fu_1234    |  p0  |   3  |   8  |   24   ||    0    ||    14   |
|    grp_fu_1241    |  p0  |   3  |   8  |   24   ||    0    ||    14   |
|    grp_fu_1248    |  p0  |   3  |   8  |   24   ||    0    ||    14   |
|    grp_fu_1248    |  p1  |   2  |   8  |   16   ||    0    ||    9    |
|    grp_fu_1256    |  p0  |   3  |   8  |   24   ||    0    ||    14   |
|    grp_fu_1256    |  p1  |   2  |   8  |   16   ||    0    ||    9    |
|    grp_fu_1264    |  p0  |   3  |   8  |   24   ||    0    ||    14   |
|    grp_fu_1264    |  p1  |   2  |   8  |   16   ||    0    ||    9    |
|    grp_fu_1272    |  p0  |   2  |   8  |   16   ||    0    ||    9    |
|    grp_fu_1277    |  p0  |   2  |   8  |   16   ||    0    ||    9    |
|    grp_fu_1282    |  p0  |   2  |   8  |   16   ||    0    ||    9    |
|    grp_fu_1288    |  p0  |   3  |   8  |   24   ||    0    ||    14   |
|    grp_fu_1288    |  p1  |   2  |   8  |   16   ||    0    ||    9    |
|    grp_fu_1296    |  p0  |   3  |   8  |   24   ||    0    ||    14   |
|    grp_fu_1296    |  p1  |   2  |   8  |   16   ||    0    ||    9    |
|    grp_fu_1304    |  p0  |   3  |   8  |   24   ||    0    ||    14   |
|    grp_fu_1311    |  p0  |   3  |   8  |   24   ||    0    ||    14   |
|    grp_fu_1318    |  p0  |   3  |   8  |   24   ||    0    ||    14   |
|    grp_fu_1325    |  p0  |   3  |   8  |   24   ||    0    ||    14   |
|    grp_fu_1332    |  p0  |   3  |   8  |   24   ||    0    ||    14   |
|    grp_fu_1339    |  p0  |   3  |   8  |   24   ||    0    ||    14   |
|    grp_fu_1346    |  p0  |   2  |   8  |   16   ||    0    ||    9    |
|    grp_fu_1352    |  p0  |   2  |   8  |   16   ||    0    ||    9    |
|    grp_fu_1358    |  p0  |   2  |   8  |   16   ||    0    ||    9    |
|    grp_fu_1364    |  p0  |   3  |   8  |   24   ||    0    ||    14   |
|    grp_fu_1371    |  p0  |   3  |   8  |   24   ||    0    ||    14   |
|    grp_fu_1378    |  p0  |   3  |   8  |   24   ||    0    ||    14   |
|    grp_fu_1385    |  p0  |   2  |   8  |   16   ||    0    ||    9    |
|    grp_fu_1391    |  p0  |   2  |   8  |   16   ||    0    ||    9    |
|    grp_fu_1397    |  p0  |   2  |   8  |   16   ||    0    ||    9    |
|    grp_fu_1403    |  p0  |   2  |   8  |   16   ||    0    ||    9    |
|    grp_fu_1409    |  p0  |   2  |   8  |   16   ||    0    ||    9    |
|    grp_fu_1415    |  p0  |   2  |   8  |   16   ||    0    ||    9    |
|    grp_fu_1421    |  p0  |   3  |   8  |   24   ||    0    ||    14   |
|    grp_fu_1428    |  p0  |   3  |   8  |   24   ||    0    ||    14   |
|    grp_fu_1435    |  p0  |   3  |   8  |   24   ||    0    ||    14   |
|    grp_fu_1442    |  p0  |   3  |   8  |   24   ||    0    ||    14   |
|    grp_fu_1449    |  p0  |   2  |   8  |   16   ||    0    ||    9    |
|    grp_fu_1455    |  p0  |   2  |   8  |   16   ||    0    ||    9    |
|    grp_fu_1461    |  p0  |   2  |   8  |   16   ||    0    ||    9    |
|    grp_fu_1467    |  p0  |   3  |   8  |   24   ||    0    ||    14   |
|    grp_fu_1474    |  p0  |   3  |   8  |   24   ||    0    ||    14   |
|    grp_fu_1481    |  p0  |   3  |   8  |   24   ||    0    ||    14   |
|    grp_fu_1488    |  p0  |   3  |   8  |   24   ||    0    ||    14   |
|    grp_fu_1495    |  p0  |   3  |   8  |   24   ||    0    ||    14   |
|    grp_fu_1502    |  p0  |   3  |   8  |   24   ||    0    ||    14   |
|    grp_fu_1509    |  p0  |   3  |   8  |   24   ||    0    ||    14   |
|    grp_fu_1516    |  p0  |   2  |   8  |   16   ||    0    ||    9    |
|    grp_fu_1522    |  p0  |   2  |   8  |   16   ||    0    ||    9    |
|    grp_fu_1528    |  p0  |   2  |   8  |   16   ||    0    ||    9    |
|    grp_fu_1534    |  p0  |   3  |   8  |   24   ||    0    ||    14   |
|    grp_fu_1541    |  p0  |   3  |   8  |   24   ||    0    ||    14   |
|    grp_fu_1548    |  p0  |   3  |   8  |   24   ||    0    ||    14   |
|    grp_fu_1555    |  p0  |   3  |   8  |   24   ||    0    ||    14   |
|    grp_fu_1562    |  p0  |   3  |   8  |   24   ||    0    ||    14   |
|    grp_fu_1569    |  p0  |   3  |   8  |   24   ||    0    ||    14   |
|    grp_fu_1576    |  p0  |   3  |   8  |   24   ||    0    ||    14   |
|    grp_fu_1583    |  p0  |   3  |   8  |   24   ||    0    ||    14   |
|    grp_fu_1590    |  p0  |   3  |   8  |   24   ||    0    ||    14   |
|    grp_fu_1597    |  p0  |   3  |   8  |   24   ||    0    ||    14   |
|-------------------|------|------|------|--------||---------||---------||---------|
|       Total       |      |      |      |  2153  ||  163.9  ||    0    ||   1389  |
|-------------------|------|------|------|--------||---------||---------||---------|



* Summary:
+-----------+--------+--------+--------+--------+
|           |   DSP  |  Delay |   FF   |   LUT  |
+-----------+--------+--------+--------+--------+
|  Function |   75   |    -   |    0   |  2625  |
|   Memory  |    -   |    -   |    -   |    -   |
|Multiplexer|    -   |   163  |    0   |  1389  |
|  Register |    -   |    -   |  2910  |    -   |
+-----------+--------+--------+--------+--------+
|   Total   |   75   |   163  |  2910  |  4014  |
+-----------+--------+--------+--------+--------+
