

================================================================
== Vitis HLS Report for 'matrix_mult'
================================================================
* Date:           Tue May 26 23:58:47 2026

* Version:        2025.2 (Build 6295257 on Nov 14 2025)
* Project:        matrix_mult_automation_prj
* Solution:       Solution5 (Vivado IP Flow Target)
* Product family: zynq
* Target device:  xc7z010-clg400-1


================================================================
== Performance Estimates
================================================================
+ Timing: 
    * Summary: 
    +--------+----------+----------+------------+
    |  Clock |  Target  | Estimated| Uncertainty|
    +--------+----------+----------+------------+
    |ap_clk  |  10.00 ns|  6.270 ns|     2.70 ns|
    +--------+----------+----------+------------+

+ Latency: 
    * Summary: 
    +---------+---------+----------+----------+-----+-----+---------+
    |  Latency (cycles) |  Latency (absolute) |  Interval | Pipeline|
    |   min   |   max   |    min   |    max   | min | max |   Type  |
    +---------+---------+----------+----------+-----+-----+---------+
    |       21|       21|  0.210 us|  0.210 us|   13|   13|      yes|
    +---------+---------+----------+----------+-----+-----+---------+

    + Detail: 
        * Instance: 
        N/A

        * Loop: 
        N/A

============================================================
+ Verbose Summary: Synthesis Manager
============================================================
InlineROM: 1
ExposeGlobal: 0
============================================================
+ Verbose Summary: CDFG Model
============================================================
IsTopModel: 1
ResetActiveHigh: 1
IsCombinational: 0
IsDatapathOnly: 0
HasWiredReturn: 1
HasMFsm: 2
HasVarLatency: 0
IsPipeline: 1
IsRtlPipelined: 1
IsInstanceOverlapped: 0
IsDontTouch: 0
HasImplIP: 0
IsGatedGlobalClock: 0

+ Individual pipeline summary: 
  * Pipeline-0: initiation interval (II) = 13, depth = 22


============================================================
+ Verbose Summary: Schedule
============================================================
* Number of FSM states : 22
* Pipeline : 1
  Pipeline-0 : II = 13, D = 22, States = { 1 2 3 4 5 6 7 8 9 10 11 12 13 14 15 16 17 18 19 20 21 22 }
* Dataflow Pipeline: 0

* FSM state transitions: 
1 --> 2 
2 --> 3 
3 --> 4 
4 --> 5 
5 --> 6 
6 --> 7 
7 --> 8 
8 --> 9 
9 --> 10 
10 --> 11 
11 --> 12 
12 --> 13 
13 --> 14 
14 --> 15 
15 --> 16 
16 --> 17 
17 --> 18 
18 --> 19 
19 --> 20 
20 --> 21 
21 --> 22 
22 --> 

* FSM state operations: 

State 1 <SV = 0> <Delay = 0.00>
ST_1 : Operation 23 [1/1] (0.00ns)   --->   "%a_addr = getelementptr i40 %a, i64 0, i64 0" [matrix_mult.cpp:22]   --->   Operation 23 'getelementptr' 'a_addr' <Predicate = true> <Delay = 0.00>
ST_1 : Operation 24 [2/2] (0.00ns)   --->   "%a_load = load i3 %a_addr" [matrix_mult.cpp:22]   --->   Operation 24 'load' 'a_load' <Predicate = true> <Delay = 0.00> <CoreInst = "RAM">   --->   Core 81 'RAM' <Latency = 1> <II = 1> <Delay = 2.32> <Storage> <Opcode : 'load' 'store'> <Ports = 2> <Width = 40> <Depth = 5> <RAM>
ST_1 : Operation 25 [1/1] (0.00ns)   --->   "%b_addr = getelementptr i40 %b, i64 0, i64 0" [matrix_mult.cpp:22]   --->   Operation 25 'getelementptr' 'b_addr' <Predicate = true> <Delay = 0.00>
ST_1 : Operation 26 [2/2] (0.00ns)   --->   "%b_load = load i3 %b_addr" [matrix_mult.cpp:22]   --->   Operation 26 'load' 'b_load' <Predicate = true> <Delay = 0.00> <CoreInst = "RAM">   --->   Core 81 'RAM' <Latency = 1> <II = 1> <Delay = 2.32> <Storage> <Opcode : 'load' 'store'> <Ports = 2> <Width = 40> <Depth = 5> <RAM>
ST_1 : Operation 27 [1/1] (0.00ns)   --->   "%b_addr_1 = getelementptr i40 %b, i64 0, i64 1" [matrix_mult.cpp:22]   --->   Operation 27 'getelementptr' 'b_addr_1' <Predicate = true> <Delay = 0.00>
ST_1 : Operation 28 [2/2] (0.00ns)   --->   "%b_load_1 = load i3 %b_addr_1" [matrix_mult.cpp:22]   --->   Operation 28 'load' 'b_load_1' <Predicate = true> <Delay = 0.00> <CoreInst = "RAM">   --->   Core 81 'RAM' <Latency = 1> <II = 1> <Delay = 2.32> <Storage> <Opcode : 'load' 'store'> <Ports = 2> <Width = 40> <Depth = 5> <RAM>
ST_1 : Operation 29 [1/1] (0.00ns)   --->   "%a_addr_1 = getelementptr i40 %a, i64 0, i64 1" [matrix_mult.cpp:22]   --->   Operation 29 'getelementptr' 'a_addr_1' <Predicate = true> <Delay = 0.00>
ST_1 : Operation 30 [2/2] (0.00ns)   --->   "%a_load_1 = load i3 %a_addr_1" [matrix_mult.cpp:22]   --->   Operation 30 'load' 'a_load_1' <Predicate = true> <Delay = 0.00> <CoreInst = "RAM">   --->   Core 81 'RAM' <Latency = 1> <II = 1> <Delay = 2.32> <Storage> <Opcode : 'load' 'store'> <Ports = 2> <Width = 40> <Depth = 5> <RAM>

State 2 <SV = 1> <Delay = 4.17>
ST_2 : Operation 31 [1/2] ( I:0.00ns O:0.00ns )   --->   "%a_load = load i3 %a_addr" [matrix_mult.cpp:22]   --->   Operation 31 'load' 'a_load' <Predicate = true> <Delay = 0.00> <CoreInst = "RAM">   --->   Core 81 'RAM' <Latency = 1> <II = 1> <Delay = 2.32> <Storage> <Opcode : 'load' 'store'> <Ports = 2> <Width = 40> <Depth = 5> <RAM>
ST_2 : Operation 32 [1/1] (0.00ns)   --->   "%trunc_ln22 = trunc i40 %a_load" [matrix_mult.cpp:22]   --->   Operation 32 'trunc' 'trunc_ln22' <Predicate = true> <Delay = 0.00>
ST_2 : Operation 33 [1/2] ( I:0.00ns O:0.00ns )   --->   "%b_load = load i3 %b_addr" [matrix_mult.cpp:22]   --->   Operation 33 'load' 'b_load' <Predicate = true> <Delay = 0.00> <CoreInst = "RAM">   --->   Core 81 'RAM' <Latency = 1> <II = 1> <Delay = 2.32> <Storage> <Opcode : 'load' 'store'> <Ports = 2> <Width = 40> <Depth = 5> <RAM>
ST_2 : Operation 34 [1/1] (0.00ns)   --->   "%trunc_ln22_1 = trunc i40 %b_load" [matrix_mult.cpp:22]   --->   Operation 34 'trunc' 'trunc_ln22_1' <Predicate = true> <Delay = 0.00>
ST_2 : Operation 35 [1/1] (0.00ns)   --->   "%tmp = partselect i8 @_ssdm_op_PartSelect.i8.i40.i40, i40 %a_load, i40 8" [matrix_mult.cpp:22]   --->   Operation 35 'partselect' 'tmp' <Predicate = true> <Delay = 0.00>
ST_2 : Operation 36 [1/1] (0.00ns)   --->   "%tmp_1 = partselect i8 @_ssdm_op_PartSelect.i8.i40.i40, i40 %b_load, i40 8" [matrix_mult.cpp:22]   --->   Operation 36 'partselect' 'tmp_1' <Predicate = true> <Delay = 0.00>
ST_2 : Operation 37 [1/1] (0.00ns)   --->   "%tmp_2 = partselect i8 @_ssdm_op_PartSelect.i8.i40.i40, i40 %a_load, i40 16" [matrix_mult.cpp:22]   --->   Operation 37 'partselect' 'tmp_2' <Predicate = true> <Delay = 0.00>
ST_2 : Operation 38 [1/1] (0.00ns)   --->   "%tmp_3 = partselect i8 @_ssdm_op_PartSelect.i8.i40.i40, i40 %b_load, i40 16" [matrix_mult.cpp:22]   --->   Operation 38 'partselect' 'tmp_3' <Predicate = true> <Delay = 0.00>
ST_2 : Operation 39 [1/1] (0.00ns)   --->   "%tmp_4 = partselect i8 @_ssdm_op_PartSelect.i8.i40.i40, i40 %a_load, i40 24" [matrix_mult.cpp:22]   --->   Operation 39 'partselect' 'tmp_4' <Predicate = true> <Delay = 0.00>
ST_2 : Operation 40 [1/1] (0.00ns)   --->   "%zext_ln22_6 = zext i8 %tmp_4" [matrix_mult.cpp:22]   --->   Operation 40 'zext' 'zext_ln22_6' <Predicate = true> <Delay = 0.00>
ST_2 : Operation 41 [1/1] (0.00ns)   --->   "%tmp_5 = partselect i8 @_ssdm_op_PartSelect.i8.i40.i40, i40 %b_load, i40 24" [matrix_mult.cpp:22]   --->   Operation 41 'partselect' 'tmp_5' <Predicate = true> <Delay = 0.00>
ST_2 : Operation 42 [1/1] (0.00ns)   --->   "%zext_ln22_7 = zext i8 %tmp_5" [matrix_mult.cpp:22]   --->   Operation 42 'zext' 'zext_ln22_7' <Predicate = true> <Delay = 0.00>
ST_2 : Operation 43 [1/1] (0.00ns)   --->   "%tmp_6 = partselect i8 @_ssdm_op_PartSelect.i8.i40.i40, i40 %a_load, i40 32" [matrix_mult.cpp:22]   --->   Operation 43 'partselect' 'tmp_6' <Predicate = true> <Delay = 0.00>
ST_2 : Operation 44 [1/1] (0.00ns)   --->   "%zext_ln22_8 = zext i8 %tmp_6" [matrix_mult.cpp:22]   --->   Operation 44 'zext' 'zext_ln22_8' <Predicate = true> <Delay = 0.00>
ST_2 : Operation 45 [1/1] (0.00ns)   --->   "%tmp_7 = partselect i8 @_ssdm_op_PartSelect.i8.i40.i40, i40 %b_load, i40 32" [matrix_mult.cpp:22]   --->   Operation 45 'partselect' 'tmp_7' <Predicate = true> <Delay = 0.00>
ST_2 : Operation 46 [1/1] (0.00ns)   --->   "%zext_ln22_9 = zext i8 %tmp_7" [matrix_mult.cpp:22]   --->   Operation 46 'zext' 'zext_ln22_9' <Predicate = true> <Delay = 0.00>
ST_2 : Operation 47 [3/3] (1.05ns) (grouped into DSP with root node add_ln22_1)   --->   "%mul_ln22_2 = mul i16 %zext_ln22_9, i16 %zext_ln22_8" [matrix_mult.cpp:22]   --->   Operation 47 'mul' 'mul_ln22_2' <Predicate = true> <Delay = 1.05> <CoreInst = "DSP48">   --->   Core 116 'DSP48' <Latency = 3> <II = 1> <Delay = 2.15> <IPBlock> <Opcode : 'add' 'sub' 'mul' 'select'> <InPorts = 0> <OutPorts = 1> <Sync> <CReg>
ST_2 : Operation 48 [1/1] (4.17ns)   --->   "%mul_ln22_3 = mul i16 %zext_ln22_7, i16 %zext_ln22_6" [matrix_mult.cpp:22]   --->   Operation 48 'mul' 'mul_ln22_3' <Predicate = true> <Delay = 4.17> <CoreInst = "Multiplier">   --->   Core 3 'Multiplier' <Latency = 0> <II = 1> <Delay = 4.17> <FuncUnit> <Opcode : 'mul'> <InPorts = 2> <OutPorts = 1>
ST_2 : Operation 49 [1/2] ( I:0.00ns O:0.00ns )   --->   "%b_load_1 = load i3 %b_addr_1" [matrix_mult.cpp:22]   --->   Operation 49 'load' 'b_load_1' <Predicate = true> <Delay = 0.00> <CoreInst = "RAM">   --->   Core 81 'RAM' <Latency = 1> <II = 1> <Delay = 2.32> <Storage> <Opcode : 'load' 'store'> <Ports = 2> <Width = 40> <Depth = 5> <RAM>
ST_2 : Operation 50 [1/1] (0.00ns)   --->   "%trunc_ln22_2 = trunc i40 %b_load_1" [matrix_mult.cpp:22]   --->   Operation 50 'trunc' 'trunc_ln22_2' <Predicate = true> <Delay = 0.00>
ST_2 : Operation 51 [1/1] (0.00ns)   --->   "%tmp_8 = partselect i8 @_ssdm_op_PartSelect.i8.i40.i40, i40 %b_load_1, i40 8" [matrix_mult.cpp:22]   --->   Operation 51 'partselect' 'tmp_8' <Predicate = true> <Delay = 0.00>
ST_2 : Operation 52 [1/1] (0.00ns)   --->   "%tmp_9 = partselect i8 @_ssdm_op_PartSelect.i8.i40.i40, i40 %b_load_1, i40 16" [matrix_mult.cpp:22]   --->   Operation 52 'partselect' 'tmp_9' <Predicate = true> <Delay = 0.00>
ST_2 : Operation 53 [1/1] (0.00ns)   --->   "%tmp_s = partselect i8 @_ssdm_op_PartSelect.i8.i40.i40, i40 %b_load_1, i40 24" [matrix_mult.cpp:22]   --->   Operation 53 'partselect' 'tmp_s' <Predicate = true> <Delay = 0.00>
ST_2 : Operation 54 [1/1] (0.00ns)   --->   "%zext_ln22_13 = zext i8 %tmp_s" [matrix_mult.cpp:22]   --->   Operation 54 'zext' 'zext_ln22_13' <Predicate = true> <Delay = 0.00>
ST_2 : Operation 55 [1/1] (0.00ns)   --->   "%tmp_10 = partselect i8 @_ssdm_op_PartSelect.i8.i40.i40, i40 %b_load_1, i40 32" [matrix_mult.cpp:22]   --->   Operation 55 'partselect' 'tmp_10' <Predicate = true> <Delay = 0.00>
ST_2 : Operation 56 [1/1] (0.00ns)   --->   "%zext_ln22_14 = zext i8 %tmp_10" [matrix_mult.cpp:22]   --->   Operation 56 'zext' 'zext_ln22_14' <Predicate = true> <Delay = 0.00>
ST_2 : Operation 57 [3/3] (1.05ns) (grouped into DSP with root node add_ln22_5)   --->   "%mul_ln22_7 = mul i16 %zext_ln22_14, i16 %zext_ln22_8" [matrix_mult.cpp:22]   --->   Operation 57 'mul' 'mul_ln22_7' <Predicate = true> <Delay = 1.05> <CoreInst = "DSP48">   --->   Core 116 'DSP48' <Latency = 3> <II = 1> <Delay = 2.15> <IPBlock> <Opcode : 'add' 'sub' 'mul' 'select'> <InPorts = 0> <OutPorts = 1> <Sync> <CReg>
ST_2 : Operation 58 [1/1] (4.17ns)   --->   "%mul_ln22_8 = mul i16 %zext_ln22_13, i16 %zext_ln22_6" [matrix_mult.cpp:22]   --->   Operation 58 'mul' 'mul_ln22_8' <Predicate = true> <Delay = 4.17> <CoreInst = "Multiplier">   --->   Core 3 'Multiplier' <Latency = 0> <II = 1> <Delay = 4.17> <FuncUnit> <Opcode : 'mul'> <InPorts = 2> <OutPorts = 1>
ST_2 : Operation 59 [1/1] (0.00ns)   --->   "%b_addr_2 = getelementptr i40 %b, i64 0, i64 2" [matrix_mult.cpp:22]   --->   Operation 59 'getelementptr' 'b_addr_2' <Predicate = true> <Delay = 0.00>
ST_2 : Operation 60 [2/2] (0.00ns)   --->   "%b_load_2 = load i3 %b_addr_2" [matrix_mult.cpp:22]   --->   Operation 60 'load' 'b_load_2' <Predicate = true> <Delay = 0.00> <CoreInst = "RAM">   --->   Core 81 'RAM' <Latency = 1> <II = 1> <Delay = 2.32> <Storage> <Opcode : 'load' 'store'> <Ports = 2> <Width = 40> <Depth = 5> <RAM>
ST_2 : Operation 61 [1/1] (0.00ns)   --->   "%b_addr_3 = getelementptr i40 %b, i64 0, i64 3" [matrix_mult.cpp:22]   --->   Operation 61 'getelementptr' 'b_addr_3' <Predicate = true> <Delay = 0.00>
ST_2 : Operation 62 [2/2] (0.00ns)   --->   "%b_load_3 = load i3 %b_addr_3" [matrix_mult.cpp:22]   --->   Operation 62 'load' 'b_load_3' <Predicate = true> <Delay = 0.00> <CoreInst = "RAM">   --->   Core 81 'RAM' <Latency = 1> <II = 1> <Delay = 2.32> <Storage> <Opcode : 'load' 'store'> <Ports = 2> <Width = 40> <Depth = 5> <RAM>
ST_2 : Operation 63 [1/2] ( I:0.00ns O:0.00ns )   --->   "%a_load_1 = load i3 %a_addr_1" [matrix_mult.cpp:22]   --->   Operation 63 'load' 'a_load_1' <Predicate = true> <Delay = 0.00> <CoreInst = "RAM">   --->   Core 81 'RAM' <Latency = 1> <II = 1> <Delay = 2.32> <Storage> <Opcode : 'load' 'store'> <Ports = 2> <Width = 40> <Depth = 5> <RAM>
ST_2 : Operation 64 [1/1] (0.00ns)   --->   "%trunc_ln22_6 = trunc i40 %a_load_1" [matrix_mult.cpp:22]   --->   Operation 64 'trunc' 'trunc_ln22_6' <Predicate = true> <Delay = 0.00>
ST_2 : Operation 65 [1/1] (0.00ns)   --->   "%tmp_23 = partselect i8 @_ssdm_op_PartSelect.i8.i40.i40, i40 %a_load_1, i40 8" [matrix_mult.cpp:22]   --->   Operation 65 'partselect' 'tmp_23' <Predicate = true> <Delay = 0.00>
ST_2 : Operation 66 [1/1] (0.00ns)   --->   "%tmp_24 = partselect i8 @_ssdm_op_PartSelect.i8.i40.i40, i40 %a_load_1, i40 16" [matrix_mult.cpp:22]   --->   Operation 66 'partselect' 'tmp_24' <Predicate = true> <Delay = 0.00>
ST_2 : Operation 67 [1/1] (0.00ns)   --->   "%tmp_25 = partselect i8 @_ssdm_op_PartSelect.i8.i40.i40, i40 %a_load_1, i40 24" [matrix_mult.cpp:22]   --->   Operation 67 'partselect' 'tmp_25' <Predicate = true> <Delay = 0.00>
ST_2 : Operation 68 [1/1] (0.00ns)   --->   "%zext_ln22_33 = zext i8 %tmp_25" [matrix_mult.cpp:22]   --->   Operation 68 'zext' 'zext_ln22_33' <Predicate = true> <Delay = 0.00>
ST_2 : Operation 69 [1/1] (0.00ns)   --->   "%tmp_26 = partselect i8 @_ssdm_op_PartSelect.i8.i40.i40, i40 %a_load_1, i40 32" [matrix_mult.cpp:22]   --->   Operation 69 'partselect' 'tmp_26' <Predicate = true> <Delay = 0.00>
ST_2 : Operation 70 [1/1] (0.00ns)   --->   "%zext_ln22_34 = zext i8 %tmp_26" [matrix_mult.cpp:22]   --->   Operation 70 'zext' 'zext_ln22_34' <Predicate = true> <Delay = 0.00>
ST_2 : Operation 71 [3/3] (1.05ns) (grouped into DSP with root node add_ln22_21)   --->   "%mul_ln22_27 = mul i16 %zext_ln22_34, i16 %zext_ln22_9" [matrix_mult.cpp:22]   --->   Operation 71 'mul' 'mul_ln22_27' <Predicate = true> <Delay = 1.05> <CoreInst = "DSP48">   --->   Core 116 'DSP48' <Latency = 3> <II = 1> <Delay = 2.15> <IPBlock> <Opcode : 'add' 'sub' 'mul' 'select'> <InPorts = 0> <OutPorts = 1> <Sync> <CReg>
ST_2 : Operation 72 [1/1] (4.17ns)   --->   "%mul_ln22_28 = mul i16 %zext_ln22_33, i16 %zext_ln22_7" [matrix_mult.cpp:22]   --->   Operation 72 'mul' 'mul_ln22_28' <Predicate = true> <Delay = 4.17> <CoreInst = "Multiplier">   --->   Core 3 'Multiplier' <Latency = 0> <II = 1> <Delay = 4.17> <FuncUnit> <Opcode : 'mul'> <InPorts = 2> <OutPorts = 1>
ST_2 : Operation 73 [3/3] (1.05ns) (grouped into DSP with root node add_ln22_25)   --->   "%mul_ln22_32 = mul i16 %zext_ln22_34, i16 %zext_ln22_14" [matrix_mult.cpp:22]   --->   Operation 73 'mul' 'mul_ln22_32' <Predicate = true> <Delay = 1.05> <CoreInst = "DSP48">   --->   Core 116 'DSP48' <Latency = 3> <II = 1> <Delay = 2.15> <IPBlock> <Opcode : 'add' 'sub' 'mul' 'select'> <InPorts = 0> <OutPorts = 1> <Sync> <CReg>
ST_2 : Operation 74 [1/1] (4.17ns)   --->   "%mul_ln22_33 = mul i16 %zext_ln22_33, i16 %zext_ln22_13" [matrix_mult.cpp:22]   --->   Operation 74 'mul' 'mul_ln22_33' <Predicate = true> <Delay = 4.17> <CoreInst = "Multiplier">   --->   Core 3 'Multiplier' <Latency = 0> <II = 1> <Delay = 4.17> <FuncUnit> <Opcode : 'mul'> <InPorts = 2> <OutPorts = 1>
ST_2 : Operation 75 [1/1] (0.00ns)   --->   "%a_addr_2 = getelementptr i40 %a, i64 0, i64 2" [matrix_mult.cpp:22]   --->   Operation 75 'getelementptr' 'a_addr_2' <Predicate = true> <Delay = 0.00>
ST_2 : Operation 76 [2/2] (0.00ns)   --->   "%a_load_2 = load i3 %a_addr_2" [matrix_mult.cpp:22]   --->   Operation 76 'load' 'a_load_2' <Predicate = true> <Delay = 0.00> <CoreInst = "RAM">   --->   Core 81 'RAM' <Latency = 1> <II = 1> <Delay = 2.32> <Storage> <Opcode : 'load' 'store'> <Ports = 2> <Width = 40> <Depth = 5> <RAM>
ST_2 : Operation 77 [1/1] (0.00ns)   --->   "%a_addr_3 = getelementptr i40 %a, i64 0, i64 3" [matrix_mult.cpp:22]   --->   Operation 77 'getelementptr' 'a_addr_3' <Predicate = true> <Delay = 0.00>
ST_2 : Operation 78 [2/2] (0.00ns)   --->   "%a_load_3 = load i3 %a_addr_3" [matrix_mult.cpp:22]   --->   Operation 78 'load' 'a_load_3' <Predicate = true> <Delay = 0.00> <CoreInst = "RAM">   --->   Core 81 'RAM' <Latency = 1> <II = 1> <Delay = 2.32> <Storage> <Opcode : 'load' 'store'> <Ports = 2> <Width = 40> <Depth = 5> <RAM>

State 3 <SV = 2> <Delay = 4.17>
ST_3 : Operation 79 [2/3] (1.05ns) (grouped into DSP with root node add_ln22_1)   --->   "%mul_ln22_2 = mul i16 %zext_ln22_9, i16 %zext_ln22_8" [matrix_mult.cpp:22]   --->   Operation 79 'mul' 'mul_ln22_2' <Predicate = true> <Delay = 1.05> <CoreInst = "DSP48">   --->   Core 116 'DSP48' <Latency = 3> <II = 1> <Delay = 2.15> <IPBlock> <Opcode : 'add' 'sub' 'mul' 'select'> <InPorts = 0> <OutPorts = 1> <Sync> <CReg>
ST_3 : Operation 80 [2/3] (1.05ns) (grouped into DSP with root node add_ln22_5)   --->   "%mul_ln22_7 = mul i16 %zext_ln22_14, i16 %zext_ln22_8" [matrix_mult.cpp:22]   --->   Operation 80 'mul' 'mul_ln22_7' <Predicate = true> <Delay = 1.05> <CoreInst = "DSP48">   --->   Core 116 'DSP48' <Latency = 3> <II = 1> <Delay = 2.15> <IPBlock> <Opcode : 'add' 'sub' 'mul' 'select'> <InPorts = 0> <OutPorts = 1> <Sync> <CReg>
ST_3 : Operation 81 [1/2] ( I:0.00ns O:0.00ns )   --->   "%b_load_2 = load i3 %b_addr_2" [matrix_mult.cpp:22]   --->   Operation 81 'load' 'b_load_2' <Predicate = true> <Delay = 0.00> <CoreInst = "RAM">   --->   Core 81 'RAM' <Latency = 1> <II = 1> <Delay = 2.32> <Storage> <Opcode : 'load' 'store'> <Ports = 2> <Width = 40> <Depth = 5> <RAM>
ST_3 : Operation 82 [1/1] (0.00ns)   --->   "%trunc_ln22_3 = trunc i40 %b_load_2" [matrix_mult.cpp:22]   --->   Operation 82 'trunc' 'trunc_ln22_3' <Predicate = true> <Delay = 0.00>
ST_3 : Operation 83 [1/1] (0.00ns)   --->   "%tmp_11 = partselect i8 @_ssdm_op_PartSelect.i8.i40.i40, i40 %b_load_2, i40 8" [matrix_mult.cpp:22]   --->   Operation 83 'partselect' 'tmp_11' <Predicate = true> <Delay = 0.00>
ST_3 : Operation 84 [1/1] (0.00ns)   --->   "%tmp_12 = partselect i8 @_ssdm_op_PartSelect.i8.i40.i40, i40 %b_load_2, i40 16" [matrix_mult.cpp:22]   --->   Operation 84 'partselect' 'tmp_12' <Predicate = true> <Delay = 0.00>
ST_3 : Operation 85 [1/1] (0.00ns)   --->   "%tmp_13 = partselect i8 @_ssdm_op_PartSelect.i8.i40.i40, i40 %b_load_2, i40 24" [matrix_mult.cpp:22]   --->   Operation 85 'partselect' 'tmp_13' <Predicate = true> <Delay = 0.00>
ST_3 : Operation 86 [1/1] (0.00ns)   --->   "%zext_ln22_18 = zext i8 %tmp_13" [matrix_mult.cpp:22]   --->   Operation 86 'zext' 'zext_ln22_18' <Predicate = true> <Delay = 0.00>
ST_3 : Operation 87 [1/1] (0.00ns)   --->   "%tmp_14 = partselect i8 @_ssdm_op_PartSelect.i8.i40.i40, i40 %b_load_2, i40 32" [matrix_mult.cpp:22]   --->   Operation 87 'partselect' 'tmp_14' <Predicate = true> <Delay = 0.00>
ST_3 : Operation 88 [1/1] (0.00ns)   --->   "%zext_ln22_19 = zext i8 %tmp_14" [matrix_mult.cpp:22]   --->   Operation 88 'zext' 'zext_ln22_19' <Predicate = true> <Delay = 0.00>
ST_3 : Operation 89 [3/3] (1.05ns) (grouped into DSP with root node add_ln22_9)   --->   "%mul_ln22_12 = mul i16 %zext_ln22_19, i16 %zext_ln22_8" [matrix_mult.cpp:22]   --->   Operation 89 'mul' 'mul_ln22_12' <Predicate = true> <Delay = 1.05> <CoreInst = "DSP48">   --->   Core 116 'DSP48' <Latency = 3> <II = 1> <Delay = 2.15> <IPBlock> <Opcode : 'add' 'sub' 'mul' 'select'> <InPorts = 0> <OutPorts = 1> <Sync> <CReg>
ST_3 : Operation 90 [1/1] (4.17ns)   --->   "%mul_ln22_13 = mul i16 %zext_ln22_18, i16 %zext_ln22_6" [matrix_mult.cpp:22]   --->   Operation 90 'mul' 'mul_ln22_13' <Predicate = true> <Delay = 4.17> <CoreInst = "Multiplier">   --->   Core 3 'Multiplier' <Latency = 0> <II = 1> <Delay = 4.17> <FuncUnit> <Opcode : 'mul'> <InPorts = 2> <OutPorts = 1>
ST_3 : Operation 91 [1/2] ( I:0.00ns O:0.00ns )   --->   "%b_load_3 = load i3 %b_addr_3" [matrix_mult.cpp:22]   --->   Operation 91 'load' 'b_load_3' <Predicate = true> <Delay = 0.00> <CoreInst = "RAM">   --->   Core 81 'RAM' <Latency = 1> <II = 1> <Delay = 2.32> <Storage> <Opcode : 'load' 'store'> <Ports = 2> <Width = 40> <Depth = 5> <RAM>
ST_3 : Operation 92 [1/1] (0.00ns)   --->   "%trunc_ln22_4 = trunc i40 %b_load_3" [matrix_mult.cpp:22]   --->   Operation 92 'trunc' 'trunc_ln22_4' <Predicate = true> <Delay = 0.00>
ST_3 : Operation 93 [1/1] (0.00ns)   --->   "%tmp_15 = partselect i8 @_ssdm_op_PartSelect.i8.i40.i40, i40 %b_load_3, i40 8" [matrix_mult.cpp:22]   --->   Operation 93 'partselect' 'tmp_15' <Predicate = true> <Delay = 0.00>
ST_3 : Operation 94 [1/1] (0.00ns)   --->   "%tmp_16 = partselect i8 @_ssdm_op_PartSelect.i8.i40.i40, i40 %b_load_3, i40 16" [matrix_mult.cpp:22]   --->   Operation 94 'partselect' 'tmp_16' <Predicate = true> <Delay = 0.00>
ST_3 : Operation 95 [1/1] (0.00ns)   --->   "%tmp_17 = partselect i8 @_ssdm_op_PartSelect.i8.i40.i40, i40 %b_load_3, i40 24" [matrix_mult.cpp:22]   --->   Operation 95 'partselect' 'tmp_17' <Predicate = true> <Delay = 0.00>
ST_3 : Operation 96 [1/1] (0.00ns)   --->   "%zext_ln22_23 = zext i8 %tmp_17" [matrix_mult.cpp:22]   --->   Operation 96 'zext' 'zext_ln22_23' <Predicate = true> <Delay = 0.00>
ST_3 : Operation 97 [1/1] (0.00ns)   --->   "%tmp_18 = partselect i8 @_ssdm_op_PartSelect.i8.i40.i40, i40 %b_load_3, i40 32" [matrix_mult.cpp:22]   --->   Operation 97 'partselect' 'tmp_18' <Predicate = true> <Delay = 0.00>
ST_3 : Operation 98 [1/1] (0.00ns)   --->   "%zext_ln22_24 = zext i8 %tmp_18" [matrix_mult.cpp:22]   --->   Operation 98 'zext' 'zext_ln22_24' <Predicate = true> <Delay = 0.00>
ST_3 : Operation 99 [3/3] (1.05ns) (grouped into DSP with root node add_ln22_13)   --->   "%mul_ln22_17 = mul i16 %zext_ln22_24, i16 %zext_ln22_8" [matrix_mult.cpp:22]   --->   Operation 99 'mul' 'mul_ln22_17' <Predicate = true> <Delay = 1.05> <CoreInst = "DSP48">   --->   Core 116 'DSP48' <Latency = 3> <II = 1> <Delay = 2.15> <IPBlock> <Opcode : 'add' 'sub' 'mul' 'select'> <InPorts = 0> <OutPorts = 1> <Sync> <CReg>
ST_3 : Operation 100 [1/1] (4.17ns)   --->   "%mul_ln22_18 = mul i16 %zext_ln22_23, i16 %zext_ln22_6" [matrix_mult.cpp:22]   --->   Operation 100 'mul' 'mul_ln22_18' <Predicate = true> <Delay = 4.17> <CoreInst = "Multiplier">   --->   Core 3 'Multiplier' <Latency = 0> <II = 1> <Delay = 4.17> <FuncUnit> <Opcode : 'mul'> <InPorts = 2> <OutPorts = 1>
ST_3 : Operation 101 [1/1] (0.00ns)   --->   "%b_addr_4 = getelementptr i40 %b, i64 0, i64 4" [matrix_mult.cpp:22]   --->   Operation 101 'getelementptr' 'b_addr_4' <Predicate = true> <Delay = 0.00>
ST_3 : Operation 102 [2/2] (0.00ns)   --->   "%b_load_4 = load i3 %b_addr_4" [matrix_mult.cpp:22]   --->   Operation 102 'load' 'b_load_4' <Predicate = true> <Delay = 0.00> <CoreInst = "RAM">   --->   Core 81 'RAM' <Latency = 1> <II = 1> <Delay = 2.32> <Storage> <Opcode : 'load' 'store'> <Ports = 2> <Width = 40> <Depth = 5> <RAM>
ST_3 : Operation 103 [2/3] (1.05ns) (grouped into DSP with root node add_ln22_21)   --->   "%mul_ln22_27 = mul i16 %zext_ln22_34, i16 %zext_ln22_9" [matrix_mult.cpp:22]   --->   Operation 103 'mul' 'mul_ln22_27' <Predicate = true> <Delay = 1.05> <CoreInst = "DSP48">   --->   Core 116 'DSP48' <Latency = 3> <II = 1> <Delay = 2.15> <IPBlock> <Opcode : 'add' 'sub' 'mul' 'select'> <InPorts = 0> <OutPorts = 1> <Sync> <CReg>
ST_3 : Operation 104 [2/3] (1.05ns) (grouped into DSP with root node add_ln22_25)   --->   "%mul_ln22_32 = mul i16 %zext_ln22_34, i16 %zext_ln22_14" [matrix_mult.cpp:22]   --->   Operation 104 'mul' 'mul_ln22_32' <Predicate = true> <Delay = 1.05> <CoreInst = "DSP48">   --->   Core 116 'DSP48' <Latency = 3> <II = 1> <Delay = 2.15> <IPBlock> <Opcode : 'add' 'sub' 'mul' 'select'> <InPorts = 0> <OutPorts = 1> <Sync> <CReg>
ST_3 : Operation 105 [3/3] (1.05ns) (grouped into DSP with root node add_ln22_29)   --->   "%mul_ln22_37 = mul i16 %zext_ln22_34, i16 %zext_ln22_19" [matrix_mult.cpp:22]   --->   Operation 105 'mul' 'mul_ln22_37' <Predicate = true> <Delay = 1.05> <CoreInst = "DSP48">   --->   Core 116 'DSP48' <Latency = 3> <II = 1> <Delay = 2.15> <IPBlock> <Opcode : 'add' 'sub' 'mul' 'select'> <InPorts = 0> <OutPorts = 1> <Sync> <CReg>
ST_3 : Operation 106 [1/1] (4.17ns)   --->   "%mul_ln22_38 = mul i16 %zext_ln22_33, i16 %zext_ln22_18" [matrix_mult.cpp:22]   --->   Operation 106 'mul' 'mul_ln22_38' <Predicate = true> <Delay = 4.17> <CoreInst = "Multiplier">   --->   Core 3 'Multiplier' <Latency = 0> <II = 1> <Delay = 4.17> <FuncUnit> <Opcode : 'mul'> <InPorts = 2> <OutPorts = 1>
ST_3 : Operation 107 [3/3] (1.05ns) (grouped into DSP with root node add_ln22_33)   --->   "%mul_ln22_42 = mul i16 %zext_ln22_34, i16 %zext_ln22_24" [matrix_mult.cpp:22]   --->   Operation 107 'mul' 'mul_ln22_42' <Predicate = true> <Delay = 1.05> <CoreInst = "DSP48">   --->   Core 116 'DSP48' <Latency = 3> <II = 1> <Delay = 2.15> <IPBlock> <Opcode : 'add' 'sub' 'mul' 'select'> <InPorts = 0> <OutPorts = 1> <Sync> <CReg>
ST_3 : Operation 108 [1/1] (4.17ns)   --->   "%mul_ln22_43 = mul i16 %zext_ln22_33, i16 %zext_ln22_23" [matrix_mult.cpp:22]   --->   Operation 108 'mul' 'mul_ln22_43' <Predicate = true> <Delay = 4.17> <CoreInst = "Multiplier">   --->   Core 3 'Multiplier' <Latency = 0> <II = 1> <Delay = 4.17> <FuncUnit> <Opcode : 'mul'> <InPorts = 2> <OutPorts = 1>
ST_3 : Operation 109 [1/2] ( I:0.00ns O:0.00ns )   --->   "%a_load_2 = load i3 %a_addr_2" [matrix_mult.cpp:22]   --->   Operation 109 'load' 'a_load_2' <Predicate = true> <Delay = 0.00> <CoreInst = "RAM">   --->   Core 81 'RAM' <Latency = 1> <II = 1> <Delay = 2.32> <Storage> <Opcode : 'load' 'store'> <Ports = 2> <Width = 40> <Depth = 5> <RAM>
ST_3 : Operation 110 [1/1] (0.00ns)   --->   "%trunc_ln22_7 = trunc i40 %a_load_2" [matrix_mult.cpp:22]   --->   Operation 110 'trunc' 'trunc_ln22_7' <Predicate = true> <Delay = 0.00>
ST_3 : Operation 111 [1/1] (0.00ns)   --->   "%tmp_27 = partselect i8 @_ssdm_op_PartSelect.i8.i40.i40, i40 %a_load_2, i40 8" [matrix_mult.cpp:22]   --->   Operation 111 'partselect' 'tmp_27' <Predicate = true> <Delay = 0.00>
ST_3 : Operation 112 [1/1] (0.00ns)   --->   "%tmp_28 = partselect i8 @_ssdm_op_PartSelect.i8.i40.i40, i40 %a_load_2, i40 16" [matrix_mult.cpp:22]   --->   Operation 112 'partselect' 'tmp_28' <Predicate = true> <Delay = 0.00>
ST_3 : Operation 113 [1/1] (0.00ns)   --->   "%tmp_29 = partselect i8 @_ssdm_op_PartSelect.i8.i40.i40, i40 %a_load_2, i40 24" [matrix_mult.cpp:22]   --->   Operation 113 'partselect' 'tmp_29' <Predicate = true> <Delay = 0.00>
ST_3 : Operation 114 [1/1] (0.00ns)   --->   "%tmp_30 = partselect i8 @_ssdm_op_PartSelect.i8.i40.i40, i40 %a_load_2, i40 32" [matrix_mult.cpp:22]   --->   Operation 114 'partselect' 'tmp_30' <Predicate = true> <Delay = 0.00>
ST_3 : Operation 115 [1/1] (0.00ns)   --->   "%zext_ln22_39 = zext i8 %tmp_30" [matrix_mult.cpp:22]   --->   Operation 115 'zext' 'zext_ln22_39' <Predicate = true> <Delay = 0.00>
ST_3 : Operation 116 [3/3] (1.05ns) (grouped into DSP with root node add_ln22_41)   --->   "%mul_ln22_52 = mul i16 %zext_ln22_39, i16 %zext_ln22_9" [matrix_mult.cpp:22]   --->   Operation 116 'mul' 'mul_ln22_52' <Predicate = true> <Delay = 1.05> <CoreInst = "DSP48">   --->   Core 116 'DSP48' <Latency = 3> <II = 1> <Delay = 2.15> <IPBlock> <Opcode : 'add' 'sub' 'mul' 'select'> <InPorts = 0> <OutPorts = 1> <Sync> <CReg>
ST_3 : Operation 117 [3/3] (1.05ns) (grouped into DSP with root node add_ln22_45)   --->   "%mul_ln22_57 = mul i16 %zext_ln22_39, i16 %zext_ln22_14" [matrix_mult.cpp:22]   --->   Operation 117 'mul' 'mul_ln22_57' <Predicate = true> <Delay = 1.05> <CoreInst = "DSP48">   --->   Core 116 'DSP48' <Latency = 3> <II = 1> <Delay = 2.15> <IPBlock> <Opcode : 'add' 'sub' 'mul' 'select'> <InPorts = 0> <OutPorts = 1> <Sync> <CReg>
ST_3 : Operation 118 [1/2] ( I:0.00ns O:0.00ns )   --->   "%a_load_3 = load i3 %a_addr_3" [matrix_mult.cpp:22]   --->   Operation 118 'load' 'a_load_3' <Predicate = true> <Delay = 0.00> <CoreInst = "RAM">   --->   Core 81 'RAM' <Latency = 1> <II = 1> <Delay = 2.32> <Storage> <Opcode : 'load' 'store'> <Ports = 2> <Width = 40> <Depth = 5> <RAM>
ST_3 : Operation 119 [1/1] (0.00ns)   --->   "%trunc_ln22_8 = trunc i40 %a_load_3" [matrix_mult.cpp:22]   --->   Operation 119 'trunc' 'trunc_ln22_8' <Predicate = true> <Delay = 0.00>
ST_3 : Operation 120 [1/1] (0.00ns)   --->   "%tmp_31 = partselect i8 @_ssdm_op_PartSelect.i8.i40.i40, i40 %a_load_3, i40 8" [matrix_mult.cpp:22]   --->   Operation 120 'partselect' 'tmp_31' <Predicate = true> <Delay = 0.00>
ST_3 : Operation 121 [1/1] (0.00ns)   --->   "%tmp_32 = partselect i8 @_ssdm_op_PartSelect.i8.i40.i40, i40 %a_load_3, i40 16" [matrix_mult.cpp:22]   --->   Operation 121 'partselect' 'tmp_32' <Predicate = true> <Delay = 0.00>
ST_3 : Operation 122 [1/1] (0.00ns)   --->   "%tmp_33 = partselect i8 @_ssdm_op_PartSelect.i8.i40.i40, i40 %a_load_3, i40 24" [matrix_mult.cpp:22]   --->   Operation 122 'partselect' 'tmp_33' <Predicate = true> <Delay = 0.00>
ST_3 : Operation 123 [1/1] (0.00ns)   --->   "%tmp_34 = partselect i8 @_ssdm_op_PartSelect.i8.i40.i40, i40 %a_load_3, i40 32" [matrix_mult.cpp:22]   --->   Operation 123 'partselect' 'tmp_34' <Predicate = true> <Delay = 0.00>
ST_3 : Operation 124 [1/1] (0.00ns)   --->   "%a_addr_4 = getelementptr i40 %a, i64 0, i64 4" [matrix_mult.cpp:22]   --->   Operation 124 'getelementptr' 'a_addr_4' <Predicate = true> <Delay = 0.00>
ST_3 : Operation 125 [2/2] (0.00ns)   --->   "%a_load_4 = load i3 %a_addr_4" [matrix_mult.cpp:22]   --->   Operation 125 'load' 'a_load_4' <Predicate = true> <Delay = 0.00> <CoreInst = "RAM">   --->   Core 81 'RAM' <Latency = 1> <II = 1> <Delay = 2.32> <Storage> <Opcode : 'load' 'store'> <Ports = 2> <Width = 40> <Depth = 5> <RAM>

State 4 <SV = 3> <Delay = 4.17>
ST_4 : Operation 126 [1/3] (0.00ns) (grouped into DSP with root node add_ln22_1)   --->   "%mul_ln22_2 = mul i16 %zext_ln22_9, i16 %zext_ln22_8" [matrix_mult.cpp:22]   --->   Operation 126 'mul' 'mul_ln22_2' <Predicate = true> <Delay = 0.00> <CoreInst = "DSP48">   --->   Core 116 'DSP48' <Latency = 3> <II = 1> <Delay = 2.15> <IPBlock> <Opcode : 'add' 'sub' 'mul' 'select'> <InPorts = 0> <OutPorts = 1> <Sync> <CReg>
ST_4 : Operation 127 [2/2] (2.10ns) (root node of the DSP)   --->   "%add_ln22_1 = add i16 %mul_ln22_3, i16 %mul_ln22_2" [matrix_mult.cpp:22]   --->   Operation 127 'add' 'add_ln22_1' <Predicate = true> <Delay = 2.10> <CoreInst = "DSP48">   --->   Core 116 'DSP48' <Latency = 3> <II = 1> <Delay = 2.15> <IPBlock> <Opcode : 'add' 'sub' 'mul' 'select'> <InPorts = 0> <OutPorts = 1> <Sync> <CReg>
ST_4 : Operation 128 [1/3] (0.00ns) (grouped into DSP with root node add_ln22_5)   --->   "%mul_ln22_7 = mul i16 %zext_ln22_14, i16 %zext_ln22_8" [matrix_mult.cpp:22]   --->   Operation 128 'mul' 'mul_ln22_7' <Predicate = true> <Delay = 0.00> <CoreInst = "DSP48">   --->   Core 116 'DSP48' <Latency = 3> <II = 1> <Delay = 2.15> <IPBlock> <Opcode : 'add' 'sub' 'mul' 'select'> <InPorts = 0> <OutPorts = 1> <Sync> <CReg>
ST_4 : Operation 129 [2/2] (2.10ns) (root node of the DSP)   --->   "%add_ln22_5 = add i16 %mul_ln22_8, i16 %mul_ln22_7" [matrix_mult.cpp:22]   --->   Operation 129 'add' 'add_ln22_5' <Predicate = true> <Delay = 2.10> <CoreInst = "DSP48">   --->   Core 116 'DSP48' <Latency = 3> <II = 1> <Delay = 2.15> <IPBlock> <Opcode : 'add' 'sub' 'mul' 'select'> <InPorts = 0> <OutPorts = 1> <Sync> <CReg>
ST_4 : Operation 130 [2/3] (1.05ns) (grouped into DSP with root node add_ln22_9)   --->   "%mul_ln22_12 = mul i16 %zext_ln22_19, i16 %zext_ln22_8" [matrix_mult.cpp:22]   --->   Operation 130 'mul' 'mul_ln22_12' <Predicate = true> <Delay = 1.05> <CoreInst = "DSP48">   --->   Core 116 'DSP48' <Latency = 3> <II = 1> <Delay = 2.15> <IPBlock> <Opcode : 'add' 'sub' 'mul' 'select'> <InPorts = 0> <OutPorts = 1> <Sync> <CReg>
ST_4 : Operation 131 [2/3] (1.05ns) (grouped into DSP with root node add_ln22_13)   --->   "%mul_ln22_17 = mul i16 %zext_ln22_24, i16 %zext_ln22_8" [matrix_mult.cpp:22]   --->   Operation 131 'mul' 'mul_ln22_17' <Predicate = true> <Delay = 1.05> <CoreInst = "DSP48">   --->   Core 116 'DSP48' <Latency = 3> <II = 1> <Delay = 2.15> <IPBlock> <Opcode : 'add' 'sub' 'mul' 'select'> <InPorts = 0> <OutPorts = 1> <Sync> <CReg>
ST_4 : Operation 132 [1/2] ( I:0.00ns O:0.00ns )   --->   "%b_load_4 = load i3 %b_addr_4" [matrix_mult.cpp:22]   --->   Operation 132 'load' 'b_load_4' <Predicate = true> <Delay = 0.00> <CoreInst = "RAM">   --->   Core 81 'RAM' <Latency = 1> <II = 1> <Delay = 2.32> <Storage> <Opcode : 'load' 'store'> <Ports = 2> <Width = 40> <Depth = 5> <RAM>
ST_4 : Operation 133 [1/1] (0.00ns)   --->   "%trunc_ln22_5 = trunc i40 %b_load_4" [matrix_mult.cpp:22]   --->   Operation 133 'trunc' 'trunc_ln22_5' <Predicate = true> <Delay = 0.00>
ST_4 : Operation 134 [1/1] (0.00ns)   --->   "%tmp_19 = partselect i8 @_ssdm_op_PartSelect.i8.i40.i40, i40 %b_load_4, i40 8" [matrix_mult.cpp:22]   --->   Operation 134 'partselect' 'tmp_19' <Predicate = true> <Delay = 0.00>
ST_4 : Operation 135 [1/1] (0.00ns)   --->   "%tmp_20 = partselect i8 @_ssdm_op_PartSelect.i8.i40.i40, i40 %b_load_4, i40 16" [matrix_mult.cpp:22]   --->   Operation 135 'partselect' 'tmp_20' <Predicate = true> <Delay = 0.00>
ST_4 : Operation 136 [1/1] (0.00ns)   --->   "%tmp_21 = partselect i8 @_ssdm_op_PartSelect.i8.i40.i40, i40 %b_load_4, i40 24" [matrix_mult.cpp:22]   --->   Operation 136 'partselect' 'tmp_21' <Predicate = true> <Delay = 0.00>
ST_4 : Operation 137 [1/1] (0.00ns)   --->   "%zext_ln22_28 = zext i8 %tmp_21" [matrix_mult.cpp:22]   --->   Operation 137 'zext' 'zext_ln22_28' <Predicate = true> <Delay = 0.00>
ST_4 : Operation 138 [1/1] (0.00ns)   --->   "%tmp_22 = partselect i8 @_ssdm_op_PartSelect.i8.i40.i40, i40 %b_load_4, i40 32" [matrix_mult.cpp:22]   --->   Operation 138 'partselect' 'tmp_22' <Predicate = true> <Delay = 0.00>
ST_4 : Operation 139 [1/1] (0.00ns)   --->   "%zext_ln22_29 = zext i8 %tmp_22" [matrix_mult.cpp:22]   --->   Operation 139 'zext' 'zext_ln22_29' <Predicate = true> <Delay = 0.00>
ST_4 : Operation 140 [3/3] (1.05ns) (grouped into DSP with root node add_ln22_17)   --->   "%mul_ln22_22 = mul i16 %zext_ln22_29, i16 %zext_ln22_8" [matrix_mult.cpp:22]   --->   Operation 140 'mul' 'mul_ln22_22' <Predicate = true> <Delay = 1.05> <CoreInst = "DSP48">   --->   Core 116 'DSP48' <Latency = 3> <II = 1> <Delay = 2.15> <IPBlock> <Opcode : 'add' 'sub' 'mul' 'select'> <InPorts = 0> <OutPorts = 1> <Sync> <CReg>
ST_4 : Operation 141 [1/1] (4.17ns)   --->   "%mul_ln22_23 = mul i16 %zext_ln22_28, i16 %zext_ln22_6" [matrix_mult.cpp:22]   --->   Operation 141 'mul' 'mul_ln22_23' <Predicate = true> <Delay = 4.17> <CoreInst = "Multiplier">   --->   Core 3 'Multiplier' <Latency = 0> <II = 1> <Delay = 4.17> <FuncUnit> <Opcode : 'mul'> <InPorts = 2> <OutPorts = 1>
ST_4 : Operation 142 [1/3] (0.00ns) (grouped into DSP with root node add_ln22_21)   --->   "%mul_ln22_27 = mul i16 %zext_ln22_34, i16 %zext_ln22_9" [matrix_mult.cpp:22]   --->   Operation 142 'mul' 'mul_ln22_27' <Predicate = true> <Delay = 0.00> <CoreInst = "DSP48">   --->   Core 116 'DSP48' <Latency = 3> <II = 1> <Delay = 2.15> <IPBlock> <Opcode : 'add' 'sub' 'mul' 'select'> <InPorts = 0> <OutPorts = 1> <Sync> <CReg>
ST_4 : Operation 143 [2/2] (2.10ns) (root node of the DSP)   --->   "%add_ln22_21 = add i16 %mul_ln22_28, i16 %mul_ln22_27" [matrix_mult.cpp:22]   --->   Operation 143 'add' 'add_ln22_21' <Predicate = true> <Delay = 2.10> <CoreInst = "DSP48">   --->   Core 116 'DSP48' <Latency = 3> <II = 1> <Delay = 2.15> <IPBlock> <Opcode : 'add' 'sub' 'mul' 'select'> <InPorts = 0> <OutPorts = 1> <Sync> <CReg>
ST_4 : Operation 144 [1/3] (0.00ns) (grouped into DSP with root node add_ln22_25)   --->   "%mul_ln22_32 = mul i16 %zext_ln22_34, i16 %zext_ln22_14" [matrix_mult.cpp:22]   --->   Operation 144 'mul' 'mul_ln22_32' <Predicate = true> <Delay = 0.00> <CoreInst = "DSP48">   --->   Core 116 'DSP48' <Latency = 3> <II = 1> <Delay = 2.15> <IPBlock> <Opcode : 'add' 'sub' 'mul' 'select'> <InPorts = 0> <OutPorts = 1> <Sync> <CReg>
ST_4 : Operation 145 [2/2] (2.10ns) (root node of the DSP)   --->   "%add_ln22_25 = add i16 %mul_ln22_33, i16 %mul_ln22_32" [matrix_mult.cpp:22]   --->   Operation 145 'add' 'add_ln22_25' <Predicate = true> <Delay = 2.10> <CoreInst = "DSP48">   --->   Core 116 'DSP48' <Latency = 3> <II = 1> <Delay = 2.15> <IPBlock> <Opcode : 'add' 'sub' 'mul' 'select'> <InPorts = 0> <OutPorts = 1> <Sync> <CReg>
ST_4 : Operation 146 [2/3] (1.05ns) (grouped into DSP with root node add_ln22_29)   --->   "%mul_ln22_37 = mul i16 %zext_ln22_34, i16 %zext_ln22_19" [matrix_mult.cpp:22]   --->   Operation 146 'mul' 'mul_ln22_37' <Predicate = true> <Delay = 1.05> <CoreInst = "DSP48">   --->   Core 116 'DSP48' <Latency = 3> <II = 1> <Delay = 2.15> <IPBlock> <Opcode : 'add' 'sub' 'mul' 'select'> <InPorts = 0> <OutPorts = 1> <Sync> <CReg>
ST_4 : Operation 147 [2/3] (1.05ns) (grouped into DSP with root node add_ln22_33)   --->   "%mul_ln22_42 = mul i16 %zext_ln22_34, i16 %zext_ln22_24" [matrix_mult.cpp:22]   --->   Operation 147 'mul' 'mul_ln22_42' <Predicate = true> <Delay = 1.05> <CoreInst = "DSP48">   --->   Core 116 'DSP48' <Latency = 3> <II = 1> <Delay = 2.15> <IPBlock> <Opcode : 'add' 'sub' 'mul' 'select'> <InPorts = 0> <OutPorts = 1> <Sync> <CReg>
ST_4 : Operation 148 [3/3] (1.05ns) (grouped into DSP with root node add_ln22_37)   --->   "%mul_ln22_47 = mul i16 %zext_ln22_34, i16 %zext_ln22_29" [matrix_mult.cpp:22]   --->   Operation 148 'mul' 'mul_ln22_47' <Predicate = true> <Delay = 1.05> <CoreInst = "DSP48">   --->   Core 116 'DSP48' <Latency = 3> <II = 1> <Delay = 2.15> <IPBlock> <Opcode : 'add' 'sub' 'mul' 'select'> <InPorts = 0> <OutPorts = 1> <Sync> <CReg>
ST_4 : Operation 149 [1/1] (4.17ns)   --->   "%mul_ln22_48 = mul i16 %zext_ln22_33, i16 %zext_ln22_28" [matrix_mult.cpp:22]   --->   Operation 149 'mul' 'mul_ln22_48' <Predicate = true> <Delay = 4.17> <CoreInst = "Multiplier">   --->   Core 3 'Multiplier' <Latency = 0> <II = 1> <Delay = 4.17> <FuncUnit> <Opcode : 'mul'> <InPorts = 2> <OutPorts = 1>
ST_4 : Operation 150 [1/1] (0.00ns)   --->   "%zext_ln22_38 = zext i8 %tmp_29" [matrix_mult.cpp:22]   --->   Operation 150 'zext' 'zext_ln22_38' <Predicate = true> <Delay = 0.00>
ST_4 : Operation 151 [2/3] (1.05ns) (grouped into DSP with root node add_ln22_41)   --->   "%mul_ln22_52 = mul i16 %zext_ln22_39, i16 %zext_ln22_9" [matrix_mult.cpp:22]   --->   Operation 151 'mul' 'mul_ln22_52' <Predicate = true> <Delay = 1.05> <CoreInst = "DSP48">   --->   Core 116 'DSP48' <Latency = 3> <II = 1> <Delay = 2.15> <IPBlock> <Opcode : 'add' 'sub' 'mul' 'select'> <InPorts = 0> <OutPorts = 1> <Sync> <CReg>
ST_4 : Operation 152 [1/1] (4.17ns)   --->   "%mul_ln22_53 = mul i16 %zext_ln22_38, i16 %zext_ln22_7" [matrix_mult.cpp:22]   --->   Operation 152 'mul' 'mul_ln22_53' <Predicate = true> <Delay = 4.17> <CoreInst = "Multiplier">   --->   Core 3 'Multiplier' <Latency = 0> <II = 1> <Delay = 4.17> <FuncUnit> <Opcode : 'mul'> <InPorts = 2> <OutPorts = 1>
ST_4 : Operation 153 [2/3] (1.05ns) (grouped into DSP with root node add_ln22_45)   --->   "%mul_ln22_57 = mul i16 %zext_ln22_39, i16 %zext_ln22_14" [matrix_mult.cpp:22]   --->   Operation 153 'mul' 'mul_ln22_57' <Predicate = true> <Delay = 1.05> <CoreInst = "DSP48">   --->   Core 116 'DSP48' <Latency = 3> <II = 1> <Delay = 2.15> <IPBlock> <Opcode : 'add' 'sub' 'mul' 'select'> <InPorts = 0> <OutPorts = 1> <Sync> <CReg>
ST_4 : Operation 154 [1/1] (4.17ns)   --->   "%mul_ln22_58 = mul i16 %zext_ln22_38, i16 %zext_ln22_13" [matrix_mult.cpp:22]   --->   Operation 154 'mul' 'mul_ln22_58' <Predicate = true> <Delay = 4.17> <CoreInst = "Multiplier">   --->   Core 3 'Multiplier' <Latency = 0> <II = 1> <Delay = 4.17> <FuncUnit> <Opcode : 'mul'> <InPorts = 2> <OutPorts = 1>
ST_4 : Operation 155 [3/3] (1.05ns) (grouped into DSP with root node add_ln22_49)   --->   "%mul_ln22_62 = mul i16 %zext_ln22_39, i16 %zext_ln22_19" [matrix_mult.cpp:22]   --->   Operation 155 'mul' 'mul_ln22_62' <Predicate = true> <Delay = 1.05> <CoreInst = "DSP48">   --->   Core 116 'DSP48' <Latency = 3> <II = 1> <Delay = 2.15> <IPBlock> <Opcode : 'add' 'sub' 'mul' 'select'> <InPorts = 0> <OutPorts = 1> <Sync> <CReg>
ST_4 : Operation 156 [3/3] (1.05ns) (grouped into DSP with root node add_ln22_53)   --->   "%mul_ln22_67 = mul i16 %zext_ln22_39, i16 %zext_ln22_24" [matrix_mult.cpp:22]   --->   Operation 156 'mul' 'mul_ln22_67' <Predicate = true> <Delay = 1.05> <CoreInst = "DSP48">   --->   Core 116 'DSP48' <Latency = 3> <II = 1> <Delay = 2.15> <IPBlock> <Opcode : 'add' 'sub' 'mul' 'select'> <InPorts = 0> <OutPorts = 1> <Sync> <CReg>
ST_4 : Operation 157 [3/3] (1.05ns) (grouped into DSP with root node add_ln22_57)   --->   "%mul_ln22_72 = mul i16 %zext_ln22_39, i16 %zext_ln22_29" [matrix_mult.cpp:22]   --->   Operation 157 'mul' 'mul_ln22_72' <Predicate = true> <Delay = 1.05> <CoreInst = "DSP48">   --->   Core 116 'DSP48' <Latency = 3> <II = 1> <Delay = 2.15> <IPBlock> <Opcode : 'add' 'sub' 'mul' 'select'> <InPorts = 0> <OutPorts = 1> <Sync> <CReg>
ST_4 : Operation 158 [1/1] (0.00ns)   --->   "%zext_ln22_44 = zext i8 %tmp_34" [matrix_mult.cpp:22]   --->   Operation 158 'zext' 'zext_ln22_44' <Predicate = true> <Delay = 0.00>
ST_4 : Operation 159 [3/3] (1.05ns) (grouped into DSP with root node add_ln22_61)   --->   "%mul_ln22_77 = mul i16 %zext_ln22_44, i16 %zext_ln22_9" [matrix_mult.cpp:22]   --->   Operation 159 'mul' 'mul_ln22_77' <Predicate = true> <Delay = 1.05> <CoreInst = "DSP48">   --->   Core 116 'DSP48' <Latency = 3> <II = 1> <Delay = 2.15> <IPBlock> <Opcode : 'add' 'sub' 'mul' 'select'> <InPorts = 0> <OutPorts = 1> <Sync> <CReg>
ST_4 : Operation 160 [1/2] ( I:0.00ns O:0.00ns )   --->   "%a_load_4 = load i3 %a_addr_4" [matrix_mult.cpp:22]   --->   Operation 160 'load' 'a_load_4' <Predicate = true> <Delay = 0.00> <CoreInst = "RAM">   --->   Core 81 'RAM' <Latency = 1> <II = 1> <Delay = 2.32> <Storage> <Opcode : 'load' 'store'> <Ports = 2> <Width = 40> <Depth = 5> <RAM>
ST_4 : Operation 161 [1/1] (0.00ns)   --->   "%trunc_ln22_9 = trunc i40 %a_load_4" [matrix_mult.cpp:22]   --->   Operation 161 'trunc' 'trunc_ln22_9' <Predicate = true> <Delay = 0.00>
ST_4 : Operation 162 [1/1] (0.00ns)   --->   "%tmp_35 = partselect i8 @_ssdm_op_PartSelect.i8.i40.i40, i40 %a_load_4, i40 8" [matrix_mult.cpp:22]   --->   Operation 162 'partselect' 'tmp_35' <Predicate = true> <Delay = 0.00>
ST_4 : Operation 163 [1/1] (0.00ns)   --->   "%tmp_36 = partselect i8 @_ssdm_op_PartSelect.i8.i40.i40, i40 %a_load_4, i40 16" [matrix_mult.cpp:22]   --->   Operation 163 'partselect' 'tmp_36' <Predicate = true> <Delay = 0.00>
ST_4 : Operation 164 [1/1] (0.00ns)   --->   "%tmp_37 = partselect i8 @_ssdm_op_PartSelect.i8.i40.i40, i40 %a_load_4, i40 24" [matrix_mult.cpp:22]   --->   Operation 164 'partselect' 'tmp_37' <Predicate = true> <Delay = 0.00>
ST_4 : Operation 165 [1/1] (0.00ns)   --->   "%tmp_38 = partselect i8 @_ssdm_op_PartSelect.i8.i40.i40, i40 %a_load_4, i40 32" [matrix_mult.cpp:22]   --->   Operation 165 'partselect' 'tmp_38' <Predicate = true> <Delay = 0.00>

State 5 <SV = 4> <Delay = 4.17>
ST_5 : Operation 166 [1/2] (2.10ns) (root node of the DSP)   --->   "%add_ln22_1 = add i16 %mul_ln22_3, i16 %mul_ln22_2" [matrix_mult.cpp:22]   --->   Operation 166 'add' 'add_ln22_1' <Predicate = true> <Delay = 2.10> <CoreInst = "DSP48">   --->   Core 116 'DSP48' <Latency = 3> <II = 1> <Delay = 2.15> <IPBlock> <Opcode : 'add' 'sub' 'mul' 'select'> <InPorts = 0> <OutPorts = 1> <Sync> <CReg>
ST_5 : Operation 167 [1/2] (2.10ns) (root node of the DSP)   --->   "%add_ln22_5 = add i16 %mul_ln22_8, i16 %mul_ln22_7" [matrix_mult.cpp:22]   --->   Operation 167 'add' 'add_ln22_5' <Predicate = true> <Delay = 2.10> <CoreInst = "DSP48">   --->   Core 116 'DSP48' <Latency = 3> <II = 1> <Delay = 2.15> <IPBlock> <Opcode : 'add' 'sub' 'mul' 'select'> <InPorts = 0> <OutPorts = 1> <Sync> <CReg>
ST_5 : Operation 168 [1/3] (0.00ns) (grouped into DSP with root node add_ln22_9)   --->   "%mul_ln22_12 = mul i16 %zext_ln22_19, i16 %zext_ln22_8" [matrix_mult.cpp:22]   --->   Operation 168 'mul' 'mul_ln22_12' <Predicate = true> <Delay = 0.00> <CoreInst = "DSP48">   --->   Core 116 'DSP48' <Latency = 3> <II = 1> <Delay = 2.15> <IPBlock> <Opcode : 'add' 'sub' 'mul' 'select'> <InPorts = 0> <OutPorts = 1> <Sync> <CReg>
ST_5 : Operation 169 [2/2] (2.10ns) (root node of the DSP)   --->   "%add_ln22_9 = add i16 %mul_ln22_13, i16 %mul_ln22_12" [matrix_mult.cpp:22]   --->   Operation 169 'add' 'add_ln22_9' <Predicate = true> <Delay = 2.10> <CoreInst = "DSP48">   --->   Core 116 'DSP48' <Latency = 3> <II = 1> <Delay = 2.15> <IPBlock> <Opcode : 'add' 'sub' 'mul' 'select'> <InPorts = 0> <OutPorts = 1> <Sync> <CReg>
ST_5 : Operation 170 [1/3] (0.00ns) (grouped into DSP with root node add_ln22_13)   --->   "%mul_ln22_17 = mul i16 %zext_ln22_24, i16 %zext_ln22_8" [matrix_mult.cpp:22]   --->   Operation 170 'mul' 'mul_ln22_17' <Predicate = true> <Delay = 0.00> <CoreInst = "DSP48">   --->   Core 116 'DSP48' <Latency = 3> <II = 1> <Delay = 2.15> <IPBlock> <Opcode : 'add' 'sub' 'mul' 'select'> <InPorts = 0> <OutPorts = 1> <Sync> <CReg>
ST_5 : Operation 171 [2/2] (2.10ns) (root node of the DSP)   --->   "%add_ln22_13 = add i16 %mul_ln22_18, i16 %mul_ln22_17" [matrix_mult.cpp:22]   --->   Operation 171 'add' 'add_ln22_13' <Predicate = true> <Delay = 2.10> <CoreInst = "DSP48">   --->   Core 116 'DSP48' <Latency = 3> <II = 1> <Delay = 2.15> <IPBlock> <Opcode : 'add' 'sub' 'mul' 'select'> <InPorts = 0> <OutPorts = 1> <Sync> <CReg>
ST_5 : Operation 172 [2/3] (1.05ns) (grouped into DSP with root node add_ln22_17)   --->   "%mul_ln22_22 = mul i16 %zext_ln22_29, i16 %zext_ln22_8" [matrix_mult.cpp:22]   --->   Operation 172 'mul' 'mul_ln22_22' <Predicate = true> <Delay = 1.05> <CoreInst = "DSP48">   --->   Core 116 'DSP48' <Latency = 3> <II = 1> <Delay = 2.15> <IPBlock> <Opcode : 'add' 'sub' 'mul' 'select'> <InPorts = 0> <OutPorts = 1> <Sync> <CReg>
ST_5 : Operation 173 [1/2] (2.10ns) (root node of the DSP)   --->   "%add_ln22_21 = add i16 %mul_ln22_28, i16 %mul_ln22_27" [matrix_mult.cpp:22]   --->   Operation 173 'add' 'add_ln22_21' <Predicate = true> <Delay = 2.10> <CoreInst = "DSP48">   --->   Core 116 'DSP48' <Latency = 3> <II = 1> <Delay = 2.15> <IPBlock> <Opcode : 'add' 'sub' 'mul' 'select'> <InPorts = 0> <OutPorts = 1> <Sync> <CReg>
ST_5 : Operation 174 [1/2] (2.10ns) (root node of the DSP)   --->   "%add_ln22_25 = add i16 %mul_ln22_33, i16 %mul_ln22_32" [matrix_mult.cpp:22]   --->   Operation 174 'add' 'add_ln22_25' <Predicate = true> <Delay = 2.10> <CoreInst = "DSP48">   --->   Core 116 'DSP48' <Latency = 3> <II = 1> <Delay = 2.15> <IPBlock> <Opcode : 'add' 'sub' 'mul' 'select'> <InPorts = 0> <OutPorts = 1> <Sync> <CReg>
ST_5 : Operation 175 [1/3] (0.00ns) (grouped into DSP with root node add_ln22_29)   --->   "%mul_ln22_37 = mul i16 %zext_ln22_34, i16 %zext_ln22_19" [matrix_mult.cpp:22]   --->   Operation 175 'mul' 'mul_ln22_37' <Predicate = true> <Delay = 0.00> <CoreInst = "DSP48">   --->   Core 116 'DSP48' <Latency = 3> <II = 1> <Delay = 2.15> <IPBlock> <Opcode : 'add' 'sub' 'mul' 'select'> <InPorts = 0> <OutPorts = 1> <Sync> <CReg>
ST_5 : Operation 176 [2/2] (2.10ns) (root node of the DSP)   --->   "%add_ln22_29 = add i16 %mul_ln22_38, i16 %mul_ln22_37" [matrix_mult.cpp:22]   --->   Operation 176 'add' 'add_ln22_29' <Predicate = true> <Delay = 2.10> <CoreInst = "DSP48">   --->   Core 116 'DSP48' <Latency = 3> <II = 1> <Delay = 2.15> <IPBlock> <Opcode : 'add' 'sub' 'mul' 'select'> <InPorts = 0> <OutPorts = 1> <Sync> <CReg>
ST_5 : Operation 177 [1/3] (0.00ns) (grouped into DSP with root node add_ln22_33)   --->   "%mul_ln22_42 = mul i16 %zext_ln22_34, i16 %zext_ln22_24" [matrix_mult.cpp:22]   --->   Operation 177 'mul' 'mul_ln22_42' <Predicate = true> <Delay = 0.00> <CoreInst = "DSP48">   --->   Core 116 'DSP48' <Latency = 3> <II = 1> <Delay = 2.15> <IPBlock> <Opcode : 'add' 'sub' 'mul' 'select'> <InPorts = 0> <OutPorts = 1> <Sync> <CReg>
ST_5 : Operation 178 [2/2] (2.10ns) (root node of the DSP)   --->   "%add_ln22_33 = add i16 %mul_ln22_43, i16 %mul_ln22_42" [matrix_mult.cpp:22]   --->   Operation 178 'add' 'add_ln22_33' <Predicate = true> <Delay = 2.10> <CoreInst = "DSP48">   --->   Core 116 'DSP48' <Latency = 3> <II = 1> <Delay = 2.15> <IPBlock> <Opcode : 'add' 'sub' 'mul' 'select'> <InPorts = 0> <OutPorts = 1> <Sync> <CReg>
ST_5 : Operation 179 [2/3] (1.05ns) (grouped into DSP with root node add_ln22_37)   --->   "%mul_ln22_47 = mul i16 %zext_ln22_34, i16 %zext_ln22_29" [matrix_mult.cpp:22]   --->   Operation 179 'mul' 'mul_ln22_47' <Predicate = true> <Delay = 1.05> <CoreInst = "DSP48">   --->   Core 116 'DSP48' <Latency = 3> <II = 1> <Delay = 2.15> <IPBlock> <Opcode : 'add' 'sub' 'mul' 'select'> <InPorts = 0> <OutPorts = 1> <Sync> <CReg>
ST_5 : Operation 180 [1/3] (0.00ns) (grouped into DSP with root node add_ln22_41)   --->   "%mul_ln22_52 = mul i16 %zext_ln22_39, i16 %zext_ln22_9" [matrix_mult.cpp:22]   --->   Operation 180 'mul' 'mul_ln22_52' <Predicate = true> <Delay = 0.00> <CoreInst = "DSP48">   --->   Core 116 'DSP48' <Latency = 3> <II = 1> <Delay = 2.15> <IPBlock> <Opcode : 'add' 'sub' 'mul' 'select'> <InPorts = 0> <OutPorts = 1> <Sync> <CReg>
ST_5 : Operation 181 [2/2] (2.10ns) (root node of the DSP)   --->   "%add_ln22_41 = add i16 %mul_ln22_53, i16 %mul_ln22_52" [matrix_mult.cpp:22]   --->   Operation 181 'add' 'add_ln22_41' <Predicate = true> <Delay = 2.10> <CoreInst = "DSP48">   --->   Core 116 'DSP48' <Latency = 3> <II = 1> <Delay = 2.15> <IPBlock> <Opcode : 'add' 'sub' 'mul' 'select'> <InPorts = 0> <OutPorts = 1> <Sync> <CReg>
ST_5 : Operation 182 [1/3] (0.00ns) (grouped into DSP with root node add_ln22_45)   --->   "%mul_ln22_57 = mul i16 %zext_ln22_39, i16 %zext_ln22_14" [matrix_mult.cpp:22]   --->   Operation 182 'mul' 'mul_ln22_57' <Predicate = true> <Delay = 0.00> <CoreInst = "DSP48">   --->   Core 116 'DSP48' <Latency = 3> <II = 1> <Delay = 2.15> <IPBlock> <Opcode : 'add' 'sub' 'mul' 'select'> <InPorts = 0> <OutPorts = 1> <Sync> <CReg>
ST_5 : Operation 183 [2/2] (2.10ns) (root node of the DSP)   --->   "%add_ln22_45 = add i16 %mul_ln22_58, i16 %mul_ln22_57" [matrix_mult.cpp:22]   --->   Operation 183 'add' 'add_ln22_45' <Predicate = true> <Delay = 2.10> <CoreInst = "DSP48">   --->   Core 116 'DSP48' <Latency = 3> <II = 1> <Delay = 2.15> <IPBlock> <Opcode : 'add' 'sub' 'mul' 'select'> <InPorts = 0> <OutPorts = 1> <Sync> <CReg>
ST_5 : Operation 184 [2/3] (1.05ns) (grouped into DSP with root node add_ln22_49)   --->   "%mul_ln22_62 = mul i16 %zext_ln22_39, i16 %zext_ln22_19" [matrix_mult.cpp:22]   --->   Operation 184 'mul' 'mul_ln22_62' <Predicate = true> <Delay = 1.05> <CoreInst = "DSP48">   --->   Core 116 'DSP48' <Latency = 3> <II = 1> <Delay = 2.15> <IPBlock> <Opcode : 'add' 'sub' 'mul' 'select'> <InPorts = 0> <OutPorts = 1> <Sync> <CReg>
ST_5 : Operation 185 [1/1] (4.17ns)   --->   "%mul_ln22_63 = mul i16 %zext_ln22_38, i16 %zext_ln22_18" [matrix_mult.cpp:22]   --->   Operation 185 'mul' 'mul_ln22_63' <Predicate = true> <Delay = 4.17> <CoreInst = "Multiplier">   --->   Core 3 'Multiplier' <Latency = 0> <II = 1> <Delay = 4.17> <FuncUnit> <Opcode : 'mul'> <InPorts = 2> <OutPorts = 1>
ST_5 : Operation 186 [2/3] (1.05ns) (grouped into DSP with root node add_ln22_53)   --->   "%mul_ln22_67 = mul i16 %zext_ln22_39, i16 %zext_ln22_24" [matrix_mult.cpp:22]   --->   Operation 186 'mul' 'mul_ln22_67' <Predicate = true> <Delay = 1.05> <CoreInst = "DSP48">   --->   Core 116 'DSP48' <Latency = 3> <II = 1> <Delay = 2.15> <IPBlock> <Opcode : 'add' 'sub' 'mul' 'select'> <InPorts = 0> <OutPorts = 1> <Sync> <CReg>
ST_5 : Operation 187 [1/1] (4.17ns)   --->   "%mul_ln22_68 = mul i16 %zext_ln22_38, i16 %zext_ln22_23" [matrix_mult.cpp:22]   --->   Operation 187 'mul' 'mul_ln22_68' <Predicate = true> <Delay = 4.17> <CoreInst = "Multiplier">   --->   Core 3 'Multiplier' <Latency = 0> <II = 1> <Delay = 4.17> <FuncUnit> <Opcode : 'mul'> <InPorts = 2> <OutPorts = 1>
ST_5 : Operation 188 [2/3] (1.05ns) (grouped into DSP with root node add_ln22_57)   --->   "%mul_ln22_72 = mul i16 %zext_ln22_39, i16 %zext_ln22_29" [matrix_mult.cpp:22]   --->   Operation 188 'mul' 'mul_ln22_72' <Predicate = true> <Delay = 1.05> <CoreInst = "DSP48">   --->   Core 116 'DSP48' <Latency = 3> <II = 1> <Delay = 2.15> <IPBlock> <Opcode : 'add' 'sub' 'mul' 'select'> <InPorts = 0> <OutPorts = 1> <Sync> <CReg>
ST_5 : Operation 189 [1/1] (4.17ns)   --->   "%mul_ln22_73 = mul i16 %zext_ln22_38, i16 %zext_ln22_28" [matrix_mult.cpp:22]   --->   Operation 189 'mul' 'mul_ln22_73' <Predicate = true> <Delay = 4.17> <CoreInst = "Multiplier">   --->   Core 3 'Multiplier' <Latency = 0> <II = 1> <Delay = 4.17> <FuncUnit> <Opcode : 'mul'> <InPorts = 2> <OutPorts = 1>
ST_5 : Operation 190 [1/1] (0.00ns)   --->   "%zext_ln22_43 = zext i8 %tmp_33" [matrix_mult.cpp:22]   --->   Operation 190 'zext' 'zext_ln22_43' <Predicate = true> <Delay = 0.00>
ST_5 : Operation 191 [2/3] (1.05ns) (grouped into DSP with root node add_ln22_61)   --->   "%mul_ln22_77 = mul i16 %zext_ln22_44, i16 %zext_ln22_9" [matrix_mult.cpp:22]   --->   Operation 191 'mul' 'mul_ln22_77' <Predicate = true> <Delay = 1.05> <CoreInst = "DSP48">   --->   Core 116 'DSP48' <Latency = 3> <II = 1> <Delay = 2.15> <IPBlock> <Opcode : 'add' 'sub' 'mul' 'select'> <InPorts = 0> <OutPorts = 1> <Sync> <CReg>
ST_5 : Operation 192 [1/1] (4.17ns)   --->   "%mul_ln22_78 = mul i16 %zext_ln22_43, i16 %zext_ln22_7" [matrix_mult.cpp:22]   --->   Operation 192 'mul' 'mul_ln22_78' <Predicate = true> <Delay = 4.17> <CoreInst = "Multiplier">   --->   Core 3 'Multiplier' <Latency = 0> <II = 1> <Delay = 4.17> <FuncUnit> <Opcode : 'mul'> <InPorts = 2> <OutPorts = 1>
ST_5 : Operation 193 [3/3] (1.05ns) (grouped into DSP with root node add_ln22_65)   --->   "%mul_ln22_82 = mul i16 %zext_ln22_44, i16 %zext_ln22_14" [matrix_mult.cpp:22]   --->   Operation 193 'mul' 'mul_ln22_82' <Predicate = true> <Delay = 1.05> <CoreInst = "DSP48">   --->   Core 116 'DSP48' <Latency = 3> <II = 1> <Delay = 2.15> <IPBlock> <Opcode : 'add' 'sub' 'mul' 'select'> <InPorts = 0> <OutPorts = 1> <Sync> <CReg>
ST_5 : Operation 194 [3/3] (1.05ns) (grouped into DSP with root node add_ln22_69)   --->   "%mul_ln22_87 = mul i16 %zext_ln22_44, i16 %zext_ln22_19" [matrix_mult.cpp:22]   --->   Operation 194 'mul' 'mul_ln22_87' <Predicate = true> <Delay = 1.05> <CoreInst = "DSP48">   --->   Core 116 'DSP48' <Latency = 3> <II = 1> <Delay = 2.15> <IPBlock> <Opcode : 'add' 'sub' 'mul' 'select'> <InPorts = 0> <OutPorts = 1> <Sync> <CReg>
ST_5 : Operation 195 [3/3] (1.05ns) (grouped into DSP with root node add_ln22_73)   --->   "%mul_ln22_92 = mul i16 %zext_ln22_44, i16 %zext_ln22_24" [matrix_mult.cpp:22]   --->   Operation 195 'mul' 'mul_ln22_92' <Predicate = true> <Delay = 1.05> <CoreInst = "DSP48">   --->   Core 116 'DSP48' <Latency = 3> <II = 1> <Delay = 2.15> <IPBlock> <Opcode : 'add' 'sub' 'mul' 'select'> <InPorts = 0> <OutPorts = 1> <Sync> <CReg>
ST_5 : Operation 196 [3/3] (1.05ns) (grouped into DSP with root node add_ln22_77)   --->   "%mul_ln22_97 = mul i16 %zext_ln22_44, i16 %zext_ln22_29" [matrix_mult.cpp:22]   --->   Operation 196 'mul' 'mul_ln22_97' <Predicate = true> <Delay = 1.05> <CoreInst = "DSP48">   --->   Core 116 'DSP48' <Latency = 3> <II = 1> <Delay = 2.15> <IPBlock> <Opcode : 'add' 'sub' 'mul' 'select'> <InPorts = 0> <OutPorts = 1> <Sync> <CReg>
ST_5 : Operation 197 [1/1] (0.00ns)   --->   "%zext_ln22_49 = zext i8 %tmp_38" [matrix_mult.cpp:22]   --->   Operation 197 'zext' 'zext_ln22_49' <Predicate = true> <Delay = 0.00>
ST_5 : Operation 198 [3/3] (1.05ns) (grouped into DSP with root node add_ln22_81)   --->   "%mul_ln22_102 = mul i16 %zext_ln22_49, i16 %zext_ln22_9" [matrix_mult.cpp:22]   --->   Operation 198 'mul' 'mul_ln22_102' <Predicate = true> <Delay = 1.05> <CoreInst = "DSP48">   --->   Core 116 'DSP48' <Latency = 3> <II = 1> <Delay = 2.15> <IPBlock> <Opcode : 'add' 'sub' 'mul' 'select'> <InPorts = 0> <OutPorts = 1> <Sync> <CReg>
ST_5 : Operation 199 [3/3] (1.05ns) (grouped into DSP with root node add_ln22_85)   --->   "%mul_ln22_107 = mul i16 %zext_ln22_49, i16 %zext_ln22_14" [matrix_mult.cpp:22]   --->   Operation 199 'mul' 'mul_ln22_107' <Predicate = true> <Delay = 1.05> <CoreInst = "DSP48">   --->   Core 116 'DSP48' <Latency = 3> <II = 1> <Delay = 2.15> <IPBlock> <Opcode : 'add' 'sub' 'mul' 'select'> <InPorts = 0> <OutPorts = 1> <Sync> <CReg>

State 6 <SV = 5> <Delay = 4.17>
ST_6 : Operation 200 [1/1] (0.00ns)   --->   "%zext_ln22 = zext i8 %trunc_ln22" [matrix_mult.cpp:22]   --->   Operation 200 'zext' 'zext_ln22' <Predicate = true> <Delay = 0.00>
ST_6 : Operation 201 [1/1] (0.00ns)   --->   "%zext_ln22_1 = zext i8 %trunc_ln22_1" [matrix_mult.cpp:22]   --->   Operation 201 'zext' 'zext_ln22_1' <Predicate = true> <Delay = 0.00>
ST_6 : Operation 202 [3/3] (1.05ns) (grouped into DSP with root node add_ln22)   --->   "%mul_ln22 = mul i16 %zext_ln22_1, i16 %zext_ln22" [matrix_mult.cpp:22]   --->   Operation 202 'mul' 'mul_ln22' <Predicate = true> <Delay = 1.05> <CoreInst = "DSP48">   --->   Core 116 'DSP48' <Latency = 3> <II = 1> <Delay = 2.15> <IPBlock> <Opcode : 'add' 'sub' 'mul' 'select'> <InPorts = 0> <OutPorts = 1> <Sync> <CReg>
ST_6 : Operation 203 [1/1] (0.00ns)   --->   "%zext_ln22_10 = zext i8 %trunc_ln22_2" [matrix_mult.cpp:22]   --->   Operation 203 'zext' 'zext_ln22_10' <Predicate = true> <Delay = 0.00>
ST_6 : Operation 204 [3/3] (1.05ns) (grouped into DSP with root node add_ln22_4)   --->   "%mul_ln22_5 = mul i16 %zext_ln22_10, i16 %zext_ln22" [matrix_mult.cpp:22]   --->   Operation 204 'mul' 'mul_ln22_5' <Predicate = true> <Delay = 1.05> <CoreInst = "DSP48">   --->   Core 116 'DSP48' <Latency = 3> <II = 1> <Delay = 2.15> <IPBlock> <Opcode : 'add' 'sub' 'mul' 'select'> <InPorts = 0> <OutPorts = 1> <Sync> <CReg>
ST_6 : Operation 205 [1/1] (0.00ns)   --->   "%zext_ln22_15 = zext i8 %trunc_ln22_3" [matrix_mult.cpp:22]   --->   Operation 205 'zext' 'zext_ln22_15' <Predicate = true> <Delay = 0.00>
ST_6 : Operation 206 [3/3] (1.05ns) (grouped into DSP with root node add_ln22_8)   --->   "%mul_ln22_10 = mul i16 %zext_ln22_15, i16 %zext_ln22" [matrix_mult.cpp:22]   --->   Operation 206 'mul' 'mul_ln22_10' <Predicate = true> <Delay = 1.05> <CoreInst = "DSP48">   --->   Core 116 'DSP48' <Latency = 3> <II = 1> <Delay = 2.15> <IPBlock> <Opcode : 'add' 'sub' 'mul' 'select'> <InPorts = 0> <OutPorts = 1> <Sync> <CReg>
ST_6 : Operation 207 [1/2] (2.10ns) (root node of the DSP)   --->   "%add_ln22_9 = add i16 %mul_ln22_13, i16 %mul_ln22_12" [matrix_mult.cpp:22]   --->   Operation 207 'add' 'add_ln22_9' <Predicate = true> <Delay = 2.10> <CoreInst = "DSP48">   --->   Core 116 'DSP48' <Latency = 3> <II = 1> <Delay = 2.15> <IPBlock> <Opcode : 'add' 'sub' 'mul' 'select'> <InPorts = 0> <OutPorts = 1> <Sync> <CReg>
ST_6 : Operation 208 [1/2] (2.10ns) (root node of the DSP)   --->   "%add_ln22_13 = add i16 %mul_ln22_18, i16 %mul_ln22_17" [matrix_mult.cpp:22]   --->   Operation 208 'add' 'add_ln22_13' <Predicate = true> <Delay = 2.10> <CoreInst = "DSP48">   --->   Core 116 'DSP48' <Latency = 3> <II = 1> <Delay = 2.15> <IPBlock> <Opcode : 'add' 'sub' 'mul' 'select'> <InPorts = 0> <OutPorts = 1> <Sync> <CReg>
ST_6 : Operation 209 [1/3] (0.00ns) (grouped into DSP with root node add_ln22_17)   --->   "%mul_ln22_22 = mul i16 %zext_ln22_29, i16 %zext_ln22_8" [matrix_mult.cpp:22]   --->   Operation 209 'mul' 'mul_ln22_22' <Predicate = true> <Delay = 0.00> <CoreInst = "DSP48">   --->   Core 116 'DSP48' <Latency = 3> <II = 1> <Delay = 2.15> <IPBlock> <Opcode : 'add' 'sub' 'mul' 'select'> <InPorts = 0> <OutPorts = 1> <Sync> <CReg>
ST_6 : Operation 210 [2/2] (2.10ns) (root node of the DSP)   --->   "%add_ln22_17 = add i16 %mul_ln22_23, i16 %mul_ln22_22" [matrix_mult.cpp:22]   --->   Operation 210 'add' 'add_ln22_17' <Predicate = true> <Delay = 2.10> <CoreInst = "DSP48">   --->   Core 116 'DSP48' <Latency = 3> <II = 1> <Delay = 2.15> <IPBlock> <Opcode : 'add' 'sub' 'mul' 'select'> <InPorts = 0> <OutPorts = 1> <Sync> <CReg>
ST_6 : Operation 211 [1/2] (2.10ns) (root node of the DSP)   --->   "%add_ln22_29 = add i16 %mul_ln22_38, i16 %mul_ln22_37" [matrix_mult.cpp:22]   --->   Operation 211 'add' 'add_ln22_29' <Predicate = true> <Delay = 2.10> <CoreInst = "DSP48">   --->   Core 116 'DSP48' <Latency = 3> <II = 1> <Delay = 2.15> <IPBlock> <Opcode : 'add' 'sub' 'mul' 'select'> <InPorts = 0> <OutPorts = 1> <Sync> <CReg>
ST_6 : Operation 212 [1/2] (2.10ns) (root node of the DSP)   --->   "%add_ln22_33 = add i16 %mul_ln22_43, i16 %mul_ln22_42" [matrix_mult.cpp:22]   --->   Operation 212 'add' 'add_ln22_33' <Predicate = true> <Delay = 2.10> <CoreInst = "DSP48">   --->   Core 116 'DSP48' <Latency = 3> <II = 1> <Delay = 2.15> <IPBlock> <Opcode : 'add' 'sub' 'mul' 'select'> <InPorts = 0> <OutPorts = 1> <Sync> <CReg>
ST_6 : Operation 213 [1/3] (0.00ns) (grouped into DSP with root node add_ln22_37)   --->   "%mul_ln22_47 = mul i16 %zext_ln22_34, i16 %zext_ln22_29" [matrix_mult.cpp:22]   --->   Operation 213 'mul' 'mul_ln22_47' <Predicate = true> <Delay = 0.00> <CoreInst = "DSP48">   --->   Core 116 'DSP48' <Latency = 3> <II = 1> <Delay = 2.15> <IPBlock> <Opcode : 'add' 'sub' 'mul' 'select'> <InPorts = 0> <OutPorts = 1> <Sync> <CReg>
ST_6 : Operation 214 [2/2] (2.10ns) (root node of the DSP)   --->   "%add_ln22_37 = add i16 %mul_ln22_48, i16 %mul_ln22_47" [matrix_mult.cpp:22]   --->   Operation 214 'add' 'add_ln22_37' <Predicate = true> <Delay = 2.10> <CoreInst = "DSP48">   --->   Core 116 'DSP48' <Latency = 3> <II = 1> <Delay = 2.15> <IPBlock> <Opcode : 'add' 'sub' 'mul' 'select'> <InPorts = 0> <OutPorts = 1> <Sync> <CReg>
ST_6 : Operation 215 [1/2] (2.10ns) (root node of the DSP)   --->   "%add_ln22_41 = add i16 %mul_ln22_53, i16 %mul_ln22_52" [matrix_mult.cpp:22]   --->   Operation 215 'add' 'add_ln22_41' <Predicate = true> <Delay = 2.10> <CoreInst = "DSP48">   --->   Core 116 'DSP48' <Latency = 3> <II = 1> <Delay = 2.15> <IPBlock> <Opcode : 'add' 'sub' 'mul' 'select'> <InPorts = 0> <OutPorts = 1> <Sync> <CReg>
ST_6 : Operation 216 [1/2] (2.10ns) (root node of the DSP)   --->   "%add_ln22_45 = add i16 %mul_ln22_58, i16 %mul_ln22_57" [matrix_mult.cpp:22]   --->   Operation 216 'add' 'add_ln22_45' <Predicate = true> <Delay = 2.10> <CoreInst = "DSP48">   --->   Core 116 'DSP48' <Latency = 3> <II = 1> <Delay = 2.15> <IPBlock> <Opcode : 'add' 'sub' 'mul' 'select'> <InPorts = 0> <OutPorts = 1> <Sync> <CReg>
ST_6 : Operation 217 [1/3] (0.00ns) (grouped into DSP with root node add_ln22_49)   --->   "%mul_ln22_62 = mul i16 %zext_ln22_39, i16 %zext_ln22_19" [matrix_mult.cpp:22]   --->   Operation 217 'mul' 'mul_ln22_62' <Predicate = true> <Delay = 0.00> <CoreInst = "DSP48">   --->   Core 116 'DSP48' <Latency = 3> <II = 1> <Delay = 2.15> <IPBlock> <Opcode : 'add' 'sub' 'mul' 'select'> <InPorts = 0> <OutPorts = 1> <Sync> <CReg>
ST_6 : Operation 218 [2/2] (2.10ns) (root node of the DSP)   --->   "%add_ln22_49 = add i16 %mul_ln22_63, i16 %mul_ln22_62" [matrix_mult.cpp:22]   --->   Operation 218 'add' 'add_ln22_49' <Predicate = true> <Delay = 2.10> <CoreInst = "DSP48">   --->   Core 116 'DSP48' <Latency = 3> <II = 1> <Delay = 2.15> <IPBlock> <Opcode : 'add' 'sub' 'mul' 'select'> <InPorts = 0> <OutPorts = 1> <Sync> <CReg>
ST_6 : Operation 219 [1/3] (0.00ns) (grouped into DSP with root node add_ln22_53)   --->   "%mul_ln22_67 = mul i16 %zext_ln22_39, i16 %zext_ln22_24" [matrix_mult.cpp:22]   --->   Operation 219 'mul' 'mul_ln22_67' <Predicate = true> <Delay = 0.00> <CoreInst = "DSP48">   --->   Core 116 'DSP48' <Latency = 3> <II = 1> <Delay = 2.15> <IPBlock> <Opcode : 'add' 'sub' 'mul' 'select'> <InPorts = 0> <OutPorts = 1> <Sync> <CReg>
ST_6 : Operation 220 [2/2] (2.10ns) (root node of the DSP)   --->   "%add_ln22_53 = add i16 %mul_ln22_68, i16 %mul_ln22_67" [matrix_mult.cpp:22]   --->   Operation 220 'add' 'add_ln22_53' <Predicate = true> <Delay = 2.10> <CoreInst = "DSP48">   --->   Core 116 'DSP48' <Latency = 3> <II = 1> <Delay = 2.15> <IPBlock> <Opcode : 'add' 'sub' 'mul' 'select'> <InPorts = 0> <OutPorts = 1> <Sync> <CReg>
ST_6 : Operation 221 [1/3] (0.00ns) (grouped into DSP with root node add_ln22_57)   --->   "%mul_ln22_72 = mul i16 %zext_ln22_39, i16 %zext_ln22_29" [matrix_mult.cpp:22]   --->   Operation 221 'mul' 'mul_ln22_72' <Predicate = true> <Delay = 0.00> <CoreInst = "DSP48">   --->   Core 116 'DSP48' <Latency = 3> <II = 1> <Delay = 2.15> <IPBlock> <Opcode : 'add' 'sub' 'mul' 'select'> <InPorts = 0> <OutPorts = 1> <Sync> <CReg>
ST_6 : Operation 222 [2/2] (2.10ns) (root node of the DSP)   --->   "%add_ln22_57 = add i16 %mul_ln22_73, i16 %mul_ln22_72" [matrix_mult.cpp:22]   --->   Operation 222 'add' 'add_ln22_57' <Predicate = true> <Delay = 2.10> <CoreInst = "DSP48">   --->   Core 116 'DSP48' <Latency = 3> <II = 1> <Delay = 2.15> <IPBlock> <Opcode : 'add' 'sub' 'mul' 'select'> <InPorts = 0> <OutPorts = 1> <Sync> <CReg>
ST_6 : Operation 223 [1/3] (0.00ns) (grouped into DSP with root node add_ln22_61)   --->   "%mul_ln22_77 = mul i16 %zext_ln22_44, i16 %zext_ln22_9" [matrix_mult.cpp:22]   --->   Operation 223 'mul' 'mul_ln22_77' <Predicate = true> <Delay = 0.00> <CoreInst = "DSP48">   --->   Core 116 'DSP48' <Latency = 3> <II = 1> <Delay = 2.15> <IPBlock> <Opcode : 'add' 'sub' 'mul' 'select'> <InPorts = 0> <OutPorts = 1> <Sync> <CReg>
ST_6 : Operation 224 [2/2] (2.10ns) (root node of the DSP)   --->   "%add_ln22_61 = add i16 %mul_ln22_78, i16 %mul_ln22_77" [matrix_mult.cpp:22]   --->   Operation 224 'add' 'add_ln22_61' <Predicate = true> <Delay = 2.10> <CoreInst = "DSP48">   --->   Core 116 'DSP48' <Latency = 3> <II = 1> <Delay = 2.15> <IPBlock> <Opcode : 'add' 'sub' 'mul' 'select'> <InPorts = 0> <OutPorts = 1> <Sync> <CReg>
ST_6 : Operation 225 [2/3] (1.05ns) (grouped into DSP with root node add_ln22_65)   --->   "%mul_ln22_82 = mul i16 %zext_ln22_44, i16 %zext_ln22_14" [matrix_mult.cpp:22]   --->   Operation 225 'mul' 'mul_ln22_82' <Predicate = true> <Delay = 1.05> <CoreInst = "DSP48">   --->   Core 116 'DSP48' <Latency = 3> <II = 1> <Delay = 2.15> <IPBlock> <Opcode : 'add' 'sub' 'mul' 'select'> <InPorts = 0> <OutPorts = 1> <Sync> <CReg>
ST_6 : Operation 226 [1/1] (4.17ns)   --->   "%mul_ln22_83 = mul i16 %zext_ln22_43, i16 %zext_ln22_13" [matrix_mult.cpp:22]   --->   Operation 226 'mul' 'mul_ln22_83' <Predicate = true> <Delay = 4.17> <CoreInst = "Multiplier">   --->   Core 3 'Multiplier' <Latency = 0> <II = 1> <Delay = 4.17> <FuncUnit> <Opcode : 'mul'> <InPorts = 2> <OutPorts = 1>
ST_6 : Operation 227 [2/3] (1.05ns) (grouped into DSP with root node add_ln22_69)   --->   "%mul_ln22_87 = mul i16 %zext_ln22_44, i16 %zext_ln22_19" [matrix_mult.cpp:22]   --->   Operation 227 'mul' 'mul_ln22_87' <Predicate = true> <Delay = 1.05> <CoreInst = "DSP48">   --->   Core 116 'DSP48' <Latency = 3> <II = 1> <Delay = 2.15> <IPBlock> <Opcode : 'add' 'sub' 'mul' 'select'> <InPorts = 0> <OutPorts = 1> <Sync> <CReg>
ST_6 : Operation 228 [1/1] (4.17ns)   --->   "%mul_ln22_88 = mul i16 %zext_ln22_43, i16 %zext_ln22_18" [matrix_mult.cpp:22]   --->   Operation 228 'mul' 'mul_ln22_88' <Predicate = true> <Delay = 4.17> <CoreInst = "Multiplier">   --->   Core 3 'Multiplier' <Latency = 0> <II = 1> <Delay = 4.17> <FuncUnit> <Opcode : 'mul'> <InPorts = 2> <OutPorts = 1>
ST_6 : Operation 229 [2/3] (1.05ns) (grouped into DSP with root node add_ln22_73)   --->   "%mul_ln22_92 = mul i16 %zext_ln22_44, i16 %zext_ln22_24" [matrix_mult.cpp:22]   --->   Operation 229 'mul' 'mul_ln22_92' <Predicate = true> <Delay = 1.05> <CoreInst = "DSP48">   --->   Core 116 'DSP48' <Latency = 3> <II = 1> <Delay = 2.15> <IPBlock> <Opcode : 'add' 'sub' 'mul' 'select'> <InPorts = 0> <OutPorts = 1> <Sync> <CReg>
ST_6 : Operation 230 [1/1] (4.17ns)   --->   "%mul_ln22_93 = mul i16 %zext_ln22_43, i16 %zext_ln22_23" [matrix_mult.cpp:22]   --->   Operation 230 'mul' 'mul_ln22_93' <Predicate = true> <Delay = 4.17> <CoreInst = "Multiplier">   --->   Core 3 'Multiplier' <Latency = 0> <II = 1> <Delay = 4.17> <FuncUnit> <Opcode : 'mul'> <InPorts = 2> <OutPorts = 1>
ST_6 : Operation 231 [2/3] (1.05ns) (grouped into DSP with root node add_ln22_77)   --->   "%mul_ln22_97 = mul i16 %zext_ln22_44, i16 %zext_ln22_29" [matrix_mult.cpp:22]   --->   Operation 231 'mul' 'mul_ln22_97' <Predicate = true> <Delay = 1.05> <CoreInst = "DSP48">   --->   Core 116 'DSP48' <Latency = 3> <II = 1> <Delay = 2.15> <IPBlock> <Opcode : 'add' 'sub' 'mul' 'select'> <InPorts = 0> <OutPorts = 1> <Sync> <CReg>
ST_6 : Operation 232 [1/1] (4.17ns)   --->   "%mul_ln22_98 = mul i16 %zext_ln22_43, i16 %zext_ln22_28" [matrix_mult.cpp:22]   --->   Operation 232 'mul' 'mul_ln22_98' <Predicate = true> <Delay = 4.17> <CoreInst = "Multiplier">   --->   Core 3 'Multiplier' <Latency = 0> <II = 1> <Delay = 4.17> <FuncUnit> <Opcode : 'mul'> <InPorts = 2> <OutPorts = 1>
ST_6 : Operation 233 [2/3] (1.05ns) (grouped into DSP with root node add_ln22_81)   --->   "%mul_ln22_102 = mul i16 %zext_ln22_49, i16 %zext_ln22_9" [matrix_mult.cpp:22]   --->   Operation 233 'mul' 'mul_ln22_102' <Predicate = true> <Delay = 1.05> <CoreInst = "DSP48">   --->   Core 116 'DSP48' <Latency = 3> <II = 1> <Delay = 2.15> <IPBlock> <Opcode : 'add' 'sub' 'mul' 'select'> <InPorts = 0> <OutPorts = 1> <Sync> <CReg>
ST_6 : Operation 234 [2/3] (1.05ns) (grouped into DSP with root node add_ln22_85)   --->   "%mul_ln22_107 = mul i16 %zext_ln22_49, i16 %zext_ln22_14" [matrix_mult.cpp:22]   --->   Operation 234 'mul' 'mul_ln22_107' <Predicate = true> <Delay = 1.05> <CoreInst = "DSP48">   --->   Core 116 'DSP48' <Latency = 3> <II = 1> <Delay = 2.15> <IPBlock> <Opcode : 'add' 'sub' 'mul' 'select'> <InPorts = 0> <OutPorts = 1> <Sync> <CReg>
ST_6 : Operation 235 [3/3] (1.05ns) (grouped into DSP with root node add_ln22_89)   --->   "%mul_ln22_112 = mul i16 %zext_ln22_49, i16 %zext_ln22_19" [matrix_mult.cpp:22]   --->   Operation 235 'mul' 'mul_ln22_112' <Predicate = true> <Delay = 1.05> <CoreInst = "DSP48">   --->   Core 116 'DSP48' <Latency = 3> <II = 1> <Delay = 2.15> <IPBlock> <Opcode : 'add' 'sub' 'mul' 'select'> <InPorts = 0> <OutPorts = 1> <Sync> <CReg>
ST_6 : Operation 236 [3/3] (1.05ns) (grouped into DSP with root node add_ln22_93)   --->   "%mul_ln22_117 = mul i16 %zext_ln22_49, i16 %zext_ln22_24" [matrix_mult.cpp:22]   --->   Operation 236 'mul' 'mul_ln22_117' <Predicate = true> <Delay = 1.05> <CoreInst = "DSP48">   --->   Core 116 'DSP48' <Latency = 3> <II = 1> <Delay = 2.15> <IPBlock> <Opcode : 'add' 'sub' 'mul' 'select'> <InPorts = 0> <OutPorts = 1> <Sync> <CReg>
ST_6 : Operation 237 [3/3] (1.05ns) (grouped into DSP with root node add_ln22_97)   --->   "%mul_ln22_122 = mul i16 %zext_ln22_49, i16 %zext_ln22_29" [matrix_mult.cpp:22]   --->   Operation 237 'mul' 'mul_ln22_122' <Predicate = true> <Delay = 1.05> <CoreInst = "DSP48">   --->   Core 116 'DSP48' <Latency = 3> <II = 1> <Delay = 2.15> <IPBlock> <Opcode : 'add' 'sub' 'mul' 'select'> <InPorts = 0> <OutPorts = 1> <Sync> <CReg>

State 7 <SV = 6> <Delay = 6.27>
ST_7 : Operation 238 [1/1] (0.00ns)   --->   "%zext_ln22_4 = zext i8 %tmp_2" [matrix_mult.cpp:22]   --->   Operation 238 'zext' 'zext_ln22_4' <Predicate = true> <Delay = 0.00>
ST_7 : Operation 239 [1/1] (0.00ns)   --->   "%zext_ln22_5 = zext i8 %tmp_3" [matrix_mult.cpp:22]   --->   Operation 239 'zext' 'zext_ln22_5' <Predicate = true> <Delay = 0.00>
ST_7 : Operation 240 [2/3] (1.05ns) (grouped into DSP with root node add_ln22)   --->   "%mul_ln22 = mul i16 %zext_ln22_1, i16 %zext_ln22" [matrix_mult.cpp:22]   --->   Operation 240 'mul' 'mul_ln22' <Predicate = true> <Delay = 1.05> <CoreInst = "DSP48">   --->   Core 116 'DSP48' <Latency = 3> <II = 1> <Delay = 2.15> <IPBlock> <Opcode : 'add' 'sub' 'mul' 'select'> <InPorts = 0> <OutPorts = 1> <Sync> <CReg>
ST_7 : Operation 241 [3/3] (1.05ns) (grouped into DSP with root node add_ln22_2)   --->   "%mul_ln22_4 = mul i16 %zext_ln22_5, i16 %zext_ln22_4" [matrix_mult.cpp:22]   --->   Operation 241 'mul' 'mul_ln22_4' <Predicate = true> <Delay = 1.05> <CoreInst = "DSP48">   --->   Core 116 'DSP48' <Latency = 3> <II = 1> <Delay = 2.15> <IPBlock> <Opcode : 'add' 'sub' 'mul' 'select'> <InPorts = 0> <OutPorts = 1> <Sync> <CReg>
ST_7 : Operation 242 [1/1] (0.00ns)   --->   "%zext_ln22_12 = zext i8 %tmp_9" [matrix_mult.cpp:22]   --->   Operation 242 'zext' 'zext_ln22_12' <Predicate = true> <Delay = 0.00>
ST_7 : Operation 243 [2/3] (1.05ns) (grouped into DSP with root node add_ln22_4)   --->   "%mul_ln22_5 = mul i16 %zext_ln22_10, i16 %zext_ln22" [matrix_mult.cpp:22]   --->   Operation 243 'mul' 'mul_ln22_5' <Predicate = true> <Delay = 1.05> <CoreInst = "DSP48">   --->   Core 116 'DSP48' <Latency = 3> <II = 1> <Delay = 2.15> <IPBlock> <Opcode : 'add' 'sub' 'mul' 'select'> <InPorts = 0> <OutPorts = 1> <Sync> <CReg>
ST_7 : Operation 244 [3/3] (1.05ns) (grouped into DSP with root node add_ln22_6)   --->   "%mul_ln22_9 = mul i16 %zext_ln22_12, i16 %zext_ln22_4" [matrix_mult.cpp:22]   --->   Operation 244 'mul' 'mul_ln22_9' <Predicate = true> <Delay = 1.05> <CoreInst = "DSP48">   --->   Core 116 'DSP48' <Latency = 3> <II = 1> <Delay = 2.15> <IPBlock> <Opcode : 'add' 'sub' 'mul' 'select'> <InPorts = 0> <OutPorts = 1> <Sync> <CReg>
ST_7 : Operation 245 [2/3] (1.05ns) (grouped into DSP with root node add_ln22_8)   --->   "%mul_ln22_10 = mul i16 %zext_ln22_15, i16 %zext_ln22" [matrix_mult.cpp:22]   --->   Operation 245 'mul' 'mul_ln22_10' <Predicate = true> <Delay = 1.05> <CoreInst = "DSP48">   --->   Core 116 'DSP48' <Latency = 3> <II = 1> <Delay = 2.15> <IPBlock> <Opcode : 'add' 'sub' 'mul' 'select'> <InPorts = 0> <OutPorts = 1> <Sync> <CReg>
ST_7 : Operation 246 [1/1] (0.00ns)   --->   "%zext_ln22_20 = zext i8 %trunc_ln22_4" [matrix_mult.cpp:22]   --->   Operation 246 'zext' 'zext_ln22_20' <Predicate = true> <Delay = 0.00>
ST_7 : Operation 247 [3/3] (1.05ns) (grouped into DSP with root node add_ln22_12)   --->   "%mul_ln22_15 = mul i16 %zext_ln22_20, i16 %zext_ln22" [matrix_mult.cpp:22]   --->   Operation 247 'mul' 'mul_ln22_15' <Predicate = true> <Delay = 1.05> <CoreInst = "DSP48">   --->   Core 116 'DSP48' <Latency = 3> <II = 1> <Delay = 2.15> <IPBlock> <Opcode : 'add' 'sub' 'mul' 'select'> <InPorts = 0> <OutPorts = 1> <Sync> <CReg>
ST_7 : Operation 248 [1/1] (0.00ns)   --->   "%zext_ln22_25 = zext i8 %trunc_ln22_5" [matrix_mult.cpp:22]   --->   Operation 248 'zext' 'zext_ln22_25' <Predicate = true> <Delay = 0.00>
ST_7 : Operation 249 [3/3] (1.05ns) (grouped into DSP with root node add_ln22_16)   --->   "%mul_ln22_20 = mul i16 %zext_ln22_25, i16 %zext_ln22" [matrix_mult.cpp:22]   --->   Operation 249 'mul' 'mul_ln22_20' <Predicate = true> <Delay = 1.05> <CoreInst = "DSP48">   --->   Core 116 'DSP48' <Latency = 3> <II = 1> <Delay = 2.15> <IPBlock> <Opcode : 'add' 'sub' 'mul' 'select'> <InPorts = 0> <OutPorts = 1> <Sync> <CReg>
ST_7 : Operation 250 [1/2] (2.10ns) (root node of the DSP)   --->   "%add_ln22_17 = add i16 %mul_ln22_23, i16 %mul_ln22_22" [matrix_mult.cpp:22]   --->   Operation 250 'add' 'add_ln22_17' <Predicate = true> <Delay = 2.10> <CoreInst = "DSP48">   --->   Core 116 'DSP48' <Latency = 3> <II = 1> <Delay = 2.15> <IPBlock> <Opcode : 'add' 'sub' 'mul' 'select'> <InPorts = 0> <OutPorts = 1> <Sync> <CReg>
ST_7 : Operation 251 [1/1] (0.00ns)   --->   "%zext_ln22_30 = zext i8 %trunc_ln22_6" [matrix_mult.cpp:22]   --->   Operation 251 'zext' 'zext_ln22_30' <Predicate = true> <Delay = 0.00>
ST_7 : Operation 252 [3/3] (1.05ns) (grouped into DSP with root node add_ln22_20)   --->   "%mul_ln22_25 = mul i16 %zext_ln22_30, i16 %zext_ln22_1" [matrix_mult.cpp:22]   --->   Operation 252 'mul' 'mul_ln22_25' <Predicate = true> <Delay = 1.05> <CoreInst = "DSP48">   --->   Core 116 'DSP48' <Latency = 3> <II = 1> <Delay = 2.15> <IPBlock> <Opcode : 'add' 'sub' 'mul' 'select'> <InPorts = 0> <OutPorts = 1> <Sync> <CReg>
ST_7 : Operation 253 [3/3] (1.05ns) (grouped into DSP with root node add_ln22_24)   --->   "%mul_ln22_30 = mul i16 %zext_ln22_30, i16 %zext_ln22_10" [matrix_mult.cpp:22]   --->   Operation 253 'mul' 'mul_ln22_30' <Predicate = true> <Delay = 1.05> <CoreInst = "DSP48">   --->   Core 116 'DSP48' <Latency = 3> <II = 1> <Delay = 2.15> <IPBlock> <Opcode : 'add' 'sub' 'mul' 'select'> <InPorts = 0> <OutPorts = 1> <Sync> <CReg>
ST_7 : Operation 254 [1/2] (2.10ns) (root node of the DSP)   --->   "%add_ln22_37 = add i16 %mul_ln22_48, i16 %mul_ln22_47" [matrix_mult.cpp:22]   --->   Operation 254 'add' 'add_ln22_37' <Predicate = true> <Delay = 2.10> <CoreInst = "DSP48">   --->   Core 116 'DSP48' <Latency = 3> <II = 1> <Delay = 2.15> <IPBlock> <Opcode : 'add' 'sub' 'mul' 'select'> <InPorts = 0> <OutPorts = 1> <Sync> <CReg>
ST_7 : Operation 255 [1/2] (2.10ns) (root node of the DSP)   --->   "%add_ln22_49 = add i16 %mul_ln22_63, i16 %mul_ln22_62" [matrix_mult.cpp:22]   --->   Operation 255 'add' 'add_ln22_49' <Predicate = true> <Delay = 2.10> <CoreInst = "DSP48">   --->   Core 116 'DSP48' <Latency = 3> <II = 1> <Delay = 2.15> <IPBlock> <Opcode : 'add' 'sub' 'mul' 'select'> <InPorts = 0> <OutPorts = 1> <Sync> <CReg>
ST_7 : Operation 256 [1/2] (2.10ns) (root node of the DSP)   --->   "%add_ln22_53 = add i16 %mul_ln22_68, i16 %mul_ln22_67" [matrix_mult.cpp:22]   --->   Operation 256 'add' 'add_ln22_53' <Predicate = true> <Delay = 2.10> <CoreInst = "DSP48">   --->   Core 116 'DSP48' <Latency = 3> <II = 1> <Delay = 2.15> <IPBlock> <Opcode : 'add' 'sub' 'mul' 'select'> <InPorts = 0> <OutPorts = 1> <Sync> <CReg>
ST_7 : Operation 257 [1/2] (2.10ns) (root node of the DSP)   --->   "%add_ln22_57 = add i16 %mul_ln22_73, i16 %mul_ln22_72" [matrix_mult.cpp:22]   --->   Operation 257 'add' 'add_ln22_57' <Predicate = true> <Delay = 2.10> <CoreInst = "DSP48">   --->   Core 116 'DSP48' <Latency = 3> <II = 1> <Delay = 2.15> <IPBlock> <Opcode : 'add' 'sub' 'mul' 'select'> <InPorts = 0> <OutPorts = 1> <Sync> <CReg>
ST_7 : Operation 258 [1/2] (2.10ns) (root node of the DSP)   --->   "%add_ln22_61 = add i16 %mul_ln22_78, i16 %mul_ln22_77" [matrix_mult.cpp:22]   --->   Operation 258 'add' 'add_ln22_61' <Predicate = true> <Delay = 2.10> <CoreInst = "DSP48">   --->   Core 116 'DSP48' <Latency = 3> <II = 1> <Delay = 2.15> <IPBlock> <Opcode : 'add' 'sub' 'mul' 'select'> <InPorts = 0> <OutPorts = 1> <Sync> <CReg>
ST_7 : Operation 259 [1/3] (0.00ns) (grouped into DSP with root node add_ln22_65)   --->   "%mul_ln22_82 = mul i16 %zext_ln22_44, i16 %zext_ln22_14" [matrix_mult.cpp:22]   --->   Operation 259 'mul' 'mul_ln22_82' <Predicate = true> <Delay = 0.00> <CoreInst = "DSP48">   --->   Core 116 'DSP48' <Latency = 3> <II = 1> <Delay = 2.15> <IPBlock> <Opcode : 'add' 'sub' 'mul' 'select'> <InPorts = 0> <OutPorts = 1> <Sync> <CReg>
ST_7 : Operation 260 [2/2] (2.10ns) (root node of the DSP)   --->   "%add_ln22_65 = add i16 %mul_ln22_83, i16 %mul_ln22_82" [matrix_mult.cpp:22]   --->   Operation 260 'add' 'add_ln22_65' <Predicate = true> <Delay = 2.10> <CoreInst = "DSP48">   --->   Core 116 'DSP48' <Latency = 3> <II = 1> <Delay = 2.15> <IPBlock> <Opcode : 'add' 'sub' 'mul' 'select'> <InPorts = 0> <OutPorts = 1> <Sync> <CReg>
ST_7 : Operation 261 [1/3] (0.00ns) (grouped into DSP with root node add_ln22_69)   --->   "%mul_ln22_87 = mul i16 %zext_ln22_44, i16 %zext_ln22_19" [matrix_mult.cpp:22]   --->   Operation 261 'mul' 'mul_ln22_87' <Predicate = true> <Delay = 0.00> <CoreInst = "DSP48">   --->   Core 116 'DSP48' <Latency = 3> <II = 1> <Delay = 2.15> <IPBlock> <Opcode : 'add' 'sub' 'mul' 'select'> <InPorts = 0> <OutPorts = 1> <Sync> <CReg>
ST_7 : Operation 262 [2/2] (2.10ns) (root node of the DSP)   --->   "%add_ln22_69 = add i16 %mul_ln22_88, i16 %mul_ln22_87" [matrix_mult.cpp:22]   --->   Operation 262 'add' 'add_ln22_69' <Predicate = true> <Delay = 2.10> <CoreInst = "DSP48">   --->   Core 116 'DSP48' <Latency = 3> <II = 1> <Delay = 2.15> <IPBlock> <Opcode : 'add' 'sub' 'mul' 'select'> <InPorts = 0> <OutPorts = 1> <Sync> <CReg>
ST_7 : Operation 263 [1/3] (0.00ns) (grouped into DSP with root node add_ln22_73)   --->   "%mul_ln22_92 = mul i16 %zext_ln22_44, i16 %zext_ln22_24" [matrix_mult.cpp:22]   --->   Operation 263 'mul' 'mul_ln22_92' <Predicate = true> <Delay = 0.00> <CoreInst = "DSP48">   --->   Core 116 'DSP48' <Latency = 3> <II = 1> <Delay = 2.15> <IPBlock> <Opcode : 'add' 'sub' 'mul' 'select'> <InPorts = 0> <OutPorts = 1> <Sync> <CReg>
ST_7 : Operation 264 [2/2] (2.10ns) (root node of the DSP)   --->   "%add_ln22_73 = add i16 %mul_ln22_93, i16 %mul_ln22_92" [matrix_mult.cpp:22]   --->   Operation 264 'add' 'add_ln22_73' <Predicate = true> <Delay = 2.10> <CoreInst = "DSP48">   --->   Core 116 'DSP48' <Latency = 3> <II = 1> <Delay = 2.15> <IPBlock> <Opcode : 'add' 'sub' 'mul' 'select'> <InPorts = 0> <OutPorts = 1> <Sync> <CReg>
ST_7 : Operation 265 [1/3] (0.00ns) (grouped into DSP with root node add_ln22_77)   --->   "%mul_ln22_97 = mul i16 %zext_ln22_44, i16 %zext_ln22_29" [matrix_mult.cpp:22]   --->   Operation 265 'mul' 'mul_ln22_97' <Predicate = true> <Delay = 0.00> <CoreInst = "DSP48">   --->   Core 116 'DSP48' <Latency = 3> <II = 1> <Delay = 2.15> <IPBlock> <Opcode : 'add' 'sub' 'mul' 'select'> <InPorts = 0> <OutPorts = 1> <Sync> <CReg>
ST_7 : Operation 266 [2/2] (2.10ns) (root node of the DSP)   --->   "%add_ln22_77 = add i16 %mul_ln22_98, i16 %mul_ln22_97" [matrix_mult.cpp:22]   --->   Operation 266 'add' 'add_ln22_77' <Predicate = true> <Delay = 2.10> <CoreInst = "DSP48">   --->   Core 116 'DSP48' <Latency = 3> <II = 1> <Delay = 2.15> <IPBlock> <Opcode : 'add' 'sub' 'mul' 'select'> <InPorts = 0> <OutPorts = 1> <Sync> <CReg>
ST_7 : Operation 267 [1/1] (0.00ns)   --->   "%zext_ln22_48 = zext i8 %tmp_37" [matrix_mult.cpp:22]   --->   Operation 267 'zext' 'zext_ln22_48' <Predicate = true> <Delay = 0.00>
ST_7 : Operation 268 [1/3] (0.00ns) (grouped into DSP with root node add_ln22_81)   --->   "%mul_ln22_102 = mul i16 %zext_ln22_49, i16 %zext_ln22_9" [matrix_mult.cpp:22]   --->   Operation 268 'mul' 'mul_ln22_102' <Predicate = true> <Delay = 0.00> <CoreInst = "DSP48">   --->   Core 116 'DSP48' <Latency = 3> <II = 1> <Delay = 2.15> <IPBlock> <Opcode : 'add' 'sub' 'mul' 'select'> <InPorts = 0> <OutPorts = 1> <Sync> <CReg>
ST_7 : Operation 269 [1/1] (4.17ns)   --->   "%mul_ln22_103 = mul i16 %zext_ln22_48, i16 %zext_ln22_7" [matrix_mult.cpp:22]   --->   Operation 269 'mul' 'mul_ln22_103' <Predicate = true> <Delay = 4.17> <CoreInst = "Multiplier">   --->   Core 3 'Multiplier' <Latency = 0> <II = 1> <Delay = 4.17> <FuncUnit> <Opcode : 'mul'> <InPorts = 2> <OutPorts = 1>
ST_7 : Operation 270 [2/2] (2.10ns) (root node of the DSP)   --->   "%add_ln22_81 = add i16 %mul_ln22_103, i16 %mul_ln22_102" [matrix_mult.cpp:22]   --->   Operation 270 'add' 'add_ln22_81' <Predicate = true> <Delay = 2.10> <CoreInst = "DSP48">   --->   Core 116 'DSP48' <Latency = 3> <II = 1> <Delay = 2.15> <IPBlock> <Opcode : 'add' 'sub' 'mul' 'select'> <InPorts = 0> <OutPorts = 1> <Sync> <CReg>
ST_7 : Operation 271 [1/3] (0.00ns) (grouped into DSP with root node add_ln22_85)   --->   "%mul_ln22_107 = mul i16 %zext_ln22_49, i16 %zext_ln22_14" [matrix_mult.cpp:22]   --->   Operation 271 'mul' 'mul_ln22_107' <Predicate = true> <Delay = 0.00> <CoreInst = "DSP48">   --->   Core 116 'DSP48' <Latency = 3> <II = 1> <Delay = 2.15> <IPBlock> <Opcode : 'add' 'sub' 'mul' 'select'> <InPorts = 0> <OutPorts = 1> <Sync> <CReg>
ST_7 : Operation 272 [1/1] (4.17ns)   --->   "%mul_ln22_108 = mul i16 %zext_ln22_48, i16 %zext_ln22_13" [matrix_mult.cpp:22]   --->   Operation 272 'mul' 'mul_ln22_108' <Predicate = true> <Delay = 4.17> <CoreInst = "Multiplier">   --->   Core 3 'Multiplier' <Latency = 0> <II = 1> <Delay = 4.17> <FuncUnit> <Opcode : 'mul'> <InPorts = 2> <OutPorts = 1>
ST_7 : Operation 273 [2/2] (2.10ns) (root node of the DSP)   --->   "%add_ln22_85 = add i16 %mul_ln22_108, i16 %mul_ln22_107" [matrix_mult.cpp:22]   --->   Operation 273 'add' 'add_ln22_85' <Predicate = true> <Delay = 2.10> <CoreInst = "DSP48">   --->   Core 116 'DSP48' <Latency = 3> <II = 1> <Delay = 2.15> <IPBlock> <Opcode : 'add' 'sub' 'mul' 'select'> <InPorts = 0> <OutPorts = 1> <Sync> <CReg>
ST_7 : Operation 274 [2/3] (1.05ns) (grouped into DSP with root node add_ln22_89)   --->   "%mul_ln22_112 = mul i16 %zext_ln22_49, i16 %zext_ln22_19" [matrix_mult.cpp:22]   --->   Operation 274 'mul' 'mul_ln22_112' <Predicate = true> <Delay = 1.05> <CoreInst = "DSP48">   --->   Core 116 'DSP48' <Latency = 3> <II = 1> <Delay = 2.15> <IPBlock> <Opcode : 'add' 'sub' 'mul' 'select'> <InPorts = 0> <OutPorts = 1> <Sync> <CReg>
ST_7 : Operation 275 [1/1] (4.17ns)   --->   "%mul_ln22_113 = mul i16 %zext_ln22_48, i16 %zext_ln22_18" [matrix_mult.cpp:22]   --->   Operation 275 'mul' 'mul_ln22_113' <Predicate = true> <Delay = 4.17> <CoreInst = "Multiplier">   --->   Core 3 'Multiplier' <Latency = 0> <II = 1> <Delay = 4.17> <FuncUnit> <Opcode : 'mul'> <InPorts = 2> <OutPorts = 1>
ST_7 : Operation 276 [2/3] (1.05ns) (grouped into DSP with root node add_ln22_93)   --->   "%mul_ln22_117 = mul i16 %zext_ln22_49, i16 %zext_ln22_24" [matrix_mult.cpp:22]   --->   Operation 276 'mul' 'mul_ln22_117' <Predicate = true> <Delay = 1.05> <CoreInst = "DSP48">   --->   Core 116 'DSP48' <Latency = 3> <II = 1> <Delay = 2.15> <IPBlock> <Opcode : 'add' 'sub' 'mul' 'select'> <InPorts = 0> <OutPorts = 1> <Sync> <CReg>
ST_7 : Operation 277 [1/1] (4.17ns)   --->   "%mul_ln22_118 = mul i16 %zext_ln22_48, i16 %zext_ln22_23" [matrix_mult.cpp:22]   --->   Operation 277 'mul' 'mul_ln22_118' <Predicate = true> <Delay = 4.17> <CoreInst = "Multiplier">   --->   Core 3 'Multiplier' <Latency = 0> <II = 1> <Delay = 4.17> <FuncUnit> <Opcode : 'mul'> <InPorts = 2> <OutPorts = 1>
ST_7 : Operation 278 [2/3] (1.05ns) (grouped into DSP with root node add_ln22_97)   --->   "%mul_ln22_122 = mul i16 %zext_ln22_49, i16 %zext_ln22_29" [matrix_mult.cpp:22]   --->   Operation 278 'mul' 'mul_ln22_122' <Predicate = true> <Delay = 1.05> <CoreInst = "DSP48">   --->   Core 116 'DSP48' <Latency = 3> <II = 1> <Delay = 2.15> <IPBlock> <Opcode : 'add' 'sub' 'mul' 'select'> <InPorts = 0> <OutPorts = 1> <Sync> <CReg>

State 8 <SV = 7> <Delay = 6.27>
ST_8 : Operation 279 [1/1] (0.00ns)   --->   "%zext_ln22_2 = zext i8 %tmp" [matrix_mult.cpp:22]   --->   Operation 279 'zext' 'zext_ln22_2' <Predicate = true> <Delay = 0.00>
ST_8 : Operation 280 [1/1] (0.00ns)   --->   "%zext_ln22_3 = zext i8 %tmp_1" [matrix_mult.cpp:22]   --->   Operation 280 'zext' 'zext_ln22_3' <Predicate = true> <Delay = 0.00>
ST_8 : Operation 281 [1/3] (0.00ns) (grouped into DSP with root node add_ln22)   --->   "%mul_ln22 = mul i16 %zext_ln22_1, i16 %zext_ln22" [matrix_mult.cpp:22]   --->   Operation 281 'mul' 'mul_ln22' <Predicate = true> <Delay = 0.00> <CoreInst = "DSP48">   --->   Core 116 'DSP48' <Latency = 3> <II = 1> <Delay = 2.15> <IPBlock> <Opcode : 'add' 'sub' 'mul' 'select'> <InPorts = 0> <OutPorts = 1> <Sync> <CReg>
ST_8 : Operation 282 [1/1] (4.17ns)   --->   "%mul_ln22_1 = mul i16 %zext_ln22_3, i16 %zext_ln22_2" [matrix_mult.cpp:22]   --->   Operation 282 'mul' 'mul_ln22_1' <Predicate = true> <Delay = 4.17> <CoreInst = "Multiplier">   --->   Core 3 'Multiplier' <Latency = 0> <II = 1> <Delay = 4.17> <FuncUnit> <Opcode : 'mul'> <InPorts = 2> <OutPorts = 1>
ST_8 : Operation 283 [2/3] (1.05ns) (grouped into DSP with root node add_ln22_2)   --->   "%mul_ln22_4 = mul i16 %zext_ln22_5, i16 %zext_ln22_4" [matrix_mult.cpp:22]   --->   Operation 283 'mul' 'mul_ln22_4' <Predicate = true> <Delay = 1.05> <CoreInst = "DSP48">   --->   Core 116 'DSP48' <Latency = 3> <II = 1> <Delay = 2.15> <IPBlock> <Opcode : 'add' 'sub' 'mul' 'select'> <InPorts = 0> <OutPorts = 1> <Sync> <CReg>
ST_8 : Operation 284 [2/2] (2.10ns) (root node of the DSP)   --->   "%add_ln22 = add i16 %mul_ln22_1, i16 %mul_ln22" [matrix_mult.cpp:22]   --->   Operation 284 'add' 'add_ln22' <Predicate = true> <Delay = 2.10> <CoreInst = "DSP48">   --->   Core 116 'DSP48' <Latency = 3> <II = 1> <Delay = 2.15> <IPBlock> <Opcode : 'add' 'sub' 'mul' 'select'> <InPorts = 0> <OutPorts = 1> <Sync> <CReg>
ST_8 : Operation 285 [1/1] (0.00ns)   --->   "%zext_ln22_11 = zext i8 %tmp_8" [matrix_mult.cpp:22]   --->   Operation 285 'zext' 'zext_ln22_11' <Predicate = true> <Delay = 0.00>
ST_8 : Operation 286 [1/3] (0.00ns) (grouped into DSP with root node add_ln22_4)   --->   "%mul_ln22_5 = mul i16 %zext_ln22_10, i16 %zext_ln22" [matrix_mult.cpp:22]   --->   Operation 286 'mul' 'mul_ln22_5' <Predicate = true> <Delay = 0.00> <CoreInst = "DSP48">   --->   Core 116 'DSP48' <Latency = 3> <II = 1> <Delay = 2.15> <IPBlock> <Opcode : 'add' 'sub' 'mul' 'select'> <InPorts = 0> <OutPorts = 1> <Sync> <CReg>
ST_8 : Operation 287 [1/1] (4.17ns)   --->   "%mul_ln22_6 = mul i16 %zext_ln22_11, i16 %zext_ln22_2" [matrix_mult.cpp:22]   --->   Operation 287 'mul' 'mul_ln22_6' <Predicate = true> <Delay = 4.17> <CoreInst = "Multiplier">   --->   Core 3 'Multiplier' <Latency = 0> <II = 1> <Delay = 4.17> <FuncUnit> <Opcode : 'mul'> <InPorts = 2> <OutPorts = 1>
ST_8 : Operation 288 [2/3] (1.05ns) (grouped into DSP with root node add_ln22_6)   --->   "%mul_ln22_9 = mul i16 %zext_ln22_12, i16 %zext_ln22_4" [matrix_mult.cpp:22]   --->   Operation 288 'mul' 'mul_ln22_9' <Predicate = true> <Delay = 1.05> <CoreInst = "DSP48">   --->   Core 116 'DSP48' <Latency = 3> <II = 1> <Delay = 2.15> <IPBlock> <Opcode : 'add' 'sub' 'mul' 'select'> <InPorts = 0> <OutPorts = 1> <Sync> <CReg>
ST_8 : Operation 289 [2/2] (2.10ns) (root node of the DSP)   --->   "%add_ln22_4 = add i16 %mul_ln22_6, i16 %mul_ln22_5" [matrix_mult.cpp:22]   --->   Operation 289 'add' 'add_ln22_4' <Predicate = true> <Delay = 2.10> <CoreInst = "DSP48">   --->   Core 116 'DSP48' <Latency = 3> <II = 1> <Delay = 2.15> <IPBlock> <Opcode : 'add' 'sub' 'mul' 'select'> <InPorts = 0> <OutPorts = 1> <Sync> <CReg>
ST_8 : Operation 290 [1/1] (0.00ns)   --->   "%zext_ln22_16 = zext i8 %tmp_11" [matrix_mult.cpp:22]   --->   Operation 290 'zext' 'zext_ln22_16' <Predicate = true> <Delay = 0.00>
ST_8 : Operation 291 [1/1] (0.00ns)   --->   "%zext_ln22_17 = zext i8 %tmp_12" [matrix_mult.cpp:22]   --->   Operation 291 'zext' 'zext_ln22_17' <Predicate = true> <Delay = 0.00>
ST_8 : Operation 292 [1/3] (0.00ns) (grouped into DSP with root node add_ln22_8)   --->   "%mul_ln22_10 = mul i16 %zext_ln22_15, i16 %zext_ln22" [matrix_mult.cpp:22]   --->   Operation 292 'mul' 'mul_ln22_10' <Predicate = true> <Delay = 0.00> <CoreInst = "DSP48">   --->   Core 116 'DSP48' <Latency = 3> <II = 1> <Delay = 2.15> <IPBlock> <Opcode : 'add' 'sub' 'mul' 'select'> <InPorts = 0> <OutPorts = 1> <Sync> <CReg>
ST_8 : Operation 293 [1/1] (4.17ns)   --->   "%mul_ln22_11 = mul i16 %zext_ln22_16, i16 %zext_ln22_2" [matrix_mult.cpp:22]   --->   Operation 293 'mul' 'mul_ln22_11' <Predicate = true> <Delay = 4.17> <CoreInst = "Multiplier">   --->   Core 3 'Multiplier' <Latency = 0> <II = 1> <Delay = 4.17> <FuncUnit> <Opcode : 'mul'> <InPorts = 2> <OutPorts = 1>
ST_8 : Operation 294 [3/3] (1.05ns) (grouped into DSP with root node add_ln22_10)   --->   "%mul_ln22_14 = mul i16 %zext_ln22_17, i16 %zext_ln22_4" [matrix_mult.cpp:22]   --->   Operation 294 'mul' 'mul_ln22_14' <Predicate = true> <Delay = 1.05> <CoreInst = "DSP48">   --->   Core 116 'DSP48' <Latency = 3> <II = 1> <Delay = 2.15> <IPBlock> <Opcode : 'add' 'sub' 'mul' 'select'> <InPorts = 0> <OutPorts = 1> <Sync> <CReg>
ST_8 : Operation 295 [2/2] (2.10ns) (root node of the DSP)   --->   "%add_ln22_8 = add i16 %mul_ln22_11, i16 %mul_ln22_10" [matrix_mult.cpp:22]   --->   Operation 295 'add' 'add_ln22_8' <Predicate = true> <Delay = 2.10> <CoreInst = "DSP48">   --->   Core 116 'DSP48' <Latency = 3> <II = 1> <Delay = 2.15> <IPBlock> <Opcode : 'add' 'sub' 'mul' 'select'> <InPorts = 0> <OutPorts = 1> <Sync> <CReg>
ST_8 : Operation 296 [1/1] (0.00ns)   --->   "%zext_ln22_22 = zext i8 %tmp_16" [matrix_mult.cpp:22]   --->   Operation 296 'zext' 'zext_ln22_22' <Predicate = true> <Delay = 0.00>
ST_8 : Operation 297 [2/3] (1.05ns) (grouped into DSP with root node add_ln22_12)   --->   "%mul_ln22_15 = mul i16 %zext_ln22_20, i16 %zext_ln22" [matrix_mult.cpp:22]   --->   Operation 297 'mul' 'mul_ln22_15' <Predicate = true> <Delay = 1.05> <CoreInst = "DSP48">   --->   Core 116 'DSP48' <Latency = 3> <II = 1> <Delay = 2.15> <IPBlock> <Opcode : 'add' 'sub' 'mul' 'select'> <InPorts = 0> <OutPorts = 1> <Sync> <CReg>
ST_8 : Operation 298 [3/3] (1.05ns) (grouped into DSP with root node add_ln22_14)   --->   "%mul_ln22_19 = mul i16 %zext_ln22_22, i16 %zext_ln22_4" [matrix_mult.cpp:22]   --->   Operation 298 'mul' 'mul_ln22_19' <Predicate = true> <Delay = 1.05> <CoreInst = "DSP48">   --->   Core 116 'DSP48' <Latency = 3> <II = 1> <Delay = 2.15> <IPBlock> <Opcode : 'add' 'sub' 'mul' 'select'> <InPorts = 0> <OutPorts = 1> <Sync> <CReg>
ST_8 : Operation 299 [2/3] (1.05ns) (grouped into DSP with root node add_ln22_16)   --->   "%mul_ln22_20 = mul i16 %zext_ln22_25, i16 %zext_ln22" [matrix_mult.cpp:22]   --->   Operation 299 'mul' 'mul_ln22_20' <Predicate = true> <Delay = 1.05> <CoreInst = "DSP48">   --->   Core 116 'DSP48' <Latency = 3> <II = 1> <Delay = 2.15> <IPBlock> <Opcode : 'add' 'sub' 'mul' 'select'> <InPorts = 0> <OutPorts = 1> <Sync> <CReg>
ST_8 : Operation 300 [2/3] (1.05ns) (grouped into DSP with root node add_ln22_20)   --->   "%mul_ln22_25 = mul i16 %zext_ln22_30, i16 %zext_ln22_1" [matrix_mult.cpp:22]   --->   Operation 300 'mul' 'mul_ln22_25' <Predicate = true> <Delay = 1.05> <CoreInst = "DSP48">   --->   Core 116 'DSP48' <Latency = 3> <II = 1> <Delay = 2.15> <IPBlock> <Opcode : 'add' 'sub' 'mul' 'select'> <InPorts = 0> <OutPorts = 1> <Sync> <CReg>
ST_8 : Operation 301 [2/3] (1.05ns) (grouped into DSP with root node add_ln22_24)   --->   "%mul_ln22_30 = mul i16 %zext_ln22_30, i16 %zext_ln22_10" [matrix_mult.cpp:22]   --->   Operation 301 'mul' 'mul_ln22_30' <Predicate = true> <Delay = 1.05> <CoreInst = "DSP48">   --->   Core 116 'DSP48' <Latency = 3> <II = 1> <Delay = 2.15> <IPBlock> <Opcode : 'add' 'sub' 'mul' 'select'> <InPorts = 0> <OutPorts = 1> <Sync> <CReg>
ST_8 : Operation 302 [3/3] (1.05ns) (grouped into DSP with root node add_ln22_28)   --->   "%mul_ln22_35 = mul i16 %zext_ln22_30, i16 %zext_ln22_15" [matrix_mult.cpp:22]   --->   Operation 302 'mul' 'mul_ln22_35' <Predicate = true> <Delay = 1.05> <CoreInst = "DSP48">   --->   Core 116 'DSP48' <Latency = 3> <II = 1> <Delay = 2.15> <IPBlock> <Opcode : 'add' 'sub' 'mul' 'select'> <InPorts = 0> <OutPorts = 1> <Sync> <CReg>
ST_8 : Operation 303 [3/3] (1.05ns) (grouped into DSP with root node add_ln22_32)   --->   "%mul_ln22_40 = mul i16 %zext_ln22_30, i16 %zext_ln22_20" [matrix_mult.cpp:22]   --->   Operation 303 'mul' 'mul_ln22_40' <Predicate = true> <Delay = 1.05> <CoreInst = "DSP48">   --->   Core 116 'DSP48' <Latency = 3> <II = 1> <Delay = 2.15> <IPBlock> <Opcode : 'add' 'sub' 'mul' 'select'> <InPorts = 0> <OutPorts = 1> <Sync> <CReg>
ST_8 : Operation 304 [3/3] (1.05ns) (grouped into DSP with root node add_ln22_36)   --->   "%mul_ln22_45 = mul i16 %zext_ln22_30, i16 %zext_ln22_25" [matrix_mult.cpp:22]   --->   Operation 304 'mul' 'mul_ln22_45' <Predicate = true> <Delay = 1.05> <CoreInst = "DSP48">   --->   Core 116 'DSP48' <Latency = 3> <II = 1> <Delay = 2.15> <IPBlock> <Opcode : 'add' 'sub' 'mul' 'select'> <InPorts = 0> <OutPorts = 1> <Sync> <CReg>
ST_8 : Operation 305 [1/1] (0.00ns)   --->   "%zext_ln22_35 = zext i8 %trunc_ln22_7" [matrix_mult.cpp:22]   --->   Operation 305 'zext' 'zext_ln22_35' <Predicate = true> <Delay = 0.00>
ST_8 : Operation 306 [3/3] (1.05ns) (grouped into DSP with root node add_ln22_40)   --->   "%mul_ln22_50 = mul i16 %zext_ln22_35, i16 %zext_ln22_1" [matrix_mult.cpp:22]   --->   Operation 306 'mul' 'mul_ln22_50' <Predicate = true> <Delay = 1.05> <CoreInst = "DSP48">   --->   Core 116 'DSP48' <Latency = 3> <II = 1> <Delay = 2.15> <IPBlock> <Opcode : 'add' 'sub' 'mul' 'select'> <InPorts = 0> <OutPorts = 1> <Sync> <CReg>
ST_8 : Operation 307 [1/2] (2.10ns) (root node of the DSP)   --->   "%add_ln22_65 = add i16 %mul_ln22_83, i16 %mul_ln22_82" [matrix_mult.cpp:22]   --->   Operation 307 'add' 'add_ln22_65' <Predicate = true> <Delay = 2.10> <CoreInst = "DSP48">   --->   Core 116 'DSP48' <Latency = 3> <II = 1> <Delay = 2.15> <IPBlock> <Opcode : 'add' 'sub' 'mul' 'select'> <InPorts = 0> <OutPorts = 1> <Sync> <CReg>
ST_8 : Operation 308 [1/2] (2.10ns) (root node of the DSP)   --->   "%add_ln22_69 = add i16 %mul_ln22_88, i16 %mul_ln22_87" [matrix_mult.cpp:22]   --->   Operation 308 'add' 'add_ln22_69' <Predicate = true> <Delay = 2.10> <CoreInst = "DSP48">   --->   Core 116 'DSP48' <Latency = 3> <II = 1> <Delay = 2.15> <IPBlock> <Opcode : 'add' 'sub' 'mul' 'select'> <InPorts = 0> <OutPorts = 1> <Sync> <CReg>
ST_8 : Operation 309 [1/2] (2.10ns) (root node of the DSP)   --->   "%add_ln22_73 = add i16 %mul_ln22_93, i16 %mul_ln22_92" [matrix_mult.cpp:22]   --->   Operation 309 'add' 'add_ln22_73' <Predicate = true> <Delay = 2.10> <CoreInst = "DSP48">   --->   Core 116 'DSP48' <Latency = 3> <II = 1> <Delay = 2.15> <IPBlock> <Opcode : 'add' 'sub' 'mul' 'select'> <InPorts = 0> <OutPorts = 1> <Sync> <CReg>
ST_8 : Operation 310 [1/2] (2.10ns) (root node of the DSP)   --->   "%add_ln22_77 = add i16 %mul_ln22_98, i16 %mul_ln22_97" [matrix_mult.cpp:22]   --->   Operation 310 'add' 'add_ln22_77' <Predicate = true> <Delay = 2.10> <CoreInst = "DSP48">   --->   Core 116 'DSP48' <Latency = 3> <II = 1> <Delay = 2.15> <IPBlock> <Opcode : 'add' 'sub' 'mul' 'select'> <InPorts = 0> <OutPorts = 1> <Sync> <CReg>
ST_8 : Operation 311 [1/2] (2.10ns) (root node of the DSP)   --->   "%add_ln22_81 = add i16 %mul_ln22_103, i16 %mul_ln22_102" [matrix_mult.cpp:22]   --->   Operation 311 'add' 'add_ln22_81' <Predicate = true> <Delay = 2.10> <CoreInst = "DSP48">   --->   Core 116 'DSP48' <Latency = 3> <II = 1> <Delay = 2.15> <IPBlock> <Opcode : 'add' 'sub' 'mul' 'select'> <InPorts = 0> <OutPorts = 1> <Sync> <CReg>
ST_8 : Operation 312 [1/2] (2.10ns) (root node of the DSP)   --->   "%add_ln22_85 = add i16 %mul_ln22_108, i16 %mul_ln22_107" [matrix_mult.cpp:22]   --->   Operation 312 'add' 'add_ln22_85' <Predicate = true> <Delay = 2.10> <CoreInst = "DSP48">   --->   Core 116 'DSP48' <Latency = 3> <II = 1> <Delay = 2.15> <IPBlock> <Opcode : 'add' 'sub' 'mul' 'select'> <InPorts = 0> <OutPorts = 1> <Sync> <CReg>
ST_8 : Operation 313 [1/3] (0.00ns) (grouped into DSP with root node add_ln22_89)   --->   "%mul_ln22_112 = mul i16 %zext_ln22_49, i16 %zext_ln22_19" [matrix_mult.cpp:22]   --->   Operation 313 'mul' 'mul_ln22_112' <Predicate = true> <Delay = 0.00> <CoreInst = "DSP48">   --->   Core 116 'DSP48' <Latency = 3> <II = 1> <Delay = 2.15> <IPBlock> <Opcode : 'add' 'sub' 'mul' 'select'> <InPorts = 0> <OutPorts = 1> <Sync> <CReg>
ST_8 : Operation 314 [2/2] (2.10ns) (root node of the DSP)   --->   "%add_ln22_89 = add i16 %mul_ln22_113, i16 %mul_ln22_112" [matrix_mult.cpp:22]   --->   Operation 314 'add' 'add_ln22_89' <Predicate = true> <Delay = 2.10> <CoreInst = "DSP48">   --->   Core 116 'DSP48' <Latency = 3> <II = 1> <Delay = 2.15> <IPBlock> <Opcode : 'add' 'sub' 'mul' 'select'> <InPorts = 0> <OutPorts = 1> <Sync> <CReg>
ST_8 : Operation 315 [1/3] (0.00ns) (grouped into DSP with root node add_ln22_93)   --->   "%mul_ln22_117 = mul i16 %zext_ln22_49, i16 %zext_ln22_24" [matrix_mult.cpp:22]   --->   Operation 315 'mul' 'mul_ln22_117' <Predicate = true> <Delay = 0.00> <CoreInst = "DSP48">   --->   Core 116 'DSP48' <Latency = 3> <II = 1> <Delay = 2.15> <IPBlock> <Opcode : 'add' 'sub' 'mul' 'select'> <InPorts = 0> <OutPorts = 1> <Sync> <CReg>
ST_8 : Operation 316 [2/2] (2.10ns) (root node of the DSP)   --->   "%add_ln22_93 = add i16 %mul_ln22_118, i16 %mul_ln22_117" [matrix_mult.cpp:22]   --->   Operation 316 'add' 'add_ln22_93' <Predicate = true> <Delay = 2.10> <CoreInst = "DSP48">   --->   Core 116 'DSP48' <Latency = 3> <II = 1> <Delay = 2.15> <IPBlock> <Opcode : 'add' 'sub' 'mul' 'select'> <InPorts = 0> <OutPorts = 1> <Sync> <CReg>
ST_8 : Operation 317 [1/3] (0.00ns) (grouped into DSP with root node add_ln22_97)   --->   "%mul_ln22_122 = mul i16 %zext_ln22_49, i16 %zext_ln22_29" [matrix_mult.cpp:22]   --->   Operation 317 'mul' 'mul_ln22_122' <Predicate = true> <Delay = 0.00> <CoreInst = "DSP48">   --->   Core 116 'DSP48' <Latency = 3> <II = 1> <Delay = 2.15> <IPBlock> <Opcode : 'add' 'sub' 'mul' 'select'> <InPorts = 0> <OutPorts = 1> <Sync> <CReg>
ST_8 : Operation 318 [1/1] (4.17ns)   --->   "%mul_ln22_123 = mul i16 %zext_ln22_48, i16 %zext_ln22_28" [matrix_mult.cpp:22]   --->   Operation 318 'mul' 'mul_ln22_123' <Predicate = true> <Delay = 4.17> <CoreInst = "Multiplier">   --->   Core 3 'Multiplier' <Latency = 0> <II = 1> <Delay = 4.17> <FuncUnit> <Opcode : 'mul'> <InPorts = 2> <OutPorts = 1>
ST_8 : Operation 319 [2/2] (2.10ns) (root node of the DSP)   --->   "%add_ln22_97 = add i16 %mul_ln22_123, i16 %mul_ln22_122" [matrix_mult.cpp:22]   --->   Operation 319 'add' 'add_ln22_97' <Predicate = true> <Delay = 2.10> <CoreInst = "DSP48">   --->   Core 116 'DSP48' <Latency = 3> <II = 1> <Delay = 2.15> <IPBlock> <Opcode : 'add' 'sub' 'mul' 'select'> <InPorts = 0> <OutPorts = 1> <Sync> <CReg>

State 9 <SV = 8> <Delay = 6.27>
ST_9 : Operation 320 [1/3] (0.00ns) (grouped into DSP with root node add_ln22_2)   --->   "%mul_ln22_4 = mul i16 %zext_ln22_5, i16 %zext_ln22_4" [matrix_mult.cpp:22]   --->   Operation 320 'mul' 'mul_ln22_4' <Predicate = true> <Delay = 0.00> <CoreInst = "DSP48">   --->   Core 116 'DSP48' <Latency = 3> <II = 1> <Delay = 2.15> <IPBlock> <Opcode : 'add' 'sub' 'mul' 'select'> <InPorts = 0> <OutPorts = 1> <Sync> <CReg>
ST_9 : Operation 321 [1/2] (2.10ns) (root node of the DSP)   --->   "%add_ln22 = add i16 %mul_ln22_1, i16 %mul_ln22" [matrix_mult.cpp:22]   --->   Operation 321 'add' 'add_ln22' <Predicate = true> <Delay = 2.10> <CoreInst = "DSP48">   --->   Core 116 'DSP48' <Latency = 3> <II = 1> <Delay = 2.15> <IPBlock> <Opcode : 'add' 'sub' 'mul' 'select'> <InPorts = 0> <OutPorts = 1> <Sync> <CReg>
ST_9 : Operation 322 [2/2] (2.10ns) (root node of the DSP)   --->   "%add_ln22_2 = add i16 %add_ln22_1, i16 %mul_ln22_4" [matrix_mult.cpp:22]   --->   Operation 322 'add' 'add_ln22_2' <Predicate = true> <Delay = 2.10> <CoreInst = "DSP48">   --->   Core 116 'DSP48' <Latency = 3> <II = 1> <Delay = 2.15> <IPBlock> <Opcode : 'add' 'sub' 'mul' 'select'> <InPorts = 0> <OutPorts = 1> <Sync> <CReg>
ST_9 : Operation 323 [1/3] (0.00ns) (grouped into DSP with root node add_ln22_6)   --->   "%mul_ln22_9 = mul i16 %zext_ln22_12, i16 %zext_ln22_4" [matrix_mult.cpp:22]   --->   Operation 323 'mul' 'mul_ln22_9' <Predicate = true> <Delay = 0.00> <CoreInst = "DSP48">   --->   Core 116 'DSP48' <Latency = 3> <II = 1> <Delay = 2.15> <IPBlock> <Opcode : 'add' 'sub' 'mul' 'select'> <InPorts = 0> <OutPorts = 1> <Sync> <CReg>
ST_9 : Operation 324 [1/2] (2.10ns) (root node of the DSP)   --->   "%add_ln22_4 = add i16 %mul_ln22_6, i16 %mul_ln22_5" [matrix_mult.cpp:22]   --->   Operation 324 'add' 'add_ln22_4' <Predicate = true> <Delay = 2.10> <CoreInst = "DSP48">   --->   Core 116 'DSP48' <Latency = 3> <II = 1> <Delay = 2.15> <IPBlock> <Opcode : 'add' 'sub' 'mul' 'select'> <InPorts = 0> <OutPorts = 1> <Sync> <CReg>
ST_9 : Operation 325 [2/2] (2.10ns) (root node of the DSP)   --->   "%add_ln22_6 = add i16 %add_ln22_5, i16 %mul_ln22_9" [matrix_mult.cpp:22]   --->   Operation 325 'add' 'add_ln22_6' <Predicate = true> <Delay = 2.10> <CoreInst = "DSP48">   --->   Core 116 'DSP48' <Latency = 3> <II = 1> <Delay = 2.15> <IPBlock> <Opcode : 'add' 'sub' 'mul' 'select'> <InPorts = 0> <OutPorts = 1> <Sync> <CReg>
ST_9 : Operation 326 [2/3] (1.05ns) (grouped into DSP with root node add_ln22_10)   --->   "%mul_ln22_14 = mul i16 %zext_ln22_17, i16 %zext_ln22_4" [matrix_mult.cpp:22]   --->   Operation 326 'mul' 'mul_ln22_14' <Predicate = true> <Delay = 1.05> <CoreInst = "DSP48">   --->   Core 116 'DSP48' <Latency = 3> <II = 1> <Delay = 2.15> <IPBlock> <Opcode : 'add' 'sub' 'mul' 'select'> <InPorts = 0> <OutPorts = 1> <Sync> <CReg>
ST_9 : Operation 327 [1/2] (2.10ns) (root node of the DSP)   --->   "%add_ln22_8 = add i16 %mul_ln22_11, i16 %mul_ln22_10" [matrix_mult.cpp:22]   --->   Operation 327 'add' 'add_ln22_8' <Predicate = true> <Delay = 2.10> <CoreInst = "DSP48">   --->   Core 116 'DSP48' <Latency = 3> <II = 1> <Delay = 2.15> <IPBlock> <Opcode : 'add' 'sub' 'mul' 'select'> <InPorts = 0> <OutPorts = 1> <Sync> <CReg>
ST_9 : Operation 328 [1/1] (0.00ns)   --->   "%zext_ln22_21 = zext i8 %tmp_15" [matrix_mult.cpp:22]   --->   Operation 328 'zext' 'zext_ln22_21' <Predicate = true> <Delay = 0.00>
ST_9 : Operation 329 [1/3] (0.00ns) (grouped into DSP with root node add_ln22_12)   --->   "%mul_ln22_15 = mul i16 %zext_ln22_20, i16 %zext_ln22" [matrix_mult.cpp:22]   --->   Operation 329 'mul' 'mul_ln22_15' <Predicate = true> <Delay = 0.00> <CoreInst = "DSP48">   --->   Core 116 'DSP48' <Latency = 3> <II = 1> <Delay = 2.15> <IPBlock> <Opcode : 'add' 'sub' 'mul' 'select'> <InPorts = 0> <OutPorts = 1> <Sync> <CReg>
ST_9 : Operation 330 [1/1] (4.17ns)   --->   "%mul_ln22_16 = mul i16 %zext_ln22_21, i16 %zext_ln22_2" [matrix_mult.cpp:22]   --->   Operation 330 'mul' 'mul_ln22_16' <Predicate = true> <Delay = 4.17> <CoreInst = "Multiplier">   --->   Core 3 'Multiplier' <Latency = 0> <II = 1> <Delay = 4.17> <FuncUnit> <Opcode : 'mul'> <InPorts = 2> <OutPorts = 1>
ST_9 : Operation 331 [2/3] (1.05ns) (grouped into DSP with root node add_ln22_14)   --->   "%mul_ln22_19 = mul i16 %zext_ln22_22, i16 %zext_ln22_4" [matrix_mult.cpp:22]   --->   Operation 331 'mul' 'mul_ln22_19' <Predicate = true> <Delay = 1.05> <CoreInst = "DSP48">   --->   Core 116 'DSP48' <Latency = 3> <II = 1> <Delay = 2.15> <IPBlock> <Opcode : 'add' 'sub' 'mul' 'select'> <InPorts = 0> <OutPorts = 1> <Sync> <CReg>
ST_9 : Operation 332 [2/2] (2.10ns) (root node of the DSP)   --->   "%add_ln22_12 = add i16 %mul_ln22_16, i16 %mul_ln22_15" [matrix_mult.cpp:22]   --->   Operation 332 'add' 'add_ln22_12' <Predicate = true> <Delay = 2.10> <CoreInst = "DSP48">   --->   Core 116 'DSP48' <Latency = 3> <II = 1> <Delay = 2.15> <IPBlock> <Opcode : 'add' 'sub' 'mul' 'select'> <InPorts = 0> <OutPorts = 1> <Sync> <CReg>
ST_9 : Operation 333 [1/1] (0.00ns)   --->   "%zext_ln22_26 = zext i8 %tmp_19" [matrix_mult.cpp:22]   --->   Operation 333 'zext' 'zext_ln22_26' <Predicate = true> <Delay = 0.00>
ST_9 : Operation 334 [1/1] (0.00ns)   --->   "%zext_ln22_27 = zext i8 %tmp_20" [matrix_mult.cpp:22]   --->   Operation 334 'zext' 'zext_ln22_27' <Predicate = true> <Delay = 0.00>
ST_9 : Operation 335 [1/3] (0.00ns) (grouped into DSP with root node add_ln22_16)   --->   "%mul_ln22_20 = mul i16 %zext_ln22_25, i16 %zext_ln22" [matrix_mult.cpp:22]   --->   Operation 335 'mul' 'mul_ln22_20' <Predicate = true> <Delay = 0.00> <CoreInst = "DSP48">   --->   Core 116 'DSP48' <Latency = 3> <II = 1> <Delay = 2.15> <IPBlock> <Opcode : 'add' 'sub' 'mul' 'select'> <InPorts = 0> <OutPorts = 1> <Sync> <CReg>
ST_9 : Operation 336 [1/1] (4.17ns)   --->   "%mul_ln22_21 = mul i16 %zext_ln22_26, i16 %zext_ln22_2" [matrix_mult.cpp:22]   --->   Operation 336 'mul' 'mul_ln22_21' <Predicate = true> <Delay = 4.17> <CoreInst = "Multiplier">   --->   Core 3 'Multiplier' <Latency = 0> <II = 1> <Delay = 4.17> <FuncUnit> <Opcode : 'mul'> <InPorts = 2> <OutPorts = 1>
ST_9 : Operation 337 [3/3] (1.05ns) (grouped into DSP with root node add_ln22_18)   --->   "%mul_ln22_24 = mul i16 %zext_ln22_27, i16 %zext_ln22_4" [matrix_mult.cpp:22]   --->   Operation 337 'mul' 'mul_ln22_24' <Predicate = true> <Delay = 1.05> <CoreInst = "DSP48">   --->   Core 116 'DSP48' <Latency = 3> <II = 1> <Delay = 2.15> <IPBlock> <Opcode : 'add' 'sub' 'mul' 'select'> <InPorts = 0> <OutPorts = 1> <Sync> <CReg>
ST_9 : Operation 338 [2/2] (2.10ns) (root node of the DSP)   --->   "%add_ln22_16 = add i16 %mul_ln22_21, i16 %mul_ln22_20" [matrix_mult.cpp:22]   --->   Operation 338 'add' 'add_ln22_16' <Predicate = true> <Delay = 2.10> <CoreInst = "DSP48">   --->   Core 116 'DSP48' <Latency = 3> <II = 1> <Delay = 2.15> <IPBlock> <Opcode : 'add' 'sub' 'mul' 'select'> <InPorts = 0> <OutPorts = 1> <Sync> <CReg>
ST_9 : Operation 339 [1/1] (0.00ns)   --->   "%zext_ln22_31 = zext i8 %tmp_23" [matrix_mult.cpp:22]   --->   Operation 339 'zext' 'zext_ln22_31' <Predicate = true> <Delay = 0.00>
ST_9 : Operation 340 [1/1] (0.00ns)   --->   "%zext_ln22_32 = zext i8 %tmp_24" [matrix_mult.cpp:22]   --->   Operation 340 'zext' 'zext_ln22_32' <Predicate = true> <Delay = 0.00>
ST_9 : Operation 341 [1/3] (0.00ns) (grouped into DSP with root node add_ln22_20)   --->   "%mul_ln22_25 = mul i16 %zext_ln22_30, i16 %zext_ln22_1" [matrix_mult.cpp:22]   --->   Operation 341 'mul' 'mul_ln22_25' <Predicate = true> <Delay = 0.00> <CoreInst = "DSP48">   --->   Core 116 'DSP48' <Latency = 3> <II = 1> <Delay = 2.15> <IPBlock> <Opcode : 'add' 'sub' 'mul' 'select'> <InPorts = 0> <OutPorts = 1> <Sync> <CReg>
ST_9 : Operation 342 [1/1] (4.17ns)   --->   "%mul_ln22_26 = mul i16 %zext_ln22_31, i16 %zext_ln22_3" [matrix_mult.cpp:22]   --->   Operation 342 'mul' 'mul_ln22_26' <Predicate = true> <Delay = 4.17> <CoreInst = "Multiplier">   --->   Core 3 'Multiplier' <Latency = 0> <II = 1> <Delay = 4.17> <FuncUnit> <Opcode : 'mul'> <InPorts = 2> <OutPorts = 1>
ST_9 : Operation 343 [3/3] (1.05ns) (grouped into DSP with root node add_ln22_22)   --->   "%mul_ln22_29 = mul i16 %zext_ln22_32, i16 %zext_ln22_5" [matrix_mult.cpp:22]   --->   Operation 343 'mul' 'mul_ln22_29' <Predicate = true> <Delay = 1.05> <CoreInst = "DSP48">   --->   Core 116 'DSP48' <Latency = 3> <II = 1> <Delay = 2.15> <IPBlock> <Opcode : 'add' 'sub' 'mul' 'select'> <InPorts = 0> <OutPorts = 1> <Sync> <CReg>
ST_9 : Operation 344 [2/2] (2.10ns) (root node of the DSP)   --->   "%add_ln22_20 = add i16 %mul_ln22_26, i16 %mul_ln22_25" [matrix_mult.cpp:22]   --->   Operation 344 'add' 'add_ln22_20' <Predicate = true> <Delay = 2.10> <CoreInst = "DSP48">   --->   Core 116 'DSP48' <Latency = 3> <II = 1> <Delay = 2.15> <IPBlock> <Opcode : 'add' 'sub' 'mul' 'select'> <InPorts = 0> <OutPorts = 1> <Sync> <CReg>
ST_9 : Operation 345 [1/3] (0.00ns) (grouped into DSP with root node add_ln22_24)   --->   "%mul_ln22_30 = mul i16 %zext_ln22_30, i16 %zext_ln22_10" [matrix_mult.cpp:22]   --->   Operation 345 'mul' 'mul_ln22_30' <Predicate = true> <Delay = 0.00> <CoreInst = "DSP48">   --->   Core 116 'DSP48' <Latency = 3> <II = 1> <Delay = 2.15> <IPBlock> <Opcode : 'add' 'sub' 'mul' 'select'> <InPorts = 0> <OutPorts = 1> <Sync> <CReg>
ST_9 : Operation 346 [1/1] (4.17ns)   --->   "%mul_ln22_31 = mul i16 %zext_ln22_31, i16 %zext_ln22_11" [matrix_mult.cpp:22]   --->   Operation 346 'mul' 'mul_ln22_31' <Predicate = true> <Delay = 4.17> <CoreInst = "Multiplier">   --->   Core 3 'Multiplier' <Latency = 0> <II = 1> <Delay = 4.17> <FuncUnit> <Opcode : 'mul'> <InPorts = 2> <OutPorts = 1>
ST_9 : Operation 347 [2/2] (2.10ns) (root node of the DSP)   --->   "%add_ln22_24 = add i16 %mul_ln22_31, i16 %mul_ln22_30" [matrix_mult.cpp:22]   --->   Operation 347 'add' 'add_ln22_24' <Predicate = true> <Delay = 2.10> <CoreInst = "DSP48">   --->   Core 116 'DSP48' <Latency = 3> <II = 1> <Delay = 2.15> <IPBlock> <Opcode : 'add' 'sub' 'mul' 'select'> <InPorts = 0> <OutPorts = 1> <Sync> <CReg>
ST_9 : Operation 348 [2/3] (1.05ns) (grouped into DSP with root node add_ln22_28)   --->   "%mul_ln22_35 = mul i16 %zext_ln22_30, i16 %zext_ln22_15" [matrix_mult.cpp:22]   --->   Operation 348 'mul' 'mul_ln22_35' <Predicate = true> <Delay = 1.05> <CoreInst = "DSP48">   --->   Core 116 'DSP48' <Latency = 3> <II = 1> <Delay = 2.15> <IPBlock> <Opcode : 'add' 'sub' 'mul' 'select'> <InPorts = 0> <OutPorts = 1> <Sync> <CReg>
ST_9 : Operation 349 [2/3] (1.05ns) (grouped into DSP with root node add_ln22_32)   --->   "%mul_ln22_40 = mul i16 %zext_ln22_30, i16 %zext_ln22_20" [matrix_mult.cpp:22]   --->   Operation 349 'mul' 'mul_ln22_40' <Predicate = true> <Delay = 1.05> <CoreInst = "DSP48">   --->   Core 116 'DSP48' <Latency = 3> <II = 1> <Delay = 2.15> <IPBlock> <Opcode : 'add' 'sub' 'mul' 'select'> <InPorts = 0> <OutPorts = 1> <Sync> <CReg>
ST_9 : Operation 350 [2/3] (1.05ns) (grouped into DSP with root node add_ln22_36)   --->   "%mul_ln22_45 = mul i16 %zext_ln22_30, i16 %zext_ln22_25" [matrix_mult.cpp:22]   --->   Operation 350 'mul' 'mul_ln22_45' <Predicate = true> <Delay = 1.05> <CoreInst = "DSP48">   --->   Core 116 'DSP48' <Latency = 3> <II = 1> <Delay = 2.15> <IPBlock> <Opcode : 'add' 'sub' 'mul' 'select'> <InPorts = 0> <OutPorts = 1> <Sync> <CReg>
ST_9 : Operation 351 [2/3] (1.05ns) (grouped into DSP with root node add_ln22_40)   --->   "%mul_ln22_50 = mul i16 %zext_ln22_35, i16 %zext_ln22_1" [matrix_mult.cpp:22]   --->   Operation 351 'mul' 'mul_ln22_50' <Predicate = true> <Delay = 1.05> <CoreInst = "DSP48">   --->   Core 116 'DSP48' <Latency = 3> <II = 1> <Delay = 2.15> <IPBlock> <Opcode : 'add' 'sub' 'mul' 'select'> <InPorts = 0> <OutPorts = 1> <Sync> <CReg>
ST_9 : Operation 352 [3/3] (1.05ns) (grouped into DSP with root node add_ln22_44)   --->   "%mul_ln22_55 = mul i16 %zext_ln22_35, i16 %zext_ln22_10" [matrix_mult.cpp:22]   --->   Operation 352 'mul' 'mul_ln22_55' <Predicate = true> <Delay = 1.05> <CoreInst = "DSP48">   --->   Core 116 'DSP48' <Latency = 3> <II = 1> <Delay = 2.15> <IPBlock> <Opcode : 'add' 'sub' 'mul' 'select'> <InPorts = 0> <OutPorts = 1> <Sync> <CReg>
ST_9 : Operation 353 [3/3] (1.05ns) (grouped into DSP with root node add_ln22_48)   --->   "%mul_ln22_60 = mul i16 %zext_ln22_35, i16 %zext_ln22_15" [matrix_mult.cpp:22]   --->   Operation 353 'mul' 'mul_ln22_60' <Predicate = true> <Delay = 1.05> <CoreInst = "DSP48">   --->   Core 116 'DSP48' <Latency = 3> <II = 1> <Delay = 2.15> <IPBlock> <Opcode : 'add' 'sub' 'mul' 'select'> <InPorts = 0> <OutPorts = 1> <Sync> <CReg>
ST_9 : Operation 354 [3/3] (1.05ns) (grouped into DSP with root node add_ln22_52)   --->   "%mul_ln22_65 = mul i16 %zext_ln22_35, i16 %zext_ln22_20" [matrix_mult.cpp:22]   --->   Operation 354 'mul' 'mul_ln22_65' <Predicate = true> <Delay = 1.05> <CoreInst = "DSP48">   --->   Core 116 'DSP48' <Latency = 3> <II = 1> <Delay = 2.15> <IPBlock> <Opcode : 'add' 'sub' 'mul' 'select'> <InPorts = 0> <OutPorts = 1> <Sync> <CReg>
ST_9 : Operation 355 [3/3] (1.05ns) (grouped into DSP with root node add_ln22_56)   --->   "%mul_ln22_70 = mul i16 %zext_ln22_35, i16 %zext_ln22_25" [matrix_mult.cpp:22]   --->   Operation 355 'mul' 'mul_ln22_70' <Predicate = true> <Delay = 1.05> <CoreInst = "DSP48">   --->   Core 116 'DSP48' <Latency = 3> <II = 1> <Delay = 2.15> <IPBlock> <Opcode : 'add' 'sub' 'mul' 'select'> <InPorts = 0> <OutPorts = 1> <Sync> <CReg>
ST_9 : Operation 356 [1/2] (2.10ns) (root node of the DSP)   --->   "%add_ln22_89 = add i16 %mul_ln22_113, i16 %mul_ln22_112" [matrix_mult.cpp:22]   --->   Operation 356 'add' 'add_ln22_89' <Predicate = true> <Delay = 2.10> <CoreInst = "DSP48">   --->   Core 116 'DSP48' <Latency = 3> <II = 1> <Delay = 2.15> <IPBlock> <Opcode : 'add' 'sub' 'mul' 'select'> <InPorts = 0> <OutPorts = 1> <Sync> <CReg>
ST_9 : Operation 357 [1/2] (2.10ns) (root node of the DSP)   --->   "%add_ln22_93 = add i16 %mul_ln22_118, i16 %mul_ln22_117" [matrix_mult.cpp:22]   --->   Operation 357 'add' 'add_ln22_93' <Predicate = true> <Delay = 2.10> <CoreInst = "DSP48">   --->   Core 116 'DSP48' <Latency = 3> <II = 1> <Delay = 2.15> <IPBlock> <Opcode : 'add' 'sub' 'mul' 'select'> <InPorts = 0> <OutPorts = 1> <Sync> <CReg>
ST_9 : Operation 358 [1/2] (2.10ns) (root node of the DSP)   --->   "%add_ln22_97 = add i16 %mul_ln22_123, i16 %mul_ln22_122" [matrix_mult.cpp:22]   --->   Operation 358 'add' 'add_ln22_97' <Predicate = true> <Delay = 2.10> <CoreInst = "DSP48">   --->   Core 116 'DSP48' <Latency = 3> <II = 1> <Delay = 2.15> <IPBlock> <Opcode : 'add' 'sub' 'mul' 'select'> <InPorts = 0> <OutPorts = 1> <Sync> <CReg>

State 10 <SV = 9> <Delay = 6.27>
ST_10 : Operation 359 [1/1] (0.00ns)   --->   "%prod_addr = getelementptr i16 %prod, i64 0, i64 0" [matrix_mult.cpp:22]   --->   Operation 359 'getelementptr' 'prod_addr' <Predicate = true> <Delay = 0.00>
ST_10 : Operation 360 [1/1] (0.00ns)   --->   "%prod_addr_1 = getelementptr i16 %prod, i64 0, i64 1" [matrix_mult.cpp:22]   --->   Operation 360 'getelementptr' 'prod_addr_1' <Predicate = true> <Delay = 0.00>
ST_10 : Operation 361 [1/2] (2.10ns) (root node of the DSP)   --->   "%add_ln22_2 = add i16 %add_ln22_1, i16 %mul_ln22_4" [matrix_mult.cpp:22]   --->   Operation 361 'add' 'add_ln22_2' <Predicate = true> <Delay = 2.10> <CoreInst = "DSP48">   --->   Core 116 'DSP48' <Latency = 3> <II = 1> <Delay = 2.15> <IPBlock> <Opcode : 'add' 'sub' 'mul' 'select'> <InPorts = 0> <OutPorts = 1> <Sync> <CReg>
ST_10 : Operation 362 [1/1] (2.07ns)   --->   "%add_ln22_3 = add i16 %add_ln22_2, i16 %add_ln22" [matrix_mult.cpp:22]   --->   Operation 362 'add' 'add_ln22_3' <Predicate = true> <Delay = 2.07> <CoreInst = "Adder">   --->   Core 1 'Adder' <Latency = 0> <II = 1> <Delay = 2.07> <FuncUnit> <Opcode : 'add' 'sub'> <InPorts = 2> <OutPorts = 1>
ST_10 : Operation 363 [1/1] ( I:0.00ns O:0.00ns )   --->   "%store_ln22 = store i16 %add_ln22_3, i5 %prod_addr" [matrix_mult.cpp:22]   --->   Operation 363 'store' 'store_ln22' <Predicate = true> <Delay = 0.00> <CoreInst = "RAM">   --->   Core 81 'RAM' <Latency = 1> <II = 1> <Delay = 2.32> <Storage> <Opcode : 'load' 'store'> <Ports = 2> <Width = 16> <Depth = 25> <RAM>
ST_10 : Operation 364 [1/2] (2.10ns) (root node of the DSP)   --->   "%add_ln22_6 = add i16 %add_ln22_5, i16 %mul_ln22_9" [matrix_mult.cpp:22]   --->   Operation 364 'add' 'add_ln22_6' <Predicate = true> <Delay = 2.10> <CoreInst = "DSP48">   --->   Core 116 'DSP48' <Latency = 3> <II = 1> <Delay = 2.15> <IPBlock> <Opcode : 'add' 'sub' 'mul' 'select'> <InPorts = 0> <OutPorts = 1> <Sync> <CReg>
ST_10 : Operation 365 [1/1] (2.07ns)   --->   "%add_ln22_7 = add i16 %add_ln22_6, i16 %add_ln22_4" [matrix_mult.cpp:22]   --->   Operation 365 'add' 'add_ln22_7' <Predicate = true> <Delay = 2.07> <CoreInst = "Adder">   --->   Core 1 'Adder' <Latency = 0> <II = 1> <Delay = 2.07> <FuncUnit> <Opcode : 'add' 'sub'> <InPorts = 2> <OutPorts = 1>
ST_10 : Operation 366 [1/1] ( I:0.00ns O:0.00ns )   --->   "%store_ln22 = store i16 %add_ln22_7, i5 %prod_addr_1" [matrix_mult.cpp:22]   --->   Operation 366 'store' 'store_ln22' <Predicate = true> <Delay = 0.00> <CoreInst = "RAM">   --->   Core 81 'RAM' <Latency = 1> <II = 1> <Delay = 2.32> <Storage> <Opcode : 'load' 'store'> <Ports = 2> <Width = 16> <Depth = 25> <RAM>
ST_10 : Operation 367 [1/3] (0.00ns) (grouped into DSP with root node add_ln22_10)   --->   "%mul_ln22_14 = mul i16 %zext_ln22_17, i16 %zext_ln22_4" [matrix_mult.cpp:22]   --->   Operation 367 'mul' 'mul_ln22_14' <Predicate = true> <Delay = 0.00> <CoreInst = "DSP48">   --->   Core 116 'DSP48' <Latency = 3> <II = 1> <Delay = 2.15> <IPBlock> <Opcode : 'add' 'sub' 'mul' 'select'> <InPorts = 0> <OutPorts = 1> <Sync> <CReg>
ST_10 : Operation 368 [2/2] (2.10ns) (root node of the DSP)   --->   "%add_ln22_10 = add i16 %add_ln22_9, i16 %mul_ln22_14" [matrix_mult.cpp:22]   --->   Operation 368 'add' 'add_ln22_10' <Predicate = true> <Delay = 2.10> <CoreInst = "DSP48">   --->   Core 116 'DSP48' <Latency = 3> <II = 1> <Delay = 2.15> <IPBlock> <Opcode : 'add' 'sub' 'mul' 'select'> <InPorts = 0> <OutPorts = 1> <Sync> <CReg>
ST_10 : Operation 369 [1/3] (0.00ns) (grouped into DSP with root node add_ln22_14)   --->   "%mul_ln22_19 = mul i16 %zext_ln22_22, i16 %zext_ln22_4" [matrix_mult.cpp:22]   --->   Operation 369 'mul' 'mul_ln22_19' <Predicate = true> <Delay = 0.00> <CoreInst = "DSP48">   --->   Core 116 'DSP48' <Latency = 3> <II = 1> <Delay = 2.15> <IPBlock> <Opcode : 'add' 'sub' 'mul' 'select'> <InPorts = 0> <OutPorts = 1> <Sync> <CReg>
ST_10 : Operation 370 [1/2] (2.10ns) (root node of the DSP)   --->   "%add_ln22_12 = add i16 %mul_ln22_16, i16 %mul_ln22_15" [matrix_mult.cpp:22]   --->   Operation 370 'add' 'add_ln22_12' <Predicate = true> <Delay = 2.10> <CoreInst = "DSP48">   --->   Core 116 'DSP48' <Latency = 3> <II = 1> <Delay = 2.15> <IPBlock> <Opcode : 'add' 'sub' 'mul' 'select'> <InPorts = 0> <OutPorts = 1> <Sync> <CReg>
ST_10 : Operation 371 [2/2] (2.10ns) (root node of the DSP)   --->   "%add_ln22_14 = add i16 %add_ln22_13, i16 %mul_ln22_19" [matrix_mult.cpp:22]   --->   Operation 371 'add' 'add_ln22_14' <Predicate = true> <Delay = 2.10> <CoreInst = "DSP48">   --->   Core 116 'DSP48' <Latency = 3> <II = 1> <Delay = 2.15> <IPBlock> <Opcode : 'add' 'sub' 'mul' 'select'> <InPorts = 0> <OutPorts = 1> <Sync> <CReg>
ST_10 : Operation 372 [2/3] (1.05ns) (grouped into DSP with root node add_ln22_18)   --->   "%mul_ln22_24 = mul i16 %zext_ln22_27, i16 %zext_ln22_4" [matrix_mult.cpp:22]   --->   Operation 372 'mul' 'mul_ln22_24' <Predicate = true> <Delay = 1.05> <CoreInst = "DSP48">   --->   Core 116 'DSP48' <Latency = 3> <II = 1> <Delay = 2.15> <IPBlock> <Opcode : 'add' 'sub' 'mul' 'select'> <InPorts = 0> <OutPorts = 1> <Sync> <CReg>
ST_10 : Operation 373 [1/2] (2.10ns) (root node of the DSP)   --->   "%add_ln22_16 = add i16 %mul_ln22_21, i16 %mul_ln22_20" [matrix_mult.cpp:22]   --->   Operation 373 'add' 'add_ln22_16' <Predicate = true> <Delay = 2.10> <CoreInst = "DSP48">   --->   Core 116 'DSP48' <Latency = 3> <II = 1> <Delay = 2.15> <IPBlock> <Opcode : 'add' 'sub' 'mul' 'select'> <InPorts = 0> <OutPorts = 1> <Sync> <CReg>
ST_10 : Operation 374 [2/3] (1.05ns) (grouped into DSP with root node add_ln22_22)   --->   "%mul_ln22_29 = mul i16 %zext_ln22_32, i16 %zext_ln22_5" [matrix_mult.cpp:22]   --->   Operation 374 'mul' 'mul_ln22_29' <Predicate = true> <Delay = 1.05> <CoreInst = "DSP48">   --->   Core 116 'DSP48' <Latency = 3> <II = 1> <Delay = 2.15> <IPBlock> <Opcode : 'add' 'sub' 'mul' 'select'> <InPorts = 0> <OutPorts = 1> <Sync> <CReg>
ST_10 : Operation 375 [1/2] (2.10ns) (root node of the DSP)   --->   "%add_ln22_20 = add i16 %mul_ln22_26, i16 %mul_ln22_25" [matrix_mult.cpp:22]   --->   Operation 375 'add' 'add_ln22_20' <Predicate = true> <Delay = 2.10> <CoreInst = "DSP48">   --->   Core 116 'DSP48' <Latency = 3> <II = 1> <Delay = 2.15> <IPBlock> <Opcode : 'add' 'sub' 'mul' 'select'> <InPorts = 0> <OutPorts = 1> <Sync> <CReg>
ST_10 : Operation 376 [3/3] (1.05ns) (grouped into DSP with root node add_ln22_26)   --->   "%mul_ln22_34 = mul i16 %zext_ln22_32, i16 %zext_ln22_12" [matrix_mult.cpp:22]   --->   Operation 376 'mul' 'mul_ln22_34' <Predicate = true> <Delay = 1.05> <CoreInst = "DSP48">   --->   Core 116 'DSP48' <Latency = 3> <II = 1> <Delay = 2.15> <IPBlock> <Opcode : 'add' 'sub' 'mul' 'select'> <InPorts = 0> <OutPorts = 1> <Sync> <CReg>
ST_10 : Operation 377 [1/2] (2.10ns) (root node of the DSP)   --->   "%add_ln22_24 = add i16 %mul_ln22_31, i16 %mul_ln22_30" [matrix_mult.cpp:22]   --->   Operation 377 'add' 'add_ln22_24' <Predicate = true> <Delay = 2.10> <CoreInst = "DSP48">   --->   Core 116 'DSP48' <Latency = 3> <II = 1> <Delay = 2.15> <IPBlock> <Opcode : 'add' 'sub' 'mul' 'select'> <InPorts = 0> <OutPorts = 1> <Sync> <CReg>
ST_10 : Operation 378 [1/3] (0.00ns) (grouped into DSP with root node add_ln22_28)   --->   "%mul_ln22_35 = mul i16 %zext_ln22_30, i16 %zext_ln22_15" [matrix_mult.cpp:22]   --->   Operation 378 'mul' 'mul_ln22_35' <Predicate = true> <Delay = 0.00> <CoreInst = "DSP48">   --->   Core 116 'DSP48' <Latency = 3> <II = 1> <Delay = 2.15> <IPBlock> <Opcode : 'add' 'sub' 'mul' 'select'> <InPorts = 0> <OutPorts = 1> <Sync> <CReg>
ST_10 : Operation 379 [1/1] (4.17ns)   --->   "%mul_ln22_36 = mul i16 %zext_ln22_31, i16 %zext_ln22_16" [matrix_mult.cpp:22]   --->   Operation 379 'mul' 'mul_ln22_36' <Predicate = true> <Delay = 4.17> <CoreInst = "Multiplier">   --->   Core 3 'Multiplier' <Latency = 0> <II = 1> <Delay = 4.17> <FuncUnit> <Opcode : 'mul'> <InPorts = 2> <OutPorts = 1>
ST_10 : Operation 380 [3/3] (1.05ns) (grouped into DSP with root node add_ln22_30)   --->   "%mul_ln22_39 = mul i16 %zext_ln22_32, i16 %zext_ln22_17" [matrix_mult.cpp:22]   --->   Operation 380 'mul' 'mul_ln22_39' <Predicate = true> <Delay = 1.05> <CoreInst = "DSP48">   --->   Core 116 'DSP48' <Latency = 3> <II = 1> <Delay = 2.15> <IPBlock> <Opcode : 'add' 'sub' 'mul' 'select'> <InPorts = 0> <OutPorts = 1> <Sync> <CReg>
ST_10 : Operation 381 [2/2] (2.10ns) (root node of the DSP)   --->   "%add_ln22_28 = add i16 %mul_ln22_36, i16 %mul_ln22_35" [matrix_mult.cpp:22]   --->   Operation 381 'add' 'add_ln22_28' <Predicate = true> <Delay = 2.10> <CoreInst = "DSP48">   --->   Core 116 'DSP48' <Latency = 3> <II = 1> <Delay = 2.15> <IPBlock> <Opcode : 'add' 'sub' 'mul' 'select'> <InPorts = 0> <OutPorts = 1> <Sync> <CReg>
ST_10 : Operation 382 [1/3] (0.00ns) (grouped into DSP with root node add_ln22_32)   --->   "%mul_ln22_40 = mul i16 %zext_ln22_30, i16 %zext_ln22_20" [matrix_mult.cpp:22]   --->   Operation 382 'mul' 'mul_ln22_40' <Predicate = true> <Delay = 0.00> <CoreInst = "DSP48">   --->   Core 116 'DSP48' <Latency = 3> <II = 1> <Delay = 2.15> <IPBlock> <Opcode : 'add' 'sub' 'mul' 'select'> <InPorts = 0> <OutPorts = 1> <Sync> <CReg>
ST_10 : Operation 383 [1/1] (4.17ns)   --->   "%mul_ln22_41 = mul i16 %zext_ln22_31, i16 %zext_ln22_21" [matrix_mult.cpp:22]   --->   Operation 383 'mul' 'mul_ln22_41' <Predicate = true> <Delay = 4.17> <CoreInst = "Multiplier">   --->   Core 3 'Multiplier' <Latency = 0> <II = 1> <Delay = 4.17> <FuncUnit> <Opcode : 'mul'> <InPorts = 2> <OutPorts = 1>
ST_10 : Operation 384 [2/2] (2.10ns) (root node of the DSP)   --->   "%add_ln22_32 = add i16 %mul_ln22_41, i16 %mul_ln22_40" [matrix_mult.cpp:22]   --->   Operation 384 'add' 'add_ln22_32' <Predicate = true> <Delay = 2.10> <CoreInst = "DSP48">   --->   Core 116 'DSP48' <Latency = 3> <II = 1> <Delay = 2.15> <IPBlock> <Opcode : 'add' 'sub' 'mul' 'select'> <InPorts = 0> <OutPorts = 1> <Sync> <CReg>
ST_10 : Operation 385 [1/3] (0.00ns) (grouped into DSP with root node add_ln22_36)   --->   "%mul_ln22_45 = mul i16 %zext_ln22_30, i16 %zext_ln22_25" [matrix_mult.cpp:22]   --->   Operation 385 'mul' 'mul_ln22_45' <Predicate = true> <Delay = 0.00> <CoreInst = "DSP48">   --->   Core 116 'DSP48' <Latency = 3> <II = 1> <Delay = 2.15> <IPBlock> <Opcode : 'add' 'sub' 'mul' 'select'> <InPorts = 0> <OutPorts = 1> <Sync> <CReg>
ST_10 : Operation 386 [1/1] (4.17ns)   --->   "%mul_ln22_46 = mul i16 %zext_ln22_31, i16 %zext_ln22_26" [matrix_mult.cpp:22]   --->   Operation 386 'mul' 'mul_ln22_46' <Predicate = true> <Delay = 4.17> <CoreInst = "Multiplier">   --->   Core 3 'Multiplier' <Latency = 0> <II = 1> <Delay = 4.17> <FuncUnit> <Opcode : 'mul'> <InPorts = 2> <OutPorts = 1>
ST_10 : Operation 387 [2/2] (2.10ns) (root node of the DSP)   --->   "%add_ln22_36 = add i16 %mul_ln22_46, i16 %mul_ln22_45" [matrix_mult.cpp:22]   --->   Operation 387 'add' 'add_ln22_36' <Predicate = true> <Delay = 2.10> <CoreInst = "DSP48">   --->   Core 116 'DSP48' <Latency = 3> <II = 1> <Delay = 2.15> <IPBlock> <Opcode : 'add' 'sub' 'mul' 'select'> <InPorts = 0> <OutPorts = 1> <Sync> <CReg>
ST_10 : Operation 388 [1/1] (0.00ns)   --->   "%zext_ln22_36 = zext i8 %tmp_27" [matrix_mult.cpp:22]   --->   Operation 388 'zext' 'zext_ln22_36' <Predicate = true> <Delay = 0.00>
ST_10 : Operation 389 [1/3] (0.00ns) (grouped into DSP with root node add_ln22_40)   --->   "%mul_ln22_50 = mul i16 %zext_ln22_35, i16 %zext_ln22_1" [matrix_mult.cpp:22]   --->   Operation 389 'mul' 'mul_ln22_50' <Predicate = true> <Delay = 0.00> <CoreInst = "DSP48">   --->   Core 116 'DSP48' <Latency = 3> <II = 1> <Delay = 2.15> <IPBlock> <Opcode : 'add' 'sub' 'mul' 'select'> <InPorts = 0> <OutPorts = 1> <Sync> <CReg>
ST_10 : Operation 390 [1/1] (4.17ns)   --->   "%mul_ln22_51 = mul i16 %zext_ln22_36, i16 %zext_ln22_3" [matrix_mult.cpp:22]   --->   Operation 390 'mul' 'mul_ln22_51' <Predicate = true> <Delay = 4.17> <CoreInst = "Multiplier">   --->   Core 3 'Multiplier' <Latency = 0> <II = 1> <Delay = 4.17> <FuncUnit> <Opcode : 'mul'> <InPorts = 2> <OutPorts = 1>
ST_10 : Operation 391 [2/2] (2.10ns) (root node of the DSP)   --->   "%add_ln22_40 = add i16 %mul_ln22_51, i16 %mul_ln22_50" [matrix_mult.cpp:22]   --->   Operation 391 'add' 'add_ln22_40' <Predicate = true> <Delay = 2.10> <CoreInst = "DSP48">   --->   Core 116 'DSP48' <Latency = 3> <II = 1> <Delay = 2.15> <IPBlock> <Opcode : 'add' 'sub' 'mul' 'select'> <InPorts = 0> <OutPorts = 1> <Sync> <CReg>
ST_10 : Operation 392 [2/3] (1.05ns) (grouped into DSP with root node add_ln22_44)   --->   "%mul_ln22_55 = mul i16 %zext_ln22_35, i16 %zext_ln22_10" [matrix_mult.cpp:22]   --->   Operation 392 'mul' 'mul_ln22_55' <Predicate = true> <Delay = 1.05> <CoreInst = "DSP48">   --->   Core 116 'DSP48' <Latency = 3> <II = 1> <Delay = 2.15> <IPBlock> <Opcode : 'add' 'sub' 'mul' 'select'> <InPorts = 0> <OutPorts = 1> <Sync> <CReg>
ST_10 : Operation 393 [2/3] (1.05ns) (grouped into DSP with root node add_ln22_48)   --->   "%mul_ln22_60 = mul i16 %zext_ln22_35, i16 %zext_ln22_15" [matrix_mult.cpp:22]   --->   Operation 393 'mul' 'mul_ln22_60' <Predicate = true> <Delay = 1.05> <CoreInst = "DSP48">   --->   Core 116 'DSP48' <Latency = 3> <II = 1> <Delay = 2.15> <IPBlock> <Opcode : 'add' 'sub' 'mul' 'select'> <InPorts = 0> <OutPorts = 1> <Sync> <CReg>
ST_10 : Operation 394 [2/3] (1.05ns) (grouped into DSP with root node add_ln22_52)   --->   "%mul_ln22_65 = mul i16 %zext_ln22_35, i16 %zext_ln22_20" [matrix_mult.cpp:22]   --->   Operation 394 'mul' 'mul_ln22_65' <Predicate = true> <Delay = 1.05> <CoreInst = "DSP48">   --->   Core 116 'DSP48' <Latency = 3> <II = 1> <Delay = 2.15> <IPBlock> <Opcode : 'add' 'sub' 'mul' 'select'> <InPorts = 0> <OutPorts = 1> <Sync> <CReg>
ST_10 : Operation 395 [2/3] (1.05ns) (grouped into DSP with root node add_ln22_56)   --->   "%mul_ln22_70 = mul i16 %zext_ln22_35, i16 %zext_ln22_25" [matrix_mult.cpp:22]   --->   Operation 395 'mul' 'mul_ln22_70' <Predicate = true> <Delay = 1.05> <CoreInst = "DSP48">   --->   Core 116 'DSP48' <Latency = 3> <II = 1> <Delay = 2.15> <IPBlock> <Opcode : 'add' 'sub' 'mul' 'select'> <InPorts = 0> <OutPorts = 1> <Sync> <CReg>
ST_10 : Operation 396 [1/1] (0.00ns)   --->   "%zext_ln22_40 = zext i8 %trunc_ln22_8" [matrix_mult.cpp:22]   --->   Operation 396 'zext' 'zext_ln22_40' <Predicate = true> <Delay = 0.00>
ST_10 : Operation 397 [3/3] (1.05ns) (grouped into DSP with root node add_ln22_60)   --->   "%mul_ln22_75 = mul i16 %zext_ln22_40, i16 %zext_ln22_1" [matrix_mult.cpp:22]   --->   Operation 397 'mul' 'mul_ln22_75' <Predicate = true> <Delay = 1.05> <CoreInst = "DSP48">   --->   Core 116 'DSP48' <Latency = 3> <II = 1> <Delay = 2.15> <IPBlock> <Opcode : 'add' 'sub' 'mul' 'select'> <InPorts = 0> <OutPorts = 1> <Sync> <CReg>
ST_10 : Operation 398 [3/3] (1.05ns) (grouped into DSP with root node add_ln22_64)   --->   "%mul_ln22_80 = mul i16 %zext_ln22_40, i16 %zext_ln22_10" [matrix_mult.cpp:22]   --->   Operation 398 'mul' 'mul_ln22_80' <Predicate = true> <Delay = 1.05> <CoreInst = "DSP48">   --->   Core 116 'DSP48' <Latency = 3> <II = 1> <Delay = 2.15> <IPBlock> <Opcode : 'add' 'sub' 'mul' 'select'> <InPorts = 0> <OutPorts = 1> <Sync> <CReg>
ST_10 : Operation 399 [3/3] (1.05ns) (grouped into DSP with root node add_ln22_68)   --->   "%mul_ln22_85 = mul i16 %zext_ln22_40, i16 %zext_ln22_15" [matrix_mult.cpp:22]   --->   Operation 399 'mul' 'mul_ln22_85' <Predicate = true> <Delay = 1.05> <CoreInst = "DSP48">   --->   Core 116 'DSP48' <Latency = 3> <II = 1> <Delay = 2.15> <IPBlock> <Opcode : 'add' 'sub' 'mul' 'select'> <InPorts = 0> <OutPorts = 1> <Sync> <CReg>
ST_10 : Operation 400 [3/3] (1.05ns) (grouped into DSP with root node add_ln22_72)   --->   "%mul_ln22_90 = mul i16 %zext_ln22_40, i16 %zext_ln22_20" [matrix_mult.cpp:22]   --->   Operation 400 'mul' 'mul_ln22_90' <Predicate = true> <Delay = 1.05> <CoreInst = "DSP48">   --->   Core 116 'DSP48' <Latency = 3> <II = 1> <Delay = 2.15> <IPBlock> <Opcode : 'add' 'sub' 'mul' 'select'> <InPorts = 0> <OutPorts = 1> <Sync> <CReg>

State 11 <SV = 10> <Delay = 6.27>
ST_11 : Operation 401 [1/1] (0.00ns)   --->   "%prod_addr_2 = getelementptr i16 %prod, i64 0, i64 2" [matrix_mult.cpp:22]   --->   Operation 401 'getelementptr' 'prod_addr_2' <Predicate = true> <Delay = 0.00>
ST_11 : Operation 402 [1/1] (0.00ns)   --->   "%prod_addr_3 = getelementptr i16 %prod, i64 0, i64 3" [matrix_mult.cpp:22]   --->   Operation 402 'getelementptr' 'prod_addr_3' <Predicate = true> <Delay = 0.00>
ST_11 : Operation 403 [1/2] (2.10ns) (root node of the DSP)   --->   "%add_ln22_10 = add i16 %add_ln22_9, i16 %mul_ln22_14" [matrix_mult.cpp:22]   --->   Operation 403 'add' 'add_ln22_10' <Predicate = true> <Delay = 2.10> <CoreInst = "DSP48">   --->   Core 116 'DSP48' <Latency = 3> <II = 1> <Delay = 2.15> <IPBlock> <Opcode : 'add' 'sub' 'mul' 'select'> <InPorts = 0> <OutPorts = 1> <Sync> <CReg>
ST_11 : Operation 404 [1/1] (2.07ns)   --->   "%add_ln22_11 = add i16 %add_ln22_10, i16 %add_ln22_8" [matrix_mult.cpp:22]   --->   Operation 404 'add' 'add_ln22_11' <Predicate = true> <Delay = 2.07> <CoreInst = "Adder">   --->   Core 1 'Adder' <Latency = 0> <II = 1> <Delay = 2.07> <FuncUnit> <Opcode : 'add' 'sub'> <InPorts = 2> <OutPorts = 1>
ST_11 : Operation 405 [1/1] ( I:0.00ns O:0.00ns )   --->   "%store_ln22 = store i16 %add_ln22_11, i5 %prod_addr_2" [matrix_mult.cpp:22]   --->   Operation 405 'store' 'store_ln22' <Predicate = true> <Delay = 0.00> <CoreInst = "RAM">   --->   Core 81 'RAM' <Latency = 1> <II = 1> <Delay = 2.32> <Storage> <Opcode : 'load' 'store'> <Ports = 2> <Width = 16> <Depth = 25> <RAM>
ST_11 : Operation 406 [1/2] (2.10ns) (root node of the DSP)   --->   "%add_ln22_14 = add i16 %add_ln22_13, i16 %mul_ln22_19" [matrix_mult.cpp:22]   --->   Operation 406 'add' 'add_ln22_14' <Predicate = true> <Delay = 2.10> <CoreInst = "DSP48">   --->   Core 116 'DSP48' <Latency = 3> <II = 1> <Delay = 2.15> <IPBlock> <Opcode : 'add' 'sub' 'mul' 'select'> <InPorts = 0> <OutPorts = 1> <Sync> <CReg>
ST_11 : Operation 407 [1/1] (2.07ns)   --->   "%add_ln22_15 = add i16 %add_ln22_14, i16 %add_ln22_12" [matrix_mult.cpp:22]   --->   Operation 407 'add' 'add_ln22_15' <Predicate = true> <Delay = 2.07> <CoreInst = "Adder">   --->   Core 1 'Adder' <Latency = 0> <II = 1> <Delay = 2.07> <FuncUnit> <Opcode : 'add' 'sub'> <InPorts = 2> <OutPorts = 1>
ST_11 : Operation 408 [1/1] ( I:0.00ns O:0.00ns )   --->   "%store_ln22 = store i16 %add_ln22_15, i5 %prod_addr_3" [matrix_mult.cpp:22]   --->   Operation 408 'store' 'store_ln22' <Predicate = true> <Delay = 0.00> <CoreInst = "RAM">   --->   Core 81 'RAM' <Latency = 1> <II = 1> <Delay = 2.32> <Storage> <Opcode : 'load' 'store'> <Ports = 2> <Width = 16> <Depth = 25> <RAM>
ST_11 : Operation 409 [1/3] (0.00ns) (grouped into DSP with root node add_ln22_18)   --->   "%mul_ln22_24 = mul i16 %zext_ln22_27, i16 %zext_ln22_4" [matrix_mult.cpp:22]   --->   Operation 409 'mul' 'mul_ln22_24' <Predicate = true> <Delay = 0.00> <CoreInst = "DSP48">   --->   Core 116 'DSP48' <Latency = 3> <II = 1> <Delay = 2.15> <IPBlock> <Opcode : 'add' 'sub' 'mul' 'select'> <InPorts = 0> <OutPorts = 1> <Sync> <CReg>
ST_11 : Operation 410 [2/2] (2.10ns) (root node of the DSP)   --->   "%add_ln22_18 = add i16 %add_ln22_17, i16 %mul_ln22_24" [matrix_mult.cpp:22]   --->   Operation 410 'add' 'add_ln22_18' <Predicate = true> <Delay = 2.10> <CoreInst = "DSP48">   --->   Core 116 'DSP48' <Latency = 3> <II = 1> <Delay = 2.15> <IPBlock> <Opcode : 'add' 'sub' 'mul' 'select'> <InPorts = 0> <OutPorts = 1> <Sync> <CReg>
ST_11 : Operation 411 [1/3] (0.00ns) (grouped into DSP with root node add_ln22_22)   --->   "%mul_ln22_29 = mul i16 %zext_ln22_32, i16 %zext_ln22_5" [matrix_mult.cpp:22]   --->   Operation 411 'mul' 'mul_ln22_29' <Predicate = true> <Delay = 0.00> <CoreInst = "DSP48">   --->   Core 116 'DSP48' <Latency = 3> <II = 1> <Delay = 2.15> <IPBlock> <Opcode : 'add' 'sub' 'mul' 'select'> <InPorts = 0> <OutPorts = 1> <Sync> <CReg>
ST_11 : Operation 412 [2/2] (2.10ns) (root node of the DSP)   --->   "%add_ln22_22 = add i16 %add_ln22_21, i16 %mul_ln22_29" [matrix_mult.cpp:22]   --->   Operation 412 'add' 'add_ln22_22' <Predicate = true> <Delay = 2.10> <CoreInst = "DSP48">   --->   Core 116 'DSP48' <Latency = 3> <II = 1> <Delay = 2.15> <IPBlock> <Opcode : 'add' 'sub' 'mul' 'select'> <InPorts = 0> <OutPorts = 1> <Sync> <CReg>
ST_11 : Operation 413 [2/3] (1.05ns) (grouped into DSP with root node add_ln22_26)   --->   "%mul_ln22_34 = mul i16 %zext_ln22_32, i16 %zext_ln22_12" [matrix_mult.cpp:22]   --->   Operation 413 'mul' 'mul_ln22_34' <Predicate = true> <Delay = 1.05> <CoreInst = "DSP48">   --->   Core 116 'DSP48' <Latency = 3> <II = 1> <Delay = 2.15> <IPBlock> <Opcode : 'add' 'sub' 'mul' 'select'> <InPorts = 0> <OutPorts = 1> <Sync> <CReg>
ST_11 : Operation 414 [2/3] (1.05ns) (grouped into DSP with root node add_ln22_30)   --->   "%mul_ln22_39 = mul i16 %zext_ln22_32, i16 %zext_ln22_17" [matrix_mult.cpp:22]   --->   Operation 414 'mul' 'mul_ln22_39' <Predicate = true> <Delay = 1.05> <CoreInst = "DSP48">   --->   Core 116 'DSP48' <Latency = 3> <II = 1> <Delay = 2.15> <IPBlock> <Opcode : 'add' 'sub' 'mul' 'select'> <InPorts = 0> <OutPorts = 1> <Sync> <CReg>
ST_11 : Operation 415 [1/2] (2.10ns) (root node of the DSP)   --->   "%add_ln22_28 = add i16 %mul_ln22_36, i16 %mul_ln22_35" [matrix_mult.cpp:22]   --->   Operation 415 'add' 'add_ln22_28' <Predicate = true> <Delay = 2.10> <CoreInst = "DSP48">   --->   Core 116 'DSP48' <Latency = 3> <II = 1> <Delay = 2.15> <IPBlock> <Opcode : 'add' 'sub' 'mul' 'select'> <InPorts = 0> <OutPorts = 1> <Sync> <CReg>
ST_11 : Operation 416 [3/3] (1.05ns) (grouped into DSP with root node add_ln22_34)   --->   "%mul_ln22_44 = mul i16 %zext_ln22_32, i16 %zext_ln22_22" [matrix_mult.cpp:22]   --->   Operation 416 'mul' 'mul_ln22_44' <Predicate = true> <Delay = 1.05> <CoreInst = "DSP48">   --->   Core 116 'DSP48' <Latency = 3> <II = 1> <Delay = 2.15> <IPBlock> <Opcode : 'add' 'sub' 'mul' 'select'> <InPorts = 0> <OutPorts = 1> <Sync> <CReg>
ST_11 : Operation 417 [1/2] (2.10ns) (root node of the DSP)   --->   "%add_ln22_32 = add i16 %mul_ln22_41, i16 %mul_ln22_40" [matrix_mult.cpp:22]   --->   Operation 417 'add' 'add_ln22_32' <Predicate = true> <Delay = 2.10> <CoreInst = "DSP48">   --->   Core 116 'DSP48' <Latency = 3> <II = 1> <Delay = 2.15> <IPBlock> <Opcode : 'add' 'sub' 'mul' 'select'> <InPorts = 0> <OutPorts = 1> <Sync> <CReg>
ST_11 : Operation 418 [3/3] (1.05ns) (grouped into DSP with root node add_ln22_38)   --->   "%mul_ln22_49 = mul i16 %zext_ln22_32, i16 %zext_ln22_27" [matrix_mult.cpp:22]   --->   Operation 418 'mul' 'mul_ln22_49' <Predicate = true> <Delay = 1.05> <CoreInst = "DSP48">   --->   Core 116 'DSP48' <Latency = 3> <II = 1> <Delay = 2.15> <IPBlock> <Opcode : 'add' 'sub' 'mul' 'select'> <InPorts = 0> <OutPorts = 1> <Sync> <CReg>
ST_11 : Operation 419 [1/2] (2.10ns) (root node of the DSP)   --->   "%add_ln22_36 = add i16 %mul_ln22_46, i16 %mul_ln22_45" [matrix_mult.cpp:22]   --->   Operation 419 'add' 'add_ln22_36' <Predicate = true> <Delay = 2.10> <CoreInst = "DSP48">   --->   Core 116 'DSP48' <Latency = 3> <II = 1> <Delay = 2.15> <IPBlock> <Opcode : 'add' 'sub' 'mul' 'select'> <InPorts = 0> <OutPorts = 1> <Sync> <CReg>
ST_11 : Operation 420 [1/2] (2.10ns) (root node of the DSP)   --->   "%add_ln22_40 = add i16 %mul_ln22_51, i16 %mul_ln22_50" [matrix_mult.cpp:22]   --->   Operation 420 'add' 'add_ln22_40' <Predicate = true> <Delay = 2.10> <CoreInst = "DSP48">   --->   Core 116 'DSP48' <Latency = 3> <II = 1> <Delay = 2.15> <IPBlock> <Opcode : 'add' 'sub' 'mul' 'select'> <InPorts = 0> <OutPorts = 1> <Sync> <CReg>
ST_11 : Operation 421 [1/3] (0.00ns) (grouped into DSP with root node add_ln22_44)   --->   "%mul_ln22_55 = mul i16 %zext_ln22_35, i16 %zext_ln22_10" [matrix_mult.cpp:22]   --->   Operation 421 'mul' 'mul_ln22_55' <Predicate = true> <Delay = 0.00> <CoreInst = "DSP48">   --->   Core 116 'DSP48' <Latency = 3> <II = 1> <Delay = 2.15> <IPBlock> <Opcode : 'add' 'sub' 'mul' 'select'> <InPorts = 0> <OutPorts = 1> <Sync> <CReg>
ST_11 : Operation 422 [1/1] (4.17ns)   --->   "%mul_ln22_56 = mul i16 %zext_ln22_36, i16 %zext_ln22_11" [matrix_mult.cpp:22]   --->   Operation 422 'mul' 'mul_ln22_56' <Predicate = true> <Delay = 4.17> <CoreInst = "Multiplier">   --->   Core 3 'Multiplier' <Latency = 0> <II = 1> <Delay = 4.17> <FuncUnit> <Opcode : 'mul'> <InPorts = 2> <OutPorts = 1>
ST_11 : Operation 423 [2/2] (2.10ns) (root node of the DSP)   --->   "%add_ln22_44 = add i16 %mul_ln22_56, i16 %mul_ln22_55" [matrix_mult.cpp:22]   --->   Operation 423 'add' 'add_ln22_44' <Predicate = true> <Delay = 2.10> <CoreInst = "DSP48">   --->   Core 116 'DSP48' <Latency = 3> <II = 1> <Delay = 2.15> <IPBlock> <Opcode : 'add' 'sub' 'mul' 'select'> <InPorts = 0> <OutPorts = 1> <Sync> <CReg>
ST_11 : Operation 424 [1/3] (0.00ns) (grouped into DSP with root node add_ln22_48)   --->   "%mul_ln22_60 = mul i16 %zext_ln22_35, i16 %zext_ln22_15" [matrix_mult.cpp:22]   --->   Operation 424 'mul' 'mul_ln22_60' <Predicate = true> <Delay = 0.00> <CoreInst = "DSP48">   --->   Core 116 'DSP48' <Latency = 3> <II = 1> <Delay = 2.15> <IPBlock> <Opcode : 'add' 'sub' 'mul' 'select'> <InPorts = 0> <OutPorts = 1> <Sync> <CReg>
ST_11 : Operation 425 [1/1] (4.17ns)   --->   "%mul_ln22_61 = mul i16 %zext_ln22_36, i16 %zext_ln22_16" [matrix_mult.cpp:22]   --->   Operation 425 'mul' 'mul_ln22_61' <Predicate = true> <Delay = 4.17> <CoreInst = "Multiplier">   --->   Core 3 'Multiplier' <Latency = 0> <II = 1> <Delay = 4.17> <FuncUnit> <Opcode : 'mul'> <InPorts = 2> <OutPorts = 1>
ST_11 : Operation 426 [2/2] (2.10ns) (root node of the DSP)   --->   "%add_ln22_48 = add i16 %mul_ln22_61, i16 %mul_ln22_60" [matrix_mult.cpp:22]   --->   Operation 426 'add' 'add_ln22_48' <Predicate = true> <Delay = 2.10> <CoreInst = "DSP48">   --->   Core 116 'DSP48' <Latency = 3> <II = 1> <Delay = 2.15> <IPBlock> <Opcode : 'add' 'sub' 'mul' 'select'> <InPorts = 0> <OutPorts = 1> <Sync> <CReg>
ST_11 : Operation 427 [1/3] (0.00ns) (grouped into DSP with root node add_ln22_52)   --->   "%mul_ln22_65 = mul i16 %zext_ln22_35, i16 %zext_ln22_20" [matrix_mult.cpp:22]   --->   Operation 427 'mul' 'mul_ln22_65' <Predicate = true> <Delay = 0.00> <CoreInst = "DSP48">   --->   Core 116 'DSP48' <Latency = 3> <II = 1> <Delay = 2.15> <IPBlock> <Opcode : 'add' 'sub' 'mul' 'select'> <InPorts = 0> <OutPorts = 1> <Sync> <CReg>
ST_11 : Operation 428 [1/1] (4.17ns)   --->   "%mul_ln22_66 = mul i16 %zext_ln22_36, i16 %zext_ln22_21" [matrix_mult.cpp:22]   --->   Operation 428 'mul' 'mul_ln22_66' <Predicate = true> <Delay = 4.17> <CoreInst = "Multiplier">   --->   Core 3 'Multiplier' <Latency = 0> <II = 1> <Delay = 4.17> <FuncUnit> <Opcode : 'mul'> <InPorts = 2> <OutPorts = 1>
ST_11 : Operation 429 [2/2] (2.10ns) (root node of the DSP)   --->   "%add_ln22_52 = add i16 %mul_ln22_66, i16 %mul_ln22_65" [matrix_mult.cpp:22]   --->   Operation 429 'add' 'add_ln22_52' <Predicate = true> <Delay = 2.10> <CoreInst = "DSP48">   --->   Core 116 'DSP48' <Latency = 3> <II = 1> <Delay = 2.15> <IPBlock> <Opcode : 'add' 'sub' 'mul' 'select'> <InPorts = 0> <OutPorts = 1> <Sync> <CReg>
ST_11 : Operation 430 [1/3] (0.00ns) (grouped into DSP with root node add_ln22_56)   --->   "%mul_ln22_70 = mul i16 %zext_ln22_35, i16 %zext_ln22_25" [matrix_mult.cpp:22]   --->   Operation 430 'mul' 'mul_ln22_70' <Predicate = true> <Delay = 0.00> <CoreInst = "DSP48">   --->   Core 116 'DSP48' <Latency = 3> <II = 1> <Delay = 2.15> <IPBlock> <Opcode : 'add' 'sub' 'mul' 'select'> <InPorts = 0> <OutPorts = 1> <Sync> <CReg>
ST_11 : Operation 431 [1/1] (4.17ns)   --->   "%mul_ln22_71 = mul i16 %zext_ln22_36, i16 %zext_ln22_26" [matrix_mult.cpp:22]   --->   Operation 431 'mul' 'mul_ln22_71' <Predicate = true> <Delay = 4.17> <CoreInst = "Multiplier">   --->   Core 3 'Multiplier' <Latency = 0> <II = 1> <Delay = 4.17> <FuncUnit> <Opcode : 'mul'> <InPorts = 2> <OutPorts = 1>
ST_11 : Operation 432 [2/2] (2.10ns) (root node of the DSP)   --->   "%add_ln22_56 = add i16 %mul_ln22_71, i16 %mul_ln22_70" [matrix_mult.cpp:22]   --->   Operation 432 'add' 'add_ln22_56' <Predicate = true> <Delay = 2.10> <CoreInst = "DSP48">   --->   Core 116 'DSP48' <Latency = 3> <II = 1> <Delay = 2.15> <IPBlock> <Opcode : 'add' 'sub' 'mul' 'select'> <InPorts = 0> <OutPorts = 1> <Sync> <CReg>
ST_11 : Operation 433 [2/3] (1.05ns) (grouped into DSP with root node add_ln22_60)   --->   "%mul_ln22_75 = mul i16 %zext_ln22_40, i16 %zext_ln22_1" [matrix_mult.cpp:22]   --->   Operation 433 'mul' 'mul_ln22_75' <Predicate = true> <Delay = 1.05> <CoreInst = "DSP48">   --->   Core 116 'DSP48' <Latency = 3> <II = 1> <Delay = 2.15> <IPBlock> <Opcode : 'add' 'sub' 'mul' 'select'> <InPorts = 0> <OutPorts = 1> <Sync> <CReg>
ST_11 : Operation 434 [2/3] (1.05ns) (grouped into DSP with root node add_ln22_64)   --->   "%mul_ln22_80 = mul i16 %zext_ln22_40, i16 %zext_ln22_10" [matrix_mult.cpp:22]   --->   Operation 434 'mul' 'mul_ln22_80' <Predicate = true> <Delay = 1.05> <CoreInst = "DSP48">   --->   Core 116 'DSP48' <Latency = 3> <II = 1> <Delay = 2.15> <IPBlock> <Opcode : 'add' 'sub' 'mul' 'select'> <InPorts = 0> <OutPorts = 1> <Sync> <CReg>
ST_11 : Operation 435 [2/3] (1.05ns) (grouped into DSP with root node add_ln22_68)   --->   "%mul_ln22_85 = mul i16 %zext_ln22_40, i16 %zext_ln22_15" [matrix_mult.cpp:22]   --->   Operation 435 'mul' 'mul_ln22_85' <Predicate = true> <Delay = 1.05> <CoreInst = "DSP48">   --->   Core 116 'DSP48' <Latency = 3> <II = 1> <Delay = 2.15> <IPBlock> <Opcode : 'add' 'sub' 'mul' 'select'> <InPorts = 0> <OutPorts = 1> <Sync> <CReg>
ST_11 : Operation 436 [2/3] (1.05ns) (grouped into DSP with root node add_ln22_72)   --->   "%mul_ln22_90 = mul i16 %zext_ln22_40, i16 %zext_ln22_20" [matrix_mult.cpp:22]   --->   Operation 436 'mul' 'mul_ln22_90' <Predicate = true> <Delay = 1.05> <CoreInst = "DSP48">   --->   Core 116 'DSP48' <Latency = 3> <II = 1> <Delay = 2.15> <IPBlock> <Opcode : 'add' 'sub' 'mul' 'select'> <InPorts = 0> <OutPorts = 1> <Sync> <CReg>
ST_11 : Operation 437 [3/3] (1.05ns) (grouped into DSP with root node add_ln22_76)   --->   "%mul_ln22_95 = mul i16 %zext_ln22_40, i16 %zext_ln22_25" [matrix_mult.cpp:22]   --->   Operation 437 'mul' 'mul_ln22_95' <Predicate = true> <Delay = 1.05> <CoreInst = "DSP48">   --->   Core 116 'DSP48' <Latency = 3> <II = 1> <Delay = 2.15> <IPBlock> <Opcode : 'add' 'sub' 'mul' 'select'> <InPorts = 0> <OutPorts = 1> <Sync> <CReg>
ST_11 : Operation 438 [1/1] (0.00ns)   --->   "%zext_ln22_45 = zext i8 %trunc_ln22_9" [matrix_mult.cpp:22]   --->   Operation 438 'zext' 'zext_ln22_45' <Predicate = true> <Delay = 0.00>
ST_11 : Operation 439 [3/3] (1.05ns) (grouped into DSP with root node add_ln22_80)   --->   "%mul_ln22_100 = mul i16 %zext_ln22_45, i16 %zext_ln22_1" [matrix_mult.cpp:22]   --->   Operation 439 'mul' 'mul_ln22_100' <Predicate = true> <Delay = 1.05> <CoreInst = "DSP48">   --->   Core 116 'DSP48' <Latency = 3> <II = 1> <Delay = 2.15> <IPBlock> <Opcode : 'add' 'sub' 'mul' 'select'> <InPorts = 0> <OutPorts = 1> <Sync> <CReg>
ST_11 : Operation 440 [3/3] (1.05ns) (grouped into DSP with root node add_ln22_84)   --->   "%mul_ln22_105 = mul i16 %zext_ln22_45, i16 %zext_ln22_10" [matrix_mult.cpp:22]   --->   Operation 440 'mul' 'mul_ln22_105' <Predicate = true> <Delay = 1.05> <CoreInst = "DSP48">   --->   Core 116 'DSP48' <Latency = 3> <II = 1> <Delay = 2.15> <IPBlock> <Opcode : 'add' 'sub' 'mul' 'select'> <InPorts = 0> <OutPorts = 1> <Sync> <CReg>
ST_11 : Operation 441 [3/3] (1.05ns) (grouped into DSP with root node add_ln22_88)   --->   "%mul_ln22_110 = mul i16 %zext_ln22_45, i16 %zext_ln22_15" [matrix_mult.cpp:22]   --->   Operation 441 'mul' 'mul_ln22_110' <Predicate = true> <Delay = 1.05> <CoreInst = "DSP48">   --->   Core 116 'DSP48' <Latency = 3> <II = 1> <Delay = 2.15> <IPBlock> <Opcode : 'add' 'sub' 'mul' 'select'> <InPorts = 0> <OutPorts = 1> <Sync> <CReg>

State 12 <SV = 11> <Delay = 6.27>
ST_12 : Operation 442 [1/1] (0.00ns)   --->   "%prod_addr_4 = getelementptr i16 %prod, i64 0, i64 4" [matrix_mult.cpp:22]   --->   Operation 442 'getelementptr' 'prod_addr_4' <Predicate = true> <Delay = 0.00>
ST_12 : Operation 443 [1/1] (0.00ns)   --->   "%prod_addr_5 = getelementptr i16 %prod, i64 0, i64 5" [matrix_mult.cpp:22]   --->   Operation 443 'getelementptr' 'prod_addr_5' <Predicate = true> <Delay = 0.00>
ST_12 : Operation 444 [1/2] (2.10ns) (root node of the DSP)   --->   "%add_ln22_18 = add i16 %add_ln22_17, i16 %mul_ln22_24" [matrix_mult.cpp:22]   --->   Operation 444 'add' 'add_ln22_18' <Predicate = true> <Delay = 2.10> <CoreInst = "DSP48">   --->   Core 116 'DSP48' <Latency = 3> <II = 1> <Delay = 2.15> <IPBlock> <Opcode : 'add' 'sub' 'mul' 'select'> <InPorts = 0> <OutPorts = 1> <Sync> <CReg>
ST_12 : Operation 445 [1/1] (2.07ns)   --->   "%add_ln22_19 = add i16 %add_ln22_18, i16 %add_ln22_16" [matrix_mult.cpp:22]   --->   Operation 445 'add' 'add_ln22_19' <Predicate = true> <Delay = 2.07> <CoreInst = "Adder">   --->   Core 1 'Adder' <Latency = 0> <II = 1> <Delay = 2.07> <FuncUnit> <Opcode : 'add' 'sub'> <InPorts = 2> <OutPorts = 1>
ST_12 : Operation 446 [1/1] ( I:0.00ns O:0.00ns )   --->   "%store_ln22 = store i16 %add_ln22_19, i5 %prod_addr_4" [matrix_mult.cpp:22]   --->   Operation 446 'store' 'store_ln22' <Predicate = true> <Delay = 0.00> <CoreInst = "RAM">   --->   Core 81 'RAM' <Latency = 1> <II = 1> <Delay = 2.32> <Storage> <Opcode : 'load' 'store'> <Ports = 2> <Width = 16> <Depth = 25> <RAM>
ST_12 : Operation 447 [1/2] (2.10ns) (root node of the DSP)   --->   "%add_ln22_22 = add i16 %add_ln22_21, i16 %mul_ln22_29" [matrix_mult.cpp:22]   --->   Operation 447 'add' 'add_ln22_22' <Predicate = true> <Delay = 2.10> <CoreInst = "DSP48">   --->   Core 116 'DSP48' <Latency = 3> <II = 1> <Delay = 2.15> <IPBlock> <Opcode : 'add' 'sub' 'mul' 'select'> <InPorts = 0> <OutPorts = 1> <Sync> <CReg>
ST_12 : Operation 448 [1/1] (2.07ns)   --->   "%add_ln22_23 = add i16 %add_ln22_22, i16 %add_ln22_20" [matrix_mult.cpp:22]   --->   Operation 448 'add' 'add_ln22_23' <Predicate = true> <Delay = 2.07> <CoreInst = "Adder">   --->   Core 1 'Adder' <Latency = 0> <II = 1> <Delay = 2.07> <FuncUnit> <Opcode : 'add' 'sub'> <InPorts = 2> <OutPorts = 1>
ST_12 : Operation 449 [1/1] ( I:0.00ns O:0.00ns )   --->   "%store_ln22 = store i16 %add_ln22_23, i5 %prod_addr_5" [matrix_mult.cpp:22]   --->   Operation 449 'store' 'store_ln22' <Predicate = true> <Delay = 0.00> <CoreInst = "RAM">   --->   Core 81 'RAM' <Latency = 1> <II = 1> <Delay = 2.32> <Storage> <Opcode : 'load' 'store'> <Ports = 2> <Width = 16> <Depth = 25> <RAM>
ST_12 : Operation 450 [1/3] (0.00ns) (grouped into DSP with root node add_ln22_26)   --->   "%mul_ln22_34 = mul i16 %zext_ln22_32, i16 %zext_ln22_12" [matrix_mult.cpp:22]   --->   Operation 450 'mul' 'mul_ln22_34' <Predicate = true> <Delay = 0.00> <CoreInst = "DSP48">   --->   Core 116 'DSP48' <Latency = 3> <II = 1> <Delay = 2.15> <IPBlock> <Opcode : 'add' 'sub' 'mul' 'select'> <InPorts = 0> <OutPorts = 1> <Sync> <CReg>
ST_12 : Operation 451 [2/2] (2.10ns) (root node of the DSP)   --->   "%add_ln22_26 = add i16 %add_ln22_25, i16 %mul_ln22_34" [matrix_mult.cpp:22]   --->   Operation 451 'add' 'add_ln22_26' <Predicate = true> <Delay = 2.10> <CoreInst = "DSP48">   --->   Core 116 'DSP48' <Latency = 3> <II = 1> <Delay = 2.15> <IPBlock> <Opcode : 'add' 'sub' 'mul' 'select'> <InPorts = 0> <OutPorts = 1> <Sync> <CReg>
ST_12 : Operation 452 [1/3] (0.00ns) (grouped into DSP with root node add_ln22_30)   --->   "%mul_ln22_39 = mul i16 %zext_ln22_32, i16 %zext_ln22_17" [matrix_mult.cpp:22]   --->   Operation 452 'mul' 'mul_ln22_39' <Predicate = true> <Delay = 0.00> <CoreInst = "DSP48">   --->   Core 116 'DSP48' <Latency = 3> <II = 1> <Delay = 2.15> <IPBlock> <Opcode : 'add' 'sub' 'mul' 'select'> <InPorts = 0> <OutPorts = 1> <Sync> <CReg>
ST_12 : Operation 453 [2/2] (2.10ns) (root node of the DSP)   --->   "%add_ln22_30 = add i16 %add_ln22_29, i16 %mul_ln22_39" [matrix_mult.cpp:22]   --->   Operation 453 'add' 'add_ln22_30' <Predicate = true> <Delay = 2.10> <CoreInst = "DSP48">   --->   Core 116 'DSP48' <Latency = 3> <II = 1> <Delay = 2.15> <IPBlock> <Opcode : 'add' 'sub' 'mul' 'select'> <InPorts = 0> <OutPorts = 1> <Sync> <CReg>
ST_12 : Operation 454 [2/3] (1.05ns) (grouped into DSP with root node add_ln22_34)   --->   "%mul_ln22_44 = mul i16 %zext_ln22_32, i16 %zext_ln22_22" [matrix_mult.cpp:22]   --->   Operation 454 'mul' 'mul_ln22_44' <Predicate = true> <Delay = 1.05> <CoreInst = "DSP48">   --->   Core 116 'DSP48' <Latency = 3> <II = 1> <Delay = 2.15> <IPBlock> <Opcode : 'add' 'sub' 'mul' 'select'> <InPorts = 0> <OutPorts = 1> <Sync> <CReg>
ST_12 : Operation 455 [2/3] (1.05ns) (grouped into DSP with root node add_ln22_38)   --->   "%mul_ln22_49 = mul i16 %zext_ln22_32, i16 %zext_ln22_27" [matrix_mult.cpp:22]   --->   Operation 455 'mul' 'mul_ln22_49' <Predicate = true> <Delay = 1.05> <CoreInst = "DSP48">   --->   Core 116 'DSP48' <Latency = 3> <II = 1> <Delay = 2.15> <IPBlock> <Opcode : 'add' 'sub' 'mul' 'select'> <InPorts = 0> <OutPorts = 1> <Sync> <CReg>
ST_12 : Operation 456 [1/1] (0.00ns)   --->   "%zext_ln22_37 = zext i8 %tmp_28" [matrix_mult.cpp:22]   --->   Operation 456 'zext' 'zext_ln22_37' <Predicate = true> <Delay = 0.00>
ST_12 : Operation 457 [3/3] (1.05ns) (grouped into DSP with root node add_ln22_42)   --->   "%mul_ln22_54 = mul i16 %zext_ln22_37, i16 %zext_ln22_5" [matrix_mult.cpp:22]   --->   Operation 457 'mul' 'mul_ln22_54' <Predicate = true> <Delay = 1.05> <CoreInst = "DSP48">   --->   Core 116 'DSP48' <Latency = 3> <II = 1> <Delay = 2.15> <IPBlock> <Opcode : 'add' 'sub' 'mul' 'select'> <InPorts = 0> <OutPorts = 1> <Sync> <CReg>
ST_12 : Operation 458 [3/3] (1.05ns) (grouped into DSP with root node add_ln22_46)   --->   "%mul_ln22_59 = mul i16 %zext_ln22_37, i16 %zext_ln22_12" [matrix_mult.cpp:22]   --->   Operation 458 'mul' 'mul_ln22_59' <Predicate = true> <Delay = 1.05> <CoreInst = "DSP48">   --->   Core 116 'DSP48' <Latency = 3> <II = 1> <Delay = 2.15> <IPBlock> <Opcode : 'add' 'sub' 'mul' 'select'> <InPorts = 0> <OutPorts = 1> <Sync> <CReg>
ST_12 : Operation 459 [1/2] (2.10ns) (root node of the DSP)   --->   "%add_ln22_44 = add i16 %mul_ln22_56, i16 %mul_ln22_55" [matrix_mult.cpp:22]   --->   Operation 459 'add' 'add_ln22_44' <Predicate = true> <Delay = 2.10> <CoreInst = "DSP48">   --->   Core 116 'DSP48' <Latency = 3> <II = 1> <Delay = 2.15> <IPBlock> <Opcode : 'add' 'sub' 'mul' 'select'> <InPorts = 0> <OutPorts = 1> <Sync> <CReg>
ST_12 : Operation 460 [3/3] (1.05ns) (grouped into DSP with root node add_ln22_50)   --->   "%mul_ln22_64 = mul i16 %zext_ln22_37, i16 %zext_ln22_17" [matrix_mult.cpp:22]   --->   Operation 460 'mul' 'mul_ln22_64' <Predicate = true> <Delay = 1.05> <CoreInst = "DSP48">   --->   Core 116 'DSP48' <Latency = 3> <II = 1> <Delay = 2.15> <IPBlock> <Opcode : 'add' 'sub' 'mul' 'select'> <InPorts = 0> <OutPorts = 1> <Sync> <CReg>
ST_12 : Operation 461 [1/2] (2.10ns) (root node of the DSP)   --->   "%add_ln22_48 = add i16 %mul_ln22_61, i16 %mul_ln22_60" [matrix_mult.cpp:22]   --->   Operation 461 'add' 'add_ln22_48' <Predicate = true> <Delay = 2.10> <CoreInst = "DSP48">   --->   Core 116 'DSP48' <Latency = 3> <II = 1> <Delay = 2.15> <IPBlock> <Opcode : 'add' 'sub' 'mul' 'select'> <InPorts = 0> <OutPorts = 1> <Sync> <CReg>
ST_12 : Operation 462 [3/3] (1.05ns) (grouped into DSP with root node add_ln22_54)   --->   "%mul_ln22_69 = mul i16 %zext_ln22_37, i16 %zext_ln22_22" [matrix_mult.cpp:22]   --->   Operation 462 'mul' 'mul_ln22_69' <Predicate = true> <Delay = 1.05> <CoreInst = "DSP48">   --->   Core 116 'DSP48' <Latency = 3> <II = 1> <Delay = 2.15> <IPBlock> <Opcode : 'add' 'sub' 'mul' 'select'> <InPorts = 0> <OutPorts = 1> <Sync> <CReg>
ST_12 : Operation 463 [1/2] (2.10ns) (root node of the DSP)   --->   "%add_ln22_52 = add i16 %mul_ln22_66, i16 %mul_ln22_65" [matrix_mult.cpp:22]   --->   Operation 463 'add' 'add_ln22_52' <Predicate = true> <Delay = 2.10> <CoreInst = "DSP48">   --->   Core 116 'DSP48' <Latency = 3> <II = 1> <Delay = 2.15> <IPBlock> <Opcode : 'add' 'sub' 'mul' 'select'> <InPorts = 0> <OutPorts = 1> <Sync> <CReg>
ST_12 : Operation 464 [1/2] (2.10ns) (root node of the DSP)   --->   "%add_ln22_56 = add i16 %mul_ln22_71, i16 %mul_ln22_70" [matrix_mult.cpp:22]   --->   Operation 464 'add' 'add_ln22_56' <Predicate = true> <Delay = 2.10> <CoreInst = "DSP48">   --->   Core 116 'DSP48' <Latency = 3> <II = 1> <Delay = 2.15> <IPBlock> <Opcode : 'add' 'sub' 'mul' 'select'> <InPorts = 0> <OutPorts = 1> <Sync> <CReg>
ST_12 : Operation 465 [1/1] (0.00ns)   --->   "%zext_ln22_41 = zext i8 %tmp_31" [matrix_mult.cpp:22]   --->   Operation 465 'zext' 'zext_ln22_41' <Predicate = true> <Delay = 0.00>
ST_12 : Operation 466 [1/3] (0.00ns) (grouped into DSP with root node add_ln22_60)   --->   "%mul_ln22_75 = mul i16 %zext_ln22_40, i16 %zext_ln22_1" [matrix_mult.cpp:22]   --->   Operation 466 'mul' 'mul_ln22_75' <Predicate = true> <Delay = 0.00> <CoreInst = "DSP48">   --->   Core 116 'DSP48' <Latency = 3> <II = 1> <Delay = 2.15> <IPBlock> <Opcode : 'add' 'sub' 'mul' 'select'> <InPorts = 0> <OutPorts = 1> <Sync> <CReg>
ST_12 : Operation 467 [1/1] (4.17ns)   --->   "%mul_ln22_76 = mul i16 %zext_ln22_41, i16 %zext_ln22_3" [matrix_mult.cpp:22]   --->   Operation 467 'mul' 'mul_ln22_76' <Predicate = true> <Delay = 4.17> <CoreInst = "Multiplier">   --->   Core 3 'Multiplier' <Latency = 0> <II = 1> <Delay = 4.17> <FuncUnit> <Opcode : 'mul'> <InPorts = 2> <OutPorts = 1>
ST_12 : Operation 468 [2/2] (2.10ns) (root node of the DSP)   --->   "%add_ln22_60 = add i16 %mul_ln22_76, i16 %mul_ln22_75" [matrix_mult.cpp:22]   --->   Operation 468 'add' 'add_ln22_60' <Predicate = true> <Delay = 2.10> <CoreInst = "DSP48">   --->   Core 116 'DSP48' <Latency = 3> <II = 1> <Delay = 2.15> <IPBlock> <Opcode : 'add' 'sub' 'mul' 'select'> <InPorts = 0> <OutPorts = 1> <Sync> <CReg>
ST_12 : Operation 469 [1/3] (0.00ns) (grouped into DSP with root node add_ln22_64)   --->   "%mul_ln22_80 = mul i16 %zext_ln22_40, i16 %zext_ln22_10" [matrix_mult.cpp:22]   --->   Operation 469 'mul' 'mul_ln22_80' <Predicate = true> <Delay = 0.00> <CoreInst = "DSP48">   --->   Core 116 'DSP48' <Latency = 3> <II = 1> <Delay = 2.15> <IPBlock> <Opcode : 'add' 'sub' 'mul' 'select'> <InPorts = 0> <OutPorts = 1> <Sync> <CReg>
ST_12 : Operation 470 [1/1] (4.17ns)   --->   "%mul_ln22_81 = mul i16 %zext_ln22_41, i16 %zext_ln22_11" [matrix_mult.cpp:22]   --->   Operation 470 'mul' 'mul_ln22_81' <Predicate = true> <Delay = 4.17> <CoreInst = "Multiplier">   --->   Core 3 'Multiplier' <Latency = 0> <II = 1> <Delay = 4.17> <FuncUnit> <Opcode : 'mul'> <InPorts = 2> <OutPorts = 1>
ST_12 : Operation 471 [2/2] (2.10ns) (root node of the DSP)   --->   "%add_ln22_64 = add i16 %mul_ln22_81, i16 %mul_ln22_80" [matrix_mult.cpp:22]   --->   Operation 471 'add' 'add_ln22_64' <Predicate = true> <Delay = 2.10> <CoreInst = "DSP48">   --->   Core 116 'DSP48' <Latency = 3> <II = 1> <Delay = 2.15> <IPBlock> <Opcode : 'add' 'sub' 'mul' 'select'> <InPorts = 0> <OutPorts = 1> <Sync> <CReg>
ST_12 : Operation 472 [1/3] (0.00ns) (grouped into DSP with root node add_ln22_68)   --->   "%mul_ln22_85 = mul i16 %zext_ln22_40, i16 %zext_ln22_15" [matrix_mult.cpp:22]   --->   Operation 472 'mul' 'mul_ln22_85' <Predicate = true> <Delay = 0.00> <CoreInst = "DSP48">   --->   Core 116 'DSP48' <Latency = 3> <II = 1> <Delay = 2.15> <IPBlock> <Opcode : 'add' 'sub' 'mul' 'select'> <InPorts = 0> <OutPorts = 1> <Sync> <CReg>
ST_12 : Operation 473 [1/1] (4.17ns)   --->   "%mul_ln22_86 = mul i16 %zext_ln22_41, i16 %zext_ln22_16" [matrix_mult.cpp:22]   --->   Operation 473 'mul' 'mul_ln22_86' <Predicate = true> <Delay = 4.17> <CoreInst = "Multiplier">   --->   Core 3 'Multiplier' <Latency = 0> <II = 1> <Delay = 4.17> <FuncUnit> <Opcode : 'mul'> <InPorts = 2> <OutPorts = 1>
ST_12 : Operation 474 [2/2] (2.10ns) (root node of the DSP)   --->   "%add_ln22_68 = add i16 %mul_ln22_86, i16 %mul_ln22_85" [matrix_mult.cpp:22]   --->   Operation 474 'add' 'add_ln22_68' <Predicate = true> <Delay = 2.10> <CoreInst = "DSP48">   --->   Core 116 'DSP48' <Latency = 3> <II = 1> <Delay = 2.15> <IPBlock> <Opcode : 'add' 'sub' 'mul' 'select'> <InPorts = 0> <OutPorts = 1> <Sync> <CReg>
ST_12 : Operation 475 [1/3] (0.00ns) (grouped into DSP with root node add_ln22_72)   --->   "%mul_ln22_90 = mul i16 %zext_ln22_40, i16 %zext_ln22_20" [matrix_mult.cpp:22]   --->   Operation 475 'mul' 'mul_ln22_90' <Predicate = true> <Delay = 0.00> <CoreInst = "DSP48">   --->   Core 116 'DSP48' <Latency = 3> <II = 1> <Delay = 2.15> <IPBlock> <Opcode : 'add' 'sub' 'mul' 'select'> <InPorts = 0> <OutPorts = 1> <Sync> <CReg>
ST_12 : Operation 476 [1/1] (4.17ns)   --->   "%mul_ln22_91 = mul i16 %zext_ln22_41, i16 %zext_ln22_21" [matrix_mult.cpp:22]   --->   Operation 476 'mul' 'mul_ln22_91' <Predicate = true> <Delay = 4.17> <CoreInst = "Multiplier">   --->   Core 3 'Multiplier' <Latency = 0> <II = 1> <Delay = 4.17> <FuncUnit> <Opcode : 'mul'> <InPorts = 2> <OutPorts = 1>
ST_12 : Operation 477 [2/2] (2.10ns) (root node of the DSP)   --->   "%add_ln22_72 = add i16 %mul_ln22_91, i16 %mul_ln22_90" [matrix_mult.cpp:22]   --->   Operation 477 'add' 'add_ln22_72' <Predicate = true> <Delay = 2.10> <CoreInst = "DSP48">   --->   Core 116 'DSP48' <Latency = 3> <II = 1> <Delay = 2.15> <IPBlock> <Opcode : 'add' 'sub' 'mul' 'select'> <InPorts = 0> <OutPorts = 1> <Sync> <CReg>
ST_12 : Operation 478 [2/3] (1.05ns) (grouped into DSP with root node add_ln22_76)   --->   "%mul_ln22_95 = mul i16 %zext_ln22_40, i16 %zext_ln22_25" [matrix_mult.cpp:22]   --->   Operation 478 'mul' 'mul_ln22_95' <Predicate = true> <Delay = 1.05> <CoreInst = "DSP48">   --->   Core 116 'DSP48' <Latency = 3> <II = 1> <Delay = 2.15> <IPBlock> <Opcode : 'add' 'sub' 'mul' 'select'> <InPorts = 0> <OutPorts = 1> <Sync> <CReg>
ST_12 : Operation 479 [2/3] (1.05ns) (grouped into DSP with root node add_ln22_80)   --->   "%mul_ln22_100 = mul i16 %zext_ln22_45, i16 %zext_ln22_1" [matrix_mult.cpp:22]   --->   Operation 479 'mul' 'mul_ln22_100' <Predicate = true> <Delay = 1.05> <CoreInst = "DSP48">   --->   Core 116 'DSP48' <Latency = 3> <II = 1> <Delay = 2.15> <IPBlock> <Opcode : 'add' 'sub' 'mul' 'select'> <InPorts = 0> <OutPorts = 1> <Sync> <CReg>
ST_12 : Operation 480 [2/3] (1.05ns) (grouped into DSP with root node add_ln22_84)   --->   "%mul_ln22_105 = mul i16 %zext_ln22_45, i16 %zext_ln22_10" [matrix_mult.cpp:22]   --->   Operation 480 'mul' 'mul_ln22_105' <Predicate = true> <Delay = 1.05> <CoreInst = "DSP48">   --->   Core 116 'DSP48' <Latency = 3> <II = 1> <Delay = 2.15> <IPBlock> <Opcode : 'add' 'sub' 'mul' 'select'> <InPorts = 0> <OutPorts = 1> <Sync> <CReg>
ST_12 : Operation 481 [2/3] (1.05ns) (grouped into DSP with root node add_ln22_88)   --->   "%mul_ln22_110 = mul i16 %zext_ln22_45, i16 %zext_ln22_15" [matrix_mult.cpp:22]   --->   Operation 481 'mul' 'mul_ln22_110' <Predicate = true> <Delay = 1.05> <CoreInst = "DSP48">   --->   Core 116 'DSP48' <Latency = 3> <II = 1> <Delay = 2.15> <IPBlock> <Opcode : 'add' 'sub' 'mul' 'select'> <InPorts = 0> <OutPorts = 1> <Sync> <CReg>
ST_12 : Operation 482 [3/3] (1.05ns) (grouped into DSP with root node add_ln22_92)   --->   "%mul_ln22_115 = mul i16 %zext_ln22_45, i16 %zext_ln22_20" [matrix_mult.cpp:22]   --->   Operation 482 'mul' 'mul_ln22_115' <Predicate = true> <Delay = 1.05> <CoreInst = "DSP48">   --->   Core 116 'DSP48' <Latency = 3> <II = 1> <Delay = 2.15> <IPBlock> <Opcode : 'add' 'sub' 'mul' 'select'> <InPorts = 0> <OutPorts = 1> <Sync> <CReg>
ST_12 : Operation 483 [3/3] (1.05ns) (grouped into DSP with root node add_ln22_96)   --->   "%mul_ln22_120 = mul i16 %zext_ln22_45, i16 %zext_ln22_25" [matrix_mult.cpp:22]   --->   Operation 483 'mul' 'mul_ln22_120' <Predicate = true> <Delay = 1.05> <CoreInst = "DSP48">   --->   Core 116 'DSP48' <Latency = 3> <II = 1> <Delay = 2.15> <IPBlock> <Opcode : 'add' 'sub' 'mul' 'select'> <InPorts = 0> <OutPorts = 1> <Sync> <CReg>

State 13 <SV = 12> <Delay = 6.27>
ST_13 : Operation 484 [1/1] (0.00ns)   --->   "%prod_addr_6 = getelementptr i16 %prod, i64 0, i64 6" [matrix_mult.cpp:22]   --->   Operation 484 'getelementptr' 'prod_addr_6' <Predicate = true> <Delay = 0.00>
ST_13 : Operation 485 [1/1] (0.00ns)   --->   "%prod_addr_7 = getelementptr i16 %prod, i64 0, i64 7" [matrix_mult.cpp:22]   --->   Operation 485 'getelementptr' 'prod_addr_7' <Predicate = true> <Delay = 0.00>
ST_13 : Operation 486 [1/2] (2.10ns) (root node of the DSP)   --->   "%add_ln22_26 = add i16 %add_ln22_25, i16 %mul_ln22_34" [matrix_mult.cpp:22]   --->   Operation 486 'add' 'add_ln22_26' <Predicate = true> <Delay = 2.10> <CoreInst = "DSP48">   --->   Core 116 'DSP48' <Latency = 3> <II = 1> <Delay = 2.15> <IPBlock> <Opcode : 'add' 'sub' 'mul' 'select'> <InPorts = 0> <OutPorts = 1> <Sync> <CReg>
ST_13 : Operation 487 [1/1] (2.07ns)   --->   "%add_ln22_27 = add i16 %add_ln22_26, i16 %add_ln22_24" [matrix_mult.cpp:22]   --->   Operation 487 'add' 'add_ln22_27' <Predicate = true> <Delay = 2.07> <CoreInst = "Adder">   --->   Core 1 'Adder' <Latency = 0> <II = 1> <Delay = 2.07> <FuncUnit> <Opcode : 'add' 'sub'> <InPorts = 2> <OutPorts = 1>
ST_13 : Operation 488 [1/1] ( I:0.00ns O:0.00ns )   --->   "%store_ln22 = store i16 %add_ln22_27, i5 %prod_addr_6" [matrix_mult.cpp:22]   --->   Operation 488 'store' 'store_ln22' <Predicate = true> <Delay = 0.00> <CoreInst = "RAM">   --->   Core 81 'RAM' <Latency = 1> <II = 1> <Delay = 2.32> <Storage> <Opcode : 'load' 'store'> <Ports = 2> <Width = 16> <Depth = 25> <RAM>
ST_13 : Operation 489 [1/2] (2.10ns) (root node of the DSP)   --->   "%add_ln22_30 = add i16 %add_ln22_29, i16 %mul_ln22_39" [matrix_mult.cpp:22]   --->   Operation 489 'add' 'add_ln22_30' <Predicate = true> <Delay = 2.10> <CoreInst = "DSP48">   --->   Core 116 'DSP48' <Latency = 3> <II = 1> <Delay = 2.15> <IPBlock> <Opcode : 'add' 'sub' 'mul' 'select'> <InPorts = 0> <OutPorts = 1> <Sync> <CReg>
ST_13 : Operation 490 [1/1] (2.07ns)   --->   "%add_ln22_31 = add i16 %add_ln22_30, i16 %add_ln22_28" [matrix_mult.cpp:22]   --->   Operation 490 'add' 'add_ln22_31' <Predicate = true> <Delay = 2.07> <CoreInst = "Adder">   --->   Core 1 'Adder' <Latency = 0> <II = 1> <Delay = 2.07> <FuncUnit> <Opcode : 'add' 'sub'> <InPorts = 2> <OutPorts = 1>
ST_13 : Operation 491 [1/1] ( I:0.00ns O:0.00ns )   --->   "%store_ln22 = store i16 %add_ln22_31, i5 %prod_addr_7" [matrix_mult.cpp:22]   --->   Operation 491 'store' 'store_ln22' <Predicate = true> <Delay = 0.00> <CoreInst = "RAM">   --->   Core 81 'RAM' <Latency = 1> <II = 1> <Delay = 2.32> <Storage> <Opcode : 'load' 'store'> <Ports = 2> <Width = 16> <Depth = 25> <RAM>
ST_13 : Operation 492 [1/3] (0.00ns) (grouped into DSP with root node add_ln22_34)   --->   "%mul_ln22_44 = mul i16 %zext_ln22_32, i16 %zext_ln22_22" [matrix_mult.cpp:22]   --->   Operation 492 'mul' 'mul_ln22_44' <Predicate = true> <Delay = 0.00> <CoreInst = "DSP48">   --->   Core 116 'DSP48' <Latency = 3> <II = 1> <Delay = 2.15> <IPBlock> <Opcode : 'add' 'sub' 'mul' 'select'> <InPorts = 0> <OutPorts = 1> <Sync> <CReg>
ST_13 : Operation 493 [2/2] (2.10ns) (root node of the DSP)   --->   "%add_ln22_34 = add i16 %add_ln22_33, i16 %mul_ln22_44" [matrix_mult.cpp:22]   --->   Operation 493 'add' 'add_ln22_34' <Predicate = true> <Delay = 2.10> <CoreInst = "DSP48">   --->   Core 116 'DSP48' <Latency = 3> <II = 1> <Delay = 2.15> <IPBlock> <Opcode : 'add' 'sub' 'mul' 'select'> <InPorts = 0> <OutPorts = 1> <Sync> <CReg>
ST_13 : Operation 494 [1/3] (0.00ns) (grouped into DSP with root node add_ln22_38)   --->   "%mul_ln22_49 = mul i16 %zext_ln22_32, i16 %zext_ln22_27" [matrix_mult.cpp:22]   --->   Operation 494 'mul' 'mul_ln22_49' <Predicate = true> <Delay = 0.00> <CoreInst = "DSP48">   --->   Core 116 'DSP48' <Latency = 3> <II = 1> <Delay = 2.15> <IPBlock> <Opcode : 'add' 'sub' 'mul' 'select'> <InPorts = 0> <OutPorts = 1> <Sync> <CReg>
ST_13 : Operation 495 [2/2] (2.10ns) (root node of the DSP)   --->   "%add_ln22_38 = add i16 %add_ln22_37, i16 %mul_ln22_49" [matrix_mult.cpp:22]   --->   Operation 495 'add' 'add_ln22_38' <Predicate = true> <Delay = 2.10> <CoreInst = "DSP48">   --->   Core 116 'DSP48' <Latency = 3> <II = 1> <Delay = 2.15> <IPBlock> <Opcode : 'add' 'sub' 'mul' 'select'> <InPorts = 0> <OutPorts = 1> <Sync> <CReg>
ST_13 : Operation 496 [2/3] (1.05ns) (grouped into DSP with root node add_ln22_42)   --->   "%mul_ln22_54 = mul i16 %zext_ln22_37, i16 %zext_ln22_5" [matrix_mult.cpp:22]   --->   Operation 496 'mul' 'mul_ln22_54' <Predicate = true> <Delay = 1.05> <CoreInst = "DSP48">   --->   Core 116 'DSP48' <Latency = 3> <II = 1> <Delay = 2.15> <IPBlock> <Opcode : 'add' 'sub' 'mul' 'select'> <InPorts = 0> <OutPorts = 1> <Sync> <CReg>
ST_13 : Operation 497 [2/3] (1.05ns) (grouped into DSP with root node add_ln22_46)   --->   "%mul_ln22_59 = mul i16 %zext_ln22_37, i16 %zext_ln22_12" [matrix_mult.cpp:22]   --->   Operation 497 'mul' 'mul_ln22_59' <Predicate = true> <Delay = 1.05> <CoreInst = "DSP48">   --->   Core 116 'DSP48' <Latency = 3> <II = 1> <Delay = 2.15> <IPBlock> <Opcode : 'add' 'sub' 'mul' 'select'> <InPorts = 0> <OutPorts = 1> <Sync> <CReg>
ST_13 : Operation 498 [2/3] (1.05ns) (grouped into DSP with root node add_ln22_50)   --->   "%mul_ln22_64 = mul i16 %zext_ln22_37, i16 %zext_ln22_17" [matrix_mult.cpp:22]   --->   Operation 498 'mul' 'mul_ln22_64' <Predicate = true> <Delay = 1.05> <CoreInst = "DSP48">   --->   Core 116 'DSP48' <Latency = 3> <II = 1> <Delay = 2.15> <IPBlock> <Opcode : 'add' 'sub' 'mul' 'select'> <InPorts = 0> <OutPorts = 1> <Sync> <CReg>
ST_13 : Operation 499 [2/3] (1.05ns) (grouped into DSP with root node add_ln22_54)   --->   "%mul_ln22_69 = mul i16 %zext_ln22_37, i16 %zext_ln22_22" [matrix_mult.cpp:22]   --->   Operation 499 'mul' 'mul_ln22_69' <Predicate = true> <Delay = 1.05> <CoreInst = "DSP48">   --->   Core 116 'DSP48' <Latency = 3> <II = 1> <Delay = 2.15> <IPBlock> <Opcode : 'add' 'sub' 'mul' 'select'> <InPorts = 0> <OutPorts = 1> <Sync> <CReg>
ST_13 : Operation 500 [3/3] (1.05ns) (grouped into DSP with root node add_ln22_58)   --->   "%mul_ln22_74 = mul i16 %zext_ln22_37, i16 %zext_ln22_27" [matrix_mult.cpp:22]   --->   Operation 500 'mul' 'mul_ln22_74' <Predicate = true> <Delay = 1.05> <CoreInst = "DSP48">   --->   Core 116 'DSP48' <Latency = 3> <II = 1> <Delay = 2.15> <IPBlock> <Opcode : 'add' 'sub' 'mul' 'select'> <InPorts = 0> <OutPorts = 1> <Sync> <CReg>
ST_13 : Operation 501 [1/1] (0.00ns)   --->   "%zext_ln22_42 = zext i8 %tmp_32" [matrix_mult.cpp:22]   --->   Operation 501 'zext' 'zext_ln22_42' <Predicate = true> <Delay = 0.00>
ST_13 : Operation 502 [3/3] (1.05ns) (grouped into DSP with root node add_ln22_62)   --->   "%mul_ln22_79 = mul i16 %zext_ln22_42, i16 %zext_ln22_5" [matrix_mult.cpp:22]   --->   Operation 502 'mul' 'mul_ln22_79' <Predicate = true> <Delay = 1.05> <CoreInst = "DSP48">   --->   Core 116 'DSP48' <Latency = 3> <II = 1> <Delay = 2.15> <IPBlock> <Opcode : 'add' 'sub' 'mul' 'select'> <InPorts = 0> <OutPorts = 1> <Sync> <CReg>
ST_13 : Operation 503 [1/2] (2.10ns) (root node of the DSP)   --->   "%add_ln22_60 = add i16 %mul_ln22_76, i16 %mul_ln22_75" [matrix_mult.cpp:22]   --->   Operation 503 'add' 'add_ln22_60' <Predicate = true> <Delay = 2.10> <CoreInst = "DSP48">   --->   Core 116 'DSP48' <Latency = 3> <II = 1> <Delay = 2.15> <IPBlock> <Opcode : 'add' 'sub' 'mul' 'select'> <InPorts = 0> <OutPorts = 1> <Sync> <CReg>
ST_13 : Operation 504 [3/3] (1.05ns) (grouped into DSP with root node add_ln22_66)   --->   "%mul_ln22_84 = mul i16 %zext_ln22_42, i16 %zext_ln22_12" [matrix_mult.cpp:22]   --->   Operation 504 'mul' 'mul_ln22_84' <Predicate = true> <Delay = 1.05> <CoreInst = "DSP48">   --->   Core 116 'DSP48' <Latency = 3> <II = 1> <Delay = 2.15> <IPBlock> <Opcode : 'add' 'sub' 'mul' 'select'> <InPorts = 0> <OutPorts = 1> <Sync> <CReg>
ST_13 : Operation 505 [1/2] (2.10ns) (root node of the DSP)   --->   "%add_ln22_64 = add i16 %mul_ln22_81, i16 %mul_ln22_80" [matrix_mult.cpp:22]   --->   Operation 505 'add' 'add_ln22_64' <Predicate = true> <Delay = 2.10> <CoreInst = "DSP48">   --->   Core 116 'DSP48' <Latency = 3> <II = 1> <Delay = 2.15> <IPBlock> <Opcode : 'add' 'sub' 'mul' 'select'> <InPorts = 0> <OutPorts = 1> <Sync> <CReg>
ST_13 : Operation 506 [3/3] (1.05ns) (grouped into DSP with root node add_ln22_70)   --->   "%mul_ln22_89 = mul i16 %zext_ln22_42, i16 %zext_ln22_17" [matrix_mult.cpp:22]   --->   Operation 506 'mul' 'mul_ln22_89' <Predicate = true> <Delay = 1.05> <CoreInst = "DSP48">   --->   Core 116 'DSP48' <Latency = 3> <II = 1> <Delay = 2.15> <IPBlock> <Opcode : 'add' 'sub' 'mul' 'select'> <InPorts = 0> <OutPorts = 1> <Sync> <CReg>
ST_13 : Operation 507 [1/2] (2.10ns) (root node of the DSP)   --->   "%add_ln22_68 = add i16 %mul_ln22_86, i16 %mul_ln22_85" [matrix_mult.cpp:22]   --->   Operation 507 'add' 'add_ln22_68' <Predicate = true> <Delay = 2.10> <CoreInst = "DSP48">   --->   Core 116 'DSP48' <Latency = 3> <II = 1> <Delay = 2.15> <IPBlock> <Opcode : 'add' 'sub' 'mul' 'select'> <InPorts = 0> <OutPorts = 1> <Sync> <CReg>
ST_13 : Operation 508 [3/3] (1.05ns) (grouped into DSP with root node add_ln22_74)   --->   "%mul_ln22_94 = mul i16 %zext_ln22_42, i16 %zext_ln22_22" [matrix_mult.cpp:22]   --->   Operation 508 'mul' 'mul_ln22_94' <Predicate = true> <Delay = 1.05> <CoreInst = "DSP48">   --->   Core 116 'DSP48' <Latency = 3> <II = 1> <Delay = 2.15> <IPBlock> <Opcode : 'add' 'sub' 'mul' 'select'> <InPorts = 0> <OutPorts = 1> <Sync> <CReg>
ST_13 : Operation 509 [1/2] (2.10ns) (root node of the DSP)   --->   "%add_ln22_72 = add i16 %mul_ln22_91, i16 %mul_ln22_90" [matrix_mult.cpp:22]   --->   Operation 509 'add' 'add_ln22_72' <Predicate = true> <Delay = 2.10> <CoreInst = "DSP48">   --->   Core 116 'DSP48' <Latency = 3> <II = 1> <Delay = 2.15> <IPBlock> <Opcode : 'add' 'sub' 'mul' 'select'> <InPorts = 0> <OutPorts = 1> <Sync> <CReg>
ST_13 : Operation 510 [1/3] (0.00ns) (grouped into DSP with root node add_ln22_76)   --->   "%mul_ln22_95 = mul i16 %zext_ln22_40, i16 %zext_ln22_25" [matrix_mult.cpp:22]   --->   Operation 510 'mul' 'mul_ln22_95' <Predicate = true> <Delay = 0.00> <CoreInst = "DSP48">   --->   Core 116 'DSP48' <Latency = 3> <II = 1> <Delay = 2.15> <IPBlock> <Opcode : 'add' 'sub' 'mul' 'select'> <InPorts = 0> <OutPorts = 1> <Sync> <CReg>
ST_13 : Operation 511 [1/1] (4.17ns)   --->   "%mul_ln22_96 = mul i16 %zext_ln22_41, i16 %zext_ln22_26" [matrix_mult.cpp:22]   --->   Operation 511 'mul' 'mul_ln22_96' <Predicate = true> <Delay = 4.17> <CoreInst = "Multiplier">   --->   Core 3 'Multiplier' <Latency = 0> <II = 1> <Delay = 4.17> <FuncUnit> <Opcode : 'mul'> <InPorts = 2> <OutPorts = 1>
ST_13 : Operation 512 [3/3] (1.05ns) (grouped into DSP with root node add_ln22_78)   --->   "%mul_ln22_99 = mul i16 %zext_ln22_42, i16 %zext_ln22_27" [matrix_mult.cpp:22]   --->   Operation 512 'mul' 'mul_ln22_99' <Predicate = true> <Delay = 1.05> <CoreInst = "DSP48">   --->   Core 116 'DSP48' <Latency = 3> <II = 1> <Delay = 2.15> <IPBlock> <Opcode : 'add' 'sub' 'mul' 'select'> <InPorts = 0> <OutPorts = 1> <Sync> <CReg>
ST_13 : Operation 513 [2/2] (2.10ns) (root node of the DSP)   --->   "%add_ln22_76 = add i16 %mul_ln22_96, i16 %mul_ln22_95" [matrix_mult.cpp:22]   --->   Operation 513 'add' 'add_ln22_76' <Predicate = true> <Delay = 2.10> <CoreInst = "DSP48">   --->   Core 116 'DSP48' <Latency = 3> <II = 1> <Delay = 2.15> <IPBlock> <Opcode : 'add' 'sub' 'mul' 'select'> <InPorts = 0> <OutPorts = 1> <Sync> <CReg>
ST_13 : Operation 514 [1/1] (0.00ns)   --->   "%zext_ln22_46 = zext i8 %tmp_35" [matrix_mult.cpp:22]   --->   Operation 514 'zext' 'zext_ln22_46' <Predicate = true> <Delay = 0.00>
ST_13 : Operation 515 [1/3] (0.00ns) (grouped into DSP with root node add_ln22_80)   --->   "%mul_ln22_100 = mul i16 %zext_ln22_45, i16 %zext_ln22_1" [matrix_mult.cpp:22]   --->   Operation 515 'mul' 'mul_ln22_100' <Predicate = true> <Delay = 0.00> <CoreInst = "DSP48">   --->   Core 116 'DSP48' <Latency = 3> <II = 1> <Delay = 2.15> <IPBlock> <Opcode : 'add' 'sub' 'mul' 'select'> <InPorts = 0> <OutPorts = 1> <Sync> <CReg>
ST_13 : Operation 516 [1/1] (4.17ns)   --->   "%mul_ln22_101 = mul i16 %zext_ln22_46, i16 %zext_ln22_3" [matrix_mult.cpp:22]   --->   Operation 516 'mul' 'mul_ln22_101' <Predicate = true> <Delay = 4.17> <CoreInst = "Multiplier">   --->   Core 3 'Multiplier' <Latency = 0> <II = 1> <Delay = 4.17> <FuncUnit> <Opcode : 'mul'> <InPorts = 2> <OutPorts = 1>
ST_13 : Operation 517 [2/2] (2.10ns) (root node of the DSP)   --->   "%add_ln22_80 = add i16 %mul_ln22_101, i16 %mul_ln22_100" [matrix_mult.cpp:22]   --->   Operation 517 'add' 'add_ln22_80' <Predicate = true> <Delay = 2.10> <CoreInst = "DSP48">   --->   Core 116 'DSP48' <Latency = 3> <II = 1> <Delay = 2.15> <IPBlock> <Opcode : 'add' 'sub' 'mul' 'select'> <InPorts = 0> <OutPorts = 1> <Sync> <CReg>
ST_13 : Operation 518 [1/3] (0.00ns) (grouped into DSP with root node add_ln22_84)   --->   "%mul_ln22_105 = mul i16 %zext_ln22_45, i16 %zext_ln22_10" [matrix_mult.cpp:22]   --->   Operation 518 'mul' 'mul_ln22_105' <Predicate = true> <Delay = 0.00> <CoreInst = "DSP48">   --->   Core 116 'DSP48' <Latency = 3> <II = 1> <Delay = 2.15> <IPBlock> <Opcode : 'add' 'sub' 'mul' 'select'> <InPorts = 0> <OutPorts = 1> <Sync> <CReg>
ST_13 : Operation 519 [1/1] (4.17ns)   --->   "%mul_ln22_106 = mul i16 %zext_ln22_46, i16 %zext_ln22_11" [matrix_mult.cpp:22]   --->   Operation 519 'mul' 'mul_ln22_106' <Predicate = true> <Delay = 4.17> <CoreInst = "Multiplier">   --->   Core 3 'Multiplier' <Latency = 0> <II = 1> <Delay = 4.17> <FuncUnit> <Opcode : 'mul'> <InPorts = 2> <OutPorts = 1>
ST_13 : Operation 520 [2/2] (2.10ns) (root node of the DSP)   --->   "%add_ln22_84 = add i16 %mul_ln22_106, i16 %mul_ln22_105" [matrix_mult.cpp:22]   --->   Operation 520 'add' 'add_ln22_84' <Predicate = true> <Delay = 2.10> <CoreInst = "DSP48">   --->   Core 116 'DSP48' <Latency = 3> <II = 1> <Delay = 2.15> <IPBlock> <Opcode : 'add' 'sub' 'mul' 'select'> <InPorts = 0> <OutPorts = 1> <Sync> <CReg>
ST_13 : Operation 521 [1/3] (0.00ns) (grouped into DSP with root node add_ln22_88)   --->   "%mul_ln22_110 = mul i16 %zext_ln22_45, i16 %zext_ln22_15" [matrix_mult.cpp:22]   --->   Operation 521 'mul' 'mul_ln22_110' <Predicate = true> <Delay = 0.00> <CoreInst = "DSP48">   --->   Core 116 'DSP48' <Latency = 3> <II = 1> <Delay = 2.15> <IPBlock> <Opcode : 'add' 'sub' 'mul' 'select'> <InPorts = 0> <OutPorts = 1> <Sync> <CReg>
ST_13 : Operation 522 [1/1] (4.17ns)   --->   "%mul_ln22_111 = mul i16 %zext_ln22_46, i16 %zext_ln22_16" [matrix_mult.cpp:22]   --->   Operation 522 'mul' 'mul_ln22_111' <Predicate = true> <Delay = 4.17> <CoreInst = "Multiplier">   --->   Core 3 'Multiplier' <Latency = 0> <II = 1> <Delay = 4.17> <FuncUnit> <Opcode : 'mul'> <InPorts = 2> <OutPorts = 1>
ST_13 : Operation 523 [2/2] (2.10ns) (root node of the DSP)   --->   "%add_ln22_88 = add i16 %mul_ln22_111, i16 %mul_ln22_110" [matrix_mult.cpp:22]   --->   Operation 523 'add' 'add_ln22_88' <Predicate = true> <Delay = 2.10> <CoreInst = "DSP48">   --->   Core 116 'DSP48' <Latency = 3> <II = 1> <Delay = 2.15> <IPBlock> <Opcode : 'add' 'sub' 'mul' 'select'> <InPorts = 0> <OutPorts = 1> <Sync> <CReg>
ST_13 : Operation 524 [2/3] (1.05ns) (grouped into DSP with root node add_ln22_92)   --->   "%mul_ln22_115 = mul i16 %zext_ln22_45, i16 %zext_ln22_20" [matrix_mult.cpp:22]   --->   Operation 524 'mul' 'mul_ln22_115' <Predicate = true> <Delay = 1.05> <CoreInst = "DSP48">   --->   Core 116 'DSP48' <Latency = 3> <II = 1> <Delay = 2.15> <IPBlock> <Opcode : 'add' 'sub' 'mul' 'select'> <InPorts = 0> <OutPorts = 1> <Sync> <CReg>
ST_13 : Operation 525 [2/3] (1.05ns) (grouped into DSP with root node add_ln22_96)   --->   "%mul_ln22_120 = mul i16 %zext_ln22_45, i16 %zext_ln22_25" [matrix_mult.cpp:22]   --->   Operation 525 'mul' 'mul_ln22_120' <Predicate = true> <Delay = 1.05> <CoreInst = "DSP48">   --->   Core 116 'DSP48' <Latency = 3> <II = 1> <Delay = 2.15> <IPBlock> <Opcode : 'add' 'sub' 'mul' 'select'> <InPorts = 0> <OutPorts = 1> <Sync> <CReg>

State 14 <SV = 13> <Delay = 6.27>
ST_14 : Operation 526 [1/1] (0.00ns)   --->   "%prod_addr_8 = getelementptr i16 %prod, i64 0, i64 8" [matrix_mult.cpp:22]   --->   Operation 526 'getelementptr' 'prod_addr_8' <Predicate = true> <Delay = 0.00>
ST_14 : Operation 527 [1/1] (0.00ns)   --->   "%prod_addr_9 = getelementptr i16 %prod, i64 0, i64 9" [matrix_mult.cpp:22]   --->   Operation 527 'getelementptr' 'prod_addr_9' <Predicate = true> <Delay = 0.00>
ST_14 : Operation 528 [1/2] (2.10ns) (root node of the DSP)   --->   "%add_ln22_34 = add i16 %add_ln22_33, i16 %mul_ln22_44" [matrix_mult.cpp:22]   --->   Operation 528 'add' 'add_ln22_34' <Predicate = true> <Delay = 2.10> <CoreInst = "DSP48">   --->   Core 116 'DSP48' <Latency = 3> <II = 1> <Delay = 2.15> <IPBlock> <Opcode : 'add' 'sub' 'mul' 'select'> <InPorts = 0> <OutPorts = 1> <Sync> <CReg>
ST_14 : Operation 529 [1/1] (2.07ns)   --->   "%add_ln22_35 = add i16 %add_ln22_34, i16 %add_ln22_32" [matrix_mult.cpp:22]   --->   Operation 529 'add' 'add_ln22_35' <Predicate = true> <Delay = 2.07> <CoreInst = "Adder">   --->   Core 1 'Adder' <Latency = 0> <II = 1> <Delay = 2.07> <FuncUnit> <Opcode : 'add' 'sub'> <InPorts = 2> <OutPorts = 1>
ST_14 : Operation 530 [1/1] ( I:0.00ns O:0.00ns )   --->   "%store_ln22 = store i16 %add_ln22_35, i5 %prod_addr_8" [matrix_mult.cpp:22]   --->   Operation 530 'store' 'store_ln22' <Predicate = true> <Delay = 0.00> <CoreInst = "RAM">   --->   Core 81 'RAM' <Latency = 1> <II = 1> <Delay = 2.32> <Storage> <Opcode : 'load' 'store'> <Ports = 2> <Width = 16> <Depth = 25> <RAM>
ST_14 : Operation 531 [1/2] (2.10ns) (root node of the DSP)   --->   "%add_ln22_38 = add i16 %add_ln22_37, i16 %mul_ln22_49" [matrix_mult.cpp:22]   --->   Operation 531 'add' 'add_ln22_38' <Predicate = true> <Delay = 2.10> <CoreInst = "DSP48">   --->   Core 116 'DSP48' <Latency = 3> <II = 1> <Delay = 2.15> <IPBlock> <Opcode : 'add' 'sub' 'mul' 'select'> <InPorts = 0> <OutPorts = 1> <Sync> <CReg>
ST_14 : Operation 532 [1/1] (2.07ns)   --->   "%add_ln22_39 = add i16 %add_ln22_38, i16 %add_ln22_36" [matrix_mult.cpp:22]   --->   Operation 532 'add' 'add_ln22_39' <Predicate = true> <Delay = 2.07> <CoreInst = "Adder">   --->   Core 1 'Adder' <Latency = 0> <II = 1> <Delay = 2.07> <FuncUnit> <Opcode : 'add' 'sub'> <InPorts = 2> <OutPorts = 1>
ST_14 : Operation 533 [1/1] ( I:0.00ns O:0.00ns )   --->   "%store_ln22 = store i16 %add_ln22_39, i5 %prod_addr_9" [matrix_mult.cpp:22]   --->   Operation 533 'store' 'store_ln22' <Predicate = true> <Delay = 0.00> <CoreInst = "RAM">   --->   Core 81 'RAM' <Latency = 1> <II = 1> <Delay = 2.32> <Storage> <Opcode : 'load' 'store'> <Ports = 2> <Width = 16> <Depth = 25> <RAM>
ST_14 : Operation 534 [1/3] (0.00ns) (grouped into DSP with root node add_ln22_42)   --->   "%mul_ln22_54 = mul i16 %zext_ln22_37, i16 %zext_ln22_5" [matrix_mult.cpp:22]   --->   Operation 534 'mul' 'mul_ln22_54' <Predicate = true> <Delay = 0.00> <CoreInst = "DSP48">   --->   Core 116 'DSP48' <Latency = 3> <II = 1> <Delay = 2.15> <IPBlock> <Opcode : 'add' 'sub' 'mul' 'select'> <InPorts = 0> <OutPorts = 1> <Sync> <CReg>
ST_14 : Operation 535 [2/2] (2.10ns) (root node of the DSP)   --->   "%add_ln22_42 = add i16 %add_ln22_41, i16 %mul_ln22_54" [matrix_mult.cpp:22]   --->   Operation 535 'add' 'add_ln22_42' <Predicate = true> <Delay = 2.10> <CoreInst = "DSP48">   --->   Core 116 'DSP48' <Latency = 3> <II = 1> <Delay = 2.15> <IPBlock> <Opcode : 'add' 'sub' 'mul' 'select'> <InPorts = 0> <OutPorts = 1> <Sync> <CReg>
ST_14 : Operation 536 [1/3] (0.00ns) (grouped into DSP with root node add_ln22_46)   --->   "%mul_ln22_59 = mul i16 %zext_ln22_37, i16 %zext_ln22_12" [matrix_mult.cpp:22]   --->   Operation 536 'mul' 'mul_ln22_59' <Predicate = true> <Delay = 0.00> <CoreInst = "DSP48">   --->   Core 116 'DSP48' <Latency = 3> <II = 1> <Delay = 2.15> <IPBlock> <Opcode : 'add' 'sub' 'mul' 'select'> <InPorts = 0> <OutPorts = 1> <Sync> <CReg>
ST_14 : Operation 537 [2/2] (2.10ns) (root node of the DSP)   --->   "%add_ln22_46 = add i16 %add_ln22_45, i16 %mul_ln22_59" [matrix_mult.cpp:22]   --->   Operation 537 'add' 'add_ln22_46' <Predicate = true> <Delay = 2.10> <CoreInst = "DSP48">   --->   Core 116 'DSP48' <Latency = 3> <II = 1> <Delay = 2.15> <IPBlock> <Opcode : 'add' 'sub' 'mul' 'select'> <InPorts = 0> <OutPorts = 1> <Sync> <CReg>
ST_14 : Operation 538 [1/3] (0.00ns) (grouped into DSP with root node add_ln22_50)   --->   "%mul_ln22_64 = mul i16 %zext_ln22_37, i16 %zext_ln22_17" [matrix_mult.cpp:22]   --->   Operation 538 'mul' 'mul_ln22_64' <Predicate = true> <Delay = 0.00> <CoreInst = "DSP48">   --->   Core 116 'DSP48' <Latency = 3> <II = 1> <Delay = 2.15> <IPBlock> <Opcode : 'add' 'sub' 'mul' 'select'> <InPorts = 0> <OutPorts = 1> <Sync> <CReg>
ST_14 : Operation 539 [2/2] (2.10ns) (root node of the DSP)   --->   "%add_ln22_50 = add i16 %add_ln22_49, i16 %mul_ln22_64" [matrix_mult.cpp:22]   --->   Operation 539 'add' 'add_ln22_50' <Predicate = true> <Delay = 2.10> <CoreInst = "DSP48">   --->   Core 116 'DSP48' <Latency = 3> <II = 1> <Delay = 2.15> <IPBlock> <Opcode : 'add' 'sub' 'mul' 'select'> <InPorts = 0> <OutPorts = 1> <Sync> <CReg>
ST_14 : Operation 540 [1/3] (0.00ns) (grouped into DSP with root node add_ln22_54)   --->   "%mul_ln22_69 = mul i16 %zext_ln22_37, i16 %zext_ln22_22" [matrix_mult.cpp:22]   --->   Operation 540 'mul' 'mul_ln22_69' <Predicate = true> <Delay = 0.00> <CoreInst = "DSP48">   --->   Core 116 'DSP48' <Latency = 3> <II = 1> <Delay = 2.15> <IPBlock> <Opcode : 'add' 'sub' 'mul' 'select'> <InPorts = 0> <OutPorts = 1> <Sync> <CReg>
ST_14 : Operation 541 [2/2] (2.10ns) (root node of the DSP)   --->   "%add_ln22_54 = add i16 %add_ln22_53, i16 %mul_ln22_69" [matrix_mult.cpp:22]   --->   Operation 541 'add' 'add_ln22_54' <Predicate = true> <Delay = 2.10> <CoreInst = "DSP48">   --->   Core 116 'DSP48' <Latency = 3> <II = 1> <Delay = 2.15> <IPBlock> <Opcode : 'add' 'sub' 'mul' 'select'> <InPorts = 0> <OutPorts = 1> <Sync> <CReg>
ST_14 : Operation 542 [2/3] (1.05ns) (grouped into DSP with root node add_ln22_58)   --->   "%mul_ln22_74 = mul i16 %zext_ln22_37, i16 %zext_ln22_27" [matrix_mult.cpp:22]   --->   Operation 542 'mul' 'mul_ln22_74' <Predicate = true> <Delay = 1.05> <CoreInst = "DSP48">   --->   Core 116 'DSP48' <Latency = 3> <II = 1> <Delay = 2.15> <IPBlock> <Opcode : 'add' 'sub' 'mul' 'select'> <InPorts = 0> <OutPorts = 1> <Sync> <CReg>
ST_14 : Operation 543 [2/3] (1.05ns) (grouped into DSP with root node add_ln22_62)   --->   "%mul_ln22_79 = mul i16 %zext_ln22_42, i16 %zext_ln22_5" [matrix_mult.cpp:22]   --->   Operation 543 'mul' 'mul_ln22_79' <Predicate = true> <Delay = 1.05> <CoreInst = "DSP48">   --->   Core 116 'DSP48' <Latency = 3> <II = 1> <Delay = 2.15> <IPBlock> <Opcode : 'add' 'sub' 'mul' 'select'> <InPorts = 0> <OutPorts = 1> <Sync> <CReg>
ST_14 : Operation 544 [2/3] (1.05ns) (grouped into DSP with root node add_ln22_66)   --->   "%mul_ln22_84 = mul i16 %zext_ln22_42, i16 %zext_ln22_12" [matrix_mult.cpp:22]   --->   Operation 544 'mul' 'mul_ln22_84' <Predicate = true> <Delay = 1.05> <CoreInst = "DSP48">   --->   Core 116 'DSP48' <Latency = 3> <II = 1> <Delay = 2.15> <IPBlock> <Opcode : 'add' 'sub' 'mul' 'select'> <InPorts = 0> <OutPorts = 1> <Sync> <CReg>
ST_14 : Operation 545 [2/3] (1.05ns) (grouped into DSP with root node add_ln22_70)   --->   "%mul_ln22_89 = mul i16 %zext_ln22_42, i16 %zext_ln22_17" [matrix_mult.cpp:22]   --->   Operation 545 'mul' 'mul_ln22_89' <Predicate = true> <Delay = 1.05> <CoreInst = "DSP48">   --->   Core 116 'DSP48' <Latency = 3> <II = 1> <Delay = 2.15> <IPBlock> <Opcode : 'add' 'sub' 'mul' 'select'> <InPorts = 0> <OutPorts = 1> <Sync> <CReg>
ST_14 : Operation 546 [2/3] (1.05ns) (grouped into DSP with root node add_ln22_74)   --->   "%mul_ln22_94 = mul i16 %zext_ln22_42, i16 %zext_ln22_22" [matrix_mult.cpp:22]   --->   Operation 546 'mul' 'mul_ln22_94' <Predicate = true> <Delay = 1.05> <CoreInst = "DSP48">   --->   Core 116 'DSP48' <Latency = 3> <II = 1> <Delay = 2.15> <IPBlock> <Opcode : 'add' 'sub' 'mul' 'select'> <InPorts = 0> <OutPorts = 1> <Sync> <CReg>
ST_14 : Operation 547 [2/3] (1.05ns) (grouped into DSP with root node add_ln22_78)   --->   "%mul_ln22_99 = mul i16 %zext_ln22_42, i16 %zext_ln22_27" [matrix_mult.cpp:22]   --->   Operation 547 'mul' 'mul_ln22_99' <Predicate = true> <Delay = 1.05> <CoreInst = "DSP48">   --->   Core 116 'DSP48' <Latency = 3> <II = 1> <Delay = 2.15> <IPBlock> <Opcode : 'add' 'sub' 'mul' 'select'> <InPorts = 0> <OutPorts = 1> <Sync> <CReg>
ST_14 : Operation 548 [1/2] (2.10ns) (root node of the DSP)   --->   "%add_ln22_76 = add i16 %mul_ln22_96, i16 %mul_ln22_95" [matrix_mult.cpp:22]   --->   Operation 548 'add' 'add_ln22_76' <Predicate = true> <Delay = 2.10> <CoreInst = "DSP48">   --->   Core 116 'DSP48' <Latency = 3> <II = 1> <Delay = 2.15> <IPBlock> <Opcode : 'add' 'sub' 'mul' 'select'> <InPorts = 0> <OutPorts = 1> <Sync> <CReg>
ST_14 : Operation 549 [1/1] (0.00ns)   --->   "%zext_ln22_47 = zext i8 %tmp_36" [matrix_mult.cpp:22]   --->   Operation 549 'zext' 'zext_ln22_47' <Predicate = true> <Delay = 0.00>
ST_14 : Operation 550 [3/3] (1.05ns) (grouped into DSP with root node add_ln22_82)   --->   "%mul_ln22_104 = mul i16 %zext_ln22_47, i16 %zext_ln22_5" [matrix_mult.cpp:22]   --->   Operation 550 'mul' 'mul_ln22_104' <Predicate = true> <Delay = 1.05> <CoreInst = "DSP48">   --->   Core 116 'DSP48' <Latency = 3> <II = 1> <Delay = 2.15> <IPBlock> <Opcode : 'add' 'sub' 'mul' 'select'> <InPorts = 0> <OutPorts = 1> <Sync> <CReg>
ST_14 : Operation 551 [1/2] (2.10ns) (root node of the DSP)   --->   "%add_ln22_80 = add i16 %mul_ln22_101, i16 %mul_ln22_100" [matrix_mult.cpp:22]   --->   Operation 551 'add' 'add_ln22_80' <Predicate = true> <Delay = 2.10> <CoreInst = "DSP48">   --->   Core 116 'DSP48' <Latency = 3> <II = 1> <Delay = 2.15> <IPBlock> <Opcode : 'add' 'sub' 'mul' 'select'> <InPorts = 0> <OutPorts = 1> <Sync> <CReg>
ST_14 : Operation 552 [3/3] (1.05ns) (grouped into DSP with root node add_ln22_86)   --->   "%mul_ln22_109 = mul i16 %zext_ln22_47, i16 %zext_ln22_12" [matrix_mult.cpp:22]   --->   Operation 552 'mul' 'mul_ln22_109' <Predicate = true> <Delay = 1.05> <CoreInst = "DSP48">   --->   Core 116 'DSP48' <Latency = 3> <II = 1> <Delay = 2.15> <IPBlock> <Opcode : 'add' 'sub' 'mul' 'select'> <InPorts = 0> <OutPorts = 1> <Sync> <CReg>
ST_14 : Operation 553 [1/2] (2.10ns) (root node of the DSP)   --->   "%add_ln22_84 = add i16 %mul_ln22_106, i16 %mul_ln22_105" [matrix_mult.cpp:22]   --->   Operation 553 'add' 'add_ln22_84' <Predicate = true> <Delay = 2.10> <CoreInst = "DSP48">   --->   Core 116 'DSP48' <Latency = 3> <II = 1> <Delay = 2.15> <IPBlock> <Opcode : 'add' 'sub' 'mul' 'select'> <InPorts = 0> <OutPorts = 1> <Sync> <CReg>
ST_14 : Operation 554 [3/3] (1.05ns) (grouped into DSP with root node add_ln22_90)   --->   "%mul_ln22_114 = mul i16 %zext_ln22_47, i16 %zext_ln22_17" [matrix_mult.cpp:22]   --->   Operation 554 'mul' 'mul_ln22_114' <Predicate = true> <Delay = 1.05> <CoreInst = "DSP48">   --->   Core 116 'DSP48' <Latency = 3> <II = 1> <Delay = 2.15> <IPBlock> <Opcode : 'add' 'sub' 'mul' 'select'> <InPorts = 0> <OutPorts = 1> <Sync> <CReg>
ST_14 : Operation 555 [1/2] (2.10ns) (root node of the DSP)   --->   "%add_ln22_88 = add i16 %mul_ln22_111, i16 %mul_ln22_110" [matrix_mult.cpp:22]   --->   Operation 555 'add' 'add_ln22_88' <Predicate = true> <Delay = 2.10> <CoreInst = "DSP48">   --->   Core 116 'DSP48' <Latency = 3> <II = 1> <Delay = 2.15> <IPBlock> <Opcode : 'add' 'sub' 'mul' 'select'> <InPorts = 0> <OutPorts = 1> <Sync> <CReg>
ST_14 : Operation 556 [1/3] (0.00ns) (grouped into DSP with root node add_ln22_92)   --->   "%mul_ln22_115 = mul i16 %zext_ln22_45, i16 %zext_ln22_20" [matrix_mult.cpp:22]   --->   Operation 556 'mul' 'mul_ln22_115' <Predicate = true> <Delay = 0.00> <CoreInst = "DSP48">   --->   Core 116 'DSP48' <Latency = 3> <II = 1> <Delay = 2.15> <IPBlock> <Opcode : 'add' 'sub' 'mul' 'select'> <InPorts = 0> <OutPorts = 1> <Sync> <CReg>
ST_14 : Operation 557 [1/1] (4.17ns)   --->   "%mul_ln22_116 = mul i16 %zext_ln22_46, i16 %zext_ln22_21" [matrix_mult.cpp:22]   --->   Operation 557 'mul' 'mul_ln22_116' <Predicate = true> <Delay = 4.17> <CoreInst = "Multiplier">   --->   Core 3 'Multiplier' <Latency = 0> <II = 1> <Delay = 4.17> <FuncUnit> <Opcode : 'mul'> <InPorts = 2> <OutPorts = 1>
ST_14 : Operation 558 [3/3] (1.05ns) (grouped into DSP with root node add_ln22_94)   --->   "%mul_ln22_119 = mul i16 %zext_ln22_47, i16 %zext_ln22_22" [matrix_mult.cpp:22]   --->   Operation 558 'mul' 'mul_ln22_119' <Predicate = true> <Delay = 1.05> <CoreInst = "DSP48">   --->   Core 116 'DSP48' <Latency = 3> <II = 1> <Delay = 2.15> <IPBlock> <Opcode : 'add' 'sub' 'mul' 'select'> <InPorts = 0> <OutPorts = 1> <Sync> <CReg>
ST_14 : Operation 559 [2/2] (2.10ns) (root node of the DSP)   --->   "%add_ln22_92 = add i16 %mul_ln22_116, i16 %mul_ln22_115" [matrix_mult.cpp:22]   --->   Operation 559 'add' 'add_ln22_92' <Predicate = true> <Delay = 2.10> <CoreInst = "DSP48">   --->   Core 116 'DSP48' <Latency = 3> <II = 1> <Delay = 2.15> <IPBlock> <Opcode : 'add' 'sub' 'mul' 'select'> <InPorts = 0> <OutPorts = 1> <Sync> <CReg>
ST_14 : Operation 560 [1/3] (0.00ns) (grouped into DSP with root node add_ln22_96)   --->   "%mul_ln22_120 = mul i16 %zext_ln22_45, i16 %zext_ln22_25" [matrix_mult.cpp:22]   --->   Operation 560 'mul' 'mul_ln22_120' <Predicate = true> <Delay = 0.00> <CoreInst = "DSP48">   --->   Core 116 'DSP48' <Latency = 3> <II = 1> <Delay = 2.15> <IPBlock> <Opcode : 'add' 'sub' 'mul' 'select'> <InPorts = 0> <OutPorts = 1> <Sync> <CReg>
ST_14 : Operation 561 [1/1] (4.17ns)   --->   "%mul_ln22_121 = mul i16 %zext_ln22_46, i16 %zext_ln22_26" [matrix_mult.cpp:22]   --->   Operation 561 'mul' 'mul_ln22_121' <Predicate = true> <Delay = 4.17> <CoreInst = "Multiplier">   --->   Core 3 'Multiplier' <Latency = 0> <II = 1> <Delay = 4.17> <FuncUnit> <Opcode : 'mul'> <InPorts = 2> <OutPorts = 1>
ST_14 : Operation 562 [3/3] (1.05ns) (grouped into DSP with root node add_ln22_98)   --->   "%mul_ln22_124 = mul i16 %zext_ln22_47, i16 %zext_ln22_27" [matrix_mult.cpp:22]   --->   Operation 562 'mul' 'mul_ln22_124' <Predicate = true> <Delay = 1.05> <CoreInst = "DSP48">   --->   Core 116 'DSP48' <Latency = 3> <II = 1> <Delay = 2.15> <IPBlock> <Opcode : 'add' 'sub' 'mul' 'select'> <InPorts = 0> <OutPorts = 1> <Sync> <CReg>
ST_14 : Operation 563 [2/2] (2.10ns) (root node of the DSP)   --->   "%add_ln22_96 = add i16 %mul_ln22_121, i16 %mul_ln22_120" [matrix_mult.cpp:22]   --->   Operation 563 'add' 'add_ln22_96' <Predicate = true> <Delay = 2.10> <CoreInst = "DSP48">   --->   Core 116 'DSP48' <Latency = 3> <II = 1> <Delay = 2.15> <IPBlock> <Opcode : 'add' 'sub' 'mul' 'select'> <InPorts = 0> <OutPorts = 1> <Sync> <CReg>

State 15 <SV = 14> <Delay = 4.17>
ST_15 : Operation 564 [1/1] (0.00ns)   --->   "%prod_addr_10 = getelementptr i16 %prod, i64 0, i64 10" [matrix_mult.cpp:22]   --->   Operation 564 'getelementptr' 'prod_addr_10' <Predicate = true> <Delay = 0.00>
ST_15 : Operation 565 [1/1] (0.00ns)   --->   "%prod_addr_11 = getelementptr i16 %prod, i64 0, i64 11" [matrix_mult.cpp:22]   --->   Operation 565 'getelementptr' 'prod_addr_11' <Predicate = true> <Delay = 0.00>
ST_15 : Operation 566 [1/2] (2.10ns) (root node of the DSP)   --->   "%add_ln22_42 = add i16 %add_ln22_41, i16 %mul_ln22_54" [matrix_mult.cpp:22]   --->   Operation 566 'add' 'add_ln22_42' <Predicate = true> <Delay = 2.10> <CoreInst = "DSP48">   --->   Core 116 'DSP48' <Latency = 3> <II = 1> <Delay = 2.15> <IPBlock> <Opcode : 'add' 'sub' 'mul' 'select'> <InPorts = 0> <OutPorts = 1> <Sync> <CReg>
ST_15 : Operation 567 [1/1] (2.07ns)   --->   "%add_ln22_43 = add i16 %add_ln22_42, i16 %add_ln22_40" [matrix_mult.cpp:22]   --->   Operation 567 'add' 'add_ln22_43' <Predicate = true> <Delay = 2.07> <CoreInst = "Adder">   --->   Core 1 'Adder' <Latency = 0> <II = 1> <Delay = 2.07> <FuncUnit> <Opcode : 'add' 'sub'> <InPorts = 2> <OutPorts = 1>
ST_15 : Operation 568 [1/1] ( I:0.00ns O:0.00ns )   --->   "%store_ln22 = store i16 %add_ln22_43, i5 %prod_addr_10" [matrix_mult.cpp:22]   --->   Operation 568 'store' 'store_ln22' <Predicate = true> <Delay = 0.00> <CoreInst = "RAM">   --->   Core 81 'RAM' <Latency = 1> <II = 1> <Delay = 2.32> <Storage> <Opcode : 'load' 'store'> <Ports = 2> <Width = 16> <Depth = 25> <RAM>
ST_15 : Operation 569 [1/2] (2.10ns) (root node of the DSP)   --->   "%add_ln22_46 = add i16 %add_ln22_45, i16 %mul_ln22_59" [matrix_mult.cpp:22]   --->   Operation 569 'add' 'add_ln22_46' <Predicate = true> <Delay = 2.10> <CoreInst = "DSP48">   --->   Core 116 'DSP48' <Latency = 3> <II = 1> <Delay = 2.15> <IPBlock> <Opcode : 'add' 'sub' 'mul' 'select'> <InPorts = 0> <OutPorts = 1> <Sync> <CReg>
ST_15 : Operation 570 [1/1] (2.07ns)   --->   "%add_ln22_47 = add i16 %add_ln22_46, i16 %add_ln22_44" [matrix_mult.cpp:22]   --->   Operation 570 'add' 'add_ln22_47' <Predicate = true> <Delay = 2.07> <CoreInst = "Adder">   --->   Core 1 'Adder' <Latency = 0> <II = 1> <Delay = 2.07> <FuncUnit> <Opcode : 'add' 'sub'> <InPorts = 2> <OutPorts = 1>
ST_15 : Operation 571 [1/1] ( I:0.00ns O:0.00ns )   --->   "%store_ln22 = store i16 %add_ln22_47, i5 %prod_addr_11" [matrix_mult.cpp:22]   --->   Operation 571 'store' 'store_ln22' <Predicate = true> <Delay = 0.00> <CoreInst = "RAM">   --->   Core 81 'RAM' <Latency = 1> <II = 1> <Delay = 2.32> <Storage> <Opcode : 'load' 'store'> <Ports = 2> <Width = 16> <Depth = 25> <RAM>
ST_15 : Operation 572 [1/2] (2.10ns) (root node of the DSP)   --->   "%add_ln22_50 = add i16 %add_ln22_49, i16 %mul_ln22_64" [matrix_mult.cpp:22]   --->   Operation 572 'add' 'add_ln22_50' <Predicate = true> <Delay = 2.10> <CoreInst = "DSP48">   --->   Core 116 'DSP48' <Latency = 3> <II = 1> <Delay = 2.15> <IPBlock> <Opcode : 'add' 'sub' 'mul' 'select'> <InPorts = 0> <OutPorts = 1> <Sync> <CReg>
ST_15 : Operation 573 [1/1] (2.07ns)   --->   "%add_ln22_51 = add i16 %add_ln22_50, i16 %add_ln22_48" [matrix_mult.cpp:22]   --->   Operation 573 'add' 'add_ln22_51' <Predicate = true> <Delay = 2.07> <CoreInst = "Adder">   --->   Core 1 'Adder' <Latency = 0> <II = 1> <Delay = 2.07> <FuncUnit> <Opcode : 'add' 'sub'> <InPorts = 2> <OutPorts = 1>
ST_15 : Operation 574 [1/2] (2.10ns) (root node of the DSP)   --->   "%add_ln22_54 = add i16 %add_ln22_53, i16 %mul_ln22_69" [matrix_mult.cpp:22]   --->   Operation 574 'add' 'add_ln22_54' <Predicate = true> <Delay = 2.10> <CoreInst = "DSP48">   --->   Core 116 'DSP48' <Latency = 3> <II = 1> <Delay = 2.15> <IPBlock> <Opcode : 'add' 'sub' 'mul' 'select'> <InPorts = 0> <OutPorts = 1> <Sync> <CReg>
ST_15 : Operation 575 [1/1] (2.07ns)   --->   "%add_ln22_55 = add i16 %add_ln22_54, i16 %add_ln22_52" [matrix_mult.cpp:22]   --->   Operation 575 'add' 'add_ln22_55' <Predicate = true> <Delay = 2.07> <CoreInst = "Adder">   --->   Core 1 'Adder' <Latency = 0> <II = 1> <Delay = 2.07> <FuncUnit> <Opcode : 'add' 'sub'> <InPorts = 2> <OutPorts = 1>
ST_15 : Operation 576 [1/3] (0.00ns) (grouped into DSP with root node add_ln22_58)   --->   "%mul_ln22_74 = mul i16 %zext_ln22_37, i16 %zext_ln22_27" [matrix_mult.cpp:22]   --->   Operation 576 'mul' 'mul_ln22_74' <Predicate = true> <Delay = 0.00> <CoreInst = "DSP48">   --->   Core 116 'DSP48' <Latency = 3> <II = 1> <Delay = 2.15> <IPBlock> <Opcode : 'add' 'sub' 'mul' 'select'> <InPorts = 0> <OutPorts = 1> <Sync> <CReg>
ST_15 : Operation 577 [2/2] (2.10ns) (root node of the DSP)   --->   "%add_ln22_58 = add i16 %add_ln22_57, i16 %mul_ln22_74" [matrix_mult.cpp:22]   --->   Operation 577 'add' 'add_ln22_58' <Predicate = true> <Delay = 2.10> <CoreInst = "DSP48">   --->   Core 116 'DSP48' <Latency = 3> <II = 1> <Delay = 2.15> <IPBlock> <Opcode : 'add' 'sub' 'mul' 'select'> <InPorts = 0> <OutPorts = 1> <Sync> <CReg>
ST_15 : Operation 578 [1/3] (0.00ns) (grouped into DSP with root node add_ln22_62)   --->   "%mul_ln22_79 = mul i16 %zext_ln22_42, i16 %zext_ln22_5" [matrix_mult.cpp:22]   --->   Operation 578 'mul' 'mul_ln22_79' <Predicate = true> <Delay = 0.00> <CoreInst = "DSP48">   --->   Core 116 'DSP48' <Latency = 3> <II = 1> <Delay = 2.15> <IPBlock> <Opcode : 'add' 'sub' 'mul' 'select'> <InPorts = 0> <OutPorts = 1> <Sync> <CReg>
ST_15 : Operation 579 [2/2] (2.10ns) (root node of the DSP)   --->   "%add_ln22_62 = add i16 %add_ln22_61, i16 %mul_ln22_79" [matrix_mult.cpp:22]   --->   Operation 579 'add' 'add_ln22_62' <Predicate = true> <Delay = 2.10> <CoreInst = "DSP48">   --->   Core 116 'DSP48' <Latency = 3> <II = 1> <Delay = 2.15> <IPBlock> <Opcode : 'add' 'sub' 'mul' 'select'> <InPorts = 0> <OutPorts = 1> <Sync> <CReg>
ST_15 : Operation 580 [1/3] (0.00ns) (grouped into DSP with root node add_ln22_66)   --->   "%mul_ln22_84 = mul i16 %zext_ln22_42, i16 %zext_ln22_12" [matrix_mult.cpp:22]   --->   Operation 580 'mul' 'mul_ln22_84' <Predicate = true> <Delay = 0.00> <CoreInst = "DSP48">   --->   Core 116 'DSP48' <Latency = 3> <II = 1> <Delay = 2.15> <IPBlock> <Opcode : 'add' 'sub' 'mul' 'select'> <InPorts = 0> <OutPorts = 1> <Sync> <CReg>
ST_15 : Operation 581 [2/2] (2.10ns) (root node of the DSP)   --->   "%add_ln22_66 = add i16 %add_ln22_65, i16 %mul_ln22_84" [matrix_mult.cpp:22]   --->   Operation 581 'add' 'add_ln22_66' <Predicate = true> <Delay = 2.10> <CoreInst = "DSP48">   --->   Core 116 'DSP48' <Latency = 3> <II = 1> <Delay = 2.15> <IPBlock> <Opcode : 'add' 'sub' 'mul' 'select'> <InPorts = 0> <OutPorts = 1> <Sync> <CReg>
ST_15 : Operation 582 [1/3] (0.00ns) (grouped into DSP with root node add_ln22_70)   --->   "%mul_ln22_89 = mul i16 %zext_ln22_42, i16 %zext_ln22_17" [matrix_mult.cpp:22]   --->   Operation 582 'mul' 'mul_ln22_89' <Predicate = true> <Delay = 0.00> <CoreInst = "DSP48">   --->   Core 116 'DSP48' <Latency = 3> <II = 1> <Delay = 2.15> <IPBlock> <Opcode : 'add' 'sub' 'mul' 'select'> <InPorts = 0> <OutPorts = 1> <Sync> <CReg>
ST_15 : Operation 583 [2/2] (2.10ns) (root node of the DSP)   --->   "%add_ln22_70 = add i16 %add_ln22_69, i16 %mul_ln22_89" [matrix_mult.cpp:22]   --->   Operation 583 'add' 'add_ln22_70' <Predicate = true> <Delay = 2.10> <CoreInst = "DSP48">   --->   Core 116 'DSP48' <Latency = 3> <II = 1> <Delay = 2.15> <IPBlock> <Opcode : 'add' 'sub' 'mul' 'select'> <InPorts = 0> <OutPorts = 1> <Sync> <CReg>
ST_15 : Operation 584 [1/3] (0.00ns) (grouped into DSP with root node add_ln22_74)   --->   "%mul_ln22_94 = mul i16 %zext_ln22_42, i16 %zext_ln22_22" [matrix_mult.cpp:22]   --->   Operation 584 'mul' 'mul_ln22_94' <Predicate = true> <Delay = 0.00> <CoreInst = "DSP48">   --->   Core 116 'DSP48' <Latency = 3> <II = 1> <Delay = 2.15> <IPBlock> <Opcode : 'add' 'sub' 'mul' 'select'> <InPorts = 0> <OutPorts = 1> <Sync> <CReg>
ST_15 : Operation 585 [2/2] (2.10ns) (root node of the DSP)   --->   "%add_ln22_74 = add i16 %add_ln22_73, i16 %mul_ln22_94" [matrix_mult.cpp:22]   --->   Operation 585 'add' 'add_ln22_74' <Predicate = true> <Delay = 2.10> <CoreInst = "DSP48">   --->   Core 116 'DSP48' <Latency = 3> <II = 1> <Delay = 2.15> <IPBlock> <Opcode : 'add' 'sub' 'mul' 'select'> <InPorts = 0> <OutPorts = 1> <Sync> <CReg>
ST_15 : Operation 586 [1/3] (0.00ns) (grouped into DSP with root node add_ln22_78)   --->   "%mul_ln22_99 = mul i16 %zext_ln22_42, i16 %zext_ln22_27" [matrix_mult.cpp:22]   --->   Operation 586 'mul' 'mul_ln22_99' <Predicate = true> <Delay = 0.00> <CoreInst = "DSP48">   --->   Core 116 'DSP48' <Latency = 3> <II = 1> <Delay = 2.15> <IPBlock> <Opcode : 'add' 'sub' 'mul' 'select'> <InPorts = 0> <OutPorts = 1> <Sync> <CReg>
ST_15 : Operation 587 [2/2] (2.10ns) (root node of the DSP)   --->   "%add_ln22_78 = add i16 %add_ln22_77, i16 %mul_ln22_99" [matrix_mult.cpp:22]   --->   Operation 587 'add' 'add_ln22_78' <Predicate = true> <Delay = 2.10> <CoreInst = "DSP48">   --->   Core 116 'DSP48' <Latency = 3> <II = 1> <Delay = 2.15> <IPBlock> <Opcode : 'add' 'sub' 'mul' 'select'> <InPorts = 0> <OutPorts = 1> <Sync> <CReg>
ST_15 : Operation 588 [2/3] (1.05ns) (grouped into DSP with root node add_ln22_82)   --->   "%mul_ln22_104 = mul i16 %zext_ln22_47, i16 %zext_ln22_5" [matrix_mult.cpp:22]   --->   Operation 588 'mul' 'mul_ln22_104' <Predicate = true> <Delay = 1.05> <CoreInst = "DSP48">   --->   Core 116 'DSP48' <Latency = 3> <II = 1> <Delay = 2.15> <IPBlock> <Opcode : 'add' 'sub' 'mul' 'select'> <InPorts = 0> <OutPorts = 1> <Sync> <CReg>
ST_15 : Operation 589 [2/3] (1.05ns) (grouped into DSP with root node add_ln22_86)   --->   "%mul_ln22_109 = mul i16 %zext_ln22_47, i16 %zext_ln22_12" [matrix_mult.cpp:22]   --->   Operation 589 'mul' 'mul_ln22_109' <Predicate = true> <Delay = 1.05> <CoreInst = "DSP48">   --->   Core 116 'DSP48' <Latency = 3> <II = 1> <Delay = 2.15> <IPBlock> <Opcode : 'add' 'sub' 'mul' 'select'> <InPorts = 0> <OutPorts = 1> <Sync> <CReg>
ST_15 : Operation 590 [2/3] (1.05ns) (grouped into DSP with root node add_ln22_90)   --->   "%mul_ln22_114 = mul i16 %zext_ln22_47, i16 %zext_ln22_17" [matrix_mult.cpp:22]   --->   Operation 590 'mul' 'mul_ln22_114' <Predicate = true> <Delay = 1.05> <CoreInst = "DSP48">   --->   Core 116 'DSP48' <Latency = 3> <II = 1> <Delay = 2.15> <IPBlock> <Opcode : 'add' 'sub' 'mul' 'select'> <InPorts = 0> <OutPorts = 1> <Sync> <CReg>
ST_15 : Operation 591 [2/3] (1.05ns) (grouped into DSP with root node add_ln22_94)   --->   "%mul_ln22_119 = mul i16 %zext_ln22_47, i16 %zext_ln22_22" [matrix_mult.cpp:22]   --->   Operation 591 'mul' 'mul_ln22_119' <Predicate = true> <Delay = 1.05> <CoreInst = "DSP48">   --->   Core 116 'DSP48' <Latency = 3> <II = 1> <Delay = 2.15> <IPBlock> <Opcode : 'add' 'sub' 'mul' 'select'> <InPorts = 0> <OutPorts = 1> <Sync> <CReg>
ST_15 : Operation 592 [1/2] (2.10ns) (root node of the DSP)   --->   "%add_ln22_92 = add i16 %mul_ln22_116, i16 %mul_ln22_115" [matrix_mult.cpp:22]   --->   Operation 592 'add' 'add_ln22_92' <Predicate = true> <Delay = 2.10> <CoreInst = "DSP48">   --->   Core 116 'DSP48' <Latency = 3> <II = 1> <Delay = 2.15> <IPBlock> <Opcode : 'add' 'sub' 'mul' 'select'> <InPorts = 0> <OutPorts = 1> <Sync> <CReg>
ST_15 : Operation 593 [2/3] (1.05ns) (grouped into DSP with root node add_ln22_98)   --->   "%mul_ln22_124 = mul i16 %zext_ln22_47, i16 %zext_ln22_27" [matrix_mult.cpp:22]   --->   Operation 593 'mul' 'mul_ln22_124' <Predicate = true> <Delay = 1.05> <CoreInst = "DSP48">   --->   Core 116 'DSP48' <Latency = 3> <II = 1> <Delay = 2.15> <IPBlock> <Opcode : 'add' 'sub' 'mul' 'select'> <InPorts = 0> <OutPorts = 1> <Sync> <CReg>
ST_15 : Operation 594 [1/2] (2.10ns) (root node of the DSP)   --->   "%add_ln22_96 = add i16 %mul_ln22_121, i16 %mul_ln22_120" [matrix_mult.cpp:22]   --->   Operation 594 'add' 'add_ln22_96' <Predicate = true> <Delay = 2.10> <CoreInst = "DSP48">   --->   Core 116 'DSP48' <Latency = 3> <II = 1> <Delay = 2.15> <IPBlock> <Opcode : 'add' 'sub' 'mul' 'select'> <InPorts = 0> <OutPorts = 1> <Sync> <CReg>

State 16 <SV = 15> <Delay = 4.17>
ST_16 : Operation 595 [1/1] (0.00ns)   --->   "%prod_addr_12 = getelementptr i16 %prod, i64 0, i64 12" [matrix_mult.cpp:22]   --->   Operation 595 'getelementptr' 'prod_addr_12' <Predicate = true> <Delay = 0.00>
ST_16 : Operation 596 [1/1] (0.00ns)   --->   "%prod_addr_13 = getelementptr i16 %prod, i64 0, i64 13" [matrix_mult.cpp:22]   --->   Operation 596 'getelementptr' 'prod_addr_13' <Predicate = true> <Delay = 0.00>
ST_16 : Operation 597 [1/1] ( I:0.00ns O:0.00ns )   --->   "%store_ln22 = store i16 %add_ln22_51, i5 %prod_addr_12" [matrix_mult.cpp:22]   --->   Operation 597 'store' 'store_ln22' <Predicate = true> <Delay = 0.00> <CoreInst = "RAM">   --->   Core 81 'RAM' <Latency = 1> <II = 1> <Delay = 2.32> <Storage> <Opcode : 'load' 'store'> <Ports = 2> <Width = 16> <Depth = 25> <RAM>
ST_16 : Operation 598 [1/1] ( I:0.00ns O:0.00ns )   --->   "%store_ln22 = store i16 %add_ln22_55, i5 %prod_addr_13" [matrix_mult.cpp:22]   --->   Operation 598 'store' 'store_ln22' <Predicate = true> <Delay = 0.00> <CoreInst = "RAM">   --->   Core 81 'RAM' <Latency = 1> <II = 1> <Delay = 2.32> <Storage> <Opcode : 'load' 'store'> <Ports = 2> <Width = 16> <Depth = 25> <RAM>
ST_16 : Operation 599 [1/2] (2.10ns) (root node of the DSP)   --->   "%add_ln22_58 = add i16 %add_ln22_57, i16 %mul_ln22_74" [matrix_mult.cpp:22]   --->   Operation 599 'add' 'add_ln22_58' <Predicate = true> <Delay = 2.10> <CoreInst = "DSP48">   --->   Core 116 'DSP48' <Latency = 3> <II = 1> <Delay = 2.15> <IPBlock> <Opcode : 'add' 'sub' 'mul' 'select'> <InPorts = 0> <OutPorts = 1> <Sync> <CReg>
ST_16 : Operation 600 [1/1] (2.07ns)   --->   "%add_ln22_59 = add i16 %add_ln22_58, i16 %add_ln22_56" [matrix_mult.cpp:22]   --->   Operation 600 'add' 'add_ln22_59' <Predicate = true> <Delay = 2.07> <CoreInst = "Adder">   --->   Core 1 'Adder' <Latency = 0> <II = 1> <Delay = 2.07> <FuncUnit> <Opcode : 'add' 'sub'> <InPorts = 2> <OutPorts = 1>
ST_16 : Operation 601 [1/2] (2.10ns) (root node of the DSP)   --->   "%add_ln22_62 = add i16 %add_ln22_61, i16 %mul_ln22_79" [matrix_mult.cpp:22]   --->   Operation 601 'add' 'add_ln22_62' <Predicate = true> <Delay = 2.10> <CoreInst = "DSP48">   --->   Core 116 'DSP48' <Latency = 3> <II = 1> <Delay = 2.15> <IPBlock> <Opcode : 'add' 'sub' 'mul' 'select'> <InPorts = 0> <OutPorts = 1> <Sync> <CReg>
ST_16 : Operation 602 [1/1] (2.07ns)   --->   "%add_ln22_63 = add i16 %add_ln22_62, i16 %add_ln22_60" [matrix_mult.cpp:22]   --->   Operation 602 'add' 'add_ln22_63' <Predicate = true> <Delay = 2.07> <CoreInst = "Adder">   --->   Core 1 'Adder' <Latency = 0> <II = 1> <Delay = 2.07> <FuncUnit> <Opcode : 'add' 'sub'> <InPorts = 2> <OutPorts = 1>
ST_16 : Operation 603 [1/2] (2.10ns) (root node of the DSP)   --->   "%add_ln22_66 = add i16 %add_ln22_65, i16 %mul_ln22_84" [matrix_mult.cpp:22]   --->   Operation 603 'add' 'add_ln22_66' <Predicate = true> <Delay = 2.10> <CoreInst = "DSP48">   --->   Core 116 'DSP48' <Latency = 3> <II = 1> <Delay = 2.15> <IPBlock> <Opcode : 'add' 'sub' 'mul' 'select'> <InPorts = 0> <OutPorts = 1> <Sync> <CReg>
ST_16 : Operation 604 [1/1] (2.07ns)   --->   "%add_ln22_67 = add i16 %add_ln22_66, i16 %add_ln22_64" [matrix_mult.cpp:22]   --->   Operation 604 'add' 'add_ln22_67' <Predicate = true> <Delay = 2.07> <CoreInst = "Adder">   --->   Core 1 'Adder' <Latency = 0> <II = 1> <Delay = 2.07> <FuncUnit> <Opcode : 'add' 'sub'> <InPorts = 2> <OutPorts = 1>
ST_16 : Operation 605 [1/2] (2.10ns) (root node of the DSP)   --->   "%add_ln22_70 = add i16 %add_ln22_69, i16 %mul_ln22_89" [matrix_mult.cpp:22]   --->   Operation 605 'add' 'add_ln22_70' <Predicate = true> <Delay = 2.10> <CoreInst = "DSP48">   --->   Core 116 'DSP48' <Latency = 3> <II = 1> <Delay = 2.15> <IPBlock> <Opcode : 'add' 'sub' 'mul' 'select'> <InPorts = 0> <OutPorts = 1> <Sync> <CReg>
ST_16 : Operation 606 [1/1] (2.07ns)   --->   "%add_ln22_71 = add i16 %add_ln22_70, i16 %add_ln22_68" [matrix_mult.cpp:22]   --->   Operation 606 'add' 'add_ln22_71' <Predicate = true> <Delay = 2.07> <CoreInst = "Adder">   --->   Core 1 'Adder' <Latency = 0> <II = 1> <Delay = 2.07> <FuncUnit> <Opcode : 'add' 'sub'> <InPorts = 2> <OutPorts = 1>
ST_16 : Operation 607 [1/2] (2.10ns) (root node of the DSP)   --->   "%add_ln22_74 = add i16 %add_ln22_73, i16 %mul_ln22_94" [matrix_mult.cpp:22]   --->   Operation 607 'add' 'add_ln22_74' <Predicate = true> <Delay = 2.10> <CoreInst = "DSP48">   --->   Core 116 'DSP48' <Latency = 3> <II = 1> <Delay = 2.15> <IPBlock> <Opcode : 'add' 'sub' 'mul' 'select'> <InPorts = 0> <OutPorts = 1> <Sync> <CReg>
ST_16 : Operation 608 [1/1] (2.07ns)   --->   "%add_ln22_75 = add i16 %add_ln22_74, i16 %add_ln22_72" [matrix_mult.cpp:22]   --->   Operation 608 'add' 'add_ln22_75' <Predicate = true> <Delay = 2.07> <CoreInst = "Adder">   --->   Core 1 'Adder' <Latency = 0> <II = 1> <Delay = 2.07> <FuncUnit> <Opcode : 'add' 'sub'> <InPorts = 2> <OutPorts = 1>
ST_16 : Operation 609 [1/2] (2.10ns) (root node of the DSP)   --->   "%add_ln22_78 = add i16 %add_ln22_77, i16 %mul_ln22_99" [matrix_mult.cpp:22]   --->   Operation 609 'add' 'add_ln22_78' <Predicate = true> <Delay = 2.10> <CoreInst = "DSP48">   --->   Core 116 'DSP48' <Latency = 3> <II = 1> <Delay = 2.15> <IPBlock> <Opcode : 'add' 'sub' 'mul' 'select'> <InPorts = 0> <OutPorts = 1> <Sync> <CReg>
ST_16 : Operation 610 [1/1] (2.07ns)   --->   "%add_ln22_79 = add i16 %add_ln22_78, i16 %add_ln22_76" [matrix_mult.cpp:22]   --->   Operation 610 'add' 'add_ln22_79' <Predicate = true> <Delay = 2.07> <CoreInst = "Adder">   --->   Core 1 'Adder' <Latency = 0> <II = 1> <Delay = 2.07> <FuncUnit> <Opcode : 'add' 'sub'> <InPorts = 2> <OutPorts = 1>
ST_16 : Operation 611 [1/3] (0.00ns) (grouped into DSP with root node add_ln22_82)   --->   "%mul_ln22_104 = mul i16 %zext_ln22_47, i16 %zext_ln22_5" [matrix_mult.cpp:22]   --->   Operation 611 'mul' 'mul_ln22_104' <Predicate = true> <Delay = 0.00> <CoreInst = "DSP48">   --->   Core 116 'DSP48' <Latency = 3> <II = 1> <Delay = 2.15> <IPBlock> <Opcode : 'add' 'sub' 'mul' 'select'> <InPorts = 0> <OutPorts = 1> <Sync> <CReg>
ST_16 : Operation 612 [2/2] (2.10ns) (root node of the DSP)   --->   "%add_ln22_82 = add i16 %add_ln22_81, i16 %mul_ln22_104" [matrix_mult.cpp:22]   --->   Operation 612 'add' 'add_ln22_82' <Predicate = true> <Delay = 2.10> <CoreInst = "DSP48">   --->   Core 116 'DSP48' <Latency = 3> <II = 1> <Delay = 2.15> <IPBlock> <Opcode : 'add' 'sub' 'mul' 'select'> <InPorts = 0> <OutPorts = 1> <Sync> <CReg>
ST_16 : Operation 613 [1/3] (0.00ns) (grouped into DSP with root node add_ln22_86)   --->   "%mul_ln22_109 = mul i16 %zext_ln22_47, i16 %zext_ln22_12" [matrix_mult.cpp:22]   --->   Operation 613 'mul' 'mul_ln22_109' <Predicate = true> <Delay = 0.00> <CoreInst = "DSP48">   --->   Core 116 'DSP48' <Latency = 3> <II = 1> <Delay = 2.15> <IPBlock> <Opcode : 'add' 'sub' 'mul' 'select'> <InPorts = 0> <OutPorts = 1> <Sync> <CReg>
ST_16 : Operation 614 [2/2] (2.10ns) (root node of the DSP)   --->   "%add_ln22_86 = add i16 %add_ln22_85, i16 %mul_ln22_109" [matrix_mult.cpp:22]   --->   Operation 614 'add' 'add_ln22_86' <Predicate = true> <Delay = 2.10> <CoreInst = "DSP48">   --->   Core 116 'DSP48' <Latency = 3> <II = 1> <Delay = 2.15> <IPBlock> <Opcode : 'add' 'sub' 'mul' 'select'> <InPorts = 0> <OutPorts = 1> <Sync> <CReg>
ST_16 : Operation 615 [1/3] (0.00ns) (grouped into DSP with root node add_ln22_90)   --->   "%mul_ln22_114 = mul i16 %zext_ln22_47, i16 %zext_ln22_17" [matrix_mult.cpp:22]   --->   Operation 615 'mul' 'mul_ln22_114' <Predicate = true> <Delay = 0.00> <CoreInst = "DSP48">   --->   Core 116 'DSP48' <Latency = 3> <II = 1> <Delay = 2.15> <IPBlock> <Opcode : 'add' 'sub' 'mul' 'select'> <InPorts = 0> <OutPorts = 1> <Sync> <CReg>
ST_16 : Operation 616 [2/2] (2.10ns) (root node of the DSP)   --->   "%add_ln22_90 = add i16 %add_ln22_89, i16 %mul_ln22_114" [matrix_mult.cpp:22]   --->   Operation 616 'add' 'add_ln22_90' <Predicate = true> <Delay = 2.10> <CoreInst = "DSP48">   --->   Core 116 'DSP48' <Latency = 3> <II = 1> <Delay = 2.15> <IPBlock> <Opcode : 'add' 'sub' 'mul' 'select'> <InPorts = 0> <OutPorts = 1> <Sync> <CReg>
ST_16 : Operation 617 [1/3] (0.00ns) (grouped into DSP with root node add_ln22_94)   --->   "%mul_ln22_119 = mul i16 %zext_ln22_47, i16 %zext_ln22_22" [matrix_mult.cpp:22]   --->   Operation 617 'mul' 'mul_ln22_119' <Predicate = true> <Delay = 0.00> <CoreInst = "DSP48">   --->   Core 116 'DSP48' <Latency = 3> <II = 1> <Delay = 2.15> <IPBlock> <Opcode : 'add' 'sub' 'mul' 'select'> <InPorts = 0> <OutPorts = 1> <Sync> <CReg>
ST_16 : Operation 618 [2/2] (2.10ns) (root node of the DSP)   --->   "%add_ln22_94 = add i16 %add_ln22_93, i16 %mul_ln22_119" [matrix_mult.cpp:22]   --->   Operation 618 'add' 'add_ln22_94' <Predicate = true> <Delay = 2.10> <CoreInst = "DSP48">   --->   Core 116 'DSP48' <Latency = 3> <II = 1> <Delay = 2.15> <IPBlock> <Opcode : 'add' 'sub' 'mul' 'select'> <InPorts = 0> <OutPorts = 1> <Sync> <CReg>
ST_16 : Operation 619 [1/3] (0.00ns) (grouped into DSP with root node add_ln22_98)   --->   "%mul_ln22_124 = mul i16 %zext_ln22_47, i16 %zext_ln22_27" [matrix_mult.cpp:22]   --->   Operation 619 'mul' 'mul_ln22_124' <Predicate = true> <Delay = 0.00> <CoreInst = "DSP48">   --->   Core 116 'DSP48' <Latency = 3> <II = 1> <Delay = 2.15> <IPBlock> <Opcode : 'add' 'sub' 'mul' 'select'> <InPorts = 0> <OutPorts = 1> <Sync> <CReg>
ST_16 : Operation 620 [2/2] (2.10ns) (root node of the DSP)   --->   "%add_ln22_98 = add i16 %add_ln22_97, i16 %mul_ln22_124" [matrix_mult.cpp:22]   --->   Operation 620 'add' 'add_ln22_98' <Predicate = true> <Delay = 2.10> <CoreInst = "DSP48">   --->   Core 116 'DSP48' <Latency = 3> <II = 1> <Delay = 2.15> <IPBlock> <Opcode : 'add' 'sub' 'mul' 'select'> <InPorts = 0> <OutPorts = 1> <Sync> <CReg>

State 17 <SV = 16> <Delay = 4.17>
ST_17 : Operation 621 [1/1] (0.00ns)   --->   "%prod_addr_14 = getelementptr i16 %prod, i64 0, i64 14" [matrix_mult.cpp:22]   --->   Operation 621 'getelementptr' 'prod_addr_14' <Predicate = true> <Delay = 0.00>
ST_17 : Operation 622 [1/1] (0.00ns)   --->   "%prod_addr_15 = getelementptr i16 %prod, i64 0, i64 15" [matrix_mult.cpp:22]   --->   Operation 622 'getelementptr' 'prod_addr_15' <Predicate = true> <Delay = 0.00>
ST_17 : Operation 623 [1/1] ( I:0.00ns O:0.00ns )   --->   "%store_ln22 = store i16 %add_ln22_59, i5 %prod_addr_14" [matrix_mult.cpp:22]   --->   Operation 623 'store' 'store_ln22' <Predicate = true> <Delay = 0.00> <CoreInst = "RAM">   --->   Core 81 'RAM' <Latency = 1> <II = 1> <Delay = 2.32> <Storage> <Opcode : 'load' 'store'> <Ports = 2> <Width = 16> <Depth = 25> <RAM>
ST_17 : Operation 624 [1/1] ( I:0.00ns O:0.00ns )   --->   "%store_ln22 = store i16 %add_ln22_63, i5 %prod_addr_15" [matrix_mult.cpp:22]   --->   Operation 624 'store' 'store_ln22' <Predicate = true> <Delay = 0.00> <CoreInst = "RAM">   --->   Core 81 'RAM' <Latency = 1> <II = 1> <Delay = 2.32> <Storage> <Opcode : 'load' 'store'> <Ports = 2> <Width = 16> <Depth = 25> <RAM>
ST_17 : Operation 625 [1/2] (2.10ns) (root node of the DSP)   --->   "%add_ln22_82 = add i16 %add_ln22_81, i16 %mul_ln22_104" [matrix_mult.cpp:22]   --->   Operation 625 'add' 'add_ln22_82' <Predicate = true> <Delay = 2.10> <CoreInst = "DSP48">   --->   Core 116 'DSP48' <Latency = 3> <II = 1> <Delay = 2.15> <IPBlock> <Opcode : 'add' 'sub' 'mul' 'select'> <InPorts = 0> <OutPorts = 1> <Sync> <CReg>
ST_17 : Operation 626 [1/1] (2.07ns)   --->   "%add_ln22_83 = add i16 %add_ln22_82, i16 %add_ln22_80" [matrix_mult.cpp:22]   --->   Operation 626 'add' 'add_ln22_83' <Predicate = true> <Delay = 2.07> <CoreInst = "Adder">   --->   Core 1 'Adder' <Latency = 0> <II = 1> <Delay = 2.07> <FuncUnit> <Opcode : 'add' 'sub'> <InPorts = 2> <OutPorts = 1>
ST_17 : Operation 627 [1/2] (2.10ns) (root node of the DSP)   --->   "%add_ln22_86 = add i16 %add_ln22_85, i16 %mul_ln22_109" [matrix_mult.cpp:22]   --->   Operation 627 'add' 'add_ln22_86' <Predicate = true> <Delay = 2.10> <CoreInst = "DSP48">   --->   Core 116 'DSP48' <Latency = 3> <II = 1> <Delay = 2.15> <IPBlock> <Opcode : 'add' 'sub' 'mul' 'select'> <InPorts = 0> <OutPorts = 1> <Sync> <CReg>
ST_17 : Operation 628 [1/1] (2.07ns)   --->   "%add_ln22_87 = add i16 %add_ln22_86, i16 %add_ln22_84" [matrix_mult.cpp:22]   --->   Operation 628 'add' 'add_ln22_87' <Predicate = true> <Delay = 2.07> <CoreInst = "Adder">   --->   Core 1 'Adder' <Latency = 0> <II = 1> <Delay = 2.07> <FuncUnit> <Opcode : 'add' 'sub'> <InPorts = 2> <OutPorts = 1>
ST_17 : Operation 629 [1/2] (2.10ns) (root node of the DSP)   --->   "%add_ln22_90 = add i16 %add_ln22_89, i16 %mul_ln22_114" [matrix_mult.cpp:22]   --->   Operation 629 'add' 'add_ln22_90' <Predicate = true> <Delay = 2.10> <CoreInst = "DSP48">   --->   Core 116 'DSP48' <Latency = 3> <II = 1> <Delay = 2.15> <IPBlock> <Opcode : 'add' 'sub' 'mul' 'select'> <InPorts = 0> <OutPorts = 1> <Sync> <CReg>
ST_17 : Operation 630 [1/1] (2.07ns)   --->   "%add_ln22_91 = add i16 %add_ln22_90, i16 %add_ln22_88" [matrix_mult.cpp:22]   --->   Operation 630 'add' 'add_ln22_91' <Predicate = true> <Delay = 2.07> <CoreInst = "Adder">   --->   Core 1 'Adder' <Latency = 0> <II = 1> <Delay = 2.07> <FuncUnit> <Opcode : 'add' 'sub'> <InPorts = 2> <OutPorts = 1>
ST_17 : Operation 631 [1/2] (2.10ns) (root node of the DSP)   --->   "%add_ln22_94 = add i16 %add_ln22_93, i16 %mul_ln22_119" [matrix_mult.cpp:22]   --->   Operation 631 'add' 'add_ln22_94' <Predicate = true> <Delay = 2.10> <CoreInst = "DSP48">   --->   Core 116 'DSP48' <Latency = 3> <II = 1> <Delay = 2.15> <IPBlock> <Opcode : 'add' 'sub' 'mul' 'select'> <InPorts = 0> <OutPorts = 1> <Sync> <CReg>
ST_17 : Operation 632 [1/1] (2.07ns)   --->   "%add_ln22_95 = add i16 %add_ln22_94, i16 %add_ln22_92" [matrix_mult.cpp:22]   --->   Operation 632 'add' 'add_ln22_95' <Predicate = true> <Delay = 2.07> <CoreInst = "Adder">   --->   Core 1 'Adder' <Latency = 0> <II = 1> <Delay = 2.07> <FuncUnit> <Opcode : 'add' 'sub'> <InPorts = 2> <OutPorts = 1>
ST_17 : Operation 633 [1/2] (2.10ns) (root node of the DSP)   --->   "%add_ln22_98 = add i16 %add_ln22_97, i16 %mul_ln22_124" [matrix_mult.cpp:22]   --->   Operation 633 'add' 'add_ln22_98' <Predicate = true> <Delay = 2.10> <CoreInst = "DSP48">   --->   Core 116 'DSP48' <Latency = 3> <II = 1> <Delay = 2.15> <IPBlock> <Opcode : 'add' 'sub' 'mul' 'select'> <InPorts = 0> <OutPorts = 1> <Sync> <CReg>
ST_17 : Operation 634 [1/1] (2.07ns)   --->   "%add_ln22_99 = add i16 %add_ln22_98, i16 %add_ln22_96" [matrix_mult.cpp:22]   --->   Operation 634 'add' 'add_ln22_99' <Predicate = true> <Delay = 2.07> <CoreInst = "Adder">   --->   Core 1 'Adder' <Latency = 0> <II = 1> <Delay = 2.07> <FuncUnit> <Opcode : 'add' 'sub'> <InPorts = 2> <OutPorts = 1>

State 18 <SV = 17> <Delay = 0.00>
ST_18 : Operation 635 [1/1] (0.00ns)   --->   "%prod_addr_16 = getelementptr i16 %prod, i64 0, i64 16" [matrix_mult.cpp:22]   --->   Operation 635 'getelementptr' 'prod_addr_16' <Predicate = true> <Delay = 0.00>
ST_18 : Operation 636 [1/1] (0.00ns)   --->   "%prod_addr_17 = getelementptr i16 %prod, i64 0, i64 17" [matrix_mult.cpp:22]   --->   Operation 636 'getelementptr' 'prod_addr_17' <Predicate = true> <Delay = 0.00>
ST_18 : Operation 637 [1/1] ( I:0.00ns O:0.00ns )   --->   "%store_ln22 = store i16 %add_ln22_67, i5 %prod_addr_16" [matrix_mult.cpp:22]   --->   Operation 637 'store' 'store_ln22' <Predicate = true> <Delay = 0.00> <CoreInst = "RAM">   --->   Core 81 'RAM' <Latency = 1> <II = 1> <Delay = 2.32> <Storage> <Opcode : 'load' 'store'> <Ports = 2> <Width = 16> <Depth = 25> <RAM>
ST_18 : Operation 638 [1/1] ( I:0.00ns O:0.00ns )   --->   "%store_ln22 = store i16 %add_ln22_71, i5 %prod_addr_17" [matrix_mult.cpp:22]   --->   Operation 638 'store' 'store_ln22' <Predicate = true> <Delay = 0.00> <CoreInst = "RAM">   --->   Core 81 'RAM' <Latency = 1> <II = 1> <Delay = 2.32> <Storage> <Opcode : 'load' 'store'> <Ports = 2> <Width = 16> <Depth = 25> <RAM>

State 19 <SV = 18> <Delay = 0.00>
ST_19 : Operation 639 [1/1] (0.00ns)   --->   "%prod_addr_18 = getelementptr i16 %prod, i64 0, i64 18" [matrix_mult.cpp:22]   --->   Operation 639 'getelementptr' 'prod_addr_18' <Predicate = true> <Delay = 0.00>
ST_19 : Operation 640 [1/1] (0.00ns)   --->   "%prod_addr_19 = getelementptr i16 %prod, i64 0, i64 19" [matrix_mult.cpp:22]   --->   Operation 640 'getelementptr' 'prod_addr_19' <Predicate = true> <Delay = 0.00>
ST_19 : Operation 641 [1/1] ( I:0.00ns O:0.00ns )   --->   "%store_ln22 = store i16 %add_ln22_75, i5 %prod_addr_18" [matrix_mult.cpp:22]   --->   Operation 641 'store' 'store_ln22' <Predicate = true> <Delay = 0.00> <CoreInst = "RAM">   --->   Core 81 'RAM' <Latency = 1> <II = 1> <Delay = 2.32> <Storage> <Opcode : 'load' 'store'> <Ports = 2> <Width = 16> <Depth = 25> <RAM>
ST_19 : Operation 642 [1/1] ( I:0.00ns O:0.00ns )   --->   "%store_ln22 = store i16 %add_ln22_79, i5 %prod_addr_19" [matrix_mult.cpp:22]   --->   Operation 642 'store' 'store_ln22' <Predicate = true> <Delay = 0.00> <CoreInst = "RAM">   --->   Core 81 'RAM' <Latency = 1> <II = 1> <Delay = 2.32> <Storage> <Opcode : 'load' 'store'> <Ports = 2> <Width = 16> <Depth = 25> <RAM>

State 20 <SV = 19> <Delay = 0.00>
ST_20 : Operation 643 [1/1] (0.00ns)   --->   "%prod_addr_20 = getelementptr i16 %prod, i64 0, i64 20" [matrix_mult.cpp:22]   --->   Operation 643 'getelementptr' 'prod_addr_20' <Predicate = true> <Delay = 0.00>
ST_20 : Operation 644 [1/1] (0.00ns)   --->   "%prod_addr_21 = getelementptr i16 %prod, i64 0, i64 21" [matrix_mult.cpp:22]   --->   Operation 644 'getelementptr' 'prod_addr_21' <Predicate = true> <Delay = 0.00>
ST_20 : Operation 645 [1/1] ( I:0.00ns O:0.00ns )   --->   "%store_ln22 = store i16 %add_ln22_83, i5 %prod_addr_20" [matrix_mult.cpp:22]   --->   Operation 645 'store' 'store_ln22' <Predicate = true> <Delay = 0.00> <CoreInst = "RAM">   --->   Core 81 'RAM' <Latency = 1> <II = 1> <Delay = 2.32> <Storage> <Opcode : 'load' 'store'> <Ports = 2> <Width = 16> <Depth = 25> <RAM>
ST_20 : Operation 646 [1/1] ( I:0.00ns O:0.00ns )   --->   "%store_ln22 = store i16 %add_ln22_87, i5 %prod_addr_21" [matrix_mult.cpp:22]   --->   Operation 646 'store' 'store_ln22' <Predicate = true> <Delay = 0.00> <CoreInst = "RAM">   --->   Core 81 'RAM' <Latency = 1> <II = 1> <Delay = 2.32> <Storage> <Opcode : 'load' 'store'> <Ports = 2> <Width = 16> <Depth = 25> <RAM>

State 21 <SV = 20> <Delay = 0.00>
ST_21 : Operation 647 [1/1] (0.00ns)   --->   "%prod_addr_22 = getelementptr i16 %prod, i64 0, i64 22" [matrix_mult.cpp:22]   --->   Operation 647 'getelementptr' 'prod_addr_22' <Predicate = true> <Delay = 0.00>
ST_21 : Operation 648 [1/1] (0.00ns)   --->   "%prod_addr_23 = getelementptr i16 %prod, i64 0, i64 23" [matrix_mult.cpp:22]   --->   Operation 648 'getelementptr' 'prod_addr_23' <Predicate = true> <Delay = 0.00>
ST_21 : Operation 649 [1/1] ( I:0.00ns O:0.00ns )   --->   "%store_ln22 = store i16 %add_ln22_91, i5 %prod_addr_22" [matrix_mult.cpp:22]   --->   Operation 649 'store' 'store_ln22' <Predicate = true> <Delay = 0.00> <CoreInst = "RAM">   --->   Core 81 'RAM' <Latency = 1> <II = 1> <Delay = 2.32> <Storage> <Opcode : 'load' 'store'> <Ports = 2> <Width = 16> <Depth = 25> <RAM>
ST_21 : Operation 650 [1/1] ( I:0.00ns O:0.00ns )   --->   "%store_ln22 = store i16 %add_ln22_95, i5 %prod_addr_23" [matrix_mult.cpp:22]   --->   Operation 650 'store' 'store_ln22' <Predicate = true> <Delay = 0.00> <CoreInst = "RAM">   --->   Core 81 'RAM' <Latency = 1> <II = 1> <Delay = 2.32> <Storage> <Opcode : 'load' 'store'> <Ports = 2> <Width = 16> <Depth = 25> <RAM>

State 22 <SV = 21> <Delay = 0.00>
ST_22 : Operation 651 [1/1] (0.00ns)   --->   "%prod_addr_24 = getelementptr i16 %prod, i64 0, i64 24" [matrix_mult.cpp:22]   --->   Operation 651 'getelementptr' 'prod_addr_24' <Predicate = true> <Delay = 0.00>
ST_22 : Operation 652 [1/1] (0.00ns)   --->   "%specpipeline_ln0 = specpipeline void @_ssdm_op_SpecPipeline, i32 1, i32 0, i32 0, i32 0, i32 4294967295, void @empty_0"   --->   Operation 652 'specpipeline' 'specpipeline_ln0' <Predicate = true> <Delay = 0.00>
ST_22 : Operation 653 [1/1] (0.00ns)   --->   "%spectopmodule_ln0 = spectopmodule void @_ssdm_op_SpecTopModule, void @empty_1"   --->   Operation 653 'spectopmodule' 'spectopmodule_ln0' <Predicate = true> <Delay = 0.00>
ST_22 : Operation 654 [1/1] (0.00ns)   --->   "%specinterface_ln0 = specinterface void @_ssdm_op_SpecInterface, i40 %a, void @empty, i32 0, i32 0, void @empty_0, i32 4294967295, i32 0, void @empty_0, void @empty_0, void @empty_0, i32 0, i32 0, i32 0, i32 0, void @empty_0, void @empty_0, i32 4294967295, i32 0, i32 0, i32 0"   --->   Operation 654 'specinterface' 'specinterface_ln0' <Predicate = true> <Delay = 0.00>
ST_22 : Operation 655 [1/1] (0.00ns)   --->   "%specbitsmap_ln0 = specbitsmap void @_ssdm_op_SpecBitsMap, i40 %a"   --->   Operation 655 'specbitsmap' 'specbitsmap_ln0' <Predicate = true> <Delay = 0.00>
ST_22 : Operation 656 [1/1] (0.00ns)   --->   "%specinterface_ln0 = specinterface void @_ssdm_op_SpecInterface, i40 %b, void @empty, i32 0, i32 0, void @empty_0, i32 4294967295, i32 0, void @empty_0, void @empty_0, void @empty_0, i32 0, i32 0, i32 0, i32 0, void @empty_0, void @empty_0, i32 4294967295, i32 0, i32 0, i32 0"   --->   Operation 656 'specinterface' 'specinterface_ln0' <Predicate = true> <Delay = 0.00>
ST_22 : Operation 657 [1/1] (0.00ns)   --->   "%specbitsmap_ln0 = specbitsmap void @_ssdm_op_SpecBitsMap, i40 %b"   --->   Operation 657 'specbitsmap' 'specbitsmap_ln0' <Predicate = true> <Delay = 0.00>
ST_22 : Operation 658 [1/1] (0.00ns)   --->   "%specinterface_ln0 = specinterface void @_ssdm_op_SpecInterface, i16 %prod, void @empty, i32 0, i32 0, void @empty_0, i32 4294967295, i32 0, void @empty_0, void @empty_0, void @empty_0, i32 0, i32 0, i32 0, i32 0, void @empty_0, void @empty_0, i32 4294967295, i32 0, i32 0, i32 0"   --->   Operation 658 'specinterface' 'specinterface_ln0' <Predicate = true> <Delay = 0.00>
ST_22 : Operation 659 [1/1] (0.00ns)   --->   "%specbitsmap_ln0 = specbitsmap void @_ssdm_op_SpecBitsMap, i16 %prod"   --->   Operation 659 'specbitsmap' 'specbitsmap_ln0' <Predicate = true> <Delay = 0.00>
ST_22 : Operation 660 [1/1] ( I:0.00ns O:0.00ns )   --->   "%store_ln22 = store i16 %add_ln22_99, i5 %prod_addr_24" [matrix_mult.cpp:22]   --->   Operation 660 'store' 'store_ln22' <Predicate = true> <Delay = 0.00> <CoreInst = "RAM">   --->   Core 81 'RAM' <Latency = 1> <II = 1> <Delay = 2.32> <Storage> <Opcode : 'load' 'store'> <Ports = 2> <Width = 16> <Depth = 25> <RAM>
ST_22 : Operation 661 [1/1] (0.00ns)   --->   "%ret_ln26 = ret" [matrix_mult.cpp:26]   --->   Operation 661 'ret' 'ret_ln26' <Predicate = true> <Delay = 0.00>


============================================================
+ Verbose Summary: Timing violations
============================================================
Target clock period: 10.000ns, clock uncertainty: 2.700ns.

 <State 1>: 0.000ns
The critical path consists of the following:

 <State 2>: 4.170ns
The critical path consists of the following:
	'load' operation 40 bit ('a_load', matrix_mult.cpp:22) on array 'a' [38]  (0.000 ns)
	'mul' operation 16 bit ('mul_ln22_3', matrix_mult.cpp:22) [64]  (4.170 ns)

 <State 3>: 4.170ns
The critical path consists of the following:
	'load' operation 40 bit ('b_load_2', matrix_mult.cpp:22) on array 'b' [94]  (0.000 ns)
	'mul' operation 16 bit ('mul_ln22_13', matrix_mult.cpp:22) [108]  (4.170 ns)

 <State 4>: 4.170ns
The critical path consists of the following:
	'load' operation 40 bit ('b_load_4', matrix_mult.cpp:22) on array 'b' [138]  (0.000 ns)
	'mul' operation 16 bit ('mul_ln22_23', matrix_mult.cpp:22) [152]  (4.170 ns)

 <State 5>: 4.170ns
The critical path consists of the following:
	'mul' operation 16 bit ('mul_ln22_63', matrix_mult.cpp:22) [256]  (4.170 ns)

 <State 6>: 4.170ns
The critical path consists of the following:
	'mul' operation 16 bit ('mul_ln22_83', matrix_mult.cpp:22) [308]  (4.170 ns)

 <State 7>: 6.270ns
The critical path consists of the following:
	'mul' operation 16 bit ('mul_ln22_103', matrix_mult.cpp:22) [360]  (4.170 ns)
	'add' operation 16 bit of DSP[363] ('add_ln22_81', matrix_mult.cpp:22) [363]  (2.100 ns)

 <State 8>: 6.270ns
The critical path consists of the following:
	'mul' operation 16 bit ('mul_ln22_1', matrix_mult.cpp:22) [62]  (4.170 ns)
	'add' operation 16 bit of DSP[66] ('add_ln22', matrix_mult.cpp:22) [66]  (2.100 ns)

 <State 9>: 6.270ns
The critical path consists of the following:
	'mul' operation 16 bit ('mul_ln22_16', matrix_mult.cpp:22) [128]  (4.170 ns)
	'add' operation 16 bit of DSP[132] ('add_ln22_12', matrix_mult.cpp:22) [132]  (2.100 ns)

 <State 10>: 6.270ns
The critical path consists of the following:
	'mul' operation 16 bit ('mul_ln22_36', matrix_mult.cpp:22) [192]  (4.170 ns)
	'add' operation 16 bit of DSP[196] ('add_ln22_28', matrix_mult.cpp:22) [196]  (2.100 ns)

 <State 11>: 6.270ns
The critical path consists of the following:
	'mul' operation 16 bit ('mul_ln22_56', matrix_mult.cpp:22) [244]  (4.170 ns)
	'add' operation 16 bit of DSP[248] ('add_ln22_44', matrix_mult.cpp:22) [248]  (2.100 ns)

 <State 12>: 6.270ns
The critical path consists of the following:
	'mul' operation 16 bit ('mul_ln22_76', matrix_mult.cpp:22) [296]  (4.170 ns)
	'add' operation 16 bit of DSP[300] ('add_ln22_60', matrix_mult.cpp:22) [300]  (2.100 ns)

 <State 13>: 6.270ns
The critical path consists of the following:
	'mul' operation 16 bit ('mul_ln22_96', matrix_mult.cpp:22) [336]  (4.170 ns)
	'add' operation 16 bit of DSP[340] ('add_ln22_76', matrix_mult.cpp:22) [340]  (2.100 ns)

 <State 14>: 6.270ns
The critical path consists of the following:
	'mul' operation 16 bit ('mul_ln22_116', matrix_mult.cpp:22) [388]  (4.170 ns)
	'add' operation 16 bit of DSP[392] ('add_ln22_92', matrix_mult.cpp:22) [392]  (2.100 ns)

 <State 15>: 4.177ns
The critical path consists of the following:
	'add' operation 16 bit of DSP[240] ('add_ln22_42', matrix_mult.cpp:22) [240]  (2.100 ns)
	'add' operation 16 bit ('add_ln22_43', matrix_mult.cpp:22) [241]  (2.077 ns)

 <State 16>: 4.177ns
The critical path consists of the following:
	'add' operation 16 bit of DSP[280] ('add_ln22_58', matrix_mult.cpp:22) [280]  (2.100 ns)
	'add' operation 16 bit ('add_ln22_59', matrix_mult.cpp:22) [281]  (2.077 ns)

 <State 17>: 4.177ns
The critical path consists of the following:
	'add' operation 16 bit of DSP[364] ('add_ln22_82', matrix_mult.cpp:22) [364]  (2.100 ns)
	'add' operation 16 bit ('add_ln22_83', matrix_mult.cpp:22) [365]  (2.077 ns)

 <State 18>: 0.000ns
The critical path consists of the following:

 <State 19>: 0.000ns
The critical path consists of the following:

 <State 20>: 0.000ns
The critical path consists of the following:

 <State 21>: 0.000ns
The critical path consists of the following:

 <State 22>: 0.000ns
The critical path consists of the following:


============================================================
+ Verbose Summary: Binding
============================================================
N/A
* FSMD analyzer results:
  - Output states:
 - Input state : 
  - Chain level:
	State 1
	State 2
	State 3
	State 4
	State 5
	State 6
	State 7
	State 8
	State 9
	State 10
	State 11
	State 12
	State 13
	State 14
	State 15
	State 16
	State 17
	State 18
	State 19
	State 20
	State 21
	State 22


============================================================
+ Verbose Summary: Datapath Resource usage 
============================================================
N/A
