

================================================================
== Vitis HLS Report for 'matrix_mult'
================================================================
* Date:           Tue May 26 23:58:47 2026

* Version:        2025.2 (Build 6295257 on Nov 14 2025)
* Project:        matrix_mult_automation_prj
* Solution:       Solution5 (Vivado IP Flow Target)
* Product family: zynq
* Target device:  xc7z010-clg400-1


================================================================
== Performance Estimates
================================================================
+ Timing: 
    * Summary: 
    +--------+----------+----------+------------+
    |  Clock |  Target  | Estimated| Uncertainty|
    +--------+----------+----------+------------+
    |ap_clk  |  10.00 ns|  6.270 ns|     2.70 ns|
    +--------+----------+----------+------------+

+ Latency: 
    * Summary: 
    +---------+---------+----------+----------+-----+-----+---------+
    |  Latency (cycles) |  Latency (absolute) |  Interval | Pipeline|
    |   min   |   max   |    min   |    max   | min | max |   Type  |
    +---------+---------+----------+----------+-----+-----+---------+
    |       21|       21|  0.210 us|  0.210 us|   13|   13|      yes|
    +---------+---------+----------+----------+-----+-----+---------+

    + Detail: 
        * Instance: 
        N/A

        * Loop: 
        N/A

============================================================
+ Verbose Summary: Synthesis Manager
============================================================
InlineROM: 1
ExposeGlobal: 0
============================================================
+ Verbose Summary: CDFG Model
============================================================
IsTopModel: 1
ResetActiveHigh: 1
IsCombinational: 0
IsDatapathOnly: 0
HasWiredReturn: 1
HasMFsm: 2
HasVarLatency: 0
IsPipeline: 1
IsRtlPipelined: 1
IsInstanceOverlapped: 0
IsDontTouch: 0
HasImplIP: 0
IsGatedGlobalClock: 0

+ Individual pipeline summary: 
  * Pipeline-0: initiation interval (II) = 13, depth = 22


============================================================
+ Verbose Summary: Schedule
============================================================
* Number of FSM states : 22
* Pipeline : 1
  Pipeline-0 : II = 13, D = 22, States = { 1 2 3 4 5 6 7 8 9 10 11 12 13 14 15 16 17 18 19 20 21 22 }
* Dataflow Pipeline: 0

* FSM state transitions: 
1 --> 2 
2 --> 3 
3 --> 4 
4 --> 5 
5 --> 6 
6 --> 7 
7 --> 8 
8 --> 9 
9 --> 10 
10 --> 11 
11 --> 12 
12 --> 13 
13 --> 14 
14 --> 15 
15 --> 16 
16 --> 17 
17 --> 18 
18 --> 19 
19 --> 20 
20 --> 21 
21 --> 22 
22 --> 

* FSM state operations: 

State 1 <SV = 0> <Delay = 0.00>
ST_1 : Operation 23 [1/1] (0.00ns)   --->   "%a_addr = getelementptr i40 %a, i64 0, i64 0" [matrix_mult.cpp:22]   --->   Operation 23 'getelementptr' 'a_addr' <Predicate = true> <Delay = 0.00>
ST_1 : Operation 24 [2/2] (0.00ns)   --->   "%a_load = load i3 %a_addr" [matrix_mult.cpp:22]   --->   Operation 24 'load' 'a_load' <Predicate = true> <Delay = 0.00> <CoreInst = "RAM">   --->   Core 81 'RAM' <Latency = 1> <II = 1> <Delay = 2.32> <Storage> <Opcode : 'load' 'store'> <Ports = 2> <Width = 40> <Depth = 5> <RAM>
ST_1 : Operation 25 [1/1] (0.00ns)   --->   "%b_addr = getelementptr i40 %b, i64 0, i64 0" [matrix_mult.cpp:22]   --->   Operation 25 'getelementptr' 'b_addr' <Predicate = true> <Delay = 0.00>
ST_1 : Operation 26 [2/2] (0.00ns)   --->   "%b_load = load i3 %b_addr" [matrix_mult.cpp:22]   --->   Operation 26 'load' 'b_load' <Predicate = true> <Delay = 0.00> <CoreInst = "RAM">   --->   Core 81 'RAM' <Latency = 1> <II = 1> <Delay = 2.32> <Storage> <Opcode : 'load' 'store'> <Ports = 2> <Width = 40> <Depth = 5> <RAM>
ST_1 : Operation 27 [1/1] (0.00ns)   --->   "%b_addr_1 = getelementptr i40 %b, i64 0, i64 1" [matrix_mult.cpp:22]   --->   Operation 27 'getelementptr' 'b_addr_1' <Predicate = true> <Delay = 0.00>
ST_1 : Operation 28 [2/2] (0.00ns)   --->   "%b_load_1 = load i3 %b_addr_1" [matrix_mult.cpp:22]   --->   Operation 28 'load' 'b_load_1' <Predicate = true> <Delay = 0.00> <CoreInst = "RAM">   --->   Core 81 'RAM' <Latency = 1> <II = 1> <Delay = 2.32> <Storage> <Opcode : 'load' 'store'> <Ports = 2> <Width = 40> <Depth = 5> <RAM>
ST_1 : Operation 29 [1/1] (0.00ns)   --->   "%a_addr_1 = getelementptr i40 %a, i64 0, i64 1" [matrix_mult.cpp:22]   --->   Operation 29 'getelementptr' 'a_addr_1' <Predicate = true> <Delay = 0.00>
ST_1 : Operation 30 [2/2] (0.00ns)   --->   "%a_load_1 = load i3 %a_addr_1" [matrix_mult.cpp:22]   --->   Operation 30 'load' 'a_load_1' <Predicate = true> <Delay = 0.00> <CoreInst = "RAM">   --->   Core 81 'RAM' <Latency = 1> <II = 1> <Delay = 2.32> <Storage> <Opcode : 'load' 'store'> <Ports = 2> <Width = 40> <Depth = 5> <RAM>

State 2 <SV = 1> <Delay = 4.17>
ST_2 : Operation 31 [1/2] ( I:0.00ns O:0.00ns )   --->   "%a_load = load i3 %a_addr" [matrix_mult.cpp:22]   --->   Operation 31 'load' 'a_load' <Predicate = true> <Delay = 0.00> <CoreInst = "RAM">   --->   Core 81 'RAM' <Latency = 1> <II = 1> <Delay = 2.32> <Storage> <Opcode : 'load' 'store'> <Ports = 2> <Width = 40> <Depth = 5> <RAM>
ST_2 : Operation 32 [1/1] (0.00ns)   --->   "%trunc_ln22 = trunc i40 %a_load" [matrix_mult.cpp:22]   --->   Operation 32 'trunc' 'trunc_ln22' <Predicate = true> <Delay = 0.00>
ST_2 : Operation 33 [1/2] ( I:0.00ns O:0.00ns )   --->   "%b_load = load i3 %b_addr" [matrix_mult.cpp:22]   --->   Operation 33 'load' 'b_load' <Predicate = true> <Delay = 0.00> <CoreInst = "RAM">   --->   Core 81 'RAM' <Latency = 1> <II = 1> <Delay = 2.32> <Storage> <Opcode : 'load' 'store'> <Ports = 2> <Width = 40> <Depth = 5> <RAM>
ST_2 : Operation 34 [1/1] (0.00ns)   --->   "%trunc_ln22_1 = trunc i40 %b_load" [matrix_mult.cpp:22]   --->   Operation 34 'trunc' 'trunc_ln22_1' <Predicate = true> <Delay = 0.00>
ST_2 : Operation 35 [1/1] (0.00ns)   --->   "%tmp = partselect i8 @_ssdm_op_PartSelect.i8.i40.i40, i40 %a_load, i40 8" [matrix_mult.cpp:22]   --->   Operation 35 'partselect' 'tmp' <Predicate = true> <Delay = 0.00>
ST_2 : Operation 36 [1/1] (0.00ns)   --->   "%tmp_1 = partselect i8 @_ssdm_op_PartSelect.i8.i40.i40, i40 %b_load, i40 8" [matrix_mult.cpp:22]   --->   Operation 36 'partselect' 'tmp_1' <Predicate = true> <Delay = 0.00>
ST_2 : Operation 37 [1/1] (0.00ns)   --->   "%tmp_2 = partselect i8 @_ssdm_op_PartSelect.i8.i40.i40, i40 %a_load, i40 16" [matrix_mult.cpp:22]   --->   Operation 37 'partselect' 'tmp_2' <Predicate = true> <Delay = 0.00>
ST_2 : Operation 38 [1/1] (0.00ns)   --->   "%tmp_3 = partselect i8 @_ssdm_op_PartSelect.i8.i40.i40, i40 %b_load, i40 16" [matrix_mult.cpp:22]   --->   Operation 38 'partselect' 'tmp_3' <Predicate = true> <Delay = 0.00>
ST_2 : Operation 39 [1/1] (0.00ns)   --->   "%tmp_4 = partselect i8 @_ssdm_op_PartSelect.i8.i40.i40, i40 %a_load, i40 24" [matrix_mult.cpp:22]   --->   Operation 39 'partselect' 'tmp_4' <Predicate = true> <Delay = 0.00>
ST_2 : Operation 40 [1/1] (0.00ns)   --->   "%zext_ln22_6 = zext i8 %tmp_4" [matrix_mult.cpp:22]   --->   Operation 40 'zext' 'zext_ln22_6' <Predicate = true> <Delay = 0.00>
ST_2 : Operation 41 [1/1] (0.00ns)   --->   "%tmp_5 = partselect i8 @_ssdm_op_PartSelect.i8.i40.i40, i40 %b_load, i40 24" [matrix_mult.cpp:22]   --->   Operation 41 'partselect' 'tmp_5' <Predicate = true> <Delay = 0.00>
ST_2 : Operation 42 [1/1] (0.00ns)   --->   "%zext_ln22_7 = zext i8 %tmp_5" [matrix_mult.cpp:22]   --->   Operation 42 'zext' 'zext_ln22_7' <Predicate = true> <Delay = 0.00>
ST_2 : Operation 43 [1/1] (0.00ns)   --->   "%tmp_6 = partselect i8 @_ssdm_op_PartSelect.i8.i40.i40, i40 %a_load, i40 32" [matrix_mult.cpp:22]   --->   Operation 43 'partselect' 'tmp_6' <Predicate = true> <Delay = 0.00>
ST_2 : Operation 44 [1/1] (0.00ns)   --->   "%zext_ln22_8 = zext i8 %tmp_6" [matrix_mult.cpp:22]   --->   Operation 44 'zext' 'zext_ln22_8' <Predicate = true> <Delay = 0.00>
ST_2 : Operation 45 [1/1] (0.00ns)   --->   "%tmp_7 = partselect i8 @_ssdm_op_PartSelect.i8.i40.i40, i40 %b_load, i40 32" [matrix_mult.cpp:22]   --->   Operation 45 'partselect' 'tmp_7' <Predicate = true> <Delay = 0.00>
ST_2 : Operation 46 [1/1] (0.00ns)   --->   "%zext_ln22_9 = zext i8 %tmp_7" [matrix_mult.cpp:22]   --->   Operation 46 'zext' 'zext_ln22_9' <Predicate = true> <Delay = 0.00>
ST_2 : Operation 47 [3/3] (1.05ns) (grouped into DSP with root node add_ln22_1)   --->   "%mul_ln22_2 = mul i16 %zext_ln22_9, i16 %zext_ln22_8" [matrix_mult.cpp:22]   --->   Operation 47 'mul' 'mul_ln22_2' <Predicate = true> <Delay = 1.05> <CoreInst = "DSP48">   --->   Core 116 'DSP48' <Latency = 3> <II = 1> <Delay = 2.15> <IPBlock> <Opcode : 'add' 'sub' 'mul' 'select'> <InPorts = 0> <OutPorts = 1> <Sync> <CReg>
ST_2 : Operation 48 [1/1] (4.17ns)   --->   "%mul_ln22_3 = mul i16 %zext_ln22_7, i16 %zext_ln22_6" [matrix_mult.cpp:22]   --->   Operation 48 'mul' 'mul_ln22_3' <Predicate = true> <Delay = 4.17> <CoreInst = "Multiplier">   --->   Core 3 'Multiplier' <Latency = 0> <II = 1> <Delay = 4.17> <FuncUnit> <Opcode : 'mul'> <InPorts = 2> <OutPorts = 1>
ST_2 : Operation 49 [1/2] ( I:0.00ns O:0.00ns )   --->   "%b_load_1 = load i3 %b_addr_1" [matrix_mult.cpp:22]   --->   Operation 49 'load' 'b_load_1' <Predicate = true> <Delay = 0.00> <CoreInst = "RAM">   --->   Core 81 'RAM' <Latency = 1> <II = 1> <Delay = 2.32> <Storage> <Opcode : 'load' 'store'> <Ports = 2> <Width = 40> <Depth = 5> <RAM>
ST_2 : Operation 50 [1/1] (0.00ns)   --->   "%trunc_ln22_2 = trunc i40 %b_load_1" [matrix_mult.cpp:22]   --->   Operation 50 'trunc' 'trunc_ln22_2' <Predicate = true> <Delay = 0.00>
ST_2 : Operation 51 [1/1] (0.00ns)   --->   "%tmp_8 = partselect i8 @_ssdm_op_PartSelect.i8.i40.i40, i40 %b_load_1, i40 8" [matrix_mult.cpp:22]   --->   Operation 51 'partselect' 'tmp_8' <Predicate = true> <Delay = 0.00>
ST_2 : Operation 52 [1/1] (0.00ns)   --->   "%tmp_9 = partselect i8 @_ssdm_op_PartSelect.i8.i40.i40, i40 %b_load_1, i40 16" [matrix_mult.cpp:22]   --->   Operation 52 'partselect' 'tmp_9' <Predicate = true> <Delay = 0.00>
ST_2 : Operation 53 [1/1] (0.00ns)   --->   "%tmp_s = partselect i8 @_ssdm_op_PartSelect.i8.i40.i40, i40 %b_load_1, i40 24" [matrix_mult.cpp:22]   --->   Operation 53 'partselect' 'tmp_s' <Predicate = true> <Delay = 0.00>
ST_2 : Operation 54 [1/1] (0.00ns)   --->   "%zext_ln22_13 = zext i8 %tmp_s" [matrix_mult.cpp:22]   --->   Operation 54 'zext' 'zext_ln22_13' <Predicate = true> <Delay = 0.00>
ST_2 : Operation 55 [1/1] (0.00ns)   --->   "%tmp_10 = partselect i8 @_ssdm_op_PartSelect.i8.i40.i40, i40 %b_load_1, i40 32" [matrix_mult.cpp:22]   --->   Operation 55 'partselect' 'tmp_10' <Predicate = true> <Delay = 0.00>
ST_2 : Operation 56 [1/1] (0.00ns)   --->   "%zext_ln22_14 = zext i8 %tmp_10" [matrix_mult.cpp:22]   --->   Operation 56 'zext' 'zext_ln22_14' <Predicate = true> <Delay = 0.00>
ST_2 : Operation 57 [3/3] (1.05ns) (grouped into DSP with root node add_ln22_5)   --->   "%mul_ln22_7 = mul i16 %zext_ln22_14, i16 %zext_ln22_8" [matrix_mult.cpp:22]   --->   Operation 57 'mul' 'mul_ln22_7' <Predicate = true> <Delay = 1.05> <CoreInst = "DSP48">   --->   Core 116 'DSP48' <Latency = 3> <II = 1> <Delay = 2.15> <IPBlock> <Opcode : 'add' 'sub' 'mul' 'select'> <InPorts = 0> <OutPorts = 1> <Sync> <CReg>
ST_2 : Operation 58 [1/1] (4.17ns)   --->   "%mul_ln22_8 = mul i16 %zext_ln22_13, i16 %zext_ln22_6" [matrix_mult.cpp:22]   --->   Operation 58 'mul' 'mul_ln22_8' <Predicate = true> <Delay = 4.17> <CoreInst = "Multiplier">   --->   Core 3 'Multiplier' <Latency = 0> <II = 1> <Delay = 4.17> <FuncUnit> <Opcode : 'mul'> <InPorts = 2> <OutPorts = 1>
ST_2 : Operation 59 [1/1] (0.00ns)   --->   "%b_addr_2 = getelementptr i40 %b, i64 0, i64 2" [matrix_mult.cpp:22]   --->   Operation 59 'getelementptr' 'b_addr_2' <Predicate = true> <Delay = 0.00>
ST_2 : Operation 60 [2/2] (0.00ns)   --->   "%b_load_2 = load i3 %b_addr_2" [matrix_mult.cpp:22]   --->   Operation 60 'load' 'b_load_2' <Predicate = true> <Delay = 0.00> <CoreInst = "RAM">   --->   Core 81 'RAM' <Latency = 1> <II = 1> <Delay = 2.32> <Storage> <Opcode : 'load' 'store'> <Ports = 2> <Width = 40> <Depth = 5> <RAM>
ST_2 : Operation 61 [1/1] (0.00ns)   --->   "%b_addr_3 = getelementptr i40 %b, i64 0, i64 3" [matrix_mult.cpp:22]   --->   Operation 61 'getelementptr' 'b_addr_3' <Predicate = true> <Delay = 0.00>
ST_2 : Operation 62 [2/2] (0.00ns)   --->   "%b_load_3 = load i3 %b_addr_3" [matrix_mult.cpp:22]   --->   Operation 62 'load' 'b_load_3' <Predicate = true> <Delay = 0.00> <CoreInst = "RAM">   --->   Core 81 'RAM' <Latency = 1> <II = 1> <Delay = 2.32> <Storage> <Opcode : 'load' 'store'> <Ports = 2> <Width = 40> <Depth = 5> <RAM>
ST_2 : Operation 63 [1/2] ( I:0.00ns O:0.00ns )   --->   "%a_load_1 = load i3 %a_addr_1" [matrix_mult.cpp:22]   --->   Operation 63 'load' 'a_load_1' <Predicate = true> <Delay = 0.00> <CoreInst = "RAM">   --->   Core 81 'RAM' <Latency = 1> <II = 1> <Delay = 2.32> <Storage> <Opcode : 'load' 'store'> <Ports = 2> <Width = 40> <Depth = 5> <RAM>
ST_2 : Operation 64 [1/1] (0.00ns)   --->   "%trunc_ln22_6 = trunc i40 %a_load_1" [matrix_mult.cpp:22]   --->   Operation 64 'trunc' 'trunc_ln22_6' <Predicate = true> <Delay = 0.00>
ST_2 : Operation 65 [1/1] (0.00ns)   --->   "%tmp_23 = partselect i8 @_ssdm_op_PartSelect.i8.i40.i40, i40 %a_load_1, i40 8" [matrix_mult.cpp:22]   --->   Operation 65 'partselect' 'tmp_23' <Predicate = true> <Delay = 0.00>
ST_2 : Operation 66 [1/1] (0.00ns)   --->   "%tmp_24 = partselect i8 @_ssdm_op_PartSelect.i8.i40.i40, i40 %a_load_1, i40 16" [matrix_mult.cpp:22]   --->   Operation 66 'partselect' 'tmp_24' <Predicate = true> <Delay = 0.00>
ST_2 : Operation 67 [1/1] (0.00ns)   --->   "%tmp_25 = partselect i8 @_ssdm_op_PartSelect.i8.i40.i40, i40 %a_load_1, i40 24" [matrix_mult.cpp:22]   --->   Operation 67 'partselect' 'tmp_25' <Predicate = true> <Delay = 0.00>
ST_2 : Operation 68 [1/1] (0.00ns)   --->   "%zext_ln22_33 = zext i8 %tmp_25" [matrix_mult.cpp:22]   --->   Operation 68 'zext' 'zext_ln22_33' <Predicate = true> <Delay = 0.00>
ST_2 : Operation 69 [1/1] (0.00ns)   --->   "%tmp_26 = partselect i8 @_ssdm_op_PartSelect.i8.i40.i40, i40 %a_load_1, i40 32" [matrix_mult.cpp:22]   --->   Operation 69 'partselect' 'tmp_26' <Predicate = true> <Delay = 0.00>
ST_2 : Operation 70 [1/1] (0.00ns)   --->   "%zext_ln22_34 = zext i8 %tmp_26" [matrix_mult.cpp:22]   --->   Operation 70 'zext' 'zext_ln22_34' <Predicate = true> <Delay = 0.00>
ST_2 : Operation 71 [3/3] (1.05ns) (grouped into DSP with root node add_ln22_21)   --->   "%mul_ln22_27 = mul i16 %zext_ln22_34, i16 %zext_ln22_9" [matrix_mult.cpp:22]   --->   Operation 71 'mul' 'mul_ln22_27' <Predicate = true> <Delay = 1.05> <CoreInst = "DSP48">   --->   Core 116 'DSP48' <Latency = 3> <II = 1> <Delay = 2.15> <IPBlock> <Opcode : 'add' 'sub' 'mul' 'select'> <InPorts = 0> <OutPorts = 1> <Sync> <CReg>
ST_2 : Operation 72 [1/1] (4.17ns)   --->   "%mul_ln22_28 = mul i16 %zext_ln22_33, i16 %zext_ln22_7" [matrix_mult.cpp:22]   --->   Operation 72 'mul' 'mul_ln22_28' <Predicate = true> <Delay = 4.17> <CoreInst = "Multiplier">   --->   Core 3 'Multiplier' <Latency = 0> <II = 1> <Delay = 4.17> <FuncUnit> <Opcode : 'mul'> <InPorts = 2> <OutPorts = 1>
ST_2 : Operation 73 [3/3] (1.05ns) (grouped into DSP with root node add_ln22_25)   --->   "%mul_ln22_32 = mul i16 %zext_ln22_34, i16 %zext_ln22_14" [matrix_mult.cpp:22]   --->   Operation 73 'mul' 'mul_ln22_32' <Predicate = true> <Delay = 1.05> <CoreInst = "DSP48">   --->   Core 116 'DSP48' <Latency = 3> <II = 1> <Delay = 2.15> <IPBlock> <Opcode : 'add' 'sub' 'mul' 'select'> <InPorts = 0> <OutPorts = 1> <Sync> <CReg>
ST_2 : Operation 74 [1/1] (4.17ns)   --->   "%mul_ln22_33 = mul i16 %zext_ln22_33, i16 %zext_ln22_13" [matrix_mult.cpp:22]   --->   Operation 74 'mul' 'mul_ln22_33' <Predicate = true> <Delay = 4.17> <CoreInst = "Multiplier">   --->   Core 3 'Multiplier' <Latency = 0> <II = 1> <Delay = 4.17> <FuncUnit> <Opcode : 'mul'> <InPorts = 2> <OutPorts = 1>
ST_2 : Operation 75 [1/1] (0.00ns)   --->   "%a_addr_2 = getelementptr i40 %a, i64 0, i64 2" [matrix_mult.cpp:22]   --->   Operation 75 'getelementptr' 'a_addr_2' <Predicate = true> <Delay = 0.00>
ST_2 : Operation 76 [2/2] (0.00ns)   --->   "%a_load_2 = load i3 %a_addr_2" [matrix_mult.cpp:22]   --->   Operation 76 'load' 'a_load_2' <Predicate = true> <Delay = 0.00> <CoreInst = "RAM">   --->   Core 81 'RAM' <Latency = 1> <II = 1> <Delay = 2.32> <Storage> <Opcode : 'load' 'store'> <Ports = 2> <Width = 40> <Depth = 5> <RAM>
ST_2 : Operation 77 [1/1] (0.00ns)   --->   "%a_addr_3 = getelementptr i40 %a, i64 0, i64 3" [matrix_mult.cpp:22]   --->   Operation 77 'getelementptr' 'a_addr_3' <Predicate = true> <Delay = 0.00>
ST_2 : Operation 78 [2/2] (0.00ns)   --->   "%a_load_3 = load i3 %a_addr_3" [matrix_mult.cpp:22]   --->   Operation 78 'load' 'a_load_3' <Predicate = true> <Delay = 0.00> <CoreInst = "RAM">   --->   Core 81 'RAM' <Latency = 1> <II = 1> <Delay = 2.32> <Storage> <Opcode : 'load' 'store'> <Ports = 2> <Width = 40> <Depth = 5> <RAM>

State 3 <SV = 2> <Delay = 4.17>
ST_3 : Operation 79 [2/3] (1.05ns) (grouped into DSP with root node add_ln22_1)   --->   "%mul_ln22_2 = mul i16 %zext_ln22_9, i16 %zext_ln22_8" [matrix_mult.cpp:22]   --->   Operation 79 'mul' 'mul_ln22_2' <Predicate = true> <Delay = 1.05> <CoreInst = "DSP48">   --->   Core 116 'DSP48' <Latency = 3> <II = 1> <Delay = 2.15> <IPBlock> <Opcode : 'add' 'sub' 'mul' 'select'> <InPorts = 0> <OutPorts = 1> <Sync> <CReg>
ST_3 : Operation 80 [2/3] (1.05ns) (grouped into DSP with root node add_ln22_5)   --->   "%mul_ln22_7 = mul i16 %zext_ln22_14, i16 %zext_ln22_8" [matrix_mult.cpp:22]   --->   Operation 80 'mul' 'mul_ln22_7' <Predicate = true> <Delay = 1.05> <CoreInst = "DSP48">   --->   Core 116 'DSP48' <Latency = 3> <II = 1> <Delay = 2.15> <IPBlock> <Opcode : 'add' 'sub' 'mul' 'select'> <InPorts = 0> <OutPorts = 1> <Sync> <CReg>
ST_3 : Operation 81 [1/2] ( I:0.00ns O:0.00ns )   --->   "%b_load_2 = load i3 %b_addr_2" [matrix_mult.cpp:22]   --->   Operation 81 'load' 'b_load_2' <Predicate = true> <Delay = 0.00> <CoreInst = "RAM">   --->   Core 81 'RAM' <Latency = 1> <II = 1> <Delay = 2.32> <Storage> <Opcode : 'load' 'store'> <Ports = 2> <Width = 40> <Depth = 5> <RAM>
ST_3 : Operation 82 [1/1] (0.00ns)   --->   "%trunc_ln22_3 = trunc i40 %b_load_2" [matrix_mult.cpp:22]   --->   Operation 82 'trunc' 'trunc_ln22_3' <Predicate = true> <Delay = 0.00>
ST_3 : Operation 83 [1/1] (0.00ns)   --->   "%tmp_11 = partselect i8 @_ssdm_op_PartSelect.i8.i40.i40, i40 %b_load_2, i40 8" [matrix_mult.cpp:22]   --->   Operation 83 'partselect' 'tmp_11' <Predicate = true> <Delay = 0.00>
ST_3 : Operation 84 [1/1] (0.00ns)   --->   "%tmp_12 = partselect i8 @_ssdm_op_PartSelect.i8.i40.i40, i40 %b_load_2, i40 16" [matrix_mult.cpp:22]   --->   Operation 84 'partselect' 'tmp_12' <Predicate = true> <Delay = 0.00>
ST_3 : Operation 85 [1/1] (0.00ns)   --->   "%tmp_13 = partselect i8 @_ssdm_op_PartSelect.i8.i40.i40, i40 %b_load_2, i40 24" [matrix_mult.cpp:22]   --->   Operation 85 'partselect' 'tmp_13' <Predicate = true> <Delay = 0.00>
ST_3 : Operation 86 [1/1] (0.00ns)   --->   "%zext_ln22_18 = zext i8 %tmp_13" [matrix_mult.cpp:22]   --->   Operation 86 'zext' 'zext_ln22_18' <Predicate = true> <Delay = 0.00>
ST_3 : Operation 87 [1/1] (0.00ns)   --->   "%tmp_14 = partselect i8 @_ssdm_op_PartSelect.i8.i40.i40, i40 %b_load_2, i40 32" [matrix_mult.cpp:22]   --->   Operation 87 'partselect' 'tmp_14' <Predicate = true> <Delay = 0.00>
ST_3 : Operation 88 [1/1] (0.00ns)   --->   "%zext_ln22_19 = zext i8 %tmp_14" [matrix_mult.cpp:22]   --->   Operation 88 'zext' 'zext_ln22_19' <Predicate = true> <Delay = 0.00>
ST_3 : Operation 89 [3/3] (1.05ns) (grouped into DSP with root node add_ln22_9)   --->   "%mul_ln22_12 = mul i16 %zext_ln22_19, i16 %zext_ln22_8" [matrix_mult.cpp:22]   --->   Operation 89 'mul' 'mul_ln22_12' <Predicate = true> <Delay = 1.05> <CoreInst = "DSP48">   --->   Core 116 'DSP48' <Latency = 3> <II = 1> <Delay = 2.15> <IPBlock> <Opcode : 'add' 'sub' 'mul' 'select'> <InPorts = 0> <OutPorts = 1> <Sync> <CReg>
ST_3 : Operation 90 [1/1] (4.17ns)   --->   "%mul_ln22_13 = mul i16 %zext_ln22_18, i16 %zext_ln22_6" [matrix_mult.cpp:22]   --->   Operation 90 'mul' 'mul_ln22_13' <Predicate = true> <Delay = 4.17> <CoreInst = "Multiplier">   --->   Core 3 'Multiplier' <Latency = 0> <II = 1> <Delay = 4.17> <FuncUnit> <Opcode : 'mul'> <InPorts = 2> <OutPorts = 1>
ST_3 : Operation 91 [1/2] ( I:0.00ns O:0.00ns )   --->   "%b_load_3 = load i3 %b_addr_3" [matrix_mult.cpp:22]   --->   Operation 91 'load' 'b_load_3' <Predicate = true> <Delay = 0.00> <CoreInst = "RAM">   --->   Core 81 'RAM' <Latency = 1> <II = 1> <Delay = 2.32> <Storage> <Opcode : 'load' 'store'> <Ports = 2> <Width = 40> <Depth = 5> <RAM>
ST_3 : Operation 92 [1/1] (0.00ns)   --->   "%trunc_ln22_4 = trunc i40 %b_load_3" [matrix_mult.cpp:22]   --->   Operation 92 'trunc' 'trunc_ln22_4' <Predicate = true> <Delay = 0.00>
ST_3 : Operation 93 [1/1] (0.00ns)   --->   "%tmp_15 = partselect i8 @_ssdm_op_PartSelect.i8.i40.i40, i40 %b_load_3, i40 8" [matrix_mult.cpp:22]   --->   Operation 93 'partselect' 'tmp_15' <Predicate = true> <Delay = 0.00>
ST_3 : Operation 94 [1/1] (0.00ns)   --->   "%tmp_16 = partselect i8 @_ssdm_op_PartSelect.i8.i40.i40, i40 %b_load_3, i40 16" [matrix_mult.cpp:22]   --->   Operation 94 'partselect' 'tmp_16' <Predicate = true> <Delay = 0.00>
ST_3 : Operation 95 [1/1] (0.00ns)   --->   "%tmp_17 = partselect i8 @_ssdm_op_PartSelect.i8.i40.i40, i40 %b_load_3, i40 24" [matrix_mult.cpp:22]   --->   Operation 95 'partselect' 'tmp_17' <Predicate = true> <Delay = 0.00>
ST_3 : Operation 96 [1/1] (0.00ns)   --->   "%zext_ln22_23 = zext i8 %tmp_17" [matrix_mult.cpp:22]   --->   Operation 96 'zext' 'zext_ln22_23' <Predicate = true> <Delay = 0.00>
ST_3 : Operation 97 [1/1] (0.00ns)   --->   "%tmp_18 = partselect i8 @_ssdm_op_PartSelect.i8.i40.i40, i40 %b_load_3, i40 32" [matrix_mult.cpp:22]   --->   Operation 97 'partselect' 'tmp_18' <Predicate = true> <Delay = 0.00>
ST_3 : Operation 98 [1/1] (0.00ns)   --->   "%zext_ln22_24 = zext i8 %tmp_18" [matrix_mult.cpp:22]   --->   Operation 98 'zext' 'zext_ln22_24' <Predicate = true> <Delay = 0.00>
ST_3 : Operation 99 [3/3] (1.05ns) (grouped into DSP with root node add_ln22_13)   --->   "%mul_ln22_17 = mul i16 %zext_ln22_24, i16 %zext_ln22_8" [matrix_mult.cpp:22]   --->   Operation 99 'mul' 'mul_ln22_17' <Predicate = true> <Delay = 1.05> <CoreInst = "DSP48">   --->   Core 116 'DSP48' <Latency = 3> <II = 1> <Delay = 2.15> <IPBlock> <Opcode : 'add' 'sub' 'mul' 'select'> <InPorts = 0> <OutPorts = 1> <Sync> <CReg>
ST_3 : Operation 100 [1/1] (4.17ns)   --->   "%mul_ln22_18 = mul i16 %zext_ln22_23, i16 %zext_ln22_6" [matrix_mult.cpp:22]   --->   Operation 100 'mul' 'mul_ln22_18' <Predicate = true> <Delay = 4.17> <CoreInst = "Multiplier">   --->   Core 3 'Multiplier' <Latency = 0> <II = 1> <Delay = 4.17> <FuncUnit> <Opcode : 'mul'> <InPorts = 2> <OutPorts = 1>
ST_3 : Operation 101 [1/1] (0.00ns)   --->   "%b_addr_4 = getelementptr i40 %b, i64 0, i64 4" [matrix_mult.cpp:22]   --->   Operation 101 'getelementptr' 'b_addr_4' <Predicate = true> <Delay = 0.00>
ST_3 : Operation 102 [2/2] (0.00ns)   --->   "%b_load_4 = load i3 %b_addr_4" [matrix_mult.cpp:22]   --->   Operation 102 'load' 'b_load_4' <Predicate = true> <Delay = 0.00> <CoreInst = "RAM">   --->   Core 81 'RAM' <Latency = 1> <II = 1> <Delay = 2.32> <Storage> <Opcode : 'load' 'store'> <Ports = 2> <Width = 40> <Depth = 5> <RAM>
ST_3 : Operation 103 [2/3] (1.05ns) (grouped into DSP with root node add_ln22_21)   --->   "%mul_ln22_27 = mul i16 %zext_ln22_34, i16 %zext_ln22_9" [matrix_mult.cpp:22]   --->   Operation 103 'mul' 'mul_ln22_27' <Predicate = true> <Delay = 1.05> <CoreInst = "DSP48">   --->   Core 116 'DSP48' <Latency = 3> <II = 1> <Delay = 2.15> <IPBlock> <Opcode : 'add' 'sub' 'mul' 'select'> <InPorts = 0> <OutPorts = 1> <Sync> <CReg>
ST_3 : Operation 104 [2/3] (1.05ns) (grouped into DSP with root node add_ln22_25)   --->   "%mul_ln22_32 = mul i16 %zext_ln22_34, i16 %zext_ln22_14" [matrix_mult.cpp:22]   --->   Operation 104 'mul' 'mul_ln22_32' <Predicate = true> <Delay = 1.05> <CoreInst = "DSP48">   --->   Core 116 'DSP48' <Latency = 3> <II = 1> <Delay = 2.15> <IPBlock> <Opcode : 'add' 'sub' 'mul' 'select'> <InPorts = 0> <OutPorts = 1> <Sync> <CReg>
ST_3 : Operation 105 [3/3] (1.05ns) (grouped into DSP with root node add_ln22_29)   --->   "%mul_ln22_37 = mul i16 %zext_ln22_34, i16 %zext_ln22_19" [matrix_mult.cpp:22]   --->   Operation 105 'mul' 'mul_ln22_37' <Predicate = true> <Delay = 1.05> <CoreInst = "DSP48">   --->   Core 116 'DSP48' <Latency = 3> <II = 1> <Delay = 2.15> <IPBlock> <Opcode : 'add' 'sub' 'mul' 'select'> <InPorts = 0> <OutPorts = 1> <Sync> <CReg>
ST_3 : Operation 106 [1/1] (4.17ns)   --->   "%mul_ln22_38 = mul i16 %zext_ln22_33, i16 %zext_ln22_18" [matrix_mult.cpp:22]   --->   Operation 106 'mul' 'mul_ln22_38' <Predicate = true> <Delay = 4.17> <CoreInst = "Multiplier">   --->   Core 3 'Multiplier' <Latency = 0> <II = 1> <Delay = 4.17> <FuncUnit> <Opcode : 'mul'> <InPorts = 2> <OutPorts = 1>
ST_3 : Operation 107 [3/3] (1.05ns) (grouped into DSP with root node add_ln22_33)   --->   "%mul_ln22_42 = mul i16 %zext_ln22_34, i16 %zext_ln22_24" [matrix_mult.cpp:22]   --->   Operation 107 'mul' 'mul_ln22_42' <Predicate = true> <Delay = 1.05> <CoreInst = "DSP48">   --->   Core 116 'DSP48' <Latency = 3> <II = 1> <Delay = 2.15> <IPBlock> <Opcode : 'add' 'sub' 'mul' 'select'> <InPorts = 0> <OutPorts = 1> <Sync> <CReg>
ST_3 : Operation 108 [1/1] (4.17ns)   --->   "%mul_ln22_43 = mul i16 %zext_ln22_33, i16 %zext_ln22_23" [matrix_mult.cpp:22]   --->   Operation 108 'mul' 'mul_ln22_43' <Predicate = true> <Delay = 4.17> <CoreInst = "Multiplier">   --->   Core 3 'Multiplier' <Latency = 0> <II = 1> <Delay = 4.17> <FuncUnit> <Opcode : 'mul'> <InPorts = 2> <OutPorts = 1>
ST_3 : Operation 109 [1/2] ( I:0.00ns O:0.00ns )   --->   "%a_load_2 = load i3 %a_addr_2" [matrix_mult.cpp:22]   --->   Operation 109 'load' 'a_load_2' <Predicate = true> <Delay = 0.00> <CoreInst = "RAM">   --->   Core 81 'RAM' <Latency = 1> <II = 1> <Delay = 2.32> <Storage> <Opcode : 'load' 'store'> <Ports = 2> <Width = 40> <Depth = 5> <RAM>
ST_3 : Operation 110 [1/1] (0.00ns)   --->   "%trunc_ln22_7 = trunc i40 %a_load_2" [matrix_mult.cpp:22]   --->   Operation 110 'trunc' 'trunc_ln22_7' <Predicate = true> <Delay = 0.00>
ST_3 : Operation 111 [1/1] (0.00ns)   --->   "%tmp_27 = partselect i8 @_ssdm_op_PartSelect.i8.i40.i40, i40 %a_load_2, i40 8" [matrix_mult.cpp:22]   --->   Operation 111 'partselect' 'tmp_27' <Predicate = true> <Delay = 0.00>
ST_3 : Operation 112 [1/1] (0.00ns)   --->   "%tmp_28 = partselect i8 @_ssdm_op_PartSelect.i8.i40.i40, i40 %a_load_2, i40 16" [matrix_mult.cpp:22]   --->   Operation 112 'partselect' 'tmp_28' <Predicate = true> <Delay = 0.00>
ST_3 : Operation 113 [1/1] (0.00ns)   --->   "%tmp_29 = partselect i8 @_ssdm_op_PartSelect.i8.i40.i40, i40 %a_load_2, i40 24" [matrix_mult.cpp:22]   --->   Operation 113 'partselect' 'tmp_29' <Predicate = true> <Delay = 0.00>
ST_3 : Operation 114 [1/1] (0.00ns)   --->   "%tmp_30 = partselect i8 @_ssdm_op_PartSelect.i8.i40.i40, i40 %a_load_2, i40 32" [matrix_mult.cpp:22]   --->   Operation 114 'partselect' 'tmp_30' <Predicate = true> <Delay = 0.00>
ST_3 : Operation 115 [1/1] (0.00ns)   --->   "%zext_ln22_39 = zext i8 %tmp_30" [matrix_mult.cpp:22]   --->   Operation 115 'zext' 'zext_ln22_39' <Predicate = true> <Delay = 0.00>
ST_3 : Operation 116 [3/3] (1.05ns) (grouped into DSP with root node add_ln22_41)   --->   "%mul_ln22_52 = mul i16 %zext_ln22_39, i16 %zext_ln22_9" [matrix_mult.cpp:22]   --->   Operation 116 'mul' 'mul_ln22_52' <Predicate = true> <Delay = 1.05> <CoreInst = "DSP48">   --->   Core 116 'DSP48' <Latency = 3> <II = 1> <Delay = 2.15> <IPBlock> <Opcode : 'add' 'sub' 'mul' 'select'> <InPorts = 0> <OutPorts = 1> <Sync> <CReg>
ST_3 : Operation 117 [3/3] (1.05ns) (grouped into DSP with root node add_ln22_45)   --->   "%mul_ln22_57 = mul i16 %zext_ln22_39, i16 %zext_ln22_14" [matrix_mult.cpp:22]   --->   Operation 117 'mul' 'mul_ln22_57' <Predicate = true> <Delay = 1.05> <CoreInst = "DSP48">   --->   Core 116 'DSP48' <Latency = 3> <II = 1> <Delay = 2.15> <IPBlock> <Opcode : 'add' 'sub' 'mul' 'select'> <InPorts = 0> <OutPorts = 1> <Sync> <CReg>
ST_3 : Operation 118 [1/2] ( I:0.00ns O:0.00ns )   --->   "%a_load_3 = load i3 %a_addr_3" [matrix_mult.cpp:22]   --->   Operation 118 'load' 'a_load_3' <Predicate = true> <Delay = 0.00> <CoreInst = "RAM">   --->   Core 81 'RAM' <Latency = 1> <II = 1> <Delay = 2.32> <Storage> <Opcode : 'load' 'store'> <Ports = 2> <Width = 40> <Depth = 5> <RAM>
ST_3 : Operation 119 [1/1] (0.00ns)   --->   "%trunc_ln22_8 = trunc i40 %a_load_3" [matrix_mult.cpp:22]   --->   Operation 119 'trunc' 'trunc_ln22_8' <Predicate = true> <Delay = 0.00>
ST_3 : Operation 120 [1/1] (0.00ns)   --->   "%tmp_31 = partselect i8 @_ssdm_op_PartSelect.i8.i40.i40, i40 %a_load_3, i40 8" [matrix_mult.cpp:22]   --->   Operation 120 'partselect' 'tmp_31' <Predicate = true> <Delay = 0.00>
ST_3 : Operation 121 [1/1] (0.00ns)   --->   "%tmp_32 = partselect i8 @_ssdm_op_PartSelect.i8.i40.i40, i40 %a_load_3, i40 16" [matrix_mult.cpp:22]   --->   Operation 121 'partselect' 'tmp_32' <Predicate = true> <Delay = 0.00>
ST_3 : Operation 122 [1/1] (0.00ns)   --->   "%tmp_33 = partselect i8 @_ssdm_op_PartSelect.i8.i40.i40, i40 %a_load_3, i40 24" [matrix_mult.cpp:22]   --->   Operation 122 'partselect' 'tmp_33' <Predicate = true> <Delay = 0.00>
ST_3 : Operation 123 [1/1] (0.00ns)   --->   "%tmp_34 = partselect i8 @_ssdm_op_PartSelect.i8.i40.i40, i40 %a_load_3, i40 32" [matrix_mult.cpp:22]   --->   Operation 123 'partselect' 'tmp_34' <Predicate = true> <Delay = 0.00>
ST_3 : Operation 124 [1/1] (0.00ns)   --->   "%a_addr_4 = getelementptr i40 %a, i64 0, i64 4" [matrix_mult.cpp:22]   --->   Operation 124 'getelementptr' 'a_addr_4' <Predicate = true> <Delay = 0.00>
ST_3 : Operation 125 [2/2] (0.00ns)   --->   "%a_load_4 = load i3 %a_addr_4" [matrix_mult.cpp:22]   --->   Operation 125 'load' 'a_load_4' <Predicate = true> <Delay = 0.00> <CoreInst = "RAM">   --->   Core 81 'RAM' <Latency = 1> <II = 1> <Delay = 2.32> <Storage> <Opcode : 'load' 'store'> <Ports = 2> <Width = 40> <Depth = 5> <RAM>

State 4 <SV = 3> <Delay = 4.17>
ST_4 : Operation 126 [1/3] (0.00ns) (grouped into DSP with root node add_ln22_1)   --->   "%mul_ln22_2 = mul i16 %zext_ln22_9, i16 %zext_ln22_8" [matrix_mult.cpp:22]   --->   Operation 126 'mul' 'mul_ln22_2' <Predicate = true> <Delay = 0.00> <CoreInst = "DSP48">   --->   Core 116 'DSP48' <Latency = 3> <II = 1> <Delay = 2.15> <IPBlock> <Opcode : 'add' 'sub' 'mul' 'select'> <InPorts = 0> <OutPorts = 1> <Sync> <CReg>
ST_4 : Operation 127 [2/2] (2.10ns) (root node of the DSP)   --->   "%add_ln22_1 = add i16 %mul_ln22_3, i16 %mul_ln22_2" [matrix_mult.cpp:22]   --->   Operation 127 'add' 'add_ln22_1' <Predicate = true> <Delay = 2.10> <CoreInst = "DSP48">   --->   Core 116 'DSP48' <Latency = 3> <II = 1> <Delay = 2.15> <IPBlock> <Opcode : 'add' 'sub' 'mul' 'select'> <InPorts = 0> <OutPorts = 1> <Sync> <CReg>
ST_4 : Operation 128 [1/3] (0.00ns) (grouped into DSP with root node add_ln22_5)   --->   "%mul_ln22_7 = mul i16 %zext_ln22_14, i16 %zext_ln22_8" [matrix_mult.cpp:22]   --->   Operation 128 'mul' 'mul_ln22_7' <Predicate = true> <Delay = 0.00> <CoreInst = "DSP48">   --->   Core 116 'DSP48' <Latency = 3> <II = 1> <Delay = 2.15> <IPBlock> <Opcode : 'add' 'sub' 'mul' 'select'> <InPorts = 0> <OutPorts = 1> <Sync> <CReg>
ST_4 : Operation 129 [2/2] (2.10ns) (root node of the DSP)   --->   "%add_ln22_5 = add i16 %mul_ln22_8, i16 %mul_ln22_7" [matrix_mult.cpp:22]   --->   Operation 129 'add' 'add_ln22_5' <Predicate = true> <Delay = 2.10> <CoreInst = "DSP48">   --->   Core 116 'DSP48' <Latency = 3> <II = 1> <Delay = 2.15> <IPBlock> <Opcode : 'add' 'sub' 'mul' 'select'> <InPorts = 0> <OutPorts = 1> <Sync> <CReg>
ST_4 : Operation 130 [2/3] (1.05ns) (grouped into DSP with root node add_ln22_9)   --->   "%mul_ln22_12 = mul i16 %zext_ln22_19, i16 %zext_ln22_8" [matrix_mult.cpp:22]   --->   Operation 130 'mul' 'mul_ln22_12' <Predicate = true> <Delay = 1.05> <CoreInst = "DSP48">   --->   Core 116 'DSP48' <Latency = 3> <II = 1> <Delay = 2.15> <IPBlock> <Opcode : 'add' 'sub' 'mul' 'select'> <InPorts = 0> <OutPorts = 1> <Sync> <CReg>
ST_4 : Operation 131 [2/3] (1.05ns) (grouped into DSP with root node add_ln22_13)   --->   "%mul_ln22_17 = mul i16 %zext_ln22_24, i16 %zext_ln22_8" [matrix_mult.cpp:22]   --->   Operation 131 'mul' 'mul_ln22_17' <Predicate = true> <Delay = 1.05> <CoreInst = "DSP48">   --->   Core 116 'DSP48' <Latency = 3> <II = 1> <Delay = 2.15> <IPBlock> <Opcode : 'add' 'sub' 'mul' 'select'> <InPorts = 0> <OutPorts = 1> <Sync> <CReg>
ST_4 : Operation 132 [1/2] ( I:0.00ns O:0.00ns )   --->   "%b_load_4 = load i3 %b_addr_4" [matrix_mult.cpp:22]   --->   Operation 132 'load' 'b_load_4' <Predicate = true> <Delay = 0.00> <CoreInst = "RAM">   --->   Core 81 'RAM' <Latency = 1> <II = 1> <Delay = 2.32> <Storage> <Opcode : 'load' 'store'> <Ports = 2> <Width = 40> <Depth = 5> <RAM>
ST_4 : Operation 133 [1/1] (0.00ns)   --->   "%trunc_ln22_5 = trunc i40 %b_load_4" [matrix_mult.cpp:22]   --->   Operation 133 'trunc' 'trunc_ln22_5' <Predicate = true> <Delay = 0.00>
ST_4 : Operation 134 [1/1] (0.00ns)   --->   "%tmp_19 = partselect i8 @_ssdm_op_PartSelect.i8.i40.i40, i40 %b_load_4, i40 8" [matrix_mult.cpp:22]   --->   Operation 134 'partselect' 'tmp_19' <Predicate = true> <Delay = 0.00>
ST_4 : Operation 135 [1/1] (0.00ns)   --->   "%tmp_20 = partselect i8 @_ssdm_op_PartSelect.i8.i40.i40, i40 %b_load_4, i40 16" [matrix_mult.cpp:22]   --->   Operation 135 'partselect' 'tmp_20' <Predicate = true> <Delay = 0.00>
ST_4 : Operation 136 [1/1] (0.00ns)   --->   "%tmp_21 = partselect i8 @_ssdm_op_PartSelect.i8.i40.i40, i40 %b_load_4, i40 24" [matrix_mult.cpp:22]   --->   Operation 136 'partselect' 'tmp_21' <Predicate = true> <Delay = 0.00>
ST_4 : Operation 137 [1/1] (0.00ns)   --->   "%zext_ln22_28 = zext i8 %tmp_21" [matrix_mult.cpp:22]   --->   Operation 137 'zext' 'zext_ln22_28' <Predicate = true> <Delay = 0.00>
ST_4 : Operation 138 [1/1] (0.00ns)   --->   "%tmp_22 = partselect i8 @_ssdm_op_PartSelect.i8.i40.i40, i40 %b_load_4, i40 32" [matrix_mult.cpp:22]   --->   Operation 138 'partselect' 'tmp_22' <Predicate = true> <Delay = 0.00>
ST_4 : Operation 139 [1/1] (0.00ns)   --->   "%zext_ln22_29 = zext i8 %tmp_22" [matrix_mult.cpp:22]   --->   Operation 139 'zext' 'zext_ln22_29' <Predicate = true> <Delay = 0.00>
ST_4 : Operation 140 [3/3] (1.05ns) (grouped into DSP with root node add_ln22_17)   --->   "%mul_ln22_22 = mul i16 %zext_ln22_29, i16 %zext_ln22_8" [matrix_mult.cpp:22]   --->   Operation 140 'mul' 'mul_ln22_22' <Predicate = true> <Delay = 1.05> <CoreInst = "DSP48">   --->   Core 116 'DSP48' <Latency = 3> <II = 1> <Delay = 2.15> <IPBlock> <Opcode : 'add' 'sub' 'mul' 'select'> <InPorts = 0> <OutPorts = 1> <Sync> <CReg>
ST_4 : Operation 141 [1/1] (4.17ns)   --->   "%mul_ln22_23 = mul i16 %zext_ln22_28, i16 %zext_ln22_6" [matrix_mult.cpp:22]   --->   Operation 141 'mul' 'mul_ln22_23' <Predicate = true> <Delay = 4.17> <CoreInst = "Multiplier">   --->   Core 3 'Multiplier' <Latency = 0> <II = 1> <Delay = 4.17> <FuncUnit> <Opcode : 'mul'> <InPorts = 2> <OutPorts = 1>
ST_4 : Operation 142 [1/3] (0.00ns) (grouped into DSP with root node add_ln22_21)   --->   "%mul_ln22_27 = mul i16 %zext_ln22_34, i16 %zext_ln22_9" [matrix_mult.cpp:22]   --->   Operation 142 'mul' 'mul_ln22_27' <Predicate = true> <Delay = 0.00> <CoreInst = "DSP48">   --->   Core 116 'DSP48' <Latency = 3> <II = 1> <Delay = 2.15> <IPBlock> <Opcode : 'add' 'sub' 'mul' 'select'> <InPorts = 0> <OutPorts = 1> <Sync> <CReg>
ST_4 : Operation 143 [2/2] (2.10ns) (root node of the DSP)   --->   "%add_ln22_21 = add i16 %mul_ln22_28, i16 %mul_ln22_27" [matrix_mult.cpp:22]   --->   Operation 143 'add' 'add_ln22_21' <Predicate = true> <Delay = 2.10> <CoreInst = "DSP48">   --->   Core 116 'DSP48' <Latency = 3> <II = 1> <Delay = 2.15> <IPBlock> <Opcode : 'add' 'sub' 'mul' 'select'> <InPorts = 0> <OutPorts = 1> <Sync> <CReg>
ST_4 : Operation 144 [1/3] (0.00ns) (grouped into DSP with root node add_ln22_25)   --->   "%mul_ln22_32 = mul i16 %zext_ln22_34, i16 %zext_ln22_14" [matrix_mult.cpp:22]   --->   Operation 144 'mul' 'mul_ln22_32' <Predicate = true> <Delay = 0.00> <CoreInst = "DSP48">   --->   Core 116 'DSP48' <Latency = 3> <II = 1> <Delay = 2.15> <IPBlock> <Opcode : 'add' 'sub' 'mul' 'select'> <InPorts = 0> <OutPorts = 1> <Sync> <CReg>
ST_4 : Operation 145 [2/2] (2.10ns) (root node of the DSP)   --->   "%add_ln22_25 = add i16 %mul_ln22_33, i16 %mul_ln22_32" [matrix_mult.cpp:22]   --->   Operation 145 'add' 'add_ln22_25' <Predicate = true> <Delay = 2.10> <CoreInst = "DSP48">   --->   Core 116 'DSP48' <Latency = 3> <II = 1> <Delay = 2.15> <IPBlock> <Opcode : 'add' 'sub' 'mul' 'select'> <InPorts = 0> <OutPorts = 1> <Sync> <CReg>
ST_4 : Operation 146 [2/3] (1.05ns) (grouped into DSP with root node add_ln22_29)   --->   "%mul_ln22_37 = mul i16 %zext_ln22_34, i16 %zext_ln22_19" [matrix_mult.cpp:22]   --->   Operation 146 'mul' 'mul_ln22_37' <Predicate = true> <Delay = 1.05> <CoreInst = "DSP48">   --->   Core 116 'DSP48' <Latency = 3> <II = 1> <Delay = 2.15> <IPBlock> <Opcode : 'add' 'sub' 'mul' 'select'> <InPorts = 0> <OutPorts = 1> <Sync> <CReg>
ST_4 : Operation 147 [2/3] (1.05ns) (grouped into DSP with root node add_ln22_33)   --->   "%mul_ln22_42 = mul i16 %zext_ln22_34, i16 %zext_ln22_24" [matrix_mult.cpp:22]   --->   Operation 147 'mul' 'mul_ln22_42' <Predicate = true> <Delay = 1.05> <CoreInst = "DSP48">   --->   Core 116 'DSP48' <Latency = 3> <II = 1> <Delay = 2.15> <IPBlock> <Opcode : 'add' 'sub' 'mul' 'select'> <InPorts = 0> <OutPorts = 1> <Sync> <CReg>
ST_4 : Operation 148 [3/3] (1.05ns) (grouped into DSP with root node add_ln22_37)   --->   "%mul_ln22_47 = mul i16 %zext_ln22_34, i16 %zext_ln22_29" [matrix_mult.cpp:22]   --->   Operation 148 'mul' 'mul_ln22_47' <Predicate = true> <Delay = 1.05> <CoreInst = "DSP48">   --->   Core 116 'DSP48' <Latency = 3> <II = 1> <Delay = 2.15> <IPBlock> <Opcode : 'add' 'sub' 'mul' 'select'> <InPorts = 0> <OutPorts = 1> <Sync> <CReg>
ST_4 : Operation 149 [1/1] (4.17ns)   --->   "%mul_ln22_48 = mul i16 %zext_ln22_33, i16 %zext_ln22_28" [matrix_mult.cpp:22]   --->   Operation 149 'mul' 'mul_ln22_48' <Predicate = true> <Delay = 4.17> <CoreInst = "Multiplier">   --->   Core 3 'Multiplier' <Latency = 0> <II = 1> <Delay = 4.17> <FuncUnit> <Opcode : 'mul'> <InPorts = 2> <OutPorts = 1>
ST_4 : Operation 150 [1/1] (0.00ns)   --->   "%zext_ln22_38 = zext i8 %tmp_29" [matrix_mult.cpp:22]   --->   Operation 150 'zext' 'zext_ln22_38' <Predicate = true> <Delay = 0.00>
ST_4 : Operation 151 [2/3] (1.05ns) (grouped into DSP with root node add_ln22_41)   --->   "%mul_ln22_52 = mul i16 %zext_ln22_39, i16 %zext_ln22_9" [matrix_mult.cpp:22]   --->   Operation 151 'mul' 'mul_ln22_52' <Predicate = true> <Delay = 1.05> <CoreInst = "DSP48">   --->   Core 116 'DSP48' <Latency = 3> <II = 1> <Delay = 2.15> <IPBlock> <Opcode : 'add' 'sub' 'mul' 'select'> <InPorts = 0> <OutPorts = 1> <Sync> <CReg>
ST_4 : Operation 152 [1/1] (4.17ns)   --->   "%mul_ln22_53 = mul i16 %zext_ln22_38, i16 %zext_ln22_7" [matrix_mult.cpp:22]   --->   Operation 152 'mul' 'mul_ln22_53' <Predicate = true> <Delay = 4.17> <CoreInst = "Multiplier">   --->   Core 3 'Multiplier' <Latency = 0> <II = 1> <Delay = 4.17> <FuncUnit> <Opcode : 'mul'> <InPorts = 2> <OutPorts = 1>
ST_4 : Operation 153 [2/3] (1.05ns) (grouped into DSP with root node add_ln22_45)   --->   "%mul_ln22_57 = mul i16 %zext_ln22_39, i16 %zext_ln22_14" [matrix_mult.cpp:22]   --->   Operation 153 'mul' 'mul_ln22_57' <Predicate = true> <Delay = 1.05> <CoreInst = "DSP48">   --->   Core 116 'DSP48' <Latency = 3> <II = 1> <Delay = 2.15> <IPBlock> <Opcode : 'add' 'sub' 'mul' 'select'> <InPorts = 0> <OutPorts = 1> <Sync> <CReg>
ST_4 : Operation 154 [1/1] (4.17ns)   --->   "%mul_ln22_58 = mul i16 %zext_ln22_38, i16 %zext_ln22_13" [matrix_mult.cpp:22]   --->   Operation 154 'mul' 'mul_ln22_58' <Predicate = true> <Delay = 4.17> <CoreInst = "Multiplier">   --->   Core 3 'Multiplier' <Latency = 0> <II = 1> <Delay = 4.17> <FuncUnit> <Opcode : 'mul'> <InPorts = 2> <OutPorts = 1>
ST_4 : Operation 155 [3/3] (1.05ns) (grouped into DSP with root node add_ln22_49)   --->   "%mul_ln22_62 = mul i16 %zext_ln22_39, i16 %zext_ln22_19" [matrix_mult.cpp:22]   --->   Operation 155 'mul' 'mul_ln22_62' <Predicate = true> <Delay = 1.05> <CoreInst = "DSP48">   --->   Core 116 'DSP48' <Latency = 3> <II = 1> <Delay = 2.15> <IPBlock> <Opcode : 'add' 'sub' 'mul' 'select'> <InPorts = 0> <OutPorts = 1> <Sync> <CReg>
ST_4 : Operation 156 [3/3] (1.05ns) (grouped into DSP with root node add_ln22_53)   --->   "%mul_ln22_67 = mul i16 %zext_ln22_39, i16 %zext_ln22_24" [matrix_mult.cpp:22]   --->   Operation 156 'mul' 'mul_ln22_67' <Predicate = true> <Delay = 1.05> <CoreInst = "DSP48">   --->   Core 116 'DSP48' <Latency = 3> <II = 1> <Delay = 2.15> <IPBlock> <Opcode : 'add' 'sub' 'mul' 'select'> <InPorts = 0> <OutPorts = 1> <Sync> <CReg>
ST_4 : Operation 157 [3/3] (1.05ns) (grouped into DSP with root node add_ln22_57)   --->   "%mul_ln22_72 = mul i16 %zext_ln22_39, i16 %zext_ln22_29" [matrix_mult.cpp:22]   --->   Operation 157 'mul' 'mul_ln22_72' <Predicate = true> <Delay = 1.05> <CoreInst = "DSP48">   --->   Core 116 'DSP48' <Latency = 3> <II = 1> <Delay = 2.15> <IPBlock> <Opcode : 'add' 'sub' 'mul' 'select'> <InPorts = 0> <OutPorts = 1> <Sync> <CReg>
ST_4 : Operation 158 [1/1] (0.00ns)   --->   "%zext_ln22_44 = zext i8 %tmp_34" [matrix_mult.cpp:22]   --->   Operation 158 'zext' 'zext_ln22_44' <Predicate = true> <Delay = 0.00>
ST_4 : Operation 159 [3/3] (1.05ns) (grouped into DSP with root node add_ln22_61)   --->   "%mul_ln22_77 = mul i16 %zext_ln22_44, i16 %zext_ln22_9" [matrix_mult.cpp:22]   --->   Operation 159 'mul' 'mul_ln22_77' <Predicate = true> <Delay = 1.05> <CoreInst = "DSP48">   --->   Core 116 'DSP48' <Latency = 3> <II = 1> <Delay = 2.15> <IPBlock> <Opcode : 'add' 'sub' 'mul' 'select'> <InPorts = 0> <OutPorts = 1> <Sync> <CReg>
ST_4 : Operation 160 [1/2] ( I:0.00ns O:0.00ns )   --->   "%a_load_4 = load i3 %a_addr_4" [matrix_mult.cpp:22]   --->   Operation 160 'load' 'a_load_4' <Predicate = true> <Delay = 0.00> <CoreInst = "RAM">   --->   Core 81 'RAM' <Latency = 1> <II = 1> <Delay = 2.32> <Storage> <Opcode : 'load' 'store'> <Ports = 2> <Width = 40> <Depth = 5> <RAM>
ST_4 : Operation 161 [1/1] (0.00ns)   --->   "%trunc_ln22_9 = trunc i40 %a_load_4" [matrix_mult.cpp:22]   --->   Operation 161 'trunc' 'trunc_ln22_9' <Predicate = true> <Delay = 0.00>
ST_4 : Operation 162 [1/1] (0.00ns)   --->   "%tmp_35 = partselect i8 @_ssdm_op_PartSelect.i8.i40.i40, i40 %a_load_4, i40 8" [matrix_mult.cpp:22]   --->   Operation 162 'partselect' 'tmp_35' <Predicate = true> <Delay = 0.00>
ST_4 : Operation 163 [1/1] (0.00ns)   --->   "%tmp_36 = partselect i8 @_ssdm_op_PartSelect.i8.i40.i40, i40 %a_load_4, i40 16" [matrix_mult.cpp:22]   --->   Operation 163 'partselect' 'tmp_36' <Predicate = true> <Delay = 0.00>
ST_4 : Operation 164 [1/1] (0.00ns)   --->   "%tmp_37 = partselect i8 @_ssdm_op_PartSelect.i8.i40.i40, i40 %a_load_4, i40 24" [matrix_mult.cpp:22]   --->   Operation 164 'partselect' 'tmp_37' <Predicate = true> <Delay = 0.00>
ST_4 : Operation 165 [1/1] (0.00ns)   --->   "%tmp_38 = partselect i8 @_ssdm_op_PartSelect.i8.i40.i40, i40 %a_load_4, i40 32" [matrix_mult.cpp:22]   --->   Operation 165 'partselect' 'tmp_38' <Predicate = true> <Delay = 0.00>

State 5 <SV = 4> <Delay = 4.17>
ST_5 : Operation 166 [1/2] (2.10ns) (root node of the DSP)   --->   "%add_ln22_1 = add i16 %mul_ln22_3, i16 %mul_ln22_2" [matrix_mult.cpp:22]   --->   Operation 166 'add' 'add_ln22_1' <Predicate = true> <Delay = 2.10> <CoreInst = "DSP48">   --->   Core 116 'DSP48' <Latency = 3> <II = 1> <Delay = 2.15> <IPBlock> <Opcode : 'add' 'sub' 'mul' 'select'> <InPorts = 0> <OutPorts = 1> <Sync> <CReg>
ST_5 : Operation 167 [1/2] (2.10ns) (root node of the DSP)   --->   "%add_ln22_5 = add i16 %mul_ln22_8, i16 %mul_ln22_7" [matrix_mult.cpp:22]   --->   Operation 167 'add' 'add_ln22_5' <Predicate = true> <Delay = 2.10> <CoreInst = "DSP48">   --->   Core 116 'DSP48' <Latency = 3> <II = 1> <Delay = 2.15> <IPBlock> <Opcode : 'add' 'sub' 'mul' 'select'> <InPorts = 0> <OutPorts = 1> <Sync> <CReg>
ST_5 : Operation 168 [1/3] (0.00ns) (grouped into DSP with root node add_ln22_9)   --->   "%mul_ln22_12 = mul i16 %zext_ln22_19, i16 %zext_ln22_8" [matrix_mult.cpp:22]   --->   Operation 168 'mul' 'mul_ln22_12' <Predicate = true> <Delay = 0.00> <CoreInst = "DSP48">   --->   Core 116 'DSP48' <Latency = 3> <II = 1> <Delay = 2.15> <IPBlock> <Opcode : 'add' 'sub' 'mul' 'select'> <InPorts = 0> <OutPorts = 1> <Sync> <CReg>
ST_5 : Operation 169 [2/2] (2.10ns) (root node of the DSP)   --->   "%add_ln22_9 = add i16 %mul_ln22_13, i16 %mul_ln22_12" [matrix_mult.cpp:22]   --->   Operation 169 'add' 'add_ln22_9' <Predicate = true> <Delay = 2.10> <CoreInst = "DSP48">   --->   Core 116 'DSP48' <Latency = 3> <II = 1> <Delay = 2.15> <IPBlock> <Opcode : 'add' 'sub' 'mul' 'select'> <InPorts = 0> <OutPorts = 1> <Sync> <CReg>
ST_5 : Operation 170 [1/3] (0.00ns) (grouped into DSP with root node add_ln22_13)   --->   "%mul_ln22_17 = mul i16 %zext_ln22_24, i16 %zext_ln22_8" [matrix_mult.cpp:22]   --->   Operation 170 'mul' 'mul_ln22_17' <Predicate = true> <Delay = 0.00> <CoreInst = "DSP48">   --->   Core 116 'DSP48' <Latency = 3> <II = 1> <Delay = 2.15> <IPBlock> <Opcode : 'add' 'sub' 'mul' 'select'> <InPorts = 0> <OutPorts = 1> <Sync> <CReg>
ST_5 : Operation 171 [2/2] (2.10ns) (root node of the DSP)   --->   "%add_ln22_13 = add i16 %mul_ln22_18, i16 %mul_ln22_17" [matrix_mult.cpp:22]   --->   Operation 171 'add' 'add_ln22_13' <Predicate = true> <Delay = 2.10> <CoreInst = "DSP48">   --->   Core 116 'DSP48' <Latency = 3> <II = 1> <Delay = 2.15> <IPBlock> <Opcode : 'add' 'sub' 'mul' 'select'> <InPorts = 0> <OutPorts = 1> <Sync> <CReg>
ST_5 : Operation 172 [2/3] (1.05ns) (grouped into DSP with root node add_ln22_17)   --->   "%mul_ln22_22 = mul i16 %zext_ln22_29, i16 %zext_ln22_8" [matrix_mult.cpp:22]   --->   Operation 172 'mul' 'mul_ln22_22' <Predicate = true> <Delay = 1.05> <CoreInst = "DSP48">   --->   Core 116 'DSP48' <Latency = 3> <II = 1> <Delay = 2.15> <IPBlock> <Opcode : 'add' 'sub' 'mul' 'select'> <InPorts = 0> <OutPorts = 1> <Sync> <CReg>
ST_5 : Operation 173 [1/2] (2.10ns) (root node of the DSP)   --->   "%add_ln22_21 = add i16 %mul_ln22_28, i16 %mul_ln22_27" [matrix_mult.cpp:22]   --->   Operation 173 'add' 'add_ln22_21' <Predicate = true> <Delay = 2.10> <CoreInst = "DSP48">   --->   Core 116 'DSP48' <Latency = 3> <II = 1> <Delay = 2.15> <IPBlock> <Opcode : 'add' 'sub' 'mul' 'select'> <InPorts = 0> <OutPorts = 1> <Sync> <CReg>
ST_5 : Operation 174 [1/2] (2.10ns) (root node of the DSP)   --->   "%add_ln22_25 = add i16 %mul_ln22_33, i16 %mul_ln22_32" [matrix_mult.cpp:22]   --->   Operation 174 'add' 'add_ln22_25' <Predicate = true> <Delay = 2.10> <CoreInst = "DSP48">   --->   Core 116 'DSP48' <Latency = 3> <II = 1> <Delay = 2.15> <IPBlock> <Opcode : 'add' 'sub' 'mul' 'select'> <InPorts = 0> <OutPorts = 1> <Sync> <CReg>
ST_5 : Operation 175 [1/3] (0.00ns) (grouped into DSP with root node add_ln22_29)   --->   "%mul_ln22_37 = mul i16 %zext_ln22_34, i16 %zext_ln22_19" [matrix_mult.cpp:22]   --->   Operation 175 'mul' 'mul_ln22_37' <Predicate = true> <Delay = 0.00> <CoreInst = "DSP48">   --->   Core 116 'DSP48' <Latency = 3> <II = 1> <Delay = 2.15> <IPBlock> <Opcode : 'add' 'sub' 'mul' 'select'> <InPorts = 0> <OutPorts = 1> <Sync> <CReg>
ST_5 : Operation 176 [2/2] (2.10ns) (root node of the DSP)   --->   "%add_ln22_29 = add i16 %mul_ln22_38, i16 %mul_ln22_37" [matrix_mult.cpp:22]   --->   Operation 176 'add' 'add_ln22_29' <Predicate = true> <Delay = 2.10> <CoreInst = "DSP48">   --->   Core 116 'DSP48' <Latency = 3> <II = 1> <Delay = 2.15> <IPBlock> <Opcode : 'add' 'sub' 'mul' 'select'> <InPorts = 0> <OutPorts = 1> <Sync> <CReg>
ST_5 : Operation 177 [1/3] (0.00ns) (grouped into DSP with root node add_ln22_33)   --->   "%mul_ln22_42 = mul i16 %zext_ln22_34, i16 %zext_ln22_24" [matrix_mult.cpp:22]   --->   Operation 177 'mul' 'mul_ln22_42' <Predicate = true> <Delay = 0.00> <CoreInst = "DSP48">   --->   Core 116 'DSP48' <Latency = 3> <II = 1> <Delay = 2.15> <IPBlock> <Opcode : 'add' 'sub' 'mul' 'select'> <InPorts = 0> <OutPorts = 1> <Sync> <CReg>
ST_5 : Operation 178 [2/2] (2.10ns) (root node of the DSP)   --->   "%add_ln22_33 = add i16 %mul_ln22_43, i16 %mul_ln22_42" [matrix_mult.cpp:22]   --->   Operation 178 'add' 'add_ln22_33' <Predicate = true> <Delay = 2.10> <CoreInst = "DSP48">   --->   Core 116 'DSP48' <Latency = 3> <II = 1> <Delay = 2.15> <IPBlock> <Opcode : 'add' 'sub' 'mul' 'select'> <InPorts = 0> <OutPorts = 1> <Sync> <CReg>
ST_5 : Operation 179 [2/3] (1.05ns) (grouped into DSP with root node add_ln22_37)   --->   "%mul_ln22_47 = mul i16 %zext_ln22_34, i16 %zext_ln22_29" [matrix_mult.cpp:22]   --->   Operation 179 'mul' 'mul_ln22_47' <Predicate = true> <Delay = 1.05> <CoreInst = "DSP48">   --->   Core 116 'DSP48' <Latency = 3> <II = 1> <Delay = 2.15> <IPBlock> <Opcode : 'add' 'sub' 'mul' 'select'> <InPorts = 0> <OutPorts = 1> <Sync> <CReg>
ST_5 : Operation 180 [1/3] (0.00ns) (grouped into DSP with root node add_ln22_41)   --->   "%mul_ln22_52 = mul i16 %zext_ln22_39, i16 %zext_ln22_9" [matrix_mult.cpp:22]   --->   Operation 180 'mul' 'mul_ln22_52' <Predicate = true> <Delay = 0.00> <CoreInst = "DSP48">   --->   Core 116 'DSP48' <Latency = 3> <II = 1> <Delay = 2.15> <IPBlock> <Opcode : 'add' 'sub' 'mul' 'select'> <InPorts = 0> <OutPorts = 1> <Sync> <CReg>
ST_5 : Operation 181 [2/2] (2.10ns) (root node of the DSP)   --->   "%add_ln22_41 = add i16 %mul_ln22_53, i16 %mul_ln22_52" [matrix_mult.cpp:22]   --->   Operation 181 'add' 'add_ln22_41' <Predicate = true> <Delay = 2.10> <CoreInst = "DSP48">   --->   Core 116 'DSP48' <Latency = 3> <II = 1> <Delay = 2.15> <IPBlock> <Opcode : 'add' 'sub' 'mul' 'select'> <InPorts = 0> <OutPorts = 1> <Sync> <CReg>
ST_5 : Operation 182 [1/3] (0.00ns) (grouped into DSP with root node add_ln22_45)   --->   "%mul_ln22_57 = mul i16 %zext_ln22_39, i16 %zext_ln22_14" [matrix_mult.cpp:22]   --->   Operation 182 'mul' 'mul_ln22_57' <Predicate = true> <Delay = 0.00> <CoreInst = "DSP48">   --->   Core 116 'DSP48' <Latency = 3> <II = 1> <Delay = 2.15> <IPBlock> <Opcode : 'add' 'sub' 'mul' 'select'> <InPorts = 0> <OutPorts = 1> <Sync> <CReg>
ST_5 : Operation 183 [2/2] (2.10ns) (root node of the DSP)   --->   "%add_ln22_45 = add i16 %mul_ln22_58, i16 %mul_ln22_57" [matrix_mult.cpp:22]   --->   Operation 183 'add' 'add_ln22_45' <Predicate = true> <Delay = 2.10> <CoreInst = "DSP48">   --->   Core 116 'DSP48' <Latency = 3> <II = 1> <Delay = 2.15> <IPBlock> <Opcode : 'add' 'sub' 'mul' 'select'> <InPorts = 0> <OutPorts = 1> <Sync> <CReg>
ST_5 : Operation 184 [2/3] (1.05ns) (grouped into DSP with root node add_ln22_49)   --->   "%mul_ln22_62 = mul i16 %zext_ln22_39, i16 %zext_ln22_19" [matrix_mult.cpp:22]   --->   Operation 184 'mul' 'mul_ln22_62' <Predicate = true> <Delay = 1.05> <CoreInst = "DSP48">   --->   Core 116 'DSP48' <Latency = 3> <II = 1> <Delay = 2.15> <IPBlock> <Opcode : 'add' 'sub' 'mul' 'select'> <InPorts = 0> <OutPorts = 1> <Sync> <CReg>
ST_5 : Operation 185 [1/1] (4.17ns)   --->   "%mul_ln22_63 = mul i16 %zext_ln22_38, i16 %zext_ln22_18" [matrix_mult.cpp:22]   --->   Operation 185 'mul' 'mul_ln22_63' <Predicate = true> <Delay = 4.17> <CoreInst = "Multiplier">   --->   Core 3 'Multiplier' <Latency = 0> <II = 1> <Delay = 4.17> <FuncUnit> <Opcode : 'mul'> <InPorts = 2> <OutPorts = 1>
ST_5 : Operation 186 [2/3] (1.05ns) (grouped into DSP with root node add_ln22_53)   --->   "%mul_ln22_67 = mul i16 %zext_ln22_39, i16 %zext_ln22_24" [matrix_mult.cpp:22]   --->   Operation 186 'mul' 'mul_ln22_67' <Predicate = true> <Delay = 1.05> <CoreInst = "DSP48">   --->   Core 116 'DSP48' <Latency = 3> <II = 1> <Delay = 2.15> <IPBlock> <Opcode : 'add' 'sub' 'mul' 'select'> <InPorts = 0> <OutPorts = 1> <Sync> <CReg>
ST_5 : Operation 187 [1/1] (4.17ns)   --->   "%mul_ln22_68 = mul i16 %zext_ln22_38, i16 %zext_ln22_23" [matrix_mult.cpp:22]   --->   Operation 187 'mul' 'mul_ln22_68' <Predicate = true> <Delay = 4.17> <CoreInst = "Multiplier">   --->   Core 3 'Multiplier' <Latency = 0> <II = 1> <Delay = 4.17> <FuncUnit> <Opcode : 'mul'> <InPorts = 2> <OutPorts = 1>
ST_5 : Operation 188 [2/3] (1.05ns) (grouped into DSP with root node add_ln22_57)   --->   "%mul_ln22_72 = mul i16 %zext_ln22_39, i16 %zext_ln22_29" [matrix_mult.cpp:22]   --->   Operation 188 'mul' 'mul_ln22_72' <Predicate = true> <Delay = 1.05> <CoreInst = "DSP48">   --->   Core 116 'DSP48' <Latency = 3> <II = 1> <Delay = 2.15> <IPBlock> <Opcode : 'add' 'sub' 'mul' 'select'> <InPorts = 0> <OutPorts = 1> <Sync> <CReg>
ST_5 : Operation 189 [1/1] (4.17ns)   --->   "%mul_ln22_73 = mul i16 %zext_ln22_38, i16 %zext_ln22_28" [matrix_mult.cpp:22]   --->   Operation 189 'mul' 'mul_ln22_73' <Predicate = true> <Delay = 4.17> <CoreInst = "Multiplier">   --->   Core 3 'Multiplier' <Latency = 0> <II = 1> <Delay = 4.17> <FuncUnit> <Opcode : 'mul'> <InPorts = 2> <OutPorts = 1>
ST_5 : Operation 190 [1/1] (0.00ns)   --->   "%zext_ln22_43 = zext i8 %tmp_33" [matrix_mult.cpp:22]   --->   Operation 190 'zext' 'zext_ln22_43' <Predicate = true> <Delay = 0.00>
ST_5 : Operation 191 [2/3] (1.05ns) (grouped into DSP with root node add_ln22_61)   --->   "%mul_ln22_77 = mul i16 %zext_ln22_44, i16 %zext_ln22_9" [matrix_mult.cpp:22]   --->   Operation 191 'mul' 'mul_ln22_77' <Predicate = true> <Delay = 1.05> <CoreInst = "DSP48">   --->   Core 116 'DSP48' <Latency = 3> <II = 1> <Delay = 2.15> <IPBlock> <Opcode : 'add' 'sub' 'mul' 'select'> <InPorts = 0> <OutPorts = 1> <Sync> <CReg>
ST_5 : Operation 192 [1/1] (4.17ns)   --->   "%mul_ln22_78 = mul i16 %zext_ln22_43, i16 %zext_ln22_7" [matrix_mult.cpp:22]   --->   Operation 192 'mul' 'mul_ln22_78' <Predicate = true> <Delay = 4.17> <CoreInst = "Multiplier">   --->   Core 3 'Multiplier' <Latency = 0> <II = 1> <Delay = 4.17> <FuncUnit> <Opcode : 'mul'> <InPorts = 2> <OutPorts = 1>
ST_5 : Operation 193 [3/3] (1.05ns) (grouped into DSP with root node add_ln22_65)   --->   "%mul_ln22_82 = mul i16 %zext_ln22_44, i16 %zext_ln22_14" [matrix_mult.cpp:22]   --->   Operation 193 'mul' 'mul_ln22_82' <Predicate = true> <Delay = 1.05> <CoreInst = "DSP48">   --->   Core 116 'DSP48' <Latency = 3> <II = 1> <Delay = 2.15> <IPBlock> <Opcode : 'add' 'sub' 'mul' 'select'> <InPorts = 0> <OutPorts = 1> <Sync> <CReg>
ST_5 : Operation 194 [3/3] (1.05ns) (grouped into DSP with root node add_ln22_69)   --->   "%mul_ln22_87 = mul i16 %zext_ln22_44, i16 %zext_ln22_19" [matrix_mult.cpp:22]   --->   Operation 194 'mul' 'mul_ln22_87' <Predicate = true> <Delay = 1.05> <CoreInst = "DSP48">   --->   Core 116 'DSP48' <Latency = 3> <II = 1> <Delay = 2.15> <IPBlock> <Opcode : 'add' 'sub' 'mul' 'select'> <InPorts = 0> <OutPorts = 1> <Sync> <CReg>
ST_5 : Operation 195 [3/3] (1.05ns) (grouped into DSP with root node add_ln22_73)   --->   "%mul_ln22_92 = mul i16 %zext_ln22_44, i16 %zext_ln22_24" [matrix_mult.cpp:22]   --->   Operation 195 'mul' 'mul_ln22_92' <Predicate = true> <Delay = 1.05> <CoreInst = "DSP48">   --->   Core 116 'DSP48' <Latency = 3> <II = 1> <Delay = 2.15> <IPBlock> <Opcode : 'add' 'sub' 'mul' 'select'> <InPorts = 0> <OutPorts = 1> <Sync> <CReg>
ST_5 : Operation 196 [3/3] (1.05ns) (grouped into DSP with root node add_ln22_77)   --->   "%mul_ln22_97 = mul i16 %zext_ln22_44, i16 %zext_ln22_29" [matrix_mult.cpp:22]   --->   Operation 196 'mul' 'mul_ln22_97' <Predicate = true> <Delay = 1.05> <CoreInst = "DSP48">   --->   Core 116 'DSP48' <Latency = 3> <II = 1> <Delay = 2.15> <IPBlock> <Opcode : 'add' 'sub' 'mul' 'select'> <InPorts = 0> <OutPorts = 1> <Sync> <CReg>
ST_5 : Operation 197 [1/1] (0.00ns)   --->   "%zext_ln22_49 = zext i8 %tmp_38" [matrix_mult.cpp:22]   --->   Operation 197 'zext' 'zext_ln22_49' <Predicate = true> <Delay = 0.00>
ST_5 : Operation 198 [3/3] (1.05ns) (grouped into DSP with root node add_ln22_81)   --->   "%mul_ln22_102 = mul i16 %zext_ln22_49, i16 %zext_ln22_9" [matrix_mult.cpp:22]   --->   Operation 198 'mul' 'mul_ln22_102' <Predicate = true> <Delay = 1.05> <CoreInst = "DSP48">   --->   Core 116 'DSP48' <Latency = 3> <II = 1> <Delay = 2.15> <IPBlock> <Opcode : 'add' 'sub' 'mul' 'select'> <InPorts = 0> <OutPorts = 1> <Sync> <CReg>
ST_5 : Operation 199 [3/3] (1.05ns) (grouped into DSP with root node add_ln22_85)   --->   "%mul_ln22_107 = mul i16 %zext_ln22_49, i16 %zext_ln22_14" [matrix_mult.cpp:22]   --->   Operation 199 'mul' 'mul_ln22_107' <Predicate = true> <Delay = 1.05> <CoreInst = "DSP48">   --->   Core 116 'DSP48' <Latency = 3> <II = 1> <Delay = 2.15> <IPBlock> <Opcode : 'add' 'sub' 'mul' 'select'> <InPorts = 0> <OutPorts = 1> <Sync> <CReg>

State 6 <SV = 5> <Delay = 4.17>
ST_6 : Operation 200 [1/1] (0.00ns)   --->   "%zext_ln22 = zext i8 %trunc_ln22" [matrix_mult.cpp:22]   --->   Operation 200 'zext' 'zext_ln22' <Predicate = true> <Delay = 0.00>
ST_6 : Operation 201 [1/1] (0.00ns)   --->   "%zext_ln22_1 = zext i8 %trunc_ln22_1" [matrix_mult.cpp:22]   --->   Operation 201 'zext' 'zext_ln22_1' <Predicate = true> <Delay = 0.00>
ST_6 : Operation 202 [3/3] (1.05ns) (grouped into DSP with root node add_ln22)   --->   "%mul_ln22 = mul i16 %zext_ln22_1, i16 %zext_ln22" [matrix_mult.cpp:22]   --->   Operation 202 'mul' 'mul_ln22' <Predicate = true> <Delay = 1.05> <CoreInst = "DSP48">   --->   Core 116 'DSP48' <Latency = 3> <II = 1> <Delay = 2.15> <IPBlock> <Opcode : 'add' 'sub' 'mul' 'select'> <InPorts = 0> <OutPorts = 1> <Sync> <CReg>
ST_6 : Operation 203 [1/1] (0.00ns)   --->   "%zext_ln22_10 = zext i8 %trunc_ln22_2" [matrix_mult.cpp:22]   --->   Operation 203 'zext' 'zext_ln22_10' <Predicate = true> <Delay = 0.00>
ST_6 : Operation 204 [3/3] (1.05ns) (grouped into DSP with root node add_ln22_4)   --->   "%mul_ln22_5 = mul i16 %zext_ln22_10, i16 %zext_ln22" [matrix_mult.cpp:22]   --->   Operation 204 'mul' 'mul_ln22_5' <Predicate = true> <Delay = 1.05> <CoreInst = "DSP48">   --->   Core 116 'DSP48' <Latency = 3> <II = 1> <Delay = 2.15> <IPBlock> <Opcode : 'add' 'sub' 'mul' 'select'> <InPorts = 0> <OutPorts = 1> <Sync> <CReg>
ST_6 : Operation 205 [1/1] (0.00ns)   --->   "%zext_ln22_15 = zext i8 %trunc_ln22_3" [matrix_mult.cpp:22]   --->   Operation 205 'zext' 'zext_ln22_15' <Predicate = true> <Delay = 0.00>
ST_6 : Operation 206 [3/3] (1.05ns) (grouped into DSP with root node add_ln22_8)   --->   "%mul_ln22_10 = mul i16 %zext_ln22_15, i16 %zext_ln22" [matrix_mult.cpp:22]   --->   Operation 206 'mul' 'mul_ln22_10' <Predicate = true> <Delay = 1.05> <CoreInst = "DSP48">   --->   Core 116 'DSP48' <Latency = 3> <II = 1> <Delay = 2.15> <IPBlock> <Opcode : 'add' 'sub' 'mul' 'select'> <InPorts = 0> <OutPorts = 1> <Sync> <CReg>
ST_6 : Operation 207 [1/2] (2.10ns) (root node of the DSP)   --->   "%add_ln22_9 = add i16 %mul_ln22_13, i16 %mul_ln22_12" [matrix_mult.cpp:22]   --->   Operation 207 'add' 'add_ln22_9' <Predicate = true> <Delay = 2.10> <CoreInst = "DSP48">   --->   Core 116 'DSP48' <Latency = 3> <II = 1> <Delay = 2.15> <IPBlock> <Opcode : 'add' 'sub' 'mul' 'select'> <InPorts = 0> <OutPorts = 1> <Sync> <CReg>
ST_6 : Operation 208 [1/2] (2.10ns) (root node of the DSP)   --->   "%add_ln22_13 = add i16 %mul_ln22_18, i16 %mul_ln22_17" [matrix_mult.cpp:22]   --->   Operation 208 'add' 'add_ln22_13' <Predicate = true> <Delay = 2.10> <CoreInst = "DSP48">   --->   Core 116 'DSP48' <Latency = 3> <II = 1> <Delay = 2.15> <IPBlock> <Opcode : 'add' 'sub' 'mul' 'select'> <InPorts = 0> <OutPorts = 1> <Sync> <CReg>
ST_6 : Operation 209 [1/3] (0.00ns) (grouped into DSP with root node add_ln22_17)   --->   "%mul_ln22_22 = mul i16 %zext_ln22_29, i16 %zext_ln22_8" [matrix_mult.cpp:22]   --->   Operation 209 'mul' 'mul_ln22_22' <Predicate = true> <Delay = 0.00> <CoreInst = "DSP48">   --->   Core 116 'DSP48' <Latency = 3> <II = 1> <Delay = 2.15> <IPBlock> <Opcode : 'add' 'sub' 'mul' 'select'> <InPorts = 0> <OutPorts = 1> <Sync> <CReg>
ST_6 : Operation 210 [2/2] (2.10ns) (root node of the DSP)   --->   "%add_ln22_17 = add i16 %mul_ln22_23, i16 %mul_ln22_22" [matrix_mult.cpp:22]   --->   Operation 210 'add' 'add_ln22_17' <Predicate = true> <Delay = 2.10> <CoreInst = "DSP48">   --->   Core 116 'DSP48' <Latency = 3> <II = 1> <Delay = 2.15> <IPBlock> <Opcode : 'add' 'sub' 'mul' 'select'> <InPorts = 0> <OutPorts = 1> <Sync> <CReg>
ST_6 : Operation 211 [1/2] (2.10ns) (root node of the DSP)   --->   "%add_ln22_29 = add i16 %mul_ln22_38, i16 %mul_ln22_37" [matrix_mult.cpp:22]   --->   Operation 211 'add' 'add_ln22_29' <Predicate = true> <Delay = 2.10> <CoreInst = "DSP48">   --->   Core 116 'DSP48' <Latency = 3> <II = 1> <Delay = 2.15> <IPBlock> <Opcode : 'add' 'sub' 'mul' 'select'> <InPorts = 0> <OutPorts = 1> <Sync> <CReg>
ST_6 : Operation 212 [1/2] (2.10ns) (root node of the DSP)   --->   "%add_ln22_33 = add i16 %mul_ln22_43, i16 %mul_ln22_42" [matrix_mult.cpp:22]   --->   Operation 212 'add' 'add_ln22_33' <Predicate = true> <Delay = 2.10> <CoreInst = "DSP48">   --->   Core 116 'DSP48' <Latency = 3> <II = 1> <Delay = 2.15> <IPBlock> <Opcode : 'add' 'sub' 'mul' 'select'> <InPorts = 0> <OutPorts = 1> <Sync> <CReg>
ST_6 : Operation 213 [1/3] (0.00ns) (grouped into DSP with root node add_ln22_37)   --->   "%mul_ln22_47 = mul i16 %zext_ln22_34, i16 %zext_ln22_29" [matrix_mult.cpp:22]   --->   Operation 213 'mul' 'mul_ln22_47' <Predicate = true> <Delay = 0.00> <CoreInst = "DSP48">   --->   Core 116 'DSP48' <Latency = 3> <II = 1> <Delay = 2.15> <IPBlock> <Opcode : 'add' 'sub' 'mul' 'select'> <InPorts = 0> <OutPorts = 1> <Sync> <CReg>
ST_6 : Operation 214 [2/2] (2.10ns) (root node of the DSP)   --->   "%add_ln22_37 = add i16 %mul_ln22_48, i16 %mul_ln22_47" [matrix_mult.cpp:22]   --->   Operation 214 'add' 'add_ln22_37' <Predicate = true> <Delay = 2.10> <CoreInst = "DSP48">   --->   Core 116 'DSP48' <Latency = 3> <II = 1> <Delay = 2.15> <IPBlock> <Opcode : 'add' 'sub' 'mul' 'select'> <InPorts = 0> <OutPorts = 1> <Sync> <CReg>
ST_6 : Operation 215 [1/2] (2.10ns) (root node of the DSP)   --->   "%add_ln22_41 = add i16 %mul_ln22_53, i16 %mul_ln22_52" [matrix_mult.cpp:22]   --->   Operation 215 'add' 'add_ln22_41' <Predicate = true> <Delay = 2.10> <CoreInst = "DSP48">   --->   Core 116 'DSP48' <Latency = 3> <II = 1> <Delay = 2.15> <IPBlock> <Opcode : 'add' 'sub' 'mul' 'select'> <InPorts = 0> <OutPorts = 1> <Sync> <CReg>
ST_6 : Operation 216 [1/2] (2.10ns) (root node of the DSP)   --->   "%add_ln22_45 = add i16 %mul_ln22_58, i16 %mul_ln22_57" [matrix_mult.cpp:22]   --->   Operation 216 'add' 'add_ln22_45' <Predicate = true> <Delay = 2.10> <CoreInst = "DSP48">   --->   Core 116 'DSP48' <Latency = 3> <II = 1> <Delay = 2.15> <IPBlock> <Opcode : 'add' 'sub' 'mul' 'select'> <InPorts = 0> <OutPorts = 1> <Sync> <CReg>
ST_6 : Operation 217 [1/3] (0.00ns) (grouped into DSP with root node add_ln22_49)   --->   "%mul_ln22_62 = mul i16 %zext_ln22_39, i16 %zext_ln22_19" [matrix_mult.cpp:22]   --->   Operation 217 'mul' 'mul_ln22_62' <Predicate = true> <Delay = 0.00> <CoreInst = "DSP48">   --->   Core 116 'DSP48' <Latency = 3> <II = 1> <Delay = 2.15> <IPBlock> <Opcode : 'add' 'sub' 'mul' 'select'> <InPorts = 0> <OutPorts = 1> <Sync> <CReg>
ST_6 : Operation 218 [2/2] (2.10ns) (root node of the DSP)   --->   "%add_ln22_49 = add i16 %mul_ln22_63, i16 %mul_ln22_62" [matrix_mult.cpp:22]   --->   Operation 218 'add' 'add_ln22_49' <Predicate = true> <Delay = 2.10> <CoreInst = "DSP48">   --->   Core 116 'DSP48' <Latency = 3> <II = 1> <Delay = 2.15> <IPBlock> <Opcode : 'add' 'sub' 'mul' 'select'> <InPorts = 0> <OutPorts = 1> <Sync> <CReg>
ST_6 : Operation 219 [1/3] (0.00ns) (grouped into DSP with root node add_ln22_53)   --->   "%mul_ln22_67 = mul i16 %zext_ln22_39, i16 %zext_ln22_24" [matrix_mult.cpp:22]   --->   Operation 219 'mul' 'mul_ln22_67' <Predicate = true> <Delay = 0.00> <CoreInst = "DSP48">   --->   Core 116 'DSP48' <Latency = 3> <II = 1> <Delay = 2.15> <IPBlock> <Opcode : 'add' 'sub' 'mul' 'select'> <InPorts = 0> <OutPorts = 1> <Sync> <CReg>
ST_6 : Operation 220 [2/2] (2.10ns) (root node of the DSP)   --->   "%add_ln22_53 = add i16 %mul_ln22_68, i16 %mul_ln22_67" [matrix_mult.cpp:22]   --->   Operation 220 'add' 'add_ln22_53' <Predicate = true> <Delay = 2.10> <CoreInst = "DSP48">   --->   Core 116 'DSP48' <Latency = 3> <II = 1> <Delay = 2.15> <IPBlock> <Opcode : 'add' 'sub' 'mul' 'select'> <InPorts = 0> <OutPorts = 1> <Sync> <CReg>
ST_6 : Operation 221 [1/3] (0.00ns) (grouped into DSP with root node add_ln22_57)   --->   "%mul_ln22_72 = mul i16 %zext_ln22_39, i16 %zext_ln22_29" [matrix_mult.cpp:22]   --->   Operation 221 'mul' 'mul_ln22_72' <Predicate = true> <Delay = 0.00> <CoreInst = "DSP48">   --->   Core 116 'DSP48' <Latency = 3> <II = 1> <Delay = 2.15> <IPBlock> <Opcode : 'add' 'sub' 'mul' 'select'> <InPorts = 0> <OutPorts = 1> <Sync> <CReg>
ST_6 : Operation 222 [2/2] (2.10ns) (root node of the DSP)   --->   "%add_ln22_57 = add i16 %mul_ln22_73, i16 %mul_ln22_72" [matrix_mult.cpp:22]   --->   Operation 222 'add' 'add_ln22_57' <Predicate = true> <Delay = 2.10> <CoreInst = "DSP48">   --->   Core 116 'DSP48' <Latency = 3> <II = 1> <Delay = 2.15> <IPBlock> <Opcode : 'add' 'sub' 'mul' 'select'> <InPorts = 0> <OutPorts = 1> <Sync> <CReg>
ST_6 : Operation 223 [1/3] (0.00ns) (grouped into DSP with root node add_ln22_61)   --->   "%mul_ln22_77 = mul i16 %zext_ln22_44, i16 %zext_ln22_9" [matrix_mult.cpp:22]   --->   Operation 223 'mul' 'mul_ln22_77' <Predicate = true> <Delay = 0.00> <CoreInst = "DSP48">   --->   Core 116 'DSP48' <Latency = 3> <II = 1> <Delay = 2.15> <IPBlock> <Opcode : 'add' 'sub' 'mul' 'select'> <InPorts = 0> <OutPorts = 1> <Sync> <CReg>
ST_6 : Operation 224 [2/2] (2.10ns) (root node of the DSP)   --->   "%add_ln22_61 = add i16 %mul_ln22_78, i16 %mul_ln22_77" [matrix_mult.cpp:22]   --->   Operation 224 'add' 'add_ln22_61' <Predicate = true> <Delay = 2.10> <CoreInst = "DSP48">   --->   Core 116 'DSP48' <Latency = 3> <II = 1> <Delay = 2.15> <IPBlock> <Opcode : 'add' 'sub' 'mul' 'select'> <InPorts = 0> <OutPorts = 1> <Sync> <CReg>
ST_6 : Operation 225 [2/3] (1.05ns) (grouped into DSP with root node add_ln22_65)   --->   "%mul_ln22_82 = mul i16 %zext_ln22_44, i16 %zext_ln22_14" [matrix_mult.cpp:22]   --->   Operation 225 'mul' 'mul_ln22_82' <Predicate = true> <Delay = 1.05> <CoreInst = "DSP48">   --->   Core 116 'DSP48' <Latency = 3> <II = 1> <Delay = 2.15> <IPBlock> <Opcode : 'add' 'sub' 'mul' 'select'> <InPorts = 0> <OutPorts = 1> <Sync> <CReg>
ST_6 : Operation 226 [1/1] (4.17ns)   --->   "%mul_ln22_83 = mul i16 %zext_ln22_43, i16 %zext_ln22_13" [matrix_mult.cpp:22]   --->   Operation 226 'mul' 'mul_ln22_83' <Predicate = true> <Delay = 4.17> <CoreInst = "Multiplier">   --->   Core 3 'Multiplier' <Latency = 0> <II = 1> <Delay = 4.17> <FuncUnit> <Opcode : 'mul'> <InPorts = 2> <OutPorts = 1>
ST_6 : Operation 227 [2/3] (1.05ns) (grouped into DSP with root node add_ln22_69)   --->   "%mul_ln22_87 = mul i16 %zext_ln22_44, i16 %zext_ln22_19" [matrix_mult.cpp:22]   --->   Operation 227 'mul' 'mul_ln22_87' <Predicate = true> <Delay = 1.05> <CoreInst = "DSP48">   --->   Core 116 'DSP48' <Latency = 3> <II = 1> <Delay = 2.15> <IPBlock> <Opcode : 'add' 'sub' 'mul' 'select'> <InPorts = 0> <OutPorts = 1> <Sync> <CReg>
ST_6 : Operation 228 [1/1] (4.17ns)   --->   "%mul_ln22_88 = mul i16 %zext_ln22_43, i16 %zext_ln22_18" [matrix_mult.cpp:22]   --->   Operation 228 'mul' 'mul_ln22_88' <Predicate = true> <Delay = 4.17> <CoreInst = "Multiplier">   --->   Core 3 'Multiplier' <Latency = 0> <II = 1> <Delay = 4.17> <FuncUnit> <Opcode : 'mul'> <InPorts = 2> <OutPorts = 1>
ST_6 : Operation 229 [2/3] (1.05ns) (grouped into DSP with root node add_ln22_73)   --->   "%mul_ln22_92 = mul i16 %zext_ln22_44, i16 %zext_ln22_24" [matrix_mult.cpp:22]   --->   Operation 229 'mul' 'mul_ln22_92' <Predicate = true> <Delay = 1.05> <CoreInst = "DSP48">   --->   Core 116 'DSP48' <Latency = 3> <II = 1> <Delay = 2.15> <IPBlock> <Opcode : 'add' 'sub' 'mul' 'select'> <InPorts = 0> <OutPorts = 1> <Sync> <CReg>
ST_6 : Operation 230 [1/1] (4.17ns)   --->   "%mul_ln22_93 = mul i16 %zext_ln22_43, i16 %zext_ln22_23" [matrix_mult.cpp:22]   --->   Operation 230 'mul' 'mul_ln22_93' <Predicate = true> <Delay = 4.17> <CoreInst = "Multiplier">   --->   Core 3 'Multiplier' <Latency = 0> <II = 1> <Delay = 4.17> <FuncUnit> <Opcode : 'mul'> <InPorts = 2> <OutPorts = 1>
ST_6 : Operation 231 [2/3] (1.05ns) (grouped into DSP with root node add_ln22_77)   --->   "%mul_ln22_97 = mul i16 %zext_ln22_44, i16 %zext_ln22_29" [matrix_mult.cpp:22]   --->   Operation 231 'mul' 'mul_ln22_97' <Predicate = true> <Delay = 1.05> <CoreInst = "DSP48">   --->   Core 116 'DSP48' <Latency = 3> <II = 1> <Delay = 2.15> <IPBlock> <Opcode : 'add' 'sub' 'mul' 'select'> <InPorts = 0> <OutPorts = 1> <Sync> <CReg>
ST_6 : Operation 232 [1/1] (4.17ns)   --->   "%mul_ln22_98 = mul i16 %zext_ln22_43, i16 %zext_ln22_28" [matrix_mult.cpp:22]   --->   Operation 232 'mul' 'mul_ln22_98' <Predicate = true> <Delay = 4.17> <CoreInst = "Multiplier">   --->   Core 3 'Multiplier' <Latency = 0> <II = 1> <Delay = 4.17> <FuncUnit> <Opcode : 'mul'> <InPorts = 2> <OutPorts = 1>
ST_6 : Operation 233 [2/3] (1.05ns) (grouped into DSP with root node add_ln22_81)   --->   "%mul_ln22_102 = mul i16 %zext_ln22_49, i16 %zext_ln22_9" [matrix_mult.cpp:22]   --->   Operation 233 'mul' 'mul_ln22_102' <Predicate = true> <Delay = 1.05> <CoreInst = "DSP48">   --->   Core 116 'DSP48' <Latency = 3> <II = 1> <Delay = 2.15> <IPBlock> <Opcode : 'add' 'sub' 'mul' 'select'> <InPorts = 0> <OutPorts = 1> <Sync> <CReg>
ST_6 : Operation 234 [2/3] (1.05ns) (grouped into DSP with root node add_ln22_85)   --->   "%mul_ln22_107 = mul i16 %zext_ln22_49, i16 %zext_ln22_14" [matrix_mult.cpp:22]   --->   Operation 234 'mul' 'mul_ln22_107' <Predicate = true> <Delay = 1.05> <CoreInst = "DSP48">   --->   Core 116 'DSP48' <Latency = 3> <II = 1> <Delay = 2.15> <IPBlock> <Opcode : 'add' 'sub' 'mul' 'select'> <InPorts = 0> <OutPorts = 1> <Sync> <CReg>
ST_6 : Operation 235 [3/3] (1.05ns) (grouped into DSP with root node add_ln22_89)   --->   "%mul_ln22_112 = mul i16 %zext_ln22_49, i16 %zext_ln22_19" [matrix_mult.cpp:22]   --->   Operation 235 'mul' 'mul_ln22_112' <Predicate = true> <Delay = 1.05> <CoreInst = "DSP48">   --->   Core 116 'DSP48' <Latency = 3> <II = 1> <Delay = 2.15> <IPBlock> <Opcode : 'add' 'sub' 'mul' 'select'> <InPorts = 0> <OutPorts = 1> <Sync> <CReg>
ST_6 : Operation 236 [3/3] (1.05ns) (grouped into DSP with root node add_ln22_93)   --->   "%mul_ln22_117 = mul i16 %zext_ln22_49, i16 %zext_ln22_24" [matrix_mult.cpp:22]   --->   Operation 236 'mul' 'mul_ln22_117' <Predicate = true> <Delay = 1.05> <CoreInst = "DSP48">   --->   Core 116 'DSP48' <Latency = 3> <II = 1> <Delay = 2.15> <IPBlock> <Opcode : 'add' 'sub' 'mul' 'select'> <InPorts = 0> <OutPorts = 1> <Sync> <CReg>
ST_6 : Operation 237 [3/3] (1.05ns) (grouped into DSP with root node add_ln22_97)   --->   "%mul_ln22_122 = mul i16 %zext_ln22_49, i16 %zext_ln22_29" [matrix_mult.cpp:22]   --->   Operation 237 'mul' 'mul_ln22_122' <Predicate = true> <Delay = 1.05> <CoreInst = "DSP48">   --->   Core 116 'DSP48' <Latency = 3> <II = 1> <Delay = 2.15> <IPBlock> <Opcode : 'add' 'sub' 'mul' 'select'> <InPorts = 0> <OutPorts = 1> <Sync> <CReg>

State 7 <SV = 6> <Delay = 6.27>
ST_7 : Operation 238 [1/1] (0.00ns)   --->   "%zext_ln22_4 = zext i8 %tmp_2" [matrix_mult.cpp:22]   --->   Operation 238 'zext' 'zext_ln22_4' <Predicate = true> <Delay = 0.00>
ST_7 : Operation 239 [1/1] (0.00ns)   --->   "%zext_ln22_5 = zext i8 %tmp_3" [matrix_mult.cpp:22]   --->   Operation 239 'zext' 'zext_ln22_5' <Predicate = true> <Delay = 0.00>
ST_7 : Operation 240 [2/3] (1.05ns) (grouped into DSP with root node add_ln22)   --->   "%mul_ln22 = mul i16 %zext_ln22_1, i16 %zext_ln22" [matrix_mult.cpp:22]   --->   Operation 240 'mul' 'mul_ln22' <Predicate = true> <Delay = 1.05> <CoreInst = "DSP48">   --->   Core 116 'DSP48' <Latency = 3> <II = 1> <Delay = 2.15> <IPBlock> <Opcode : 'add' 'sub' 'mul' 'select'> <InPorts = 0> <OutPorts = 1> <Sync> <CReg>
ST_7 : Operation 241 [3/3] (1.05ns) (grouped into DSP with root node add_ln22_2)   --->   "%mul_ln22_4 = mul i16 %zext_ln22_5, i16 %zext_ln22_4" [matrix_mult.cpp:22]   --->   Operation 241 'mul' 'mul_ln22_4' <Predicate = true> <Delay = 1.05> <CoreInst = "DSP48">   --->   Core 116 'DSP48' <Latency = 3> <II = 1> <Delay = 2.15> <IPBlock> <Opcode : 'add' 'sub' 'mul' 'select'> <InPorts = 0> <OutPorts = 1> <Sync> <CReg>
ST_7 : Operation 242 [1/1] (0.00ns)   --->   "%zext_ln22_12 = zext i8 %tmp_9" [matrix_mult.cpp:22]   --->   Operation 242 'zext' 'zext_ln22_12' <Predicate = true> <Delay = 0.00>
ST_7 : Operation 243 [2/3] (1.05ns) (grouped into DSP with root node add_ln22_4)   --->   "%mul_ln22_5 = mul i16 %zext_ln22_10, i16 %zext_ln22" [matrix_mult.cpp:22]   --->   Operation 243 'mul' 'mul_ln22_5' <Predicate = true> <Delay = 1.05> <CoreInst = "DSP48">   --->   Core 116 'DSP48' <Latency = 3> <II = 1> <Delay = 2.15> <IPBlock> <Opcode : 'add' 'sub' 'mul' 'select'> <InPorts = 0> <OutPorts = 1> <Sync> <CReg>
ST_7 : Operation 244 [3/3] (1.05ns) (grouped into DSP with root node add_ln22_6)   --->   "%mul_ln22_9 = mul i16 %zext_ln22_12, i16 %zext_ln22_4" [matrix_mult.cpp:22]   --->   Operation 244 'mul' 'mul_ln22_9' <Predicate = true> <Delay = 1.05> <CoreInst = "DSP48">   --->   Core 116 'DSP48' <Latency = 3> <II = 1> <Delay = 2.15> <IPBlock> <Opcode : 'add' 'sub' 'mul' 'select'> <InPorts = 0> <OutPorts = 1> <Sync> <CReg>
ST_7 : Operation 245 [2/3] (1.05ns) (grouped into DSP with root node add_ln22_8)   --->   "%mul_ln22_10 = mul i16 %zext_ln22_15, i16 %zext_ln22" [matrix_mult.cpp:22]   --->   Operation 245 'mul' 'mul_ln22_10' <Predicate = true> <Delay = 1.05> <CoreInst = "DSP48">   --->   Core 116 'DSP48' <Latency = 3> <II = 1> <Delay = 2.15> <IPBlock> <Opcode : 'add' 'sub' 'mul' 'select'> <InPorts = 0> <OutPorts = 1> <Sync> <CReg>
ST_7 : Operation 246 [1/1] (0.00ns)   --->   "%zext_ln22_20 = zext i8 %trunc_ln22_4" [matrix_mult.cpp:22]   --->   Operation 246 'zext' 'zext_ln22_20' <Predicate = true> <Delay = 0.00>
ST_7 : Operation 247 [3/3] (1.05ns) (grouped into DSP with root node add_ln22_12)   --->   "%mul_ln22_15 = mul i16 %zext_ln22_20, i16 %zext_ln22" [matrix_mult.cpp:22]   --->   Operation 247 'mul' 'mul_ln22_15' <Predicate = true> <Delay = 1.05> <CoreInst = "DSP48">   --->   Core 116 'DSP48' <Latency = 3> <II = 1> <Delay = 2.15> <IPBlock> <Opcode : 'add' 'sub' 'mul' 'select'> <InPorts = 0> <OutPorts = 1> <Sync> <CReg>
ST_7 : Operation 248 [1/1] (0.00ns)   --->   "%zext_ln22_25 = zext i8 %trunc_ln22_5" [matrix_mult.cpp:22]   --->   Operation 248 'zext' 'zext_ln22_25' <Predicate = true> <Delay = 0.00>
ST_7 : Operation 249 [3/3] (1.05ns) (grouped into DSP with root node add_ln22_16)   --->   "%mul_ln22_20 = mul i16 %zext_ln22_25, i16 %zext_ln22" [matrix_mult.cpp:22]   --->   Operation 249 'mul' 'mul_ln22_20' <Predicate = true> <Delay = 1.05> <CoreInst = "DSP48">   --->   Core 116 'DSP48' <Latency = 3> <II = 1> <Delay = 2.15> <IPBlock> <Opcode : 'add' 'sub' 'mul' 'select'> <InPorts = 0> <OutPorts = 1> <Sync> <CReg>
ST_7 : Operation 250 [1/2] (2.10ns) (root node of the DSP)   --->   "%add_ln22_17 = add i16 %mul_ln22_23, i16 %mul_ln22_22" [matrix_mult.cpp:22]   --->   Operation 250 'add' 'add_ln22_17' <Predicate = true> <Delay = 2.10> <CoreInst = "DSP48">   --->   Core 116 'DSP48' <Latency = 3> <II = 1> <Delay = 2.15> <IPBlock> <Opcode : 'add' 'sub' 'mul' 'select'> <InPorts = 0> <OutPorts = 1> <Sync> <CReg>
ST_7 : Operation 251 [1/1] (0.00ns)   --->   "%zext_ln22_30 = zext i8 %trunc_ln22_6" [matrix_mult.cpp:22]   --->   Operation 251 'zext' 'zext_ln22_30' <Predicate = true> <Delay = 0.00>
ST_7 : Operation 252 [3/3] (1.05ns) (grouped into DSP with root node add_ln22_20)   --->   "%mul_ln22_25 = mul i16 %zext_ln22_30, i16 %zext_ln22_1" [matrix_mult.cpp:22]   --->   Operation 252 'mul' 'mul_ln22_25' <Predicate = true> <Delay = 1.05> <CoreInst = "DSP48">   --->   Core 116 'DSP48' <Latency = 3> <II = 1> <Delay = 2.15> <IPBlock> <Opcode : 'add' 'sub' 'mul' 'select'> <InPorts = 0> <OutPorts = 1> <Sync> <CReg>
ST_7 : Operation 253 [3/3] (1.05ns) (grouped into DSP with root node add_ln22_24)   --->   "%mul_ln22_30 = mul i16 %zext_ln22_30, i16 %zext_ln22_10" [matrix_mult.cpp:22]   --->   Operation 253 'mul' 'mul_ln22_30' <Predicate = true> <Delay = 1.05> <CoreInst = "DSP48">   --->   Core 116 'DSP48' <Latency = 3> <II = 1> <Delay = 2.15> <IPBlock> <Opcode : 'add' 'sub' 'mul' 'select'> <InPorts = 0> <OutPorts = 1> <Sync> <CReg>
ST_7 : Operation 254 [1/2] (2.10ns) (root node of the DSP)   --->   "%add_ln22_37 = add i16 %mul_ln22_48, i16 %mul_ln22_47" [matrix_mult.cpp:22]   --->   Operation 254 'add' 'add_ln22_37' <Predicate = true> <Delay = 2.10> <CoreInst = "DSP48">   --->   Core 116 'DSP48' <Latency = 3> <II = 1> <Delay = 2.15> <IPBlock> <Opcode : 'add' 'sub' 'mul' 'select'> <InPorts = 0> <OutPorts = 1> <Sync> <CReg>
ST_7 : Operation 255 [1/2] (2.10ns) (root node of the DSP)   --->   "%add_ln22_49 = add i16 %mul_ln22_63, i16 %mul_ln22_62" [matrix_mult.cpp:22]   --->   Operation 255 'add' 'add_ln22_49' <Predicate = true> <Delay = 2.10> <CoreInst = "DSP48">   --->   Core 116 'DSP48' <Latency = 3> <II = 1> <Delay = 2.15> <IPBlock> <Opcode : 'add' 'sub' 'mul' 'select'> <InPorts = 0> <OutPorts = 1> <Sync> <CReg>
ST_7 : Operation 256 [1/2] (2.10ns) (root node of the DSP)   --->   "%add_ln22_53 = add i16 %mul_ln22_68, i16 %mul_ln22_67" [matrix_mult.cpp:22]   --->   Operation 256 'add' 'add_ln22_53' <Predicate = true> <Delay = 2.10> <CoreInst = "DSP48">   --->   Core 116 'DSP48' <Latency = 3> <II = 1> <Delay = 2.15> <IPBlock> <Opcode : 'add' 'sub' 'mul' 'select'> <InPorts = 0> <OutPorts = 1> <Sync> <CReg>
ST_7 : Operation 257 [1/2] (2.10ns) (root node of the DSP)   --->   "%add_ln22_57 = add i16 %mul_ln22_73, i16 %mul_ln22_72" [matrix_mult.cpp:22]   --->   Operation 257 'add' 'add_ln22_57' <Predicate = true> <Delay = 2.10> <CoreInst = "DSP48">   --->   Core 116 'DSP48' <Latency = 3> <II = 1> <Delay = 2.15> <IPBlock> <Opcode : 'add' 'sub' 'mul' 'select'> <InPorts = 0> <OutPorts = 1> <Sync> <CReg>
ST_7 : Operation 258 [1/2] (2.10ns) (root node of the DSP)   --->   "%add_ln22_61 = add i16 %mul_ln22_78, i16 %mul_ln22_77" [matrix_mult.cpp:22]   --->   Operation 258 'add' 'add_ln22_61' <Predicate = true> <Delay = 2.10> <CoreInst = "DSP48">   --->   Core 116 'DSP48' <Latency = 3> <II = 1> <Delay = 2.15> <IPBlock> <Opcode : 'add' 'sub' 'mul' 'select'> <InPorts = 0> <OutPorts = 1> <Sync> <CReg>
ST_7 : Operation 259 [1/3] (0.00ns) (grouped into DSP with root node add_ln22_65)   --->   "%mul_ln22_82 = mul i16 %zext_ln22_44, i16 %zext_ln22_14" [matrix_mult.cpp:22]   --->   Operation 259 'mul' 'mul_ln22_82' <Predicate = true> <Delay = 0.00> <CoreInst = "DSP48">   --->   Core 116 'DSP48' <Latency = 3> <II = 1> <Delay = 2.15> <IPBlock> <Opcode : 'add' 'sub' 'mul' 'select'> <InPorts = 0> <OutPorts = 1> <Sync> <CReg>
ST_7 : Operation 260 [2/2] (2.10ns) (root node of the DSP)   --->   "%add_ln22_65 = add i16 %mul_ln22_83, i16 %mul_ln22_82" [matrix_mult.cpp:22]   --->   Operation 260 'add' 'add_ln22_65' <Predicate = true> <Delay = 2.10> <CoreInst = "DSP48">   --->   Core 116 'DSP48' <Latency = 3> <II = 1> <Delay = 2.15> <IPBlock> <Opcode : 'add' 'sub' 'mul' 'select'> <InPorts = 0> <OutPorts = 1> <Sync> <CReg>
ST_7 : Operation 261 [1/3] (0.00ns) (grouped into DSP with root node add_ln22_69)   --->   "%mul_ln22_87 = mul i16 %zext_ln22_44, i16 %zext_ln22_19" [matrix_mult.cpp:22]   --->   Operation 261 'mul' 'mul_ln22_87' <Predicate = true> <Delay = 0.00> <CoreInst = "DSP48">   --->   Core 116 'DSP48' <Latency = 3> <II = 1> <Delay = 2.15> <IPBlock> <Opcode : 'add' 'sub' 'mul' 'select'> <InPorts = 0> <OutPorts = 1> <Sync> <CReg>
ST_7 : Operation 262 [2/2] (2.10ns) (root node of the DSP)   --->   "%add_ln22_69 = add i16 %mul_ln22_88, i16 %mul_ln22_87" [matrix_mult.cpp:22]   --->   Operation 262 'add' 'add_ln22_69' <Predicate = true> <Delay = 2.10> <CoreInst = "DSP48">   --->   Core 116 'DSP48' <Latency = 3> <II = 1> <Delay = 2.15> <IPBlock> <Opcode : 'add' 'sub' 'mul' 'select'> <InPorts = 0> <OutPorts = 1> <Sync> <CReg>
ST_7 : Operation 263 [1/3] (0.00ns) (grouped into DSP with root node add_ln22_73)   --->   "%mul_ln22_92 = mul i16 %zext_ln22_44, i16 %zext_ln22_24" [matrix_mult.cpp:22]   --->   Operation 263 'mul' 'mul_ln22_92' <Predicate = true> <Delay = 0.00> <CoreInst = "DSP48">   --->   Core 116 'DSP48' <Latency = 3> <II = 1> <Delay = 2.15> <IPBlock> <Opcode : 'add' 'sub' 'mul' 'select'> <InPorts = 0> <OutPorts = 1> <Sync> <CReg>
ST_7 : Operation 264 [2/2] (2.10ns) (root node of the DSP)   --->   "%add_ln22_73 = add i16 %mul_ln22_93, i16 %mul_ln22_92" [matrix_mult.cpp:22]   --->   Operation 264 'add' 'add_ln22_73' <Predicate = true> <Delay = 2.10> <CoreInst = "DSP48">   --->   Core 116 'DSP48' <Latency = 3> <II = 1> <Delay = 2.15> <IPBlock> <Opcode : 'add' 'sub' 'mul' 'select'> <InPorts = 0> <OutPorts = 1> <Sync> <CReg>
ST_7 : Operation 265 [1/3] (0.00ns) (grouped into DSP with root node add_ln22_77)   --->   "%mul_ln22_97 = mul i16 %zext_ln22_44, i16 %zext_ln22_29" [matrix_mult.cpp:22]   --->   Operation 265 'mul' 'mul_ln22_97' <Predicate = true> <Delay = 0.00> <CoreInst = "DSP48">   --->   Core 116 'DSP48' <Latency = 3> <II = 1> <Delay = 2.15> <IPBlock> <Opcode : 'add' 'sub' 'mul' 'select'> <InPorts = 0> <OutPorts = 1> <Sync> <CReg>
ST_7 : Operation 266 [2/2] (2.10ns) (root node of the DSP)   --->   "%add_ln22_77 = add i16 %mul_ln22_98, i16 %mul_ln22_97" [matrix_mult.cpp:22]   --->   Operation 266 'add' 'add_ln22_77' <Predicate = true> <Delay = 2.10> <CoreInst = "DSP48">   --->   Core 116 'DSP48' <Latency = 3> <II = 1> <Delay = 2.15> <IPBlock> <Opcode : 'add' 'sub' 'mul' 'select'> <InPorts = 0> <OutPorts = 1> <Sync> <CReg>
ST_7 : Operation 267 [1/1] (0.00ns)   --->   "%zext_ln22_48 = zext i8 %tmp_37" [matrix_mult.cpp:22]   --->   Operation 267 'zext' 'zext_ln22_48' <Predicate = true> <Delay = 0.00>
ST_7 : Operation 268 [1/3] (0.00ns) (grouped into DSP with root node add_ln22_81)   --->   "%mul_ln22_102 = mul i16 %zext_ln22_49, i16 %zext_ln22_9" [matrix_mult.cpp:22]   --->   Operation 268 'mul' 'mul_ln22_102' <Predicate = true> <Delay = 0.00> <CoreInst = "DSP48">   --->   Core 116 'DSP48' <Latency = 3> <II = 1> <Delay = 2.15> <IPBlock> <Opcode : 'add' 'sub' 'mul' 'select'> <InPorts = 0> <OutPorts = 1> <Sync> <CReg>
ST_7 : Operation 269 [1/1] (4.17ns)   --->   "%mul_ln22_103 = mul i16 %zext_ln22_48, i16 %zext_ln22_7" [matrix_mult.cpp:22]   --->   Operation 269 'mul' 'mul_ln22_103' <Predicate = true> <Delay = 4.17> <CoreInst = "Multiplier">   --->   Core 3 'Multiplier' <Latency = 0> <II = 1> <Delay = 4.17> <FuncUnit> <Opcode : 'mul'> <InPorts = 2> <OutPorts = 1>
ST_7 : Operation 270 [2/2] (2.10ns) (root node of the DSP)   --->   "%add_ln22_81 = add i16 %mul_ln22_103, i16 %mul_ln22_102" [matrix_mult.cpp:22]   --->   Operation 270 'add' 'add_ln22_81' <Predicate = true> <Delay = 2.10> <CoreInst = "DSP48">   --->   Core 116 'DSP48' <Latency = 3> <II = 1> <Delay = 2.15> <IPBlock> <Opcode : 'add' 'sub' 'mul' 'select'> <InPorts = 0> <OutPorts = 1> <Sync> <CReg>
ST_7 : Operation 271 [1/3] (0.00ns) (grouped into DSP with root node add_ln22_85)   --->   "%mul_ln22_107 = mul i16 %zext_ln22_49, i16 %zext_ln22_14" [matrix_mult.cpp:22]   --->   Operation 271 'mul' 'mul_ln22_107' <Predicate = true> <Delay = 0.00> <CoreInst = "DSP48">   --->   Core 116 'DSP48' <Latency = 3> <II = 1> <Delay = 2.15> <IPBlock> <Opcode : 'add' 'sub' 'mul' 'select'> <InPorts = 0> <OutPorts = 1> <Sync> <CReg>
ST_7 : Operation 272 [1/1] (4.17ns)   --->   "%mul_ln22_108 = mul i16 %zext_ln22_48, i16 %zext_ln22_13" [matrix_mult.cpp:22]   --->   Operation 272 'mul' 'mul_ln22_108' <Predicate = true> <Delay = 4.17> <CoreInst = "Multiplier">   --->   Core 3 'Multiplier' <Latency = 0> <II = 1> <Delay = 4.17> <FuncUnit> <Opcode : 'mul'> <InPorts = 2> <OutPorts = 1>
ST_7 : Operation 273 [2/2] (2.10ns) (root node of the DSP)   --->   "%add_ln22_85 = add i16 %mul_ln22_108, i16 %mul_ln22_107" [matrix_mult.cpp:22]   --->   Operation 273 'add' 'add_ln22_85' <Predicate = true> <Delay = 2.10> <CoreInst = "DSP48">   --->   Core 116 'DSP48' <Latency = 3> <II = 1> <Delay = 2.15> <IPBlock> <Opcode : 'add' 'sub' 'mul' 'select'> <InPorts = 0> <OutPorts = 1> <Sync> <CReg>
ST_7 : Operation 274 [2/3] (1.05ns) (grouped into DSP with root node add_ln22_89)   --->   "%mul_ln22_112 = mul i16 %zext_ln22_49, i16 %zext_ln22_19" [matrix_mult.cpp:22]   --->   Operation 274 'mul' 'mul_ln22_112' <Predicate = true> <Delay = 1.05> <CoreInst = "DSP48">   --->   Core 116 'DSP48' <Latency = 3> <II = 1> <Delay = 2.15> <IPBlock> <Opcode : 'add' 'sub' 'mul' 'select'> <InPorts = 0> <OutPorts = 1> <Sync> <CReg>
ST_7 : Operation 275 [1/1] (4.17ns)   --->   "%mul_ln22_113 = mul i16 %zext_ln22_48, i16 %zext_ln22_18" [matrix_mult.cpp:22]   --->   Operation 275 'mul' 'mul_ln22_113' <Predicate = true> <Delay = 4.17> <CoreInst = "Multiplier">   --->   Core 3 'Multiplier' <Latency = 0> <II = 1> <Delay = 4.17> <FuncUnit> <Opcode : 'mul'> <InPorts = 2> <OutPorts = 1>
ST_7 : Operation 276 [2/3] (1.05ns) (grouped into DSP with root node add_ln22_93)   --->   "%mul_ln22_117 = mul i16 %zext_ln22_49, i16 %zext_ln22_24" [matrix_mult.cpp:22]   --->   Operation 276 'mul' 'mul_ln22_117' <Predicate = true> <Delay = 1.05> <CoreInst = "DSP48">   --->   Core 116 'DSP48' <Latency = 3> <II = 1> <Delay = 2.15> <IPBlock> <Opcode : 'add' 'sub' 'mul' 'select'> <InPorts = 0> <OutPorts = 1> <Sync> <CReg>
ST_7 : Operation 277 [1/1] (4.17ns)   --->   "%mul_ln22_118 = mul i16 %zext_ln22_48, i16 %zext_ln22_23" [matrix_mult.cpp:22]   --->   Operation 277 'mul' 'mul_ln22_118' <Predicate = true> <Delay = 4.17> <CoreInst = "Multiplier">   --->   Core 3 'Multiplier' <Latency = 0> <II = 1> <Delay = 4.17> <FuncUnit> <Opcode : 'mul'> <InPorts = 2> <OutPorts = 1>
ST_7 : Operation 278 [2/3] (1.05ns) (grouped into DSP with root node add_ln22_97)   --->   "%mul_ln22_122 = mul i16 %zext_ln22_49, i16 %zext_ln22_29" [matrix_mult.cpp:22]   --->   Operation 278 'mul' 'mul_ln22_122' <Predicate = true> <Delay = 1.05> <CoreInst = "DSP48">   --->   Core 116 'DSP48' <Latency = 3> <II = 1> <Delay = 2.15> <IPBlock> <Opcode : 'add' 'sub' 'mul' 'select'> <InPorts = 0> <OutPorts = 1> <Sync> <CReg>

State 8 <SV = 7> <Delay = 6.27>
ST_8 : Operation 279 [1/1] (0.00ns)   --->   "%zext_ln22_2 = zext i8 %tmp" [matrix_mult.cpp:22]   --->   Operation 279 'zext' 'zext_ln22_2' <Predicate = true> <Delay = 0.00>
ST_8 : Operation 280 [1/1] (0.00ns)   --->   "%zext_ln22_3 = zext i8 %tmp_1" [matrix_mult.cpp:22]   --->   Operation 280 'zext' 'zext_ln22_3' <Predicate = true> <Delay = 0.00>
ST_8 : Operation 281 [1/3] (0.00ns) (grouped into DSP with root node add_ln22)   --->   "%mul_ln22 = mul i16 %zext_ln22_1, i16 %zext_ln22" [matrix_mult.cpp:22]   --->   Operation 281 'mul' 'mul_ln22' <Predicate = true> <Delay = 0.00> <CoreInst = "DSP48">   --->   Core 116 'DSP48' <Latency = 3> <II = 1> <Delay = 2.15> <IPBlock> <Opcode : 'add' 'sub' 'mul' 'select'> <InPorts = 0> <OutPorts = 1> <Sync> <CReg>
ST_8 : Operation 282 [1/1] (4.17ns)   --->   "%mul_ln22_1 = mul i16 %zext_ln22_3, i16 %zext_ln22_2" [matrix_mult.cpp:22]   --->   Operation 282 'mul' 'mul_ln22_1' <Predicate = true> <Delay = 4.17> <CoreInst = "Multiplier">   --->   Core 3 'Multiplier' <Latency = 0> <II = 1> <Delay = 4.17> <FuncUnit> <Opcode : 'mul'> <InPorts = 2> <OutPorts = 1>
ST_8 : Operation 283 [2/3] (1.05ns) (grouped into DSP with root node add_ln22_2)   --->   "%mul_ln22_4 = mul i16 %zext_ln22_5, i16 %zext_ln22_4" [matrix_mult.cpp:22]   --->   Operation 283 'mul' 'mul_ln22_4' <Predicate = true> <Delay = 1.05> <CoreInst = "DSP48">   --->   Core 116 'DSP48' <Latency = 3> <II = 1> <Delay = 2.15> <IPBlock> <Opcode : 'add' 'sub' 'mul' 'select'> <InPorts = 0> <OutPorts = 1> <Sync> <CReg>
ST_8 : Operation 284 [2/2] (2.10ns) (root node of the DSP)   --->   "%add_ln22 = add i16 %mul_ln22_1, i16 %mul_ln22" [matrix_mult.cpp:22]   --->   Operation 284 'add' 'add_ln22' <Predicate = true> <Delay = 2.10> <CoreInst = "DSP48">   --->   Core 116 'DSP48' <Latency = 3> <II = 1> <Delay = 2.15> <IPBlock> <Opcode : 'add' 'sub' 'mul' 'select'> <InPorts = 0> <OutPorts = 1> <Sync> <CReg>
ST_8 : Operation 285 [1/1] (0.00ns)   --->   "%zext_ln22_11 = zext i8 %tmp_8" [matrix_mult.cpp:22]   --->   Operation 285 'zext' 'zext_ln22_11' <Predicate = true> <Delay = 0.00>
ST_8 : Operation 286 [1/3] (0.00ns) (grouped into DSP with root node add_ln22_4)   --->   "%mul_ln22_5 = mul i16 %zext_ln22_10, i16 %zext_ln22" [matrix_mult.cpp:22]   --->   Operation 286 'mul' 'mul_ln22_5' <Predicate = true> <Delay = 0.00> <CoreInst = "DSP48">   --->   Core 116 'DSP48' <Latency = 3> <II = 1> <Delay = 2.15> <IPBlock> <Opcode : 'add' 'sub' 'mul' 'select'> <InPorts = 0> <OutPorts = 1> <Sync> <CReg>
ST_8 : Operation 287 [1/1] (4.17ns)   --->   "%mul_ln22_6 = mul i16 %zext_ln22_11, i16 %zext_ln22_2" [matrix_mult.cpp:22]   --->   Operation 287 'mul' 'mul_ln22_6' <Predicate = true> <Delay = 4.17> <CoreInst = "Multiplier">   --->   Core 3 'Multiplier' <Latency = 0> <II = 1> <Delay = 4.17> <FuncUnit> <Opcode : 'mul'> <InPorts = 2> <OutPorts = 1>
ST_8 : Operation 288 [2/3] (1.05ns) (grouped into DSP with root node add_ln22_6)   --->   "%mul_ln22_9 = mul i16 %zext_ln22_12, i16 %zext_ln22_4" [matrix_mult.cpp:22]   --->   Operation 288 'mul' 'mul_ln22_9' <Predicate = true> <Delay = 1.05> <CoreInst = "DSP48">   --->   Core 116 'DSP48' <Latency = 3> <II = 1> <Delay = 2.15> <IPBlock> <Opcode : 'add' 'sub' 'mul' 'select'> <InPorts = 0> <OutPorts = 1> <Sync> <CReg>
ST_8 : Operation 289 [2/2] (2.10ns) (root node of the DSP)   --->   "%add_ln22_4 = add i16 %mul_ln22_6, i16 %mul_ln22_5" [matrix_mult.cpp:22]   --->   Operation 289 'add' 'add_ln22_4' <Predicate = true> <Delay = 2.10> <CoreInst = "DSP48">   --->   Core 116 'DSP48' <Latency = 3> <II = 1> <Delay = 2.15> <IPBlock> <Opcode : 'add' 'sub' 'mul' 'select'> <InPorts = 0> <OutPorts = 1> <Sync> <CReg>
ST_8 : Operation 290 [1/1] (0.00ns)   --->   "%zext_ln22_16 = zext i8 %tmp_11" [matrix_mult.cpp:22]   --->   Operation 290 'zext' 'zext_ln22_16' <Predicate = true> <Delay = 0.00>
ST_8 : Operation 291 [1/1] (0.00ns)   --->   "%zext_ln22_17 = zext i8 %tmp_12" [matrix_mult.cpp:22]   --->   Operation 291 'zext' 'zext_ln22_17' <Predicate = true> <Delay = 0.00>
ST_8 : Operation 292 [1/3] (0.00ns) (grouped into DSP with root node add_ln22_8)   --->   "%mul_ln22_10 = mul i16 %zext_ln22_15, i16 %zext_ln22" [matrix_mult.cpp:22]   --->   Operation 292 'mul' 'mul_ln22_10' <Predicate = true> <Delay = 0.00> <CoreInst = "DSP48">   --->   Core 116 'DSP48' <Latency = 3> <II = 1> <Delay = 2.15> <IPBlock> <Opcode : 'add' 'sub' 'mul' 'select'> <InPorts = 0> <OutPorts = 1> <Sync> <CReg>
ST_8 : Operation 293 [1/1] (4.17ns)   --->   "%mul_ln22_11 = mul i16 %zext_ln22_16, i16 %zext_ln22_2" [matrix_mult.cpp:22]   --->   Operation 293 'mul' 'mul_ln22_11' <Predicate = true> <Delay = 4.17> <CoreInst = "Multiplier">   --->   Core 3 'Multiplier' <Latency = 0> <II = 1> <Delay = 4.17> <FuncUnit> <Opcode : 'mul'> <InPorts = 2> <OutPorts = 1>
ST_8 : Operation 294 [3/3] (1.05ns) (grouped into DSP with root node add_ln22_10)   --->   "%mul_ln22_14 = mul i16 %zext_ln22_17, i16 %zext_ln22_4" [matrix_mult.cpp:22]   --->   Operation 294 'mul' 'mul_ln22_14' <Predicate = true> <Delay = 1.05> <CoreInst = "DSP48">   --->   Core 116 'DSP48' <Latency = 3> <II = 1> <Delay = 2.15> <IPBlock> <Opcode : 'add' 'sub' 'mul' 'select'> <InPorts = 0> <OutPorts = 1> <Sync> <CReg>
ST_8 : Operation 295 [2/2] (2.10ns) (root node of the DSP)   --->   "%add_ln22_8 = add i16 %mul_ln22_11, i16 %mul_ln22_10" [matrix_mult.cpp:22]   --->   Operation 295 'add' 'add_ln22_8' <Predicate = true> <Delay = 2.10> <CoreInst = "DSP48">   --->   Core 116 'DSP48' <Latency = 3> <II = 1> <Delay = 2.15> <IPBlock> <Opcode : 'add' 'sub' 'mul' 'select'> <InPorts = 0> <OutPorts = 1> <Sync> <CReg>
ST_8 : Operation 296 [1/1] (0.00ns)   --->   "%zext_ln22_22 = zext i8 %tmp_16" [matrix_mult.cpp:22]   --->   Operation 296 'zext' 'zext_ln22_22' <Predicate = true> <Delay = 0.00>
ST_8 : Operation 297 [2/3] (1.05ns) (grouped into DSP with root node add_ln22_12)   --->   "%mul_ln22_15 = mul i16 %zext_ln22_20, i16 %zext_ln22" [matrix_mult.cpp:22]   --->   Operation 297 'mul' 'mul_ln22_15' <Predicate = true> <Delay = 1.05> <CoreInst = "DSP48">   --->   Core 116 'DSP48' <Latency = 3> <II = 1> <Delay = 2.15> <IPBlock> <Opcode : 'add' 'sub' 'mul' 'select'> <InPorts = 0> <OutPorts = 1> <Sync> <CReg>
ST_8 : Operation 298 [3/3] (1.05ns) (grouped into DSP with root node add_ln22_14)   --->   "%mul_ln22_19 = mul i16 %zext_ln22_22, i16 %zext_ln22_4" [matrix_mult.cpp:22]   --->   Operation 298 'mul' 'mul_ln22_19' <Predicate = true> <Delay = 1.05> <CoreInst = "DSP48">   --->   Core 116 'DSP48' <Latency = 3> <II = 1> <Delay = 2.15> <IPBlock> <Opcode : 'add' 'sub' 'mul' 'select'> <InPorts = 0> <OutPorts = 1> <Sync> <CReg>
ST_8 : Operation 299 [2/3] (1.05ns) (grouped into DSP with root node add_ln22_16)   --->   "%mul_ln22_20 = mul i16 %zext_ln22_25, i16 %zext_ln22" [matrix_mult.cpp:22]   --->   Operation 299 'mul' 'mul_ln22_20' <Predicate = true> <Delay = 1.05> <CoreInst = "DSP48">   --->   Core 116 'DSP48' <Latency = 3> <II = 1> <Delay = 2.15> <IPBlock> <Opcode : 'add' 'sub' 'mul' 'select'> <InPorts = 0> <OutPorts = 1> <Sync> <CReg>
ST_8 : Operation 300 [2/3] (1.05ns) (grouped into DSP with root node add_ln22_20)   --->   "%mul_ln22_25 = mul i16 %zext_ln22_30, i16 %zext_ln22_1" [matrix_mult.cpp:22]   --->   Operation 300 'mul' 'mul_ln22_25' <Predicate = true> <Delay = 1.05> <CoreInst = "DSP48">   --->   Core 116 'DSP48' <Latency = 3> <II = 1> <Delay = 2.15> <IPBlock> <Opcode : 'add' 'sub' 'mul' 'select'> <InPorts = 0> <OutPorts = 1> <Sync> <CReg>
ST_8 : Operation 301 [2/3] (1.05ns) (grouped into DSP with root node add_ln22_24)   --->   "%mul_ln22_30 = mul i16 %zext_ln22_30, i16 %zext_ln22_10" [matrix_mult.cpp:22]   --->   Operation 301 'mul' 'mul_ln22_30' <Predicate = true> <Delay = 1.05> <CoreInst = "DSP48">   --->   Core 116 'DSP48' <Latency = 3> <II = 1> <Delay = 2.15> <IPBlock> <Opcode : 'add' 'sub' 'mul' 'select'> <InPorts = 0> <OutPorts = 1> <Sync> <CReg>
ST_8 : Operation 302 [3/3] (1.05ns) (grouped into DSP with root node add_ln22_28)   --->   "%mul_ln22_35 = mul i16 %zext_ln22_30, i16 %zext_ln22_15" [matrix_mult.cpp:22]   --->   Operation 302 'mul' 'mul_ln22_35' <Predicate = true> <Delay = 1.05> <CoreInst = "DSP48">   --->   Core 116 'DSP48' <Latency = 3> <II = 1> <Delay = 2.15> <IPBlock> <Opcode : 'add' 'sub' 'mul' 'select'> <InPorts = 0> <OutPorts = 1> <Sync> <CReg>
ST_8 : Operation 303 [3/3] (1.05ns) (grouped into DSP with root node add_ln22_32)   --->   "%mul_ln22_40 = mul i16 %zext_ln22_30, i16 %zext_ln22_20" [matrix_mult.cpp:22]   --->   Operation 303 'mul' 'mul_ln22_40' <Predicate = true> <Delay = 1.05> <CoreInst = "DSP48">   --->   Core 116 'DSP48' <Latency = 3> <II = 1> <Delay = 2.15> <IPBlock> <Opcode : 'add' 'sub' 'mul' 'select'> <InPorts = 0> <OutPorts = 1> <Sync> <CReg>
ST_8 : Operation 304 [3/3] (1.05ns) (grouped into DSP with root node add_ln22_36)   --->   "%mul_ln22_45 = mul i16 %zext_ln22_30, i16 %zext_ln22_25" [matrix_mult.cpp:22]   --->   Operation 304 'mul' 'mul_ln22_45' <Predicate = true> <Delay = 1.05> <CoreInst = "DSP48">   --->   Core 116 'DSP48' <Latency = 3> <II = 1> <Delay = 2.15> <IPBlock> <Opcode : 'add' 'sub' 'mul' 'select'> <InPorts = 0> <OutPorts = 1> <Sync> <CReg>
ST_8 : Operation 305 [1/1] (0.00ns)   --->   "%zext_ln22_35 = zext i8 %trunc_ln22_7" [matrix_mult.cpp:22]   --->   Operation 305 'zext' 'zext_ln22_35' <Predicate = true> <Delay = 0.00>
ST_8 : Operation 306 [3/3] (1.05ns) (grouped into DSP with root node add_ln22_40)   --->   "%mul_ln22_50 = mul i16 %zext_ln22_35, i16 %zext_ln22_1" [matrix_mult.cpp:22]   --->   Operation 306 'mul' 'mul_ln22_50' <Predicate = true> <Delay = 1.05> <CoreInst = "DSP48">   --->   Core 116 'DSP48' <Latency = 3> <II = 1> <Delay = 2.15> <IPBlock> <Opcode : 'add' 'sub' 'mul' 'select'> <InPorts = 0> <OutPorts = 1> <Sync> <CReg>
ST_8 : Operation 307 [1/2] (2.10ns) (root node of the DSP)   --->   "%add_ln22_65 = add i16 %mul_ln22_83, i16 %mul_ln22_82" [matrix_mult.cpp:22]   --->   Operation 307 'add' 'add_ln22_65' <Predicate = true> <Delay = 2.10> <CoreInst = "DSP48">   --->   Core 116 'DSP48' <Latency = 3> <II = 1> <Delay = 2.15> <IPBlock> <Opcode : 'add' 'sub' 'mul' 'select'> <InPorts = 0> <OutPorts = 1> <Sync> <CReg>
ST_8 : Operation 308 [1/2] (2.10ns) (root node of the DSP)   --->   "%add_ln22_69 = add i16 %mul_ln22_88, i16 %mul_ln22_87" [matrix_mult.cpp:22]   --->   Operation 308 'add' 'add_ln22_69' <Predicate = true> <Delay = 2.10> <CoreInst = "DSP48">   --->   Core 116 'DSP48' <Latency = 3> <II = 1> <Delay = 2.15> <IPBlock> <Opcode : 'add' 'sub' 'mul' 'select'> <InPorts = 0> <OutPorts = 1> <Sync> <CReg>
ST_8 : Operation 309 [1/2] (2.10ns) (root node of the DSP)   --->   "%add_ln22_73 = add i16 %mul_ln22_93, i16 %mul_ln22_92" [matrix_mult.cpp:22]   --->   Operation 309 'add' 'add_ln22_73' <Predicate = true> <Delay = 2.10> <CoreInst = "DSP48">   --->   Core 116 'DSP48' <Latency = 3> <II = 1> <Delay = 2.15> <IPBlock> <Opcode : 'add' 'sub' 'mul' 'select'> <InPorts = 0> <OutPorts = 1> <Sync> <CReg>
ST_8 : Operation 310 [1/2] (2.10ns) (root node of the DSP)   --->   "%add_ln22_77 = add i16 %mul_ln22_98, i16 %mul_ln22_97" [matrix_mult.cpp:22]   --->   Operation 310 'add' 'add_ln22_77' <Predicate = true> <Delay = 2.10> <CoreInst = "DSP48">   --->   Core 116 'DSP48' <Latency = 3> <II = 1> <Delay = 2.15> <IPBlock> <Opcode : 'add' 'sub' 'mul' 'select'> <InPorts = 0> <OutPorts = 1> <Sync> <CReg>
ST_8 : Operation 311 [1/2] (2.10ns) (root node of the DSP)   --->   "%add_ln22_81 = add i16 %mul_ln22_103, i16 %mul_ln22_102" [matrix_mult.cpp:22]   --->   Operation 311 'add' 'add_ln22_81' <Predicate = true> <Delay = 2.10> <CoreInst = "DSP48">   --->   Core 116 'DSP48' <Latency = 3> <II = 1> <Delay = 2.15> <IPBlock> <Opcode : 'add' 'sub' 'mul' 'select'> <InPorts = 0> <OutPorts = 1> <Sync> <CReg>
ST_8 : Operation 312 [1/2] (2.10ns) (root node of the DSP)   --->   "%add_ln22_85 = add i16 %mul_ln22_108, i16 %mul_ln22_107" [matrix_mult.cpp:22]   --->   Operation 312 'add' 'add_ln22_85' <Predicate = true> <Delay = 2.10> <CoreInst = "DSP48">   --->   Core 116 'DSP48' <Latency = 3> <II = 1> <Delay = 2.15> <IPBlock> <Opcode : 'add' 'sub' 'mul' 'select'> <InPorts = 0> <OutPorts = 1> <Sync> <CReg>
ST_8 : Operation 313 [1/3] (0.00ns) (grouped into DSP with root node add_ln22_89)   --->   "%mul_ln22_112 = mul i16 %zext_ln22_49, i16 %zext_ln22_19" [matrix_mult.cpp:22]   --->   Operation 313 'mul' 'mul_ln22_112' <Predicate = true> <Delay = 0.00> <CoreInst = "DSP48">   --->   Core 116 'DSP48' <Latency = 3> <II = 1> <Delay = 2.15> <IPBlock> <Opcode : 'add' 'sub' 'mul' 'select'> <InPorts = 0> <OutPorts = 1> <Sync> <CReg>
ST_8 : Operation 314 [2/2] (2.10ns) (root node of the DSP)   --->   "%add_ln22_89 = add i16 %mul_ln22_113, i16 %mul_ln22_112" [matrix_mult.cpp:22]   --->   Operation 314 'add' 'add_ln22_89' <Predicate = true> <Delay = 2.10> <CoreInst = "DSP48">   --->   Core 116 'DSP48' <Latency = 3> <II = 1> <Delay = 2.15> <IPBlock> <Opcode : 'add' 'sub' 'mul' 'select'> <InPorts = 0> <OutPorts = 1> <Sync> <CReg>
ST_8 : Operation 315 [1/3] (0.00ns) (grouped into DSP with root node add_ln22_93)   --->   "%mul_ln22_117 = mul i16 %zext_ln22_49, i16 %zext_ln22_24" [matrix_mult.cpp:22]   --->   Operation 315 'mul' 'mul_ln22_117' <Predicate = true> <Delay = 0.00> <CoreInst = "DSP48">   --->   Core 116 'DSP48' <Latency = 3> <II = 1> <Delay = 2.15> <IPBlock> <Opcode : 'add' 'sub' 'mul' 'select'> <InPorts = 0> <OutPorts = 1> <Sync> <CReg>
ST_8 : Operation 316 [2/2] (2.10ns) (root node of the DSP)   --->   "%add_ln22_93 = add i16 %mul_ln22_118, i16 %mul_ln22_117" [matrix_mult.cpp:22]   --->   Operation 316 'add' 'add_ln22_93' <Predicate = true> <Delay = 2.10> <CoreInst = "DSP48">   --->   Core 116 'DSP48' <Latency = 3> <II = 1> <Delay = 2.15> <IPBlock> <Opcode : 'add' 'sub' 'mul' 'select'> <InPorts = 0> <OutPorts = 1> <Sync> <CReg>
ST_8 : Operation 317 [1/3] (0.00ns) (grouped into DSP with root node add_ln22_97)   --->   "%mul_ln22_122 = mul i16 %zext_ln22_49, i16 %zext_ln22_29" [matrix_mult.cpp:22]   --->   Operation 317 'mul' 'mul_ln22_122' <Predicate = true> <Delay = 0.00> <CoreInst = "DSP48">   --->   Core 116 'DSP48' <Latency = 3> <II = 1> <Delay = 2.15> <IPBlock> <Opcode : 'add' 'sub' 'mul' 'select'> <InPorts = 0> <OutPorts = 1> <Sync> <CReg>
ST_8 : Operation 318 [1/1] (4.17ns)   --->   "%mul_ln22_123 = mul i16 %zext_ln22_48, i16 %zext_ln22_28" [matrix_mult.cpp:22]   --->   Operation 318 'mul' 'mul_ln22_123' <Predicate = true> <Delay = 4.17> <CoreInst = "Multiplier">   --->   Core 3 'Multiplier' <Latency = 0> <II = 1> <Delay = 4.17> <FuncUnit> <Opcode : 'mul'> <InPorts = 2> <OutPorts = 1>
ST_8 : Operation 319 [2/2] (2.10ns) (root node of the DSP)   --->   "%add_ln22_97 = add i16 %mul_ln22_123, i16 %mul_ln22_122" [matrix_mult.cpp:22]   --->   Operation 319 'add' 'add_ln22_97' <Predicate = true> <Delay = 2.10> <CoreInst = "DSP48">   --->   Core 116 'DSP48' <Latency = 3> <II = 1> <Delay = 2.15> <IPBlock> <Opcode : 'add' 'sub' 'mul' 'select'> <InPorts = 0> <OutPorts = 1> <Sync> <CReg>

State 9 <SV = 8> <Delay = 6.27>
ST_9 : Operation 320 [1/3] (0.00ns) (grouped into DSP with root node add_ln22_2)   --->   "%mul_ln22_4 = mul i16 %zext_ln22_5, i16 %zext_ln22_4" [matrix_mult.cpp:22]   --->   Operation 320 'mul' 'mul_ln22_4' <Predicate = true> <Delay = 0.00> <CoreInst = "DSP48">   --->   Core 116 'DSP48' <Latency = 3> <II = 1> <Delay = 2.15> <IPBlock> <Opcode : 'add' 'sub' 'mul' 'select'> <InPorts = 0> <OutPorts = 1> <Sync> <CReg>
ST_9 : Operation 321 [1/2] (2.10ns) (root node of the DSP)   --->   "%add_ln22 = add i16 %mul_ln22_1, i16 %mul_ln22" [matrix_mult.cpp:22]   --->   Operation 321 'add' 'add_ln22' <Predicate = true> <Delay = 2.10> <CoreInst = "DSP48">   --->   Core 116 'DSP48' <Latency = 3> <II = 1> <Delay = 2.15> <IPBlock> <Opcode : 'add' 'sub' 'mul' 'select'> <InPorts = 0> <OutPorts = 1> <Sync> <CReg>
ST_9 : Operation 322 [2/2] (2.10ns) (root node of the DSP)   --->   "%add_ln22_2 = add i16 %add_ln22_1, i16 %mul_ln22_4" [matrix_mult.cpp:22]   --->   Operation 322 'add' 'add_ln22_2' <Predicate = true> <Delay = 2.10> <CoreInst = "DSP48">   --->   Core 116 'DSP48' <Latency = 3> <II = 1> <Delay = 2.15> <IPBlock> <Opcode : 'add' 'sub' 'mul' 'select'> <InPorts = 0> <OutPorts = 1> <Sync> <CReg>
ST_9 : Operation 323 [1/3] (0.00ns) (grouped into DSP with root node add_ln22_6)   --->   "%mul_ln22_9 = mul i16 %zext_ln22_12, i16 %zext_ln22_4" [matrix_mult.cpp:22]   --->   Operation 323 'mul' 'mul_ln22_9' <Predicate = true> <Delay = 0.00> <CoreInst = "DSP48">   --->   Core 116 'DSP48' <Latency = 3> <II = 1> <Delay = 2.15> <IPBlock> <Opcode : 'add' 'sub' 'mul' 'select'> <InPorts = 0> <OutPorts = 1> <Sync> <CReg>
ST_9 : Operation 324 [1/2] (2.10ns) (root node of the DSP)   --->   "%add_ln22_4 = add i16 %mul_ln22_6, i16 %mul_ln22_5" [matrix_mult.cpp:22]   --->   Operation 324 'add' 'add_ln22_4' <Predicate = true> <Delay = 2.10> <CoreInst = "DSP48">   --->   Core 116 'DSP48' <Latency = 3> <II = 1> <Delay = 2.15> <IPBlock> <Opcode : 'add' 'sub' 'mul' 'select'> <InPorts = 0> <OutPorts = 1> <Sync> <CReg>
ST_9 : Operation 325 [2/2] (2.10ns) (root node of the DSP)   --->   "%add_ln22_6 = add i16 %add_ln22_5, i16 %mul_ln22_9" [matrix_mult.cpp:22]   --->   Operation 325 'add' 'add_ln22_6' <Predicate = true> <Delay = 2.10> <CoreInst = "DSP48">   --->   Core 116 'DSP48' <Latency = 3> <II = 1> <Delay = 2.15> <IPBlock> <Opcode : 'add' 'sub' 'mul' 'select'> <InPorts = 0> <OutPorts = 1> <Sync> <CReg>
ST_9 : Operation 326 [2/3] (1.05ns) (grouped into DSP with root node add_ln22_10)   --->   "%mul_ln22_14 = mul i16 %zext_ln22_17, i16 %zext_ln22_4" [matrix_mult.cpp:22]   --->   Operation 326 'mul' 'mul_ln22_14' <Predicate = true> <Delay = 1.05> <CoreInst = "DSP48">   --->   Core 116 'DSP48' <Latency = 3> <II = 1> <Delay = 2.15> <IPBlock> <Opcode : 'add' 'sub' 'mul' 'select'> <InPorts = 0> <OutPorts = 1> <Sync> <CReg>
ST_9 : Operation 327 [1/2] (2.10ns) (root node of the DSP)   --->   "%add_ln22_8 = add i16 %mul_ln22_11, i16 %mul_ln22_10" [matrix_mult.cpp:22]   --->   Operation 327 'add' 'add_ln22_8' <Predicate = true> <Delay = 2.10> <CoreInst = "DSP48">   --->   Core 116 'DSP48' <Latency = 3> <II = 1> <Delay = 2.15> <IPBlock> <Opcode : 'add' 'sub' 'mul' 'select'> <InPorts = 0> <OutPorts = 1> <Sync> <CReg>
ST_9 : Operation 328 [1/1] (0.00ns)   --->   "%zext_ln22_21 = zext i8 %tmp_15" [matrix_mult.cpp:22]   --->   Operation 328 'zext' 'zext_ln22_21' <Predicate = true> <Delay = 0.00>
ST_9 : Operation 329 [1/3] (0.00ns) (grouped into DSP with root node add_ln22_12)   --->   "%mul_ln22_15 = mul i16 %zext_ln22_20, i16 %zext_ln22" [matrix_mult.cpp:22]   --->   Operation 329 'mul' 'mul_ln22_15' <Predicate = true> <Delay = 0.00> <CoreInst = "DSP48">   --->   Core 116 'DSP48' <Latency = 3> <II = 1> <Delay = 2.15> <IPBlock> <Opcode : 'add' 'sub' 'mul' 'select'> <InPorts = 0> <OutPorts = 1> <Sync> <CReg>
ST_9 : Operation 330 [1/1] (4.17ns)   --->   "%mul_ln22_16 = mul i16 %zext_ln22_21, i16 %zext_ln22_2" [matrix_mult.cpp:22]   --->   Operation 330 'mul' 'mul_ln22_16' <Predicate = true> <Delay = 4.17> <CoreInst = "Multiplier">   --->   Core 3 'Multiplier' <Latency = 0> <II = 1> <Delay = 4.17> <FuncUnit> <Opcode : 'mul'> <InPorts = 2> <OutPorts = 1>
ST_9 : Operation 331 [2/3] (1.05ns) (grouped into DSP with root node add_ln22_14)   --->   "%mul_ln22_19 = mul i16 %zext_ln22_22, i16 %zext_ln22_4" [matrix_mult.cpp:22]   --->   Operation 331 'mul' 'mul_ln22_19' <Predicate = true> <Delay = 1.05> <CoreInst = "DSP48">   --->   Core 116 'DSP48' <Latency = 3> <II = 1> <Delay = 2.15> <IPBlock> <Opcode : 'add' 'sub' 'mul' 'select'> <InPorts = 0> <OutPorts = 1> <Sync> <CReg>
ST_9 : Operation 332 [2/2] (2.10ns) (root node of the DSP)   --->   "%add_ln22_12 = add i16 %mul_ln22_16, i16 %mul_ln22_15" [matrix_mult.cpp:22]   --->   Operation 332 'add' 'add_ln22_12' <Predicate = true> <Delay = 2.10> <CoreInst = "DSP48">   --->   Core 116 'DSP48' <Latency = 3> <II = 1> <Delay = 2.15> <IPBlock> <Opcode : 'add' 'sub' 'mul' 'select'> <InPorts = 0> <OutPorts = 1> <Sync> <CReg>
ST_9 : Operation 333 [1/1] (0.00ns)   --->   "%zext_ln22_26 = zext i8 %tmp_19" [matrix_mult.cpp:22]   --->   Operation 333 'zext' 'zext_ln22_26' <Predicate = true> <Delay = 0.00>
ST_9 : Operation 334 [1/1] (0.00ns)   --->   "%zext_ln22_27 = zext i8 %tmp_20" [matrix_mult.cpp:22]   --->   Operation 334 'zext' 'zext_ln22_27' <Predicate = true> <Delay = 0.00>
ST_9 : Operation 335 [1/3] (0.00ns) (grouped into DSP with root node add_ln22_16)   --->   "%mul_ln22_20 = mul i16 %zext_ln22_25, i16 %zext_ln22" [matrix_mult.cpp:22]   --->   Operation 335 'mul' 'mul_ln22_20' <Predicate = true> <Delay = 0.00> <CoreInst = "DSP48">   --->   Core 116 'DSP48' <Latency = 3> <II = 1> <Delay = 2.15> <IPBlock> <Opcode : 'add' 'sub' 'mul' 'select'> <InPorts = 0> <OutPorts = 1> <Sync> <CReg>
ST_9 : Operation 336 [1/1] (4.17ns)   --->   "%mul_ln22_21 = mul i16 %zext_ln22_26, i16 %zext_ln22_2" [matrix_mult.cpp:22]   --->   Operation 336 'mul' 'mul_ln22_21' <Predicate = true> <Delay = 4.17> <CoreInst = "Multiplier">   --->   Core 3 'Multiplier' <Latency = 0> <II = 1> <Delay = 4.17> <FuncUnit> <Opcode : 'mul'> <InPorts = 2> <OutPorts = 1>
ST_9 : Operation 337 [3/3] (1.05ns) (grouped into DSP with root node add_ln22_18)   --->   "%mul_ln22_24 = mul i16 %zext_ln22_27, i16 %zext_ln22_4" [matrix_mult.cpp:22]   --->   Operation 337 'mul' 'mul_ln22_24' <Predicate = true> <Delay = 1.05> <CoreInst = "DSP48">   --->   Core 116 'DSP48' <Latency = 3> <II = 1> <Delay = 2.15> <IPBlock> <Opcode : 'add' 'sub' 'mul' 'select'> <InPorts = 0> <OutPorts = 1> <Sync> <CReg>
ST_9 : Operation 338 [2/2] (2.10ns) (root node of the DSP)   --->   "%add_ln22_16 = add i16 %mul_ln22_21, i16 %mul_ln22_20" [matrix_mult.cpp:22]   --->   Operation 338 'add' 'add_ln22_16' <Predicate = true> <Delay = 2.10> <CoreInst = "DSP48">   --->   Core 116 'DSP48' <Latency = 3> <II = 1> <Delay = 2.15> <IPBlock> <Opcode : 'add' 'sub' 'mul' 'select'> <InPorts = 0> <OutPorts = 1> <Sync> <CReg>
ST_9 : Operation 339 [1/1] (0.00ns)   --->   "%zext_ln22_31 = zext i8 %tmp_23" [matrix_mult.cpp:22]   --->   Operation 339 'zext' 'zext_ln22_31' <Predicate = true> <Delay = 0.00>
ST_9 : Operation 340 [1/1] (0.00ns)   --->   "%zext_ln22_32 = zext i8 %tmp_24" [matrix_mult.cpp:22]   --->   Operation 340 'zext' 'zext_ln22_32' <Predicate = true> <Delay = 0.00>
ST_9 : Operation 341 [1/3] (0.00ns) (grouped into DSP with root node add_ln22_20)   --->   "%mul_ln22_25 = mul i16 %zext_ln22_30, i16 %zext_ln22_1" [matrix_mult.cpp:22]   --->   Operation 341 'mul' 'mul_ln22_25' <Predicate = true> <Delay = 0.00> <CoreInst = "DSP48">   --->   Core 116 'DSP48' <Latency = 3> <II = 1> <Delay = 2.15> <IPBlock> <Opcode : 'add' 'sub' 'mul' 'select'> <InPorts = 0> <OutPorts = 1> <Sync> <CReg>
ST_9 : Operation 342 [1/1] (4.17ns)   --->   "%mul_ln22_26 = mul i16 %zext_ln22_31, i16 %zext_ln22_3" [matrix_mult.cpp:22]   --->   Operation 342 'mul' 'mul_ln22_26' <Predicate = true> <Delay = 4.17> <CoreInst = "Multiplier">   --->   Core 3 'Multiplier' <Latency = 0> <II = 1> <Delay = 4.17> <FuncUnit> <Opcode : 'mul'> <InPorts = 2> <OutPorts = 1>
ST_9 : Operation 343 [3/3] (1.05ns) (grouped into DSP with root node add_ln22_22)   --->   "%mul_ln22_29 = mul i16 %zext_ln22_32, i16 %zext_ln22_5" [matrix_mult.cpp:22]   --->   Operation 343 'mul' 'mul_ln22_29' <Predicate = true> <Delay = 1.05> <CoreInst = "DSP48">   --->   Core 116 'DSP48' <Latency = 3> <II = 1> <Delay = 2.15> <IPBlock> <Opcode : 'add' 'sub' 'mul' 'select'> <InPorts = 0> <OutPorts = 1> <Sync> <CReg>
ST_9 : Operation 344 [2/2] (2.10ns) (root node of the DSP)   --->   "%add_ln22_20 = add i16 %mul_ln22_26, i16 %mul_ln22_25" [matrix_mult.cpp:22]   --->   Operation 344 'add' 'add_ln22_20' <Predicate = true> <Delay = 2.10> <CoreInst = "DSP48">   --->   Core 116 'DSP48' <Latency = 3> <II = 1> <Delay = 2.15> <IPBlock> <Opcode : 'add' 'sub' 'mul' 'select'> <InPorts = 0> <OutPorts = 1> <Sync> <CReg>
ST_9 : Operation 345 [1/3] (0.00ns) (grouped into DSP with root node add_ln22_24)   --->   "%mul_ln22_30 = mul i16 %zext_ln22_30, i16 %zext_ln22_10" [matrix_mult.cpp:22]   --->   Operation 345 'mul' 'mul_ln22_30' <Predicate = true> <Delay = 0.00> <CoreInst = "DSP48">   --->   Core 116 'DSP48' <Latency = 3> <II = 1> <Delay = 2.15> <IPBlock> <Opcode : 'add' 'sub' 'mul' 'select'> <InPorts = 0> <OutPorts = 1> <Sync> <CReg>
ST_9 : Operation 346 [1/1] (4.17ns)   --->   "%mul_ln22_31 = mul i16 %zext_ln22_31, i16 %zext_ln22_11" [matrix_mult.cpp:22]   --->   Operation 346 'mul' 'mul_ln22_31' <Predicate = true> <Delay = 4.17> <CoreInst = "Multiplier">   --->   Core 3 'Multiplier' <Latency = 0> <II = 1> <Delay = 4.17> <FuncUnit> <Opcode : 'mul'> <InPorts = 2> <OutPorts = 1>
ST_9 : Operation 347 [2/2] (2.10ns) (root node of the DSP)   --->   "%add_ln22_24 = add i16 %mul_ln22_31, i16 %mul_ln22_30" [matrix_mult.cpp:22]   --->   Operation 347 'add' 'add_ln22_24' <Predicate = true> <Delay = 2.10> <CoreInst = "DSP48">   --->   Core 116 'DSP48' <Latency = 3> <II = 1> <Delay = 2.15> <IPBlock> <Opcode : 'add' 'sub' 'mul' 'select'> <InPorts = 0> <OutPorts = 1> <Sync> <CReg>
ST_9 : Operation 348 [2/3] (1.05ns) (grouped into DSP with root node add_ln22_28)   --->   "%mul_ln22_35 = mul i16 %zext_ln22_30, i16 %zext_ln22_15" [matrix_mult.cpp:22]   --->   Operation 348 'mul' 'mul_ln22_35' <Predicate = true> <Delay = 1.05> <CoreInst = "DSP48">   --->   Core 116 'DSP48' <Latency = 3> <II = 1> <Delay = 2.15> <IPBlock> <Opcode : 'add' 'sub' 'mul' 'select'> <InPorts = 0> <OutPorts = 1> <Sync> <CReg>
ST_9 : Operation 349 [2/3] (1.05ns) (grouped into DSP with root node add_ln22_32)   --->   "%mul_ln22_40 = mul i16 %zext_ln22_30, i16 %zext_ln22_20" [matrix_mult.cpp:22]   --->   Operation 349 'mul' 'mul_ln22_40' <Predicate = true> <Delay = 1.05> <CoreInst = "DSP48">   --->   Core 116 'DSP48' <Latency = 3> <II = 1> <Delay = 2.15> <IPBlock> <Opcode : 'add' 'sub' 'mul' 'select'> <InPorts = 0> <OutPorts = 1> <Sync> <CReg>
ST_9 : Operation 350 [2/3] (1.05ns) (grouped into DSP with root node add_ln22_36)   --->   "%mul_ln22_45 = mul i16 %zext_ln22_30, i16 %zext_ln22_25" [matrix_mult.cpp:22]   --->   Operation 350 'mul' 'mul_ln22_45' <Predicate = true> <Delay = 1.05> <CoreInst = "DSP48">   --->   Core 116 'DSP48' <Latency = 3> <II = 1> <Delay = 2.15> <IPBlock> <Opcode : 'add' 'sub' 'mul' 'select'> <InPorts = 0> <OutPorts = 1> <Sync> <CReg>
ST_9 : Operation 351 [2/3] (1.05ns) (grouped into DSP with root node add_ln22_40)   --->   "%mul_ln22_50 = mul i16 %zext_ln22_35, i16 %zext_ln22_1" [matrix_mult.cpp:22]   --->   Operation 351 'mul' 'mul_ln22_50' <Predicate = true> <Delay = 1.05> <CoreInst = "DSP48">   --->   Core 116 'DSP48' <Latency = 3> <II = 1> <Delay = 2.15> <IPBlock> <Opcode : 'add' 'sub' 'mul' 'select'> <InPorts = 0> <OutPorts = 1> <Sync> <CReg>
ST_9 : Operation 352 [3/3] (1.05ns) (grouped into DSP with root node add_ln22_44)   --->   "%mul_ln22_55 = mul i16 %zext_ln22_35, i16 %zext_ln22_10" [matrix_mult.cpp:22]   --->   Operation 352 'mul' 'mul_ln22_55' <Predicate = true> <Delay = 1.05> <CoreInst = "DSP48">   --->   Core 116 'DSP48' <Latency = 3> <II = 1> <Delay = 2.15> <IPBlock> <Opcode : 'add' 'sub' 'mul' 'select'> <InPorts = 0> <OutPorts = 1> <Sync> <CReg>
ST_9 : Operation 353 [3/3] (1.05ns) (grouped into DSP with root node add_ln22_48)   --->   "%mul_ln22_60 = mul i16 %zext_ln22_35, i16 %zext_ln22_15" [matrix_mult.cpp:22]   --->   Operation 353 'mul' 'mul_ln22_60' <Predicate = true> <Delay = 1.05> <CoreInst = "DSP48">   --->   Core 116 'DSP48' <Latency = 3> <II = 1> <Delay = 2.15> <IPBlock> <Opcode : 'add' 'sub' 'mul' 'select'> <InPorts = 0> <OutPorts = 1> <Sync> <CReg>
ST_9 : Operation 354 [3/3] (1.05ns) (grouped into DSP with root node add_ln22_52)   --->   "%mul_ln22_65 = mul i16 %zext_ln22_35, i16 %zext_ln22_20" [matrix_mult.cpp:22]   --->   Operation 354 'mul' 'mul_ln22_65' <Predicate = true> <Delay = 1.05> <CoreInst = "DSP48">   --->   Core 116 'DSP48' <Latency = 3> <II = 1> <Delay = 2.15> <IPBlock> <Opcode : 'add' 'sub' 'mul' 'select'> <InPorts = 0> <OutPorts = 1> <Sync> <CReg>
ST_9 : Operation 355 [3/3] (1.05ns) (grouped into DSP with root node add_ln22_56)   --->   "%mul_ln22_70 = mul i16 %zext_ln22_35, i16 %zext_ln22_25" [matrix_mult.cpp:22]   --->   Operation 355 'mul' 'mul_ln22_70' <Predicate = true> <Delay = 1.05> <CoreInst = "DSP48">   --->   Core 116 'DSP48' <Latency = 3> <II = 1> <Delay = 2.15> <IPBlock> <Opcode : 'add' 'sub' 'mul' 'select'> <InPorts = 0> <OutPorts = 1> <Sync> <CReg>
ST_9 : Operation 356 [1/2] (2.10ns) (root node of the DSP)   --->   "%add_ln22_89 = add i16 %mul_ln22_113, i16 %mul_ln22_112" [matrix_mult.cpp:22]   --->   Operation 356 'add' 'add_ln22_89' <Predicate = true> <Delay = 2.10> <CoreInst = "DSP48">   --->   Core 116 'DSP48' <Latency = 3> <II = 1> <Delay = 2.15> <IPBlock> <Opcode : 'add' 'sub' 'mul' 'select'> <InPorts = 0> <OutPorts = 1> <Sync> <CReg>
ST_9 : Operation 357 [1/2] (2.10ns) (root node of the DSP)   --->   "%add_ln22_93 = add i16 %mul_ln22_118, i16 %mul_ln22_117" [matrix_mult.cpp:22]   --->   Operation 357 'add' 'add_ln22_93' <Predicate = true> <Delay = 2.10> <CoreInst = "DSP48">   --->   Core 116 'DSP48' <Latency = 3> <II = 1> <Delay = 2.15> <IPBlock> <Opcode : 'add' 'sub' 'mul' 'select'> <InPorts = 0> <OutPorts = 1> <Sync> <CReg>
ST_9 : Operation 358 [1/2] (2.10ns) (root node of the DSP)   --->   "%add_ln22_97 = add i16 %mul_ln22_123, i16 %mul_ln22_122" [matrix_mult.cpp:22]   --->   Operation 358 'add' 'add_ln22_97' <Predicate = true> <Delay = 2.10> <CoreInst = "DSP48">   --->   Core 116 'DSP48' <Latency = 3> <II = 1> <Delay = 2.15> <IPBlock> <Opcode : 'add' 'sub' 'mul' 'select'> <InPorts = 0> <OutPorts = 1> <Sync> <CReg>

State 10 <SV = 9> <Delay = 6.27>
ST_10 : Operation 359 [1/1] (0.00ns)   --->   "%prod_addr = getelementptr i16 %prod, i64 0, i64 0" [matrix_mult.cpp:22]   --->   Operation 359 'getelementptr' 'prod_addr' <Predicate = true> <Delay = 0.00>
ST_10 : Operation 360 [1/1] (0.00ns)   --->   "%prod_addr_1 = getelementptr i16 %prod, i64 0, i64 1" [matrix_mult.cpp:22]   --->   Operation 360 'getelementptr' 'prod_addr_1' <Predicate = true> <Delay = 0.00>
ST_10 : Operation 361 [1/2] (2.10ns) (root node of the DSP)   --->   "%add_ln22_2 = add i16 %add_ln22_1, i16 %mul_ln22_4" [matrix_mult.cpp:22]   --->   Operation 361 'add' 'add_ln22_2' <Predicate = true> <Delay = 2.10> <CoreInst = "DSP48">   --->   Core 116 'DSP48' <Latency = 3> <II = 1> <Delay = 2.15> <IPBlock> <Opcode : 'add' 'sub' 'mul' 'select'> <InPorts = 0> <OutPorts = 1> <Sync> <CReg>
ST_10 : Operation 362 [1/1] (2.07ns)   --->   "%add_ln22_3 = add i16 %add_ln22_2, i16 %add_ln22" [matrix_mult.cpp:22]   --->   Operation 362 'add' 'add_ln22_3' <Predicate = true> <Delay = 2.07> <CoreInst = "Adder">   --->   Core 1 'Adder' <Latency = 0> <II = 1> <Delay = 2.07> <FuncUnit> <Opcode : 'add' 'sub'> <InPorts = 2> <OutPorts = 1>
ST_10 : Operation 363 [1/1] ( I:0.00ns O:0.00ns )   --->   "%store_ln22 = store i16 %add_ln22_3, i5 %prod_addr" [matrix_mult.cpp:22]   --->   Operation 363 'store' 'store_ln22' <Predicate = true> <Delay = 0.00> <CoreInst = "RAM">   --->   Core 81 'RAM' <Latency = 1> <II = 1> <Delay = 2.32> <Storage> <Opcode : 'load' 'store'> <Ports = 2> <Width = 16> <Depth = 25> <RAM>
ST_10 : Operation 364 [1/2] (2.10ns) (root node of the DSP)   --->   "%add_ln22_6 = add i16 %add_ln22_5, i16 %mul_ln22_9" [matrix_mult.cpp:22]   --->   Operation 364 'add' 'add_ln22_6' <Predicate = true> <Delay = 2.10> <CoreInst = "DSP48">   --->   Core 116 'DSP48' <Latency = 3> <II = 1> <Delay = 2.15> <IPBlock> <Opcode : 'add' 'sub' 'mul' 'select'> <InPorts = 0> <OutPorts = 1> <Sync> <CReg>
ST_10 : Operation 365 [1/1] (2.07ns)   --->   "%add_ln22_7 = add i16 %add_ln22_6, i16 %add_ln22_4" [matrix_mult.cpp:22]   --->   Operation 365 'add' 'add_ln22_7' <Predicate = true> <Delay = 2.07> <CoreInst = "Adder">   --->   Core 1 'Adder' <Latency = 0> <II = 1> <Delay = 2.07> <FuncUnit> <Opcode : 'add' 'sub'> <InPorts = 2> <OutPorts = 1>
ST_10 : Operation 366 [1/1] ( I:0.00ns O:0.00ns )   --->   "%store_ln22 = store i16 %add_ln22_7, i5 %prod_addr_1" [matrix_mult.cpp:22]   --->   Operation 366 'store' 'store_ln22' <Predicate = true> <Delay = 0.00> <CoreInst = "RAM">   --->   Core 81 'RAM' <Latency = 1> <II = 1> <Delay = 2.32> <Storage> <Opcode : 'load' 'store'> <Ports = 2> <Width = 16> <Depth = 25> <RAM>
ST_10 : Operation 367 [1/3] (0.00ns) (grouped into DSP with root node add_ln22_10)   --->   "%mul_ln22_14 = mul i16 %zext_ln22_17, i16 %zext_ln22_4" [matrix_mult.cpp:22]   --->   Operation 367 'mul' 'mul_ln22_14' <Predicate = true> <Delay = 0.00> <CoreInst = "DSP48">   --->   Core 116 'DSP48' <Latency = 3> <II = 1> <Delay = 2.15> <IPBlock> <Opcode : 'add' 'sub' 'mul' 'select'> <InPorts = 0> <OutPorts = 1> <Sync> <CReg>
ST_10 : Operation 368 [2/2] (2.10ns) (root node of the DSP)   --->   "%add_ln22_10 = add i16 %add_ln22_9, i16 %mul_ln22_14" [matrix_mult.cpp:22]   --->   Operation 368 'add' 'add_ln22_10' <Predicate = true> <Delay = 2.10> <CoreInst = "DSP48">   --->   Core 116 'DSP48' <Latency = 3> <II = 1> <Delay = 2.15> <IPBlock> <Opcode : 'add' 'sub' 'mul' 'select'> <InPorts = 0> <OutPorts = 1> <Sync> <CReg>
ST_10 : Operation 369 [1/3] (0.00ns) (grouped into DSP with root node add_ln22_14)   --->   "%mul_ln22_19 = mul i16 %zext_ln22_22, i16 %zext_ln22_4" [matrix_mult.cpp:22]   --->   Operation 369 'mul' 'mul_ln22_19' <Predicate = true> <Delay = 0.00> <CoreInst = "DSP48">   --->   Core 116 'DSP48' <Latency = 3> <II = 1> <Delay = 2.15> <IPBlock> <Opcode : 'add' 'sub' 'mul' 'select'> <InPorts = 0> <OutPorts = 1> <Sync> <CReg>
ST_10 : Operation 370 [1/2] (2.10ns) (root node of the DSP)   --->   "%add_ln22_12 = add i16 %mul_ln22_16, i16 %mul_ln22_15" [matrix_mult.cpp:22]   --->   Operation 370 'add' 'add_ln22_12' <Predicate = true> <Delay = 2.10> <CoreInst = "DSP48">   --->   Core 116 'DSP48' <Latency = 3> <II = 1> <Delay = 2.15> <IPBlock> <Opcode : 'add' 'sub' 'mul' 'select'> <InPorts = 0> <OutPorts = 1> <Sync> <CReg>
ST_10 : Operation 371 [2/2] (2.10ns) (root node of the DSP)   --->   "%add_ln22_14 = add i16 %add_ln22_13, i16 %mul_ln22_19" [matrix_mult.cpp:22]   --->   Operation 371 'add' 'add_ln22_14' <Predicate = true> <Delay = 2.10> <CoreInst = "DSP48">   --->   Core 116 'DSP48' <Latency = 3> <II = 1> <Delay = 2.15> <IPBlock> <Opcode : 'add' 'sub' 'mul' 'select'> <InPorts = 0> <OutPorts = 1> <Sync> <CReg>
ST_10 : Operation 372 [2/3] (1.05ns) (grouped into DSP with root node add_ln22_18)   --->   "%mul_ln22_24 = mul i16 %zext_ln22_27, i16 %zext_ln22_4" [matrix_mult.cpp:22]   --->   Operation 372 'mul' 'mul_ln22_24' <Predicate = true> <Delay = 1.05> <CoreInst = "DSP48">   --->   Core 116 'DSP48' <Latency = 3> <II = 1> <Delay = 2.15> <IPBlock> <Opcode : 'add' 'sub' 'mul' 'select'> <InPorts = 0> <OutPorts = 1> <Sync> <CReg>
ST_10 : Operation 373 [1/2] (2.10ns) (root node of the DSP)   --->   "%add_ln22_16 = add i16 %mul_ln22_21, i16 %mul_ln22_20" [matrix_mult.cpp:22]   --->   Operation 373 'add' 'add_ln22_16' <Predicate = true> <Delay = 2.10> <CoreInst = "DSP48">   --->   Core 116 'DSP48' <Latency = 3> <II = 1> <Delay = 2.15> <IPBlock> <Opcode : 'add' 'sub' 'mul' 'select'> <InPorts = 0> <OutPorts = 1> <Sync> <CReg>
ST_10 : Operation 374 [2/3] (1.05ns) (grouped into DSP with root node add_ln22_22)   --->   "%mul_ln22_29 = mul i16 %zext_ln22_32, i16 %zext_ln22_5" [matrix_mult.cpp:22]   --->   Operation 374 'mul' 'mul_ln22_29' <Predicate = true> <Delay = 1.05> <CoreInst = "DSP48">   --->   Core 116 'DSP48' <Latency = 3> <II = 1> <Delay = 2.15> <IPBlock> <Opcode : 'add' 'sub' 'mul' 'select'> <InPorts = 0> <OutPorts = 1> <Sync> <CReg>
ST_10 : Operation 375 [1/2] (2.10ns) (root node of the DSP)   --->   "%add_ln22_20 = add i16 %mul_ln22_26, i16 %mul_ln22_25" [matrix_mult.cpp:22]   --->   Operation 375 'add' 'add_ln22_20' <Predicate = true> <Delay = 2.10> <CoreInst = "DSP48">   --->   Core 116 'DSP48' <Latency = 3> <II = 1> <Delay = 2.15> <IPBlock> <Opcode : 'add' 'sub' 'mul' 'select'> <InPorts = 0> <OutPorts = 1> <Sync> <CReg>
ST_10 : Operation 376 [3/3] (1.05ns) (grouped into DSP with root node add_ln22_26)   --->   "%mul_ln22_34 = mul i16 %zext_ln22_32, i16 %zext_ln22_12" [matrix_mult.cpp:22]   --->   Operation 376 'mul' 'mul_ln22_34' <Predicate = true> <Delay = 1.05> <CoreInst = "DSP48">   --->   Core 116 'DSP48' <Latency = 3> <II = 1> <Delay = 2.15> <IPBlock> <Opcode : 'add' 'sub' 'mul' 'select'> <InPorts = 0> <OutPorts = 1> <Sync> <CReg>
ST_10 : Operation 377 [1/2] (2.10ns) (root node of the DSP)   --->   "%add_ln22_24 = add i16 %mul_ln22_31, i16 %mul_ln22_30" [matrix_mult.cpp:22]   --->   Operation 377 'add' 'add_ln22_24' <Predicate = true> <Delay = 2.10> <CoreInst = "DSP48">   --->   Core 116 'DSP48' <Latency = 3> <II = 1> <Delay = 2.15> <IPBlock> <Opcode : 'add' 'sub' 'mul' 'select'> <InPorts = 0> <OutPorts = 1> <Sync> <CReg>
ST_10 : Operation 378 [1/3] (0.00ns) (grouped into DSP with root node add_ln22_28)   --->   "%mul_ln22_35 = mul i16 %zext_ln22_30, i16 %zext_ln22_15" [matrix_mult.cpp:22]   --->   Operation 378 'mul' 'mul_ln22_35' <Predicate = true> <Delay = 0.00> <CoreInst = "DSP48">   --->   Core 116 'DSP48' <Latency = 3> <II = 1> <Delay = 2.15> <IPBlock> <Opcode : 'add' 'sub' 'mul' 'select'> <InPorts = 0> <OutPorts = 1> <Sync> <CReg>
ST_10 : Operation 379 [1/1] (4.17ns)   --->   "%mul_ln22_36 = mul i16 %zext_ln22_31, i16 %zext_ln22_16" [matrix_mult.cpp:22]   --->   Operation 379 'mul' 'mul_ln22_36' <Predicate = true> <Delay = 4.17> <CoreInst = "Multiplier">   --->   Core 3 'Multiplier' <Latency = 0> <II = 1> <Delay = 4.17> <FuncUnit> <Opcode : 'mul'> <InPorts = 2> <OutPorts = 1>
ST_10 : Operation 380 [3/3] (1.05ns) (grouped into DSP with root node add_ln22_30)   --->   "%mul_ln22_39 = mul i16 %zext_ln22_32, i16 %zext_ln22_17" [matrix_mult.cpp:22]   --->   Operation 380 'mul' 'mul_ln22_39' <Predicate = true> <Delay = 1.05> <CoreInst = "DSP48">   --->   Core 116 'DSP48' <Latency = 3> <II = 1> <Delay = 2.15> <IPBlock> <Opcode : 'add' 'sub' 'mul' 'select'> <InPorts = 0> <OutPorts = 1> <Sync> <CReg>
ST_10 : Operation 381 [2/2] (2.10ns) (root node of the DSP)   --->   "%add_ln22_28 = add i16 %mul_ln22_36, i16 %mul_ln22_35" [matrix_mult.cpp:22]   --->   Operation 381 'add' 'add_ln22_28' <Predicate = true> <Delay = 2.10> <CoreInst = "DSP48">   --->   Core 116 'DSP48' <Latency = 3> <II = 1> <Delay = 2.15> <IPBlock> <Opcode : 'add' 'sub' 'mul' 'select'> <InPorts = 0> <OutPorts = 1> <Sync> <CReg>
ST_10 : Operation 382 [1/3] (0.00ns) (grouped into DSP with root node add_ln22_32)   --->   "%mul_ln22_40 = mul i16 %zext_ln22_30, i16 %zext_ln22_20" [matrix_mult.cpp:22]   --->   Operation 382 'mul' 'mul_ln22_40' <Predicate = true> <Delay = 0.00> <CoreInst = "DSP48">   --->   Core 116 'DSP48' <Latency = 3> <II = 1> <Delay = 2.15> <IPBlock> <Opcode : 'add' 'sub' 'mul' 'select'> <InPorts = 0> <OutPorts = 1> <Sync> <CReg>
ST_10 : Operation 383 [1/1] (4.17ns)   --->   "%mul_ln22_41 = mul i16 %zext_ln22_31, i16 %zext_ln22_21" [matrix_mult.cpp:22]   --->   Operation 383 'mul' 'mul_ln22_41' <Predicate = true> <Delay = 4.17> <CoreInst = "Multiplier">   --->   Core 3 'Multiplier' <Latency = 0> <II = 1> <Delay = 4.17> <FuncUnit> <Opcode : 'mul'> <InPorts = 2> <OutPorts = 1>
ST_10 : Operation 384 [2/2] (2.10ns) (root node of the DSP)   --->   "%add_ln22_32 = add i16 %mul_ln22_41, i16 %mul_ln22_40" [matrix_mult.cpp:22]   --->   Operation 384 'add' 'add_ln22_32' <Predicate = true> <Delay = 2.10> <CoreInst = "DSP48">   --->   Core 116 'DSP48' <Latency = 3> <II = 1> <Delay = 2.15> <IPBlock> <Opcode : 'add' 'sub' 'mul' 'select'> <InPorts = 0> <OutPorts = 1> <Sync> <CReg>
ST_10 : Operation 385 [1/3] (0.00ns) (grouped into DSP with root node add_ln22_36)   --->   "%mul_ln22_45 = mul i16 %zext_ln22_30, i16 %zext_ln22_25" [matrix_mult.cpp:22]   --->   Operation 385 'mul' 'mul_ln22_45' <Predicate = true> <Delay = 0.00> <CoreInst = "DSP48">   --->   Core 116 'DSP48' <Latency = 3> <II = 1> <Delay = 2.15> <IPBlock> <Opcode : 'add' 'sub' 'mul' 'select'> <InPorts = 0> <OutPorts = 1> <Sync> <CReg>
ST_10 : Operation 386 [1/1] (4.17ns)   --->   "%mul_ln22_46 = mul i16 %zext_ln22_31, i16 %zext_ln22_26" [matrix_mult.cpp:22]   --->   Operation 386 'mul' 'mul_ln22_46' <Predicate = true> <Delay = 4.17> <CoreInst = "Multiplier">   --->   Core 3 'Multiplier' <Latency = 0> <II = 1> <Delay = 4.17> <FuncUnit> <Opcode : 'mul'> <InPorts = 2> <OutPorts = 1>
ST_10 : Operation 387 [2/2] (2.10ns) (root node of the DSP)   --->   "%add_ln22_36 = add i16 %mul_ln22_46, i16 %mul_ln22_45" [matrix_mult.cpp:22]   --->   Operation 387 'add' 'add_ln22_36' <Predicate = true> <Delay = 2.10> <CoreInst = "DSP48">   --->   Core 116 'DSP48' <Latency = 3> <II = 1> <Delay = 2.15> <IPBlock> <Opcode : 'add' 'sub' 'mul' 'select'> <InPorts = 0> <OutPorts = 1> <Sync> <CReg>
ST_10 : Operation 388 [1/1] (0.00ns)   --->   "%zext_ln22_36 = zext i8 %tmp_27" [matrix_mult.cpp:22]   --->   Operation 388 'zext' 'zext_ln22_36' <Predicate = true> <Delay = 0.00>
ST_10 : Operation 389 [1/3] (0.00ns) (grouped into DSP with root node add_ln22_40)   --->   "%mul_ln22_50 = mul i16 %zext_ln22_35, i16 %zext_ln22_1" [matrix_mult.cpp:22]   --->   Operation 389 'mul' 'mul_ln22_50' <Predicate = true> <Delay = 0.00> <CoreInst = "DSP48">   --->   Core 116 'DSP48' <Latency = 3> <II = 1> <Delay = 2.15> <IPBlock> <Opcode : 'add' 'sub' 'mul' 'select'> <InPorts = 0> <OutPorts = 1> <Sync> <CReg>
ST_10 : Operation 390 [1/1] (4.17ns)   --->   "%mul_ln22_51 = mul i16 %zext_ln22_36, i16 %zext_ln22_3" [matrix_mult.cpp:22]   --->   Operation 390 'mul' 'mul_ln22_51' <Predicate = true> <Delay = 4.17> <CoreInst = "Multiplier">   --->   Core 3 'Multiplier' <Latency = 0> <II = 1> <Delay = 4.17> <FuncUnit> <Opcode : 'mul'> <InPorts = 2> <OutPorts = 1>
ST_10 : Operation 391 [2/2] (2.10ns) (root node of the DSP)   --->   "%add_ln22_40 = add i16 %mul_ln22_51, i16 %mul_ln22_50" [matrix_mult.cpp:22]   --->   Operation 391 'add' 'add_ln22_40' <Predicate = true> <Delay = 2.10> <CoreInst = "DSP48">   --->   Core 116 'DSP48' <Latency = 3> <II = 1> <Delay = 2.15> <IPBlock> <Opcode : 'add' 'sub' 'mul' 'select'> <InPorts = 0> <OutPorts = 1> <Sync> <CReg>
ST_10 : Operation 392 [2/3] (1.05ns) (grouped into DSP with root node add_ln22_44)   --->   "%mul_ln22_55 = mul i16 %zext_ln22_35, i16 %zext_ln22_10" [matrix_mult.cpp:22]   --->   Operation 392 'mul' 'mul_ln22_55' <Predicate = true> <Delay = 1.05> <CoreInst = "DSP48">   --->   Core 116 'DSP48' <Latency = 3> <II = 1> <Delay = 2.15> <IPBlock> <Opcode : 'add' 'sub' 'mul' 'select'> <InPorts = 0> <OutPorts = 1> <Sync> <CReg>
ST_10 : Operation 393 [2/3] (1.05ns) (grouped into DSP with root node add_ln22_48)   --->   "%mul_ln22_60 = mul i16 %zext_ln22_35, i16 %zext_ln22_15" [matrix_mult.cpp:22]   --->   Operation 393 'mul' 'mul_ln22_60' <Predicate = true> <Delay = 1.05> <CoreInst = "DSP48">   --->   Core 116 'DSP48' <Latency = 3> <II = 1> <Delay = 2.15> <IPBlock> <Opcode : 'add' 'sub' 'mul' 'select'> <InPorts = 0> <OutPorts = 1> <Sync> <CReg>
ST_10 : Operation 394 [2/3] (1.05ns) (grouped into DSP with root node add_ln22_52)   --->   "%mul_ln22_65 = mul i16 %zext_ln22_35, i16 %zext_ln22_20" [matrix_mult.cpp:22]   --->   Operation 394 'mul' 'mul_ln22_65' <Predicate = true> <Delay = 1.05> <CoreInst = "DSP48">   --->   Core 116 'DSP48' <Latency = 3> <II = 1> <Delay = 2.15> <IPBlock> <Opcode : 'add' 'sub' 'mul' 'select'> <InPorts = 0> <OutPorts = 1> <Sync> <CReg>
ST_10 : Operation 395 [2/3] (1.05ns) (grouped into DSP with root node add_ln22_56)   --->   "%mul_ln22_70 = mul i16 %zext_ln22_35, i16 %zext_ln22_25" [matrix_mult.cpp:22]   --->   Operation 395 'mul' 'mul_ln22_70' <Predicate = true> <Delay = 1.05> <CoreInst = "DSP48">   --->   Core 116 'DSP48' <Latency = 3> <II = 1> <Delay = 2.15> <IPBlock> <Opcode : 'add' 'sub' 'mul' 'select'> <InPorts = 0> <OutPorts = 1> <Sync> <CReg>
ST_10 : Operation 396 [1/1] (0.00ns)   --->   "%zext_ln22_40 = zext i8 %trunc_ln22_8" [matrix_mult.cpp:22]   --->   Operation 396 'zext' 'zext_ln22_40' <Predicate = true> <Delay = 0.00>
ST_10 : Operation 397 [3/3] (1.05ns) (grouped into DSP with root node add_ln22_60)   --->   "%mul_ln22_75 = mul i16 %zext_ln22_40, i16 %zext_ln22_1" [matrix_mult.cpp:22]   --->   Operation 397 'mul' 'mul_ln22_75' <Predicate = true> <Delay = 1.05> <CoreInst = "DSP48">   --->   Core 116 'DSP48' <Latency = 3> <II = 1> <Delay = 2.15> <IPBlock> <Opcode : 'add' 'sub' 'mul' 'select'> <InPorts = 0> <OutPorts = 1> <Sync> <CReg>
ST_10 : Operation 398 [3/3] (1.05ns) (grouped into DSP with root node add_ln22_64)   --->   "%mul_ln22_80 = mul i16 %zext_ln22_40, i16 %zext_ln22_10" [matrix_mult.cpp:22]   --->   Operation 398 'mul' 'mul_ln22_80' <Predicate = true> <Delay = 1.05> <CoreInst = "DSP48">   --->   Core 116 'DSP48' <Latency = 3> <II = 1> <Delay = 2.15> <IPBlock> <Opcode : 'add' 'sub' 'mul' 'select'> <InPorts = 0> <OutPorts = 1> <Sync> <CReg>
ST_10 : Operation 399 [3/3] (1.05ns) (grouped into DSP with root node add_ln22_68)   --->   "%mul_ln22_85 = mul i16 %zext_ln22_40, i16 %zext_ln22_15" [matrix_mult.cpp:22]   --->   Operation 399 'mul' 'mul_ln22_85' <Predicate = true> <Delay = 1.05> <CoreInst = "DSP48">   --->   Core 116 'DSP48' <Latency = 3> <II = 1> <Delay = 2.15> <IPBlock> <Opcode : 'add' 'sub' 'mul' 'select'> <InPorts = 0> <OutPorts = 1> <Sync> <CReg>
ST_10 : Operation 400 [3/3] (1.05ns) (grouped into DSP with root node add_ln22_72)   --->   "%mul_ln22_90 = mul i16 %zext_ln22_40, i16 %zext_ln22_20" [matrix_mult.cpp:22]   --->   Operation 400 'mul' 'mul_ln22_90' <Predicate = true> <Delay = 1.05> <CoreInst = "DSP48">   --->   Core 116 'DSP48' <Latency = 3> <II = 1> <Delay = 2.15> <IPBlock> <Opcode : 'add' 'sub' 'mul' 'select'> <InPorts = 0> <OutPorts = 1> <Sync> <CReg>

State 11 <SV = 10> <Delay = 6.27>
ST_11 : Operation 401 [1/1] (0.00ns)   --->   "%prod_addr_2 = getelementptr i16 %prod, i64 0, i64 2" [matrix_mult.cpp:22]   --->   Operation 401 'getelementptr' 'prod_addr_2' <Predicate = true> <Delay = 0.00>
ST_11 : Operation 402 [1/1] (0.00ns)   --->   "%prod_addr_3 = getelementptr i16 %prod, i64 0, i64 3" [matrix_mult.cpp:22]   --->   Operation 402 'getelementptr' 'prod_addr_3' <Predicate = true> <Delay = 0.00>
ST_11 : Operation 403 [1/2] (2.10ns) (root node of the DSP)   --->   "%add_ln22_10 = add i16 %add_ln22_9, i16 %mul_ln22_14" [matrix_mult.cpp:22]   --->   Operation 403 'add' 'add_ln22_10' <Predicate = true> <Delay = 2.10> <CoreInst = "DSP48">   --->   Core 116 'DSP48' <Latency = 3> <II = 1> <Delay = 2.15> <IPBlock> <Opcode : 'add' 'sub' 'mul' 'select'> <InPorts = 0> <OutPorts = 1> <Sync> <CReg>
ST_11 : Operation 404 [1/1] (2.07ns)   --->   "%add_ln22_11 = add i16 %add_ln22_10, i16 %add_ln22_8" [matrix_mult.cpp:22]   --->   Operation 404 'add' 'add_ln22_11' <Predicate = true> <Delay = 2.07> <CoreInst = "Adder">   --->   Core 1 'Adder' <Latency = 0> <II = 1> <Delay = 2.07> <FuncUnit> <Opcode : 'add' 'sub'> <InPorts = 2> <OutPorts = 1>
ST_11 : Operation 405 [1/1] ( I:0.00ns O:0.00ns )   --->   "%store_ln22 = store i16 %add_ln22_11, i5 %prod_addr_2" [matrix_mult.cpp:22]   --->   Operation 405 'store' 'store_ln22' <Predicate = true> <Delay = 0.00> <CoreInst = "RAM">   --->   Core 81 'RAM' <Latency = 1> <II = 1> <Delay = 2.32> <Storage> <Opcode : 'load' 'store'> <Ports = 2> <Width = 16> <Depth = 25> <RAM>
ST_11 : Operation 406 [1/2] (2.10ns) (root node of the DSP)   --->   "%add_ln22_14 = add i16 %add_ln22_13, i16 %mul_ln22_19" [matrix_mult.cpp:22]   --->   Operation 406 'add' 'add_ln22_14' <Predicate = true> <Delay = 2.10> <CoreInst = "DSP48">   --->   Core 116 'DSP48' <Latency = 3> <II = 1> <Delay = 2.15> <IPBlock> <Opcode : 'add' 'sub' 'mul' 'select'> <InPorts = 0> <OutPorts = 1> <Sync> <CReg>
ST_11 : Operation 407 [1/1] (2.07ns)   --->   "%add_ln22_15 = add i16 %add_ln22_14, i16 %add_ln22_12" [matrix_mult.cpp:22]   --->   Operation 407 'add' 'add_ln22_15' <Predicate = true> <Delay = 2.07> <CoreInst = "Adder">   --->   Core 1 'Adder' <Latency = 0> <II = 1> <Delay = 2.07> <FuncUnit> <Opcode : 'add' 'sub'> <InPorts = 2> <OutPorts = 1>
ST_11 : Operation 408 [1/1] ( I:0.00ns O:0.00ns )   --->   "%store_ln22 = store i16 %add_ln22_15, i5 %prod_addr_3" [matrix_mult.cpp:22]   --->   Operation 408 'store' 'store_ln22' <Predicate = true> <Delay = 0.00> <CoreInst = "RAM">   --->   Core 81 'RAM' <Latency = 1> <II = 1> <Delay = 2.32> <Storage> <Opcode : 'load' 'store'> <Ports = 2> <Width = 16> <Depth = 25> <RAM>
ST_11 : Operation 409 [1/3] (0.00ns) (grouped into DSP with root node add_ln22_18)   --->   "%mul_ln22_24 = mul i16 %zext_ln22_27, i16 %zext_ln22_4" [matrix_mult.cpp:22]   --->   Operation 409 'mul' 'mul_ln22_24' <Predicate = true> <Delay = 0.00> <CoreInst = "DSP48">   --->   Core 116 'DSP48' <Latency = 3> <II = 1> <Delay = 2.15> <IPBlock> <Opcode : 'add' 'sub' 'mul' 'select'> <InPorts = 0> <OutPorts = 1> <Sync> <CReg>
ST_11 : Operation 410 [2/2] (2.10ns) (root node of the DSP)   --->   "%add_ln22_18 = add i16 %add_ln22_17, i16 %mul_ln22_24" [matrix_mult.cpp:22]   --->   Operation 410 'add' 'add_ln22_18' <Predicate = true> <Delay = 2.10> <CoreInst = "DSP48">   --->   Core 116 'DSP48' <Latency = 3> <II = 1> <Delay = 2.15> <IPBlock> <Opcode : 'add' 'sub' 'mul' 'select'> <InPorts = 0> <OutPorts = 1> <Sync> <CReg>
ST_11 : Operation 411 [1/3] (0.00ns) (grouped into DSP with root node add_ln22_22)   --->   "%mul_ln22_29 = mul i16 %zext_ln22_32, i16 %zext_ln22_5" [matrix_mult.cpp:22]   --->   Operation 411 'mul' 'mul_ln22_29' <Predicate = true> <Delay = 0.00> <CoreInst = "DSP48">   --->   Core 116 'DSP48' <Latency = 3> <II = 1> <Delay = 2.15> <IPBlock> <Opcode : 'add' 'sub' 'mul' 'select'> <InPorts = 0> <OutPorts = 1> <Sync> <CReg>
ST_11 : Operation 412 [2/2] (2.10ns) (root node of the DSP)   --->   "%add_ln22_22 = add i16 %add_ln22_21, i16 %mul_ln22_29" [matrix_mult.cpp:22]   --->   Operation 412 'add' 'add_ln22_22' <Predicate = true> <Delay = 2.10> <CoreInst = "DSP48">   --->   Core 116 'DSP48' <Latency = 3> <II = 1> <Delay = 2.15> <IPBlock> <Opcode : 'add' 'sub' 'mul' 'select'> <InPorts = 0> <OutPorts = 1> <Sync> <CReg>
ST_11 : Operation 413 [2/3] (1.05ns) (grouped into DSP with root node add_ln22_26)   --->   "%mul_ln22_34 = mul i16 %zext_ln22_32, i16 %zext_ln22_12" [matrix_mult.cpp:22]   --->   Operation 413 'mul' 'mul_ln22_34' <Predicate = true> <Delay = 1.05> <CoreInst = "DSP48">   --->   Core 116 'DSP48' <Latency = 3> <II = 1> <Delay = 2.15> <IPBlock> <Opcode : 'add' 'sub' 'mul' 'select'> <InPorts = 0> <OutPorts = 1> <Sync> <CReg>
ST_11 : Operation 414 [2/3] (1.05ns) (grouped into DSP with root node add_ln22_30)   --->   "%mul_ln22_39 = mul i16 %zext_ln22_32, i16 %zext_ln22_17" [matrix_mult.cpp:22]   --->   Operation 414 'mul' 'mul_ln22_39' <Predicate = true> <Delay = 1.05> <CoreInst = "DSP48">   --->   Core 116 'DSP48' <Latency = 3> <II = 1> <Delay = 2.15> <IPBlock> <Opcode : 'add' 'sub' 'mul' 'select'> <InPorts = 0> <OutPorts = 1> <Sync> <CReg>
ST_11 : Operation 415 [1/2] (2.10ns) (root node of the DSP)   --->   "%add_ln22_28 = add i16 %mul_ln22_36, i16 %mul_ln22_35" [matrix_mult.cpp:22]   --->   Operation 415 'add' 'add_ln22_28' <Predicate = true> <Delay = 2.10> <CoreInst = "DSP48">   --->   Core 116 'DSP48' <Latency = 3> <II = 1> <Delay = 2.15> <IPBlock> <Opcode : 'add' 'sub' 'mul' 'select'> <InPorts = 0> <OutPorts = 1> <Sync> <CReg>
ST_11 : Operation 416 [3/3] (1.05ns) (grouped into DSP with root node add_ln22_34)   --->   "%mul_ln22_44 = mul i16 %zext_ln22_32, i16 %zext_ln22_22" [matrix_mult.cpp:22]   --->   Operation 416 'mul' 'mul_ln22_44' <Predicate = true> <Delay = 1.05> <CoreInst = "DSP48">   --->   Core 116 'DSP48' <Latency = 3> <II = 1> <Delay = 2.15> <IPBlock> <Opcode : 'add' 'sub' 'mul' 'select'> <InPorts = 0> <OutPorts = 1> <Sync> <CReg>
ST_11 : Operation 417 [1/2] (2.10ns) (root node of the DSP)   --->   "%add_ln22_32 = add i16 %mul_ln22_41, i16 %mul_ln22_40" [matrix_mult.cpp:22]   --->   Operation 417 'add' 'add_ln22_32' <Predicate = true> <Delay = 2.10> <CoreInst = "DSP48">   --->   Core 116 'DSP48' <Latency = 3> <II = 1> <Delay = 2.15> <IPBlock> <Opcode : 'add' 'sub' 'mul' 'select'> <InPorts = 0> <OutPorts = 1> <Sync> <CReg>
ST_11 : Operation 418 [3/3] (1.05ns) (grouped into DSP with root node add_ln22_38)   --->   "%mul_ln22_49 = mul i16 %zext_ln22_32, i16 %zext_ln22_27" [matrix_mult.cpp:22]   --->   Operation 418 'mul' 'mul_ln22_49' <Predicate = true> <Delay = 1.05> <CoreInst = "DSP48">   --->   Core 116 'DSP48' <Latency = 3> <II = 1> <Delay = 2.15> <IPBlock> <Opcode : 'add' 'sub' 'mul' 'select'> <InPorts = 0> <OutPorts = 1> <Sync> <CReg>
ST_11 : Operation 419 [1/2] (2.10ns) (root node of the DSP)   --->   "%add_ln22_36 = add i16 %mul_ln22_46, i16 %mul_ln22_45" [matrix_mult.cpp:22]   --->   Operation 419 'add' 'add_ln22_36' <Predicate = true> <Delay = 2.10> <CoreInst = "DSP48">   --->   Core 116 'DSP48' <Latency = 3> <II = 1> <Delay = 2.15> <IPBlock> <Opcode : 'add' 'sub' 'mul' 'select'> <InPorts = 0> <OutPorts = 1> <Sync> <CReg>
ST_11 : Operation 420 [1/2] (2.10ns) (root node of the DSP)   --->   "%add_ln22_40 = add i16 %mul_ln22_51, i16 %mul_ln22_50" [matrix_mult.cpp:22]   --->   Operation 420 'add' 'add_ln22_40' <Predicate = true> <Delay = 2.10> <CoreInst = "DSP48">   --->   Core 116 'DSP48' <Latency = 3> <II = 1> <Delay = 2.15> <IPBlock> <Opcode : 'add' 'sub' 'mul' 'select'> <InPorts = 0> <OutPorts = 1> <Sync> <CReg>
ST_11 : Operation 421 [1/3] (0.00ns) (grouped into DSP with root node add_ln22_44)   --->   "%mul_ln22_55 = mul i16 %zext_ln22_35, i16 %zext_ln22_10" [matrix_mult.cpp:22]   --->   Operation 421 'mul' 'mul_ln22_55' <Predicate = true> <Delay = 0.00> <CoreInst = "DSP48">   --->   Core 116 'DSP48' <Latency = 3> <II = 1> <Delay = 2.15> <IPBlock> <Opcode : 'add' 'sub' 'mul' 'select'> <InPorts = 0> <OutPorts = 1> <Sync> <CReg>
ST_11 : Operation 422 [1/1] (4.17ns)   --->   "%mul_ln22_56 = mul i16 %zext_ln22_36, i16 %zext_ln22_11" [matrix_mult.cpp:22]   --->   Operation 422 'mul' 'mul_ln22_56' <Predicate = true> <Delay = 4.17> <CoreInst = "Multiplier">   --->   Core 3 'Multiplier' <Latency = 0> <II = 1> <Delay = 4.17> <FuncUnit> <Opcode : 'mul'> <InPorts = 2> <OutPorts = 1>
ST_11 : Operation 423 [2/2] (2.10ns) (root node of the DSP)   --->   "%add_ln22_44 = add i16 %mul_ln22_56, i16 %mul_ln22_55" [matrix_mult.cpp:22]   --->   Operation 423 'add' 'add_ln22_44' <Predicate = true> <Delay = 2.10> <CoreInst = "DSP48">   --->   Core 116 'DSP48' <Latency = 3> <II = 1> <Delay = 2.15> <IPBlock> <Opcode : 'add' 'sub' 'mul' 'select'> <InPorts = 0> <OutPorts = 1> <Sync> <CReg>
ST_11 : Operation 424 [1/3] (0.00ns) (grouped into DSP with root node add_ln22_48)   --->   "%mul_ln22_60 = mul i16 %zext_ln22_35, i16 %zext_ln22_15" [matrix_mult.cpp:22]   --->   Operation 424 'mul' 'mul_ln22_60' <Predicate = true> <Delay = 0.00> <CoreInst = "DSP48">   --->   Core 116 'DSP48' <Latency = 3> <II = 1> <Delay = 2.15> <IPBlock> <Opcode : 'add' 'sub' 'mul' 'select'> <InPorts = 0> <OutPorts = 1> <Sync> <CReg>
ST_11 : Operation 425 [1/1] (4.17ns)   --->   "%mul_ln22_61 = mul i16 %zext_ln22_36, i16 %zext_ln22_16" [matrix_mult.cpp:22]   --->   Operation 425 'mul' 'mul_ln22_61' <Predicate = true> <Delay = 4.17> <CoreInst = "Multiplier">   --->   Core 3 'Multiplier' <Latency = 0> <II = 1> <Delay = 4.17> <FuncUnit> <Opcode : 'mul'> <InPorts = 2> <OutPorts = 1>
ST_11 : Operation 426 [2/2] (2.10ns) (root node of the DSP)   --->   "%add_ln22_48 = add i16 %mul_ln22_61, i16 %mul_ln22_60" [matrix_mult.cpp:22]   --->   Operation 426 'add' 'add_ln22_48' <Predicate = true> <Delay = 2.10> <CoreInst = "DSP48">   --->   Core 116 'DSP48' <Latency = 3> <II = 1> <Delay = 2.15> <IPBlock> <Opcode : 'add' 'sub' 'mul' 'select'> <InPorts = 0> <OutPorts = 1> <Sync> <CReg>
ST_11 : Operation 427 [1/3] (0.00ns) (grouped into DSP with root node add_ln22_52)   --->   "%mul_ln22_65 = mul i16 %zext_ln22_35, i16 %zext_ln22_20" [matrix_mult.cpp:22]   --->   Operation 427 'mul' 'mul_ln22_65' <Predicate = true> <Delay = 0.00> <CoreInst = "DSP48">   --->   Core 116 'DSP48' <Latency = 3> <II = 1> <Delay = 2.15> <IPBlock> <Opcode : 'add' 'sub' 'mul' 'select'> <InPorts = 0> <OutPorts = 1> <Sync> <CReg>
ST_11 : Operation 428 [1/1] (4.17ns)   --->   "%mul_ln22_66 = mul i16 %zext_ln22_36, i16 %zext_ln22_21" [matrix_mult.cpp:22]   --->   Operation 428 'mul' 'mul_ln22_66' <Predicate = true> <Delay = 4.17> <CoreInst = "Multiplier">   --->   Core 3 'Multiplier' <Latency = 0> <II = 1> <Delay = 4.17> <FuncUnit> <Opcode : 'mul'> <InPorts = 2> <OutPorts = 1>
ST_11 : Operation 429 [2/2] (2.10ns) (root node of the DSP)   --->   "%add_ln22_52 = add i16 %mul_ln22_66, i16 %mul_ln22_65" [matrix_mult.cpp:22]   --->   Operation 429 'add' 'add_ln22_52' <Predicate = true> <Delay = 2.10> <CoreInst = "DSP48">   --->   Core 116 'DSP48' <Latency = 3> <II = 1> <Delay = 2.15> <IPBlock> <Opcode : 'add' 'sub' 'mul' 'select'> <InPorts = 0> <OutPorts = 1> <Sync> <CReg>
ST_11 : Operation 430 [1/3] (0.00ns) (grouped into DSP with root node add_ln22_56)   --->   "%mul_ln22_70 = mul i16 %zext_ln22_35, i16 %zext_ln22_25" [matrix_mult.cpp:22]   --->   Operation 430 'mul' 'mul_ln22_70' <Predicate = true> <Delay = 0.00> <CoreInst = "DSP48">   --->   Core 116 'DSP48' <Latency = 3> <II = 1> <Delay = 2.15> <IPBlock> <Opcode : 'add' 'sub' 'mul' 'select'> <InPorts = 0> <OutPorts = 1> <Sync> <CReg>
ST_11 : Operation 431 [1/1] (4.17ns)   --->   "%mul_ln22_71 = mul i16 %zext_ln22_36, i16 %zext_ln22_26" [matrix_mult.cpp:22]   --->   Operation 431 'mul' 'mul_ln22_71' <Predicate = true> <Delay = 4.17> <CoreInst = "Multiplier">   --->   Core 3 'Multiplier' <Latency = 0> <II = 1> <Delay = 4.17> <FuncUnit> <Opcode : 'mul'> <InPorts = 2> <OutPorts = 1>
ST_11 : Operation 432 [2/2] (2.10ns) (root node of the DSP)   --->   "%add_ln22_56 = add i16 %mul_ln22_71, i16 %mul_ln22_70" [matrix_mult.cpp:22]   --->   Operation 432 'add' 'add_ln22_56' <Predicate = true> <Delay = 2.10> <CoreInst = "DSP48">   --->   Core 116 'DSP48' <Latency = 3> <II = 1> <Delay = 2.15> <IPBlock> <Opcode : 'add' 'sub' 'mul' 'select'> <InPorts = 0> <OutPorts = 1> <Sync> <CReg>
ST_11 : Operation 433 [2/3] (1.05ns) (grouped into DSP with root node add_ln22_60)   --->   "%mul_ln22_75 = mul i16 %zext_ln22_40, i16 %zext_ln22_1" [matrix_mult.cpp:22]   --->   Operation 433 'mul' 'mul_ln22_75' <Predicate = true> <Delay = 1.05> <CoreInst = "DSP48">   --->   Core 116 'DSP48' <Latency = 3> <II = 1> <Delay = 2.15> <IPBlock> <Opcode : 'add' 'sub' 'mul' 'select'> <InPorts = 0> <OutPorts = 1> <Sync> <CReg>
ST_11 : Operation 434 [2/3] (1.05ns) (grouped into DSP with root node add_ln22_64)   --->   "%mul_ln22_80 = mul i16 %zext_ln22_40, i16 %zext_ln22_10" [matrix_mult.cpp:22]   --->   Operation 434 'mul' 'mul_ln22_80' <Predicate = true> <Delay = 1.05> <CoreInst = "DSP48">   --->   Core 116 'DSP48' <Latency = 3> <II = 1> <Delay = 2.15> <IPBlock> <Opcode : 'add' 'sub' 'mul' 'select'> <InPorts = 0> <OutPorts = 1> <Sync> <CReg>
ST_11 : Operation 435 [2/3] (1.05ns) (grouped into DSP with root node add_ln22_68)   --->   "%mul_ln22_85 = mul i16 %zext_ln22_40, i16 %zext_ln22_15" [matrix_mult.cpp:22]   --->   Operation 435 'mul' 'mul_ln22_85' <Predicate = true> <Delay = 1.05> <CoreInst = "DSP48">   --->   Core 116 'DSP48' <Latency = 3> <II = 1> <Delay = 2.15> <IPBlock> <Opcode : 'add' 'sub' 'mul' 'select'> <InPorts = 0> <OutPorts = 1> <Sync> <CReg>
ST_11 : Operation 436 [2/3] (1.05ns) (grouped into DSP with root node add_ln22_72)   --->   "%mul_ln22_90 = mul i16 %zext_ln22_40, i16 %zext_ln22_20" [matrix_mult.cpp:22]   --->   Operation 436 'mul' 'mul_ln22_90' <Predicate = true> <Delay = 1.05> <CoreInst = "DSP48">   --->   Core 116 'DSP48' <Latency = 3> <II = 1> <Delay = 2.15> <IPBlock> <Opcode : 'add' 'sub' 'mul' 'select'> <InPorts = 0> <OutPorts = 1> <Sync> <CReg>
ST_11 : Operation 437 [3/3] (1.05ns) (grouped into DSP with root node add_ln22_76)   --->   "%mul_ln22_95 = mul i16 %zext_ln22_40, i16 %zext_ln22_25" [matrix_mult.cpp:22]   --->   Operation 437 'mul' 'mul_ln22_95' <Predicate = true> <Delay = 1.05> <CoreInst = "DSP48">   --->   Core 116 'DSP48' <Latency = 3> <II = 1> <Delay = 2.15> <IPBlock> <Opcode : 'add' 'sub' 'mul' 'select'> <InPorts = 0> <OutPorts = 1> <Sync> <CReg>
ST_11 : Operation 438 [1/1] (0.00ns)   --->   "%zext_ln22_45 = zext i8 %trunc_ln22_9" [matrix_mult.cpp:22]   --->   Operation 438 'zext' 'zext_ln22_45' <Predicate = true> <Delay = 0.00>
ST_11 : Operation 439 [3/3] (1.05ns) (grouped into DSP with root node add_ln22_80)   --->   "%mul_ln22_100 = mul i16 %zext_ln22_45, i16 %zext_ln22_1" [matrix_mult.cpp:22]   --->   Operation 439 'mul' 'mul_ln22_100' <Predicate = true> <Delay = 1.05> <CoreInst = "DSP48">   --->   Core 116 'DSP48' <Latency = 3> <II = 1> <Delay = 2.15> <IPBlock> <Opcode : 'add' 'sub' 'mul' 'select'> <InPorts = 0> <OutPorts = 1> <Sync> <CReg>
ST_11 : Operation 440 [3/3] (1.05ns) (grouped into DSP with root node add_ln22_84)   --->   "%mul_ln22_105 = mul i16 %zext_ln22_45, i16 %zext_ln22_10" [matrix_mult.cpp:22]   --->   Operation 440 'mul' 'mul_ln22_105' <Predicate = true> <Delay = 1.05> <CoreInst = "DSP48">   --->   Core 116 'DSP48' <Latency = 3> <II = 1> <Delay = 2.15> <IPBlock> <Opcode : 'add' 'sub' 'mul' 'select'> <InPorts = 0> <OutPorts = 1> <Sync> <CReg>
ST_11 : Operation 441 [3/3] (1.05ns) (grouped into DSP with root node add_ln22_88)   --->   "%mul_ln22_110 = mul i16 %zext_ln22_45, i16 %zext_ln22_15" [matrix_mult.cpp:22]   --->   Operation 441 'mul' 'mul_ln22_110' <Predicate = true> <Delay = 1.05> <CoreInst = "DSP48">   --->   Core 116 'DSP48' <Latency = 3> <II = 1> <Delay = 2.15> <IPBlock> <Opcode : 'add' 'sub' 'mul' 'select'> <InPorts = 0> <OutPorts = 1> <Sync> <CReg>

State 12 <SV = 11> <Delay = 6.27>
ST_12 : Operation 442 [1/1] (0.00ns)   --->   "%prod_addr_4 = getelementptr i16 %prod, i64 0, i64 4" [matrix_mult.cpp:22]   --->   Operation 442 'getelementptr' 'prod_addr_4' <Predicate = true> <Delay = 0.00>
ST_12 : Operation 443 [1/1] (0.00ns)   --->   "%prod_addr_5 = getelementptr i16 %prod, i64 0, i64 5" [matrix_mult.cpp:22]   --->   Operation 443 'getelementptr' 'prod_addr_5' <Predicate = true> <Delay = 0.00>
ST_12 : Operation 444 [1/2] (2.10ns) (root node of the DSP)   --->   "%add_ln22_18 = add i16 %add_ln22_17, i16 %mul_ln22_24" [matrix_mult.cpp:22]   --->   Operation 444 'add' 'add_ln22_18' <Predicate = true> <Delay = 2.10> <CoreInst = "DSP48">   --->   Core 116 'DSP48' <Latency = 3> <II = 1> <Delay = 2.15> <IPBlock> <Opcode : 'add' 'sub' 'mul' 'select'> <InPorts = 0> <OutPorts = 1> <Sync> <CReg>
ST_12 : Operation 445 [1/1] (2.07ns)   --->   "%add_ln22_19 = add i16 %add_ln22_18, i16 %add_ln22_16" [matrix_mult.cpp:22]   --->   Operation 445 'add' 'add_ln22_19' <Predicate = true> <Delay = 2.07> <CoreInst = "Adder">   --->   Core 1 'Adder' <Latency = 0> <II = 1> <Delay = 2.07> <FuncUnit> <Opcode : 'add' 'sub'> <InPorts = 2> <OutPorts = 1>
ST_12 : Operation 446 [1/1] ( I:0.00ns O:0.00ns )   --->   "%store_ln22 = store i16 %add_ln22_19, i5 %prod_addr_4" [matrix_mult.cpp:22]   --->   Operation 446 'store' 'store_ln22' <Predicate = true> <Delay = 0.00> <CoreInst = "RAM">   --->   Core 81 'RAM' <Latency = 1> <II = 1> <Delay = 2.32> <Storage> <Opcode : 'load' 'store'> <Ports = 2> <Width = 16> <Depth = 25> <RAM>
ST_12 : Operation 447 [1/2] (2.10ns) (root node of the DSP)   --->   "%add_ln22_22 = add i16 %add_ln22_21, i16 %mul_ln22_29" [matrix_mult.cpp:22]   --->   Operation 447 'add' 'add_ln22_22' <Predicate = true> <Delay = 2.10> <CoreInst = "DSP48">   --->   Core 116 'DSP48' <Latency = 3> <II = 1> <Delay = 2.15> <IPBlock> <Opcode : 'add' 'sub' 'mul' 'select'> <InPorts = 0> <OutPorts = 1> <Sync> <CReg>
ST_12 : Operation 448 [1/1] (2.07ns)   --->   "%add_ln22_23 = add i16 %add_ln22_22, i16 %add_ln22_20" [matrix_mult.cpp:22]   --->   Operation 448 'add' 'add_ln22_23' <Predicate = true> <Delay = 2.07> <CoreInst = "Adder">   --->   Core 1 'Adder' <Latency = 0> <II = 1> <Delay = 2.07> <FuncUnit> <Opcode : 'add' 'sub'> <InPorts = 2> <OutPorts = 1>
ST_12 : Operation 449 [1/1] ( I:0.00ns O:0.00ns )   --->   "%store_ln22 = store i16 %add_ln22_23, i5 %prod_addr_5" [matrix_mult.cpp:22]   --->   Operation 449 'store' 'store_ln22' <Predicate = true> <Delay = 0.00> <CoreInst = "RAM">   --->   Core 81 'RAM' <Latency = 1> <II = 1> <Delay = 2.32> <Storage> <Opcode : 'load' 'store'> <Ports = 2> <Width = 16> <Depth = 25> <RAM>
ST_12 : Operation 450 [1/3] (0.00ns) (grouped into DSP with root node add_ln22_26)   --->   "%mul_ln22_34 = mul i16 %zext_ln22_32, i16 %zext_ln22_12" [matrix_mult.cpp:22]   --->   Operation 450 'mul' 'mul_ln22_34' <Predicate = true> <Delay = 0.00> <CoreInst = "DSP48">   --->   Core 116 'DSP48' <Latency = 3> <II = 1> <Delay = 2.15> <IPBlock> <Opcode : 'add' 'sub' 'mul' 'select'> <InPorts = 0> <OutPorts = 1> <Sync> <CReg>
ST_12 : Operation 451 [2/2] (2.10ns) (root node of the DSP)   --->   "%add_ln22_26 = add i16 %add_ln22_25, i16 %mul_ln22_34" [matrix_mult.cpp:22]   --->   Operation 451 'add' 'add_ln22_26' <Predicate = true> <Delay = 2.10> <CoreInst = "DSP48">   --->   Core 116 'DSP48' <Latency = 3> <II = 1> <Delay = 2.15> <IPBlock> <Opcode : 'add' 'sub' 'mul' 'select'> <InPorts = 0> <OutPorts = 1> <Sync> <CReg>
ST_12 : Operation 452 [1/3] (0.00ns) (grouped into DSP with root node add_ln22_30)   --->   "%mul_ln22_39 = mul i16 %zext_ln22_32, i16 %zext_ln22_17" [matrix_mult.cpp:22]   --->   Operation 452 'mul' 'mul_ln22_39' <Predicate = true> <Delay = 0.00> <CoreInst = "DSP48">   --->   Core 116 'DSP48' <Latency = 3> <II = 1> <Delay = 2.15> <IPBlock> <Opcode : 'add' 'sub' 'mul' 'select'> <InPorts = 0> <OutPorts = 1> <Sync> <CReg>
ST_12 : Operation 453 [2/2] (2.10ns) (root node of the DSP)   --->   "%add_ln22_30 = add i16 %add_ln22_29, i16 %mul_ln22_39" [matrix_mult.cpp:22]   --->   Operation 453 'add' 'add_ln22_30' <Predicate = true> <Delay = 2.10> <CoreInst = "DSP48">   --->   Core 116 'DSP48' <Latency = 3> <II = 1> <Delay = 2.15> <IPBlock> <Opcode : 'add' 'sub' 'mul' 'select'> <InPorts = 0> <OutPorts = 1> <Sync> <CReg>
ST_12 : Operation 454 [2/3] (1.05ns) (grouped into DSP with root node add_ln22_34)   --->   "%mul_ln22_44 = mul i16 %zext_ln22_32, i16 %zext_ln22_22" [matrix_mult.cpp:22]   --->   Operation 454 'mul' 'mul_ln22_44' <Predicate = true> <Delay = 1.05> <CoreInst = "DSP48">   --->   Core 116 'DSP48' <Latency = 3> <II = 1> <Delay = 2.15> <IPBlock> <Opcode : 'add' 'sub' 'mul' 'select'> <InPorts = 0> <OutPorts = 1> <Sync> <CReg>
ST_12 : Operation 455 [2/3] (1.05ns) (grouped into DSP with root node add_ln22_38)   --->   "%mul_ln22_49 = mul i16 %zext_ln22_32, i16 %zext_ln22_27" [matrix_mult.cpp:22]   --->   Operation 455 'mul' 'mul_ln22_49' <Predicate = true> <Delay = 1.05> <CoreInst = "DSP48">   --->   Core 116 'DSP48' <Latency = 3> <II = 1> <Delay = 2.15> <IPBlock> <Opcode : 'add' 'sub' 'mul' 'select'> <InPorts = 0> <OutPorts = 1> <Sync> <CReg>
ST_12 : Operation 456 [1/1] (0.00ns)   --->   "%zext_ln22_37 = zext i8 %tmp_28" [matrix_mult.cpp:22]   --->   Operation 456 'zext' 'zext_ln22_37' <Predicate = true> <Delay = 0.00>
ST_12 : Operation 457 [3/3] (1.05ns) (grouped into DSP with root node add_ln22_42)   --->   "%mul_ln22_54 = mul i16 %zext_ln22_37, i16 %zext_ln22_5" [matrix_mult.cpp:22]   --->   Operation 457 'mul' 'mul_ln22_54' <Predicate = true> <Delay = 1.05> <CoreInst = "DSP48">   --->   Core 116 'DSP48' <Latency = 3> <II = 1> <Delay = 2.15> <IPBlock> <Opcode : 'add' 'sub' 'mul' 'select'> <InPorts = 0> <OutPorts = 1> <Sync> <CReg>
ST_12 : Operation 458 [3/3] (1.05ns) (grouped into DSP with root node add_ln22_46)   --->   "%mul_ln22_59 = mul i16 %zext_ln22_37, i16 %zext_ln22_12" [matrix_mult.cpp:22]   --->   Operation 458 'mul' 'mul_ln22_59' <Predicate = true> <Delay = 1.05> <CoreInst = "DSP48">   --->   Core 116 'DSP48' <Latency = 3> <II = 1> <Delay = 2.15> <IPBlock> <Opcode : 'add' 'sub' 'mul' 'select'> <InPorts = 0> <OutPorts = 1> <Sync> <CReg>
ST_12 : Operation 459 [1/2] (2.10ns) (root node of the DSP)   --->   "%add_ln22_44 = add i16 %mul_ln22_56, i16 %mul_ln22_55" [matrix_mult.cpp:22]   --->   Operation 459 'add' 'add_ln22_44' <Predicate = true> <Delay = 2.10> <CoreInst = "DSP48">   --->   Core 116 'DSP48' <Latency = 3> <II = 1> <Delay = 2.15> <IPBlock> <Opcode : 'add' 'sub' 'mul' 'select'> <InPorts = 0> <OutPorts = 1> <Sync> <CReg>
ST_12 : Operation 460 [3/3] (1.05ns) (grouped into DSP with root node add_ln22_50)   --->   "%mul_ln22_64 = mul i16 %zext_ln22_37, i16 %zext_ln22_17" [matrix_mult.cpp:22]   --->   Operation 460 'mul' 'mul_ln22_64' <Predicate = true> <Delay = 1.05> <CoreInst = "DSP48">   --->   Core 116 'DSP48' <Latency = 3> <II = 1> <Delay = 2.15> <IPBlock> <Opcode : 'add' 'sub' 'mul' 'select'> <InPorts = 0> <OutPorts = 1> <Sync> <CReg>
ST_12 : Operation 461 [1/2] (2.10ns) (root node of the DSP)   --->   "%add_ln22_48 = add i16 %mul_ln22_61, i16 %mul_ln22_60" [matrix_mult.cpp:22]   --->   Operation 461 'add' 'add_ln22_48' <Predicate = true> <Delay = 2.10> <CoreInst = "DSP48">   --->   Core 116 'DSP48' <Latency = 3> <II = 1> <Delay = 2.15> <IPBlock> <Opcode : 'add' 'sub' 'mul' 'select'> <InPorts = 0> <OutPorts = 1> <Sync> <CReg>
ST_12 : Operation 462 [3/3] (1.05ns) (grouped into DSP with root node add_ln22_54)   --->   "%mul_ln22_69 = mul i16 %zext_ln22_37, i16 %zext_ln22_22" [matrix_mult.cpp:22]   --->   Operation 462 'mul' 'mul_ln22_69' <Predicate = true> <Delay = 1.05> <CoreInst = "DSP48">   --->   Core 116 'DSP48' <Latency = 3> <II = 1> <Delay = 2.15> <IPBlock> <Opcode : 'add' 'sub' 'mul' 'select'> <InPorts = 0> <OutPorts = 1> <Sync> <CReg>
ST_12 : Operation 463 [1/2] (2.10ns) (root node of the DSP)   --->   "%add_ln22_52 = add i16 %mul_ln22_66, i16 %mul_ln22_65" [matrix_mult.cpp:22]   --->   Operation 463 'add' 'add_ln22_52' <Predicate = true> <Delay = 2.10> <CoreInst = "DSP48">   --->   Core 116 'DSP48' <Latency = 3> <II = 1> <Delay = 2.15> <IPBlock> <Opcode : 'add' 'sub' 'mul' 'select'> <InPorts = 0> <OutPorts = 1> <Sync> <CReg>
ST_12 : Operation 464 [1/2] (2.10ns) (root node of the DSP)   --->   "%add_ln22_56 = add i16 %mul_ln22_71, i16 %mul_ln22_70" [matrix_mult.cpp:22]   --->   Operation 464 'add' 'add_ln22_56' <Predicate = true> <Delay = 2.10> <CoreInst = "DSP48">   --->   Core 116 'DSP48' <Latency = 3> <II = 1> <Delay = 2.15> <IPBlock> <Opcode : 'add' 'sub' 'mul' 'select'> <InPorts = 0> <OutPorts = 1> <Sync> <CReg>
ST_12 : Operation 465 [1/1] (0.00ns)   --->   "%zext_ln22_41 = zext i8 %tmp_31" [matrix_mult.cpp:22]   --->   Operation 465 'zext' 'zext_ln22_41' <Predicate = true> <Delay = 0.00>
ST_12 : Operation 466 [1/3] (0.00ns) (grouped into DSP with root node add_ln22_60)   --->   "%mul_ln22_75 = mul i16 %zext_ln22_40, i16 %zext_ln22_1" [matrix_mult.cpp:22]   --->   Operation 466 'mul' 'mul_ln22_75' <Predicate = true> <Delay = 0.00> <CoreInst = "DSP48">   --->   Core 116 'DSP48' <Latency = 3> <II = 1> <Delay = 2.15> <IPBlock> <Opcode : 'add' 'sub' 'mul' 'select'> <InPorts = 0> <OutPorts = 1> <Sync> <CReg>
ST_12 : Operation 467 [1/1] (4.17ns)   --->   "%mul_ln22_76 = mul i16 %zext_ln22_41, i16 %zext_ln22_3" [matrix_mult.cpp:22]   --->   Operation 467 'mul' 'mul_ln22_76' <Predicate = true> <Delay = 4.17> <CoreInst = "Multiplier">   --->   Core 3 'Multiplier' <Latency = 0> <II = 1> <Delay = 4.17> <FuncUnit> <Opcode : 'mul'> <InPorts = 2> <OutPorts = 1>
ST_12 : Operation 468 [2/2] (2.10ns) (root node of the DSP)   --->   "%add_ln22_60 = add i16 %mul_ln22_76, i16 %mul_ln22_75" [matrix_mult.cpp:22]   --->   Operation 468 'add' 'add_ln22_60' <Predicate = true> <Delay = 2.10> <CoreInst = "DSP48">   --->   Core 116 'DSP48' <Latency = 3> <II = 1> <Delay = 2.15> <IPBlock> <Opcode : 'add' 'sub' 'mul' 'select'> <InPorts = 0> <OutPorts = 1> <Sync> <CReg>
ST_12 : Operation 469 [1/3] (0.00ns) (grouped into DSP with root node add_ln22_64)   --->   "%mul_ln22_80 = mul i16 %zext_ln22_40, i16 %zext_ln22_10" [matrix_mult.cpp:22]   --->   Operation 469 'mul' 'mul_ln22_80' <Predicate = true> <Delay = 0.00> <CoreInst = "DSP48">   --->   Core 116 'DSP48' <Latency = 3> <II = 1> <Delay = 2.15> <IPBlock> <Opcode : 'add' 'sub' 'mul' 'select'> <InPorts = 0> <OutPorts = 1> <Sync> <CReg>
ST_12 : Operation 470 [1/1] (4.17ns)   --->   "%mul_ln22_81 = mul i16 %zext_ln22_41, i16 %zext_ln22_11" [matrix_mult.cpp:22]   --->   Operation 470 'mul' 'mul_ln22_81' <Predicate = true> <Delay = 4.17> <CoreInst = "Multiplier">   --->   Core 3 'Multiplier' <Latency = 0> <II = 1> <Delay = 4.17> <FuncUnit> <Opcode : 'mul'> <InPorts = 2> <OutPorts = 1>
ST_12 : Operation 471 [2/2] (2.10ns) (root node of the DSP)   --->   "%add_ln22_64 = add i16 %mul_ln22_81, i16 %mul_ln22_80" [matrix_mult.cpp:22]   --->   Operation 471 'add' 'add_ln22_64' <Predicate = true> <Delay = 2.10> <CoreInst = "DSP48">   --->   Core 116 'DSP48' <Latency = 3> <II = 1> <Delay = 2.15> <IPBlock> <Opcode : 'add' 'sub' 'mul' 'select'> <InPorts = 0> <OutPorts = 1> <Sync> <CReg>
ST_12 : Operation 472 [1/3] (0.00ns) (grouped into DSP with root node add_ln22_68)   --->   "%mul_ln22_85 = mul i16 %zext_ln22_40, i16 %zext_ln22_15" [matrix_mult.cpp:22]   --->   Operation 472 'mul' 'mul_ln22_85' <Predicate = true> <Delay = 0.00> <CoreInst = "DSP48">   --->   Core 116 'DSP48' <Latency = 3> <II = 1> <Delay = 2.15> <IPBlock> <Opcode : 'add' 'sub' 'mul' 'select'> <InPorts = 0> <OutPorts = 1> <Sync> <CReg>
ST_12 : Operation 473 [1/1] (4.17ns)   --->   "%mul_ln22_86 = mul i16 %zext_ln22_41, i16 %zext_ln22_16" [matrix_mult.cpp:22]   --->   Operation 473 'mul' 'mul_ln22_86' <Predicate = true> <Delay = 4.17> <CoreInst = "Multiplier">   --->   Core 3 'Multiplier' <Latency = 0> <II = 1> <Delay = 4.17> <FuncUnit> <Opcode : 'mul'> <InPorts = 2> <OutPorts = 1>
ST_12 : Operation 474 [2/2] (2.10ns) (root node of the DSP)   --->   "%add_ln22_68 = add i16 %mul_ln22_86, i16 %mul_ln22_85" [matrix_mult.cpp:22]   --->   Operation 474 'add' 'add_ln22_68' <Predicate = true> <Delay = 2.10> <CoreInst = "DSP48">   --->   Core 116 'DSP48' <Latency = 3> <II = 1> <Delay = 2.15> <IPBlock> <Opcode : 'add' 'sub' 'mul' 'select'> <InPorts = 0> <OutPorts = 1> <Sync> <CReg>
ST_12 : Operation 475 [1/3] (0.00ns) (grouped into DSP with root node add_ln22_72)   --->   "%mul_ln22_90 = mul i16 %zext_ln22_40, i16 %zext_ln22_20" [matrix_mult.cpp:22]   --->   Operation 475 'mul' 'mul_ln22_90' <Predicate = true> <Delay = 0.00> <CoreInst = "DSP48">   --->   Core 116 'DSP48' <Latency = 3> <II = 1> <Delay = 2.15> <IPBlock> <Opcode : 'add' 'sub' 'mul' 'select'> <InPorts = 0> <OutPorts = 1> <Sync> <CReg>
ST_12 : Operation 476 [1/1] (4.17ns)   --->   "%mul_ln22_91 = mul i16 %zext_ln22_41, i16 %zext_ln22_21" [matrix_mult.cpp:22]   --->   Operation 476 'mul' 'mul_ln22_91' <Predicate = true> <Delay = 4.17> <CoreInst = "Multiplier">   --->   Core 3 'Multiplier' <Latency = 0> <II = 1> <Delay = 4.17> <FuncUnit> <Opcode : 'mul'> <InPorts = 2> <OutPorts = 1>
ST_12 : Operation 477 [2/2] (2.10ns) (root node of the DSP)   --->   "%add_ln22_72 = add i16 %mul_ln22_91, i16 %mul_ln22_90" [matrix_mult.cpp:22]   --->   Operation 477 'add' 'add_ln22_72' <Predicate = true> <Delay = 2.10> <CoreInst = "DSP48">   --->   Core 116 'DSP48' <Latency = 3> <II = 1> <Delay = 2.15> <IPBlock> <Opcode : 'add' 'sub' 'mul' 'select'> <InPorts = 0> <OutPorts = 1> <Sync> <CReg>
ST_12 : Operation 478 [2/3] (1.05ns) (grouped into DSP with root node add_ln22_76)   --->   "%mul_ln22_95 = mul i16 %zext_ln22_40, i16 %zext_ln22_25" [matrix_mult.cpp:22]   --->   Operation 478 'mul' 'mul_ln22_95' <Predicate = true> <Delay = 1.05> <CoreInst = "DSP48">   --->   Core 116 'DSP48' <Latency = 3> <II = 1> <Delay = 2.15> <IPBlock> <Opcode : 'add' 'sub' 'mul' 'select'> <InPorts = 0> <OutPorts = 1> <Sync> <CReg>
ST_12 : Operation 479 [2/3] (1.05ns) (grouped into DSP with root node add_ln22_80)   --->   "%mul_ln22_100 = mul i16 %zext_ln22_45, i16 %zext_ln22_1" [matrix_mult.cpp:22]   --->   Operation 479 'mul' 'mul_ln22_100' <Predicate = true> <Delay = 1.05> <CoreInst = "DSP48">   --->   Core 116 'DSP48' <Latency = 3> <II = 1> <Delay = 2.15> <IPBlock> <Opcode : 'add' 'sub' 'mul' 'select'> <InPorts = 0> <OutPorts = 1> <Sync> <CReg>
ST_12 : Operation 480 [2/3] (1.05ns) (grouped into DSP with root node add_ln22_84)   --->   "%mul_ln22_105 = mul i16 %zext_ln22_45, i16 %zext_ln22_10" [matrix_mult.cpp:22]   --->   Operation 480 'mul' 'mul_ln22_105' <Predicate = true> <Delay = 1.05> <CoreInst = "DSP48">   --->   Core 116 'DSP48' <Latency = 3> <II = 1> <Delay = 2.15> <IPBlock> <Opcode : 'add' 'sub' 'mul' 'select'> <InPorts = 0> <OutPorts = 1> <Sync> <CReg>
ST_12 : Operation 481 [2/3] (1.05ns) (grouped into DSP with root node add_ln22_88)   --->   "%mul_ln22_110 = mul i16 %zext_ln22_45, i16 %zext_ln22_15" [matrix_mult.cpp:22]   --->   Operation 481 'mul' 'mul_ln22_110' <Predicate = true> <Delay = 1.05> <CoreInst = "DSP48">   --->   Core 116 'DSP48' <Latency = 3> <II = 1> <Delay = 2.15> <IPBlock> <Opcode : 'add' 'sub' 'mul' 'select'> <InPorts = 0> <OutPorts = 1> <Sync> <CReg>
ST_12 : Operation 482 [3/3] (1.05ns) (grouped into DSP with root node add_ln22_92)   --->   "%mul_ln22_115 = mul i16 %zext_ln22_45, i16 %zext_ln22_20" [matrix_mult.cpp:22]   --->   Operation 482 'mul' 'mul_ln22_115' <Predicate = true> <Delay = 1.05> <CoreInst = "DSP48">   --->   Core 116 'DSP48' <Latency = 3> <II = 1> <Delay = 2.15> <IPBlock> <Opcode : 'add' 'sub' 'mul' 'select'> <InPorts = 0> <OutPorts = 1> <Sync> <CReg>
ST_12 : Operation 483 [3/3] (1.05ns) (grouped into DSP with root node add_ln22_96)   --->   "%mul_ln22_120 = mul i16 %zext_ln22_45, i16 %zext_ln22_25" [matrix_mult.cpp:22]   --->   Operation 483 'mul' 'mul_ln22_120' <Predicate = true> <Delay = 1.05> <CoreInst = "DSP48">   --->   Core 116 'DSP48' <Latency = 3> <II = 1> <Delay = 2.15> <IPBlock> <Opcode : 'add' 'sub' 'mul' 'select'> <InPorts = 0> <OutPorts = 1> <Sync> <CReg>

State 13 <SV = 12> <Delay = 6.27>
ST_13 : Operation 484 [1/1] (0.00ns)   --->   "%prod_addr_6 = getelementptr i16 %prod, i64 0, i64 6" [matrix_mult.cpp:22]   --->   Operation 484 'getelementptr' 'prod_addr_6' <Predicate = true> <Delay = 0.00>
ST_13 : Operation 485 [1/1] (0.00ns)   --->   "%prod_addr_7 = getelementptr i16 %prod, i64 0, i64 7" [matrix_mult.cpp:22]   --->   Operation 485 'getelementptr' 'prod_addr_7' <Predicate = true> <Delay = 0.00>
ST_13 : Operation 486 [1/2] (2.10ns) (root node of the DSP)   --->   "%add_ln22_26 = add i16 %add_ln22_25, i16 %mul_ln22_34" [matrix_mult.cpp:22]   --->   Operation 486 'add' 'add_ln22_26' <Predicate = true> <Delay = 2.10> <CoreInst = "DSP48">   --->   Core 116 'DSP48' <Latency = 3> <II = 1> <Delay = 2.15> <IPBlock> <Opcode : 'add' 'sub' 'mul' 'select'> <InPorts = 0> <OutPorts = 1> <Sync> <CReg>
ST_13 : Operation 487 [1/1] (2.07ns)   --->   "%add_ln22_27 = add i16 %add_ln22_26, i16 %add_ln22_24" [matrix_mult.cpp:22]   --->   Operation 487 'add' 'add_ln22_27' <Predicate = true> <Delay = 2.07> <CoreInst = "Adder">   --->   Core 1 'Adder' <Latency = 0> <II = 1> <Delay = 2.07> <FuncUnit> <Opcode : 'add' 'sub'> <InPorts = 2> <OutPorts = 1>
ST_13 : Operation 488 [1/1] ( I:0.00ns O:0.00ns )   --->   "%store_ln22 = store i16 %add_ln22_27, i5 %prod_addr_6" [matrix_mult.cpp:22]   --->   Operation 488 'store' 'store_ln22' <Predicate = true> <Delay = 0.00> <CoreInst = "RAM">   --->   Core 81 'RAM' <Latency = 1> <II = 1> <Delay = 2.32> <Storage> <Opcode : 'load' 'store'> <Ports = 2> <Width = 16> <Depth = 25> <RAM>
ST_13 : Operation 489 [1/2] (2.10ns) (root node of the DSP)   --->   "%add_ln22_30 = add i16 %add_ln22_29, i16 %mul_ln22_39" [matrix_mult.cpp:22]   --->   Operation 489 'add' 'add_ln22_30' <Predicate = true> <Delay = 2.10> <CoreInst = "DSP48">   --->   Core 116 'DSP48' <Latency = 3> <II = 1> <Delay = 2.15> <IPBlock> <Opcode : 'add' 'sub' 'mul' 'select'> <InPorts = 0> <OutPorts = 1> <Sync> <CReg>
ST_13 : Operation 490 [1/1] (2.07ns)   --->   "%add_ln22_31 = add i16 %add_ln22_30, i16 %add_ln22_28" [matrix_mult.cpp:22]   --->   Operation 490 'add' 'add_ln22_31' <Predicate = true> <Delay = 2.07> <CoreInst = "Adder">   --->   Core 1 'Adder' <Latency = 0> <II = 1> <Delay = 2.07> <FuncUnit> <Opcode : 'add' 'sub'> <InPorts = 2> <OutPorts = 1>
ST_13 : Operation 491 [1/1] ( I:0.00ns O:0.00ns )   --->   "%store_ln22 = store i16 %add_ln22_31, i5 %prod_addr_7" [matrix_mult.cpp:22]   --->   Operation 491 'store' 'store_ln22' <Predicate = true> <Delay = 0.00> <CoreInst = "RAM">   --->   Core 81 'RAM' <Latency = 1> <II = 1> <Delay = 2.32> <Storage> <Opcode : 'load' 'store'> <Ports = 2> <Width = 16> <Depth = 25> <RAM>
ST_13 : Operation 492 [1/3] (0.00ns) (grouped into DSP with root node add_ln22_34)   --->   "%mul_ln22_44 = mul i16 %zext_ln22_32, i16 %zext_ln22_22" [matrix_mult.cpp:22]   --->   Operation 492 'mul' 'mul_ln22_44' <Predicate = true> <Delay = 0.00> <CoreInst = "DSP48">   --->   Core 116 'DSP48' <Latency = 3> <II = 1> <Delay = 2.15> <IPBlock> <Opcode : 'add' 'sub' 'mul' 'select'> <InPorts = 0> <OutPorts = 1> <Sync> <CReg>
ST_13 : Operation 493 [2/2] (2.10ns) (root node of the DSP)   --->   "%add_ln22_34 = add i16 %add_ln22_33, i16 %mul_ln22_44" [matrix_mult.cpp:22]   --->   Operation 493 'add' 'add_ln22_34' <Predicate = true> <Delay = 2.10> <CoreInst = "DSP48">   --->   Core 116 'DSP48' <Latency = 3> <II = 1> <Delay = 2.15> <IPBlock> <Opcode : 'add' 'sub' 'mul' 'select'> <InPorts = 0> <OutPorts = 1> <Sync> <CReg>
ST_13 : Operation 494 [1/3] (0.00ns) (grouped into DSP with root node add_ln22_38)   --->   "%mul_ln22_49 = mul i16 %zext_ln22_32, i16 %zext_ln22_27" [matrix_mult.cpp:22]   --->   Operation 494 'mul' 'mul_ln22_49' <Predicate = true> <Delay = 0.00> <CoreInst = "DSP48">   --->   Core 116 'DSP48' <Latency = 3> <II = 1> <Delay = 2.15> <IPBlock> <Opcode : 'add' 'sub' 'mul' 'select'> <InPorts = 0> <OutPorts = 1> <Sync> <CReg>
ST_13 : Operation 495 [2/2] (2.10ns) (root node of the DSP)   --->   "%add_ln22_38 = add i16 %add_ln22_37, i16 %mul_ln22_49" [matrix_mult.cpp:22]   --->   Operation 495 'add' 'add_ln22_38' <Predicate = true> <Delay = 2.10> <CoreInst = "DSP48">   --->   Core 116 'DSP48' <Latency = 3> <II = 1> <Delay = 2.15> <IPBlock> <Opcode : 'add' 'sub' 'mul' 'select'> <InPorts = 0> <OutPorts = 1> <Sync> <CReg>
ST_13 : Operation 496 [2/3] (1.05ns) (grouped into DSP with root node add_ln22_42)   --->   "%mul_ln22_54 = mul i16 %zext_ln22_37, i16 %zext_ln22_5" [matrix_mult.cpp:22]   --->   Operation 496 'mul' 'mul_ln22_54' <Predicate = true> <Delay = 1.05> <CoreInst = "DSP48">   --->   Core 116 'DSP48' <Latency = 3> <II = 1> <Delay = 2.15> <IPBlock> <Opcode : 'add' 'sub' 'mul' 'select'> <InPorts = 0> <OutPorts = 1> <Sync> <CReg>
ST_13 : Operation 497 [2/3] (1.05ns) (grouped into DSP with root node add_ln22_46)   --->   "%mul_ln22_59 = mul i16 %zext_ln22_37, i16 %zext_ln22_12" [matrix_mult.cpp:22]   --->   Operation 497 'mul' 'mul_ln22_59' <Predicate = true> <Delay = 1.05> <CoreInst = "DSP48">   --->   Core 116 'DSP48' <Latency = 3> <II = 1> <Delay = 2.15> <IPBlock> <Opcode : 'add' 'sub' 'mul' 'select'> <InPorts = 0> <OutPorts = 1> <Sync> <CReg>
ST_13 : Operation 498 [2/3] (1.05ns) (grouped into DSP with root node add_ln22_50)   --->   "%mul_ln22_64 = mul i16 %zext_ln22_37, i16 %zext_ln22_17" [matrix_mult.cpp:22]   --->   Operation 498 'mul' 'mul_ln22_64' <Predicate = true> <Delay = 1.05> <CoreInst = "DSP48">   --->   Core 116 'DSP48' <Latency = 3> <II = 1> <Delay = 2.15> <IPBlock> <Opcode : 'add' 'sub' 'mul' 'select'> <InPorts = 0> <OutPorts = 1> <Sync> <CReg>
ST_13 : Operation 499 [2/3] (1.05ns) (grouped into DSP with root node add_ln22_54)   --->   "%mul_ln22_69 = mul i16 %zext_ln22_37, i16 %zext_ln22_22" [matrix_mult.cpp:22]   --->   Operation 499 'mul' 'mul_ln22_69' <Predicate = true> <Delay = 1.05> <CoreInst = "DSP48">   --->   Core 116 'DSP48' <Latency = 3> <II = 1> <Delay = 2.15> <IPBlock> <Opcode : 'add' 'sub' 'mul' 'select'> <InPorts = 0> <OutPorts = 1> <Sync> <CReg>
ST_13 : Operation 500 [3/3] (1.05ns) (grouped into DSP with root node add_ln22_58)   --->   "%mul_ln22_74 = mul i16 %zext_ln22_37, i16 %zext_ln22_27" [matrix_mult.cpp:22]   --->   Operation 500 'mul' 'mul_ln22_74' <Predicate = true> <Delay = 1.05> <CoreInst = "DSP48">   --->   Core 116 'DSP48' <Latency = 3> <II = 1> <Delay = 2.15> <IPBlock> <Opcode : 'add' 'sub' 'mul' 'select'> <InPorts = 0> <OutPorts = 1> <Sync> <CReg>
ST_13 : Operation 501 [1/1] (0.00ns)   --->   "%zext_ln22_42 = zext i8 %tmp_32" [matrix_mult.cpp:22]   --->   Operation 501 'zext' 'zext_ln22_42' <Predicate = true> <Delay = 0.00>
ST_13 : Operation 502 [3/3] (1.05ns) (grouped into DSP with root node add_ln22_62)   --->   "%mul_ln22_79 = mul i16 %zext_ln22_42, i16 %zext_ln22_5" [matrix_mult.cpp:22]   --->   Operation 502 'mul' 'mul_ln22_79' <Predicate = true> <Delay = 1.05> <CoreInst = "DSP48">   --->   Core 116 'DSP48' <Latency = 3> <II = 1> <Delay = 2.15> <IPBlock> <Opcode : 'add' 'sub' 'mul' 'select'> <InPorts = 0> <OutPorts = 1> <Sync> <CReg>
ST_13 : Operation 503 [1/2] (2.10ns) (root node of the DSP)   --->   "%add_ln22_60 = add i16 %mul_ln22_76, i16 %mul_ln22_75" [matrix_mult.cpp:22]   --->   Operation 503 'add' 'add_ln22_60' <Predicate = true> <Delay = 2.10> <CoreInst = "DSP48">   --->   Core 116 'DSP48' <Latency = 3> <II = 1> <Delay = 2.15> <IPBlock> <Opcode : 'add' 'sub' 'mul' 'select'> <InPorts = 0> <OutPorts = 1> <Sync> <CReg>
ST_13 : Operation 504 [3/3] (1.05ns) (grouped into DSP with root node add_ln22_66)   --->   "%mul_ln22_84 = mul i16 %zext_ln22_42, i16 %zext_ln22_12" [matrix_mult.cpp:22]   --->   Operation 504 'mul' 'mul_ln22_84' <Predicate = true> <Delay = 1.05> <CoreInst = "DSP48">   --->   Core 116 'DSP48' <Latency = 3> <II = 1> <Delay = 2.15> <IPBlock> <Opcode : 'add' 'sub' 'mul' 'select'> <InPorts = 0> <OutPorts = 1> <Sync> <CReg>
ST_13 : Operation 505 [1/2] (2.10ns) (root node of the DSP)   --->   "%add_ln22_64 = add i16 %mul_ln22_81, i16 %mul_ln22_80" [matrix_mult.cpp:22]   --->   Operation 505 'add' 'add_ln22_64' <Predicate = true> <Delay = 2.10> <CoreInst = "DSP48">   --->   Core 116 'DSP48' <Latency = 3> <II = 1> <Delay = 2.15> <IPBlock> <Opcode : 'add' 'sub' 'mul' 'select'> <InPorts = 0> <OutPorts = 1> <Sync> <CReg>
ST_13 : Operation 506 [3/3] (1.05ns) (grouped into DSP with root node add_ln22_70)   --->   "%mul_ln22_89 = mul i16 %zext_ln22_42, i16 %zext_ln22_17" [matrix_mult.cpp:22]   --->   Operation 506 'mul' 'mul_ln22_89' <Predicate = true> <Delay = 1.05> <CoreInst = "DSP48">   --->   Core 116 'DSP48' <Latency = 3> <II = 1> <Delay = 2.15> <IPBlock> <Opcode : 'add' 'sub' 'mul' 'select'> <InPorts = 0> <OutPorts = 1> <Sync> <CReg>
ST_13 : Operation 507 [1/2] (2.10ns) (root node of the DSP)   --->   "%add_ln22_68 = add i16 %mul_ln22_86, i16 %mul_ln22_85" [matrix_mult.cpp:22]   --->   Operation 507 'add' 'add_ln22_68' <Predicate = true> <Delay = 2.10> <CoreInst = "DSP48">   --->   Core 116 'DSP48' <Latency = 3> <II = 1> <Delay = 2.15> <IPBlock> <Opcode : 'add' 'sub' 'mul' 'select'> <InPorts = 0> <OutPorts = 1> <Sync> <CReg>
ST_13 : Operation 508 [3/3] (1.05ns) (grouped into DSP with root node add_ln22_74)   --->   "%mul_ln22_94 = mul i16 %zext_ln22_42, i16 %zext_ln22_22" [matrix_mult.cpp:22]   --->   Operation 508 'mul' 'mul_ln22_94' <Predicate = true> <Delay = 1.05> <CoreInst = "DSP48">   --->   Core 116 'DSP48' <Latency = 3> <II = 1> <Delay = 2.15> <IPBlock> <Opcode : 'add' 'sub' 'mul' 'select'> <InPorts = 0> <OutPorts = 1> <Sync> <CReg>
ST_13 : Operation 509 [1/2] (2.10ns) (root node of the DSP)   --->   "%add_ln22_72 = add i16 %mul_ln22_91, i16 %mul_ln22_90" [matrix_mult.cpp:22]   --->   Operation 509 'add' 'add_ln22_72' <Predicate = true> <Delay = 2.10> <CoreInst = "DSP48">   --->   Core 116 'DSP48' <Latency = 3> <II = 1> <Delay = 2.15> <IPBlock> <Opcode : 'add' 'sub' 'mul' 'select'> <InPorts = 0> <OutPorts = 1> <Sync> <CReg>
ST_13 : Operation 510 [1/3] (0.00ns) (grouped into DSP with root node add_ln22_76)   --->   "%mul_ln22_95 = mul i16 %zext_ln22_40, i16 %zext_ln22_25" [matrix_mult.cpp:22]   --->   Operation 510 'mul' 'mul_ln22_95' <Predicate = true> <Delay = 0.00> <CoreInst = "DSP48">   --->   Core 116 'DSP48' <Latency = 3> <II = 1> <Delay = 2.15> <IPBlock> <Opcode : 'add' 'sub' 'mul' 'select'> <InPorts = 0> <OutPorts = 1> <Sync> <CReg>
ST_13 : Operation 511 [1/1] (4.17ns)   --->   "%mul_ln22_96 = mul i16 %zext_ln22_41, i16 %zext_ln22_26" [matrix_mult.cpp:22]   --->   Operation 511 'mul' 'mul_ln22_96' <Predicate = true> <Delay = 4.17> <CoreInst = "Multiplier">   --->   Core 3 'Multiplier' <Latency = 0> <II = 1> <Delay = 4.17> <FuncUnit> <Opcode : 'mul'> <InPorts = 2> <OutPorts = 1>
ST_13 : Operation 512 [3/3] (1.05ns) (grouped into DSP with root node add_ln22_78)   --->   "%mul_ln22_99 = mul i16 %zext_ln22_42, i16 %zext_ln22_27" [matrix_mult.cpp:22]   --->   Operation 512 'mul' 'mul_ln22_99' <Predicate = true> <Delay = 1.05> <CoreInst = "DSP48">   --->   Core 116 'DSP48' <Latency = 3> <II = 1> <Delay = 2.15> <IPBlock> <Opcode : 'add' 'sub' 'mul' 'select'> <InPorts = 0> <OutPorts = 1> <Sync> <CReg>
ST_13 : Operation 513 [2/2] (2.10ns) (root node of the DSP)   --->   "%add_ln22_76 = add i16 %mul_ln22_96, i16 %mul_ln22_95" [matrix_mult.cpp:22]   --->   Operation 513 'add' 'add_ln22_76' <Predicate = true> <Delay = 2.10> <CoreInst = "DSP48">   --->   Core 116 'DSP48' <Latency = 3> <II = 1> <Delay = 2.15> <IPBlock> <Opcode : 'add' 'sub' 'mul' 'select'> <InPorts = 0> <OutPorts = 1> <Sync> <CReg>
ST_13 : Operation 514 [1/1] (0.00ns)   --->   "%zext_ln22_46 = zext i8 %tmp_35" [matrix_mult.cpp:22]   --->   Operation 514 'zext' 'zext_ln22_46' <Predicate = true> <Delay = 0.00>
ST_13 : Operation 515 [1/3] (0.00ns) (grouped into DSP with root node add_ln22_80)   --->   "%mul_ln22_100 = mul i16 %zext_ln22_45, i16 %zext_ln22_1" [matrix_mult.cpp:22]   --->   Operation 515 'mul' 'mul_ln22_100' <Predicate = true> <Delay = 0.00> <CoreInst = "DSP48">   --->   Core 116 'DSP48' <Latency = 3> <II = 1> <Delay = 2.15> <IPBlock> <Opcode : 'add' 'sub' 'mul' 'select'> <InPorts = 0> <OutPorts = 1> <Sync> <CReg>
ST_13 : Operation 516 [1/1] (4.17ns)   --->   "%mul_ln22_101 = mul i16 %zext_ln22_46, i16 %zext_ln22_3" [matrix_mult.cpp:22]   --->   Operation 516 'mul' 'mul_ln22_101' <Predicate = true> <Delay = 4.17> <CoreInst = "Multiplier">   --->   Core 3 'Multiplier' <Latency = 0> <II = 1> <Delay = 4.17> <FuncUnit> <Opcode : 'mul'> <InPorts = 2> <OutPorts = 1>
ST_13 : Operation 517 [2/2] (2.10ns) (root node of the DSP)   --->   "%add_ln22_80 = add i16 %mul_ln22_101, i16 %mul_ln22_100" [matrix_mult.cpp:22]   --->   Operation 517 'add' 'add_ln22_80' <Predicate = true> <Delay = 2.10> <CoreInst = "DSP48">   --->   Core 116 'DSP48' <Latency = 3> <II = 1> <Delay = 2.15> <IPBlock> <Opcode : 'add' 'sub' 'mul' 'select'> <InPorts = 0> <OutPorts = 1> <Sync> <CReg>
ST_13 : Operation 518 [1/3] (0.00ns) (grouped into DSP with root node add_ln22_84)   --->   "%mul_ln22_105 = mul i16 %zext_ln22_45, i16 %zext_ln22_10" [matrix_mult.cpp:22]   --->   Operation 518 'mul' 'mul_ln22_105' <Predicate = true> <Delay = 0.00> <CoreInst = "DSP48">   --->   Core 116 'DSP48' <Latency = 3> <II = 1> <Delay = 2.15> <IPBlock> <Opcode : 'add' 'sub' 'mul' 'select'> <InPorts = 0> <OutPorts = 1> <Sync> <CReg>
ST_13 : Operation 519 [1/1] (4.17ns)   --->   "%mul_ln22_106 = mul i16 %zext_ln22_46, i16 %zext_ln22_11" [matrix_mult.cpp:22]   --->   Operation 519 'mul' 'mul_ln22_106' <Predicate = true> <Delay = 4.17> <CoreInst = "Multiplier">   --->   Core 3 'Multiplier' <Latency = 0> <II = 1> <Delay = 4.17> <FuncUnit> <Opcode : 'mul'> <InPorts = 2> <OutPorts = 1>
ST_13 : Operation 520 [2/2] (2.10ns) (root node of the DSP)   --->   "%add_ln22_84 = add i16 %mul_ln22_106, i16 %mul_ln22_105" [matrix_mult.cpp:22]   --->   Operation 520 'add' 'add_ln22_84' <Predicate = true> <Delay = 2.10> <CoreInst = "DSP48">   --->   Core 116 'DSP48' <Latency = 3> <II = 1> <Delay = 2.15> <IPBlock> <Opcode : 'add' 'sub' 'mul' 'select'> <InPorts = 0> <OutPorts = 1> <Sync> <CReg>
ST_13 : Operation 521 [1/3] (0.00ns) (grouped into DSP with root node add_ln22_88)   --->   "%mul_ln22_110 = mul i16 %zext_ln22_45, i16 %zext_ln22_15" [matrix_mult.cpp:22]   --->   Operation 521 'mul' 'mul_ln22_110' <Predicate = true> <Delay = 0.00> <CoreInst = "DSP48">   --->   Core 116 'DSP48' <Latency = 3> <II = 1> <Delay = 2.15> <IPBlock> <Opcode : 'add' 'sub' 'mul' 'select'> <InPorts = 0> <OutPorts = 1> <Sync> <CReg>
ST_13 : Operation 522 [1/1] (4.17ns)   --->   "%mul_ln22_111 = mul i16 %zext_ln22_46, i16 %zext_ln22_16" [matrix_mult.cpp:22]   --->   Operation 522 'mul' 'mul_ln22_111' <Predicate = true> <Delay = 4.17> <CoreInst = "Multiplier">   --->   Core 3 'Multiplier' <Latency = 0> <II = 1> <Delay = 4.17> <FuncUnit> <Opcode : 'mul'> <InPorts = 2> <OutPorts = 1>
ST_13 : Operation 523 [2/2] (2.10ns) (root node of the DSP)   --->   "%add_ln22_88 = add i16 %mul_ln22_111, i16 %mul_ln22_110" [matrix_mult.cpp:22]   --->   Operation 523 'add' 'add_ln22_88' <Predicate = true> <Delay = 2.10> <CoreInst = "DSP48">   --->   Core 116 'DSP48' <Latency = 3> <II = 1> <Delay = 2.15> <IPBlock> <Opcode : 'add' 'sub' 'mul' 'select'> <InPorts = 0> <OutPorts = 1> <Sync> <CReg>
ST_13 : Operation 524 [2/3] (1.05ns) (grouped into DSP with root node add_ln22_92)   --->   "%mul_ln22_115 = mul i16 %zext_ln22_45, i16 %zext_ln22_20" [matrix_mult.cpp:22]   --->   Operation 524 'mul' 'mul_ln22_115' <Predicate = true> <Delay = 1.05> <CoreInst = "DSP48">   --->   Core 116 'DSP48' <Latency = 3> <II = 1> <Delay = 2.15> <IPBlock> <Opcode : 'add' 'sub' 'mul' 'select'> <InPorts = 0> <OutPorts = 1> <Sync> <CReg>
ST_13 : Operation 525 [2/3] (1.05ns) (grouped into DSP with root node add_ln22_96)   --->   "%mul_ln22_120 = mul i16 %zext_ln22_45, i16 %zext_ln22_25" [matrix_mult.cpp:22]   --->   Operation 525 'mul' 'mul_ln22_120' <Predicate = true> <Delay = 1.05> <CoreInst = "DSP48">   --->   Core 116 'DSP48' <Latency = 3> <II = 1> <Delay = 2.15> <IPBlock> <Opcode : 'add' 'sub' 'mul' 'select'> <InPorts = 0> <OutPorts = 1> <Sync> <CReg>

State 14 <SV = 13> <Delay = 6.27>
ST_14 : Operation 526 [1/1] (0.00ns)   --->   "%prod_addr_8 = getelementptr i16 %prod, i64 0, i64 8" [matrix_mult.cpp:22]   --->   Operation 526 'getelementptr' 'prod_addr_8' <Predicate = true> <Delay = 0.00>
ST_14 : Operation 527 [1/1] (0.00ns)   --->   "%prod_addr_9 = getelementptr i16 %prod, i64 0, i64 9" [matrix_mult.cpp:22]   --->   Operation 527 'getelementptr' 'prod_addr_9' <Predicate = true> <Delay = 0.00>
ST_14 : Operation 528 [1/2] (2.10ns) (root node of the DSP)   --->   "%add_ln22_34 = add i16 %add_ln22_33, i16 %mul_ln22_44" [matrix_mult.cpp:22]   --->   Operation 528 'add' 'add_ln22_34' <Predicate = true> <Delay = 2.10> <CoreInst = "DSP48">   --->   Core 116 'DSP48' <Latency = 3> <II = 1> <Delay = 2.15> <IPBlock> <Opcode : 'add' 'sub' 'mul' 'select'> <InPorts = 0> <OutPorts = 1> <Sync> <CReg>
ST_14 : Operation 529 [1/1] (2.07ns)   --->   "%add_ln22_35 = add i16 %add_ln22_34, i16 %add_ln22_32" [matrix_mult.cpp:22]   --->   Operation 529 'add' 'add_ln22_35' <Predicate = true> <Delay = 2.07> <CoreInst = "Adder">   --->   Core 1 'Adder' <Latency = 0> <II = 1> <Delay = 2.07> <FuncUnit> <Opcode : 'add' 'sub'> <InPorts = 2> <OutPorts = 1>
ST_14 : Operation 530 [1/1] ( I:0.00ns O:0.00ns )   --->   "%store_ln22 = store i16 %add_ln22_35, i5 %prod_addr_8" [matrix_mult.cpp:22]   --->   Operation 530 'store' 'store_ln22' <Predicate = true> <Delay = 0.00> <CoreInst = "RAM">   --->   Core 81 'RAM' <Latency = 1> <II = 1> <Delay = 2.32> <Storage> <Opcode : 'load' 'store'> <Ports = 2> <Width = 16> <Depth = 25> <RAM>
ST_14 : Operation 531 [1/2] (2.10ns) (root node of the DSP)   --->   "%add_ln22_38 = add i16 %add_ln22_37, i16 %mul_ln22_49" [matrix_mult.cpp:22]   --->   Operation 531 'add' 'add_ln22_38' <Predicate = true> <Delay = 2.10> <CoreInst = "DSP48">   --->   Core 116 'DSP48' <Latency = 3> <II = 1> <Delay = 2.15> <IPBlock> <Opcode : 'add' 'sub' 'mul' 'select'> <InPorts = 0> <OutPorts = 1> <Sync> <CReg>
ST_14 : Operation 532 [1/1] (2.07ns)   --->   "%add_ln22_39 = add i16 %add_ln22_38, i16 %add_ln22_36" [matrix_mult.cpp:22]   --->   Operation 532 'add' 'add_ln22_39' <Predicate = true> <Delay = 2.07> <CoreInst = "Adder">   --->   Core 1 'Adder' <Latency = 0> <II = 1> <Delay = 2.07> <FuncUnit> <Opcode : 'add' 'sub'> <InPorts = 2> <OutPorts = 1>
ST_14 : Operation 533 [1/1] ( I:0.00ns O:0.00ns )   --->   "%store_ln22 = store i16 %add_ln22_39, i5 %prod_addr_9" [matrix_mult.cpp:22]   --->   Operation 533 'store' 'store_ln22' <Predicate = true> <Delay = 0.00> <CoreInst = "RAM">   --->   Core 81 'RAM' <Latency = 1> <II = 1> <Delay = 2.32> <Storage> <Opcode : 'load' 'store'> <Ports = 2> <Width = 16> <Depth = 25> <RAM>
ST_14 : Operation 534 [1/3] (0.00ns) (grouped into DSP with root node add_ln22_42)   --->   "%mul_ln22_54 = mul i16 %zext_ln22_37, i16 %zext_ln22_5" [matrix_mult.cpp:22]   --->   Operation 534 'mul' 'mul_ln22_54' <Predicate = true> <Delay = 0.00> <CoreInst = "DSP48">   --->   Core 116 'DSP48' <Latency = 3> <II = 1> <Delay = 2.15> <IPBlock> <Opcode : 'add' 'sub' 'mul' 'select'> <InPorts = 0> <OutPorts = 1> <Sync> <CReg>
ST_14 : Operation 535 [2/2] (2.10ns) (root node of the DSP)   --->   "%add_ln22_42 = add i16 %add_ln22_41, i16 %mul_ln22_54" [matrix_mult.cpp:22]   --->   Operation 535 'add' 'add_ln22_42' <Predicate = true> <Delay = 2.10> <CoreInst = "DSP48">   --->   Core 116 'DSP48' <Latency = 3> <II = 1> <Delay = 2.15> <IPBlock> <Opcode : 'add' 'sub' 'mul' 'select'> <InPorts = 0> <OutPorts = 1> <Sync> <CReg>
ST_14 : Operation 536 [1/3] (0.00ns) (grouped into DSP with root node add_ln22_46)   --->   "%mul_ln22_59 = mul i16 %zext_ln22_37, i16 %zext_ln22_12" [matrix_mult.cpp:22]   --->   Operation 536 'mul' 'mul_ln22_59' <Predicate = true> <Delay = 0.00> <CoreInst = "DSP48">   --->   Core 116 'DSP48' <Latency = 3> <II = 1> <Delay = 2.15> <IPBlock> <Opcode : 'add' 'sub' 'mul' 'select'> <InPorts = 0> <OutPorts = 1> <Sync> <CReg>
ST_14 : Operation 537 [2/2] (2.10ns) (root node of the DSP)   --->   "%add_ln22_46 = add i16 %add_ln22_45, i16 %mul_ln22_59" [matrix_mult.cpp:22]   --->   Operation 537 'add' 'add_ln22_46' <Predicate = true> <Delay = 2.10> <CoreInst = "DSP48">   --->   Core 116 'DSP48' <Latency = 3> <II = 1> <Delay = 2.15> <IPBlock> <Opcode : 'add' 'sub' 'mul' 'select'> <InPorts = 0> <OutPorts = 1> <Sync> <CReg>
ST_14 : Operation 538 [1/3] (0.00ns) (grouped into DSP with root node add_ln22_50)   --->   "%mul_ln22_64 = mul i16 %zext_ln22_37, i16 %zext_ln22_17" [matrix_mult.cpp:22]   --->   Operation 538 'mul' 'mul_ln22_64' <Predicate = true> <Delay = 0.00> <CoreInst = "DSP48">   --->   Core 116 'DSP48' <Latency = 3> <II = 1> <Delay = 2.15> <IPBlock> <Opcode : 'add' 'sub' 'mul' 'select'> <InPorts = 0> <OutPorts = 1> <Sync> <CReg>
ST_14 : Operation 539 [2/2] (2.10ns) (root node of the DSP)   --->   "%add_ln22_50 = add i16 %add_ln22_49, i16 %mul_ln22_64" [matrix_mult.cpp:22]   --->   Operation 539 'add' 'add_ln22_50' <Predicate = true> <Delay = 2.10> <CoreInst = "DSP48">   --->   Core 116 'DSP48' <Latency = 3> <II = 1> <Delay = 2.15> <IPBlock> <Opcode : 'add' 'sub' 'mul' 'select'> <InPorts = 0> <OutPorts = 1> <Sync> <CReg>
ST_14 : Operation 540 [1/3] (0.00ns) (grouped into DSP with root node add_ln22_54)   --->   "%mul_ln22_69 = mul i16 %zext_ln22_37, i16 %zext_ln22_22" [matrix_mult.cpp:22]   --->   Operation 540 'mul' 'mul_ln22_69' <Predicate = true> <Delay = 0.00> <CoreInst = "DSP48">   --->   Core 116 'DSP48' <Latency = 3> <II = 1> <Delay = 2.15> <IPBlock> <Opcode : 'add' 'sub' 'mul' 'select'> <InPorts = 0> <OutPorts = 1> <Sync> <CReg>
ST_14 : Operation 541 [2/2] (2.10ns) (root node of the DSP)   --->   "%add_ln22_54 = add i16 %add_ln22_53, i16 %mul_ln22_69" [matrix_mult.cpp:22]   --->   Operation 541 'add' 'add_ln22_54' <Predicate = true> <Delay = 2.10> <CoreInst = "DSP48">   --->   Core 116 'DSP48' <Latency = 3> <II = 1> <Delay = 2.15> <IPBlock> <Opcode : 'add' 'sub' 'mul' 'select'> <InPorts = 0> <OutPorts = 1> <Sync> <CReg>
ST_14 : Operation 542 [2/3] (1.05ns) (grouped into DSP with root node add_ln22_58)   --->   "%mul_ln22_74 = mul i16 %zext_ln22_37, i16 %zext_ln22_27" [matrix_mult.cpp:22]   --->   Operation 542 'mul' 'mul_ln22_74' <Predicate = true> <Delay = 1.05> <CoreInst = "DSP48">   --->   Core 116 'DSP48' <Latency = 3> <II = 1> <Delay = 2.15> <IPBlock> <Opcode : 'add' 'sub' 'mul' 'select'> <InPorts = 0> <OutPorts = 1> <Sync> <CReg>
ST_14 : Operation 543 [2/3] (1.05ns) (grouped into DSP with root node add_ln22_62)   --->   "%mul_ln22_79 = mul i16 %zext_ln22_42, i16 %zext_ln22_5" [matrix_mult.cpp:22]   --->   Operation 543 'mul' 'mul_ln22_79' <Predicate = true> <Delay = 1.05> <CoreInst = "DSP48">   --->   Core 116 'DSP48' <Latency = 3> <II = 1> <Delay = 2.15> <IPBlock> <Opcode : 'add' 'sub' 'mul' 'select'> <InPorts = 0> <OutPorts = 1> <Sync> <CReg>
ST_14 : Operation 544 [2/3] (1.05ns) (grouped into DSP with root node add_ln22_66)   --->   "%mul_ln22_84 = mul i16 %zext_ln22_42, i16 %zext_ln22_12" [matrix_mult.cpp:22]   --->   Operation 544 'mul' 'mul_ln22_84' <Predicate = true> <Delay = 1.05> <CoreInst = "DSP48">   --->   Core 116 'DSP48' <Latency = 3> <II = 1> <Delay = 2.15> <IPBlock> <Opcode : 'add' 'sub' 'mul' 'select'> <InPorts = 0> <OutPorts = 1> <Sync> <CReg>
ST_14 : Operation 545 [2/3] (1.05ns) (grouped into DSP with root node add_ln22_70)   --->   "%mul_ln22_89 = mul i16 %zext_ln22_42, i16 %zext_ln22_17" [matrix_mult.cpp:22]   --->   Operation 545 'mul' 'mul_ln22_89' <Predicate = true> <Delay = 1.05> <CoreInst = "DSP48">   --->   Core 116 'DSP48' <Latency = 3> <II = 1> <Delay = 2.15> <IPBlock> <Opcode : 'add' 'sub' 'mul' 'select'> <InPorts = 0> <OutPorts = 1> <Sync> <CReg>
ST_14 : Operation 546 [2/3] (1.05ns) (grouped into DSP with root node add_ln22_74)   --->   "%mul_ln22_94 = mul i16 %zext_ln22_42, i16 %zext_ln22_22" [matrix_mult.cpp:22]   --->   Operation 546 'mul' 'mul_ln22_94' <Predicate = true> <Delay = 1.05> <CoreInst = "DSP48">   --->   Core 116 'DSP48' <Latency = 3> <II = 1> <Delay = 2.15> <IPBlock> <Opcode : 'add' 'sub' 'mul' 'select'> <InPorts = 0> <OutPorts = 1> <Sync> <CReg>
ST_14 : Operation 547 [2/3] (1.05ns) (grouped into DSP with root node add_ln22_78)   --->   "%mul_ln22_99 = mul i16 %zext_ln22_42, i16 %zext_ln22_27" [matrix_mult.cpp:22]   --->   Operation 547 'mul' 'mul_ln22_99' <Predicate = true> <Delay = 1.05> <CoreInst = "DSP48">   --->   Core 116 'DSP48' <Latency = 3> <II = 1> <Delay = 2.15> <IPBlock> <Opcode : 'add' 'sub' 'mul' 'select'> <InPorts = 0> <OutPorts = 1> <Sync> <CReg>
ST_14 : Operation 548 [1/2] (2.10ns) (root node of the DSP)   --->   "%add_ln22_76 = add i16 %mul_ln22_96, i16 %mul_ln22_95" [matrix_mult.cpp:22]   --->   Operation 548 'add' 'add_ln22_76' <Predicate = true> <Delay = 2.10> <CoreInst = "DSP48">   --->   Core 116 'DSP48' <Latency = 3> <II = 1> <Delay = 2.15> <IPBlock> <Opcode : 'add' 'sub' 'mul' 'select'> <InPorts = 0> <OutPorts = 1> <Sync> <CReg>
ST_14 : Operation 549 [1/1] (0.00ns)   --->   "%zext_ln22_47 = zext i8 %tmp_36" [matrix_mult.cpp:22]   --->   Operation 549 'zext' 'zext_ln22_47' <Predicate = true> <Delay = 0.00>
ST_14 : Operation 550 [3/3] (1.05ns) (grouped into DSP with root node add_ln22_82)   --->   "%mul_ln22_104 = mul i16 %zext_ln22_47, i16 %zext_ln22_5" [matrix_mult.cpp:22]   --->   Operation 550 'mul' 'mul_ln22_104' <Predicate = true> <Delay = 1.05> <CoreInst = "DSP48">   --->   Core 116 'DSP48' <Latency = 3> <II = 1> <Delay = 2.15> <IPBlock> <Opcode : 'add' 'sub' 'mul' 'select'> <InPorts = 0> <OutPorts = 1> <Sync> <CReg>
ST_14 : Operation 551 [1/2] (2.10ns) (root node of the DSP)   --->   "%add_ln22_80 = add i16 %mul_ln22_101, i16 %mul_ln22_100" [matrix_mult.cpp:22]   --->   Operation 551 'add' 'add_ln22_80' <Predicate = true> <Delay = 2.10> <CoreInst = "DSP48">   --->   Core 116 'DSP48' <Latency = 3> <II = 1> <Delay = 2.15> <IPBlock> <Opcode : 'add' 'sub' 'mul' 'select'> <InPorts = 0> <OutPorts = 1> <Sync> <CReg>
ST_14 : Operation 552 [3/3] (1.05ns) (grouped into DSP with root node add_ln22_86)   --->   "%mul_ln22_109 = mul i16 %zext_ln22_47, i16 %zext_ln22_12" [matrix_mult.cpp:22]   --->   Operation 552 'mul' 'mul_ln22_109' <Predicate = true> <Delay = 1.05> <CoreInst = "DSP48">   --->   Core 116 'DSP48' <Latency = 3> <II = 1> <Delay = 2.15> <IPBlock> <Opcode : 'add' 'sub' 'mul' 'select'> <InPorts = 0> <OutPorts = 1> <Sync> <CReg>
ST_14 : Operation 553 [1/2] (2.10ns) (root node of the DSP)   --->   "%add_ln22_84 = add i16 %mul_ln22_106, i16 %mul_ln22_105" [matrix_mult.cpp:22]   --->   Operation 553 'add' 'add_ln22_84' <Predicate = true> <Delay = 2.10> <CoreInst = "DSP48">   --->   Core 116 'DSP48' <Latency = 3> <II = 1> <Delay = 2.15> <IPBlock> <Opcode : 'add' 'sub' 'mul' 'select'> <InPorts = 0> <OutPorts = 1> <Sync> <CReg>
ST_14 : Operation 554 [3/3] (1.05ns) (grouped into DSP with root node add_ln22_90)   --->   "%mul_ln22_114 = mul i16 %zext_ln22_47, i16 %zext_ln22_17" [matrix_mult.cpp:22]   --->   Operation 554 'mul' 'mul_ln22_114' <Predicate = true> <Delay = 1.05> <CoreInst = "DSP48">   --->   Core 116 'DSP48' <Latency = 3> <II = 1> <Delay = 2.15> <IPBlock> <Opcode : 'add' 'sub' 'mul' 'select'> <InPorts = 0> <OutPorts = 1> <Sync> <CReg>
ST_14 : Operation 555 [1/2] (2.10ns) (root node of the DSP)   --->   "%add_ln22_88 = add i16 %mul_ln22_111, i16 %mul_ln22_110" [matrix_mult.cpp:22]   --->   Operation 555 'add' 'add_ln22_88' <Predicate = true> <Delay = 2.10> <CoreInst = "DSP48">   --->   Core 116 'DSP48' <Latency = 3> <II = 1> <Delay = 2.15> <IPBlock> <Opcode : 'add' 'sub' 'mul' 'select'> <InPorts = 0> <OutPorts = 1> <Sync> <CReg>
ST_14 : Operation 556 [1/3] (0.00ns) (grouped into DSP with root node add_ln22_92)   --->   "%mul_ln22_115 = mul i16 %zext_ln22_45, i16 %zext_ln22_20" [matrix_mult.cpp:22]   --->   Operation 556 'mul' 'mul_ln22_115' <Predicate = true> <Delay = 0.00> <CoreInst = "DSP48">   --->   Core 116 'DSP48' <Latency = 3> <II = 1> <Delay = 2.15> <IPBlock> <Opcode : 'add' 'sub' 'mul' 'select'> <InPorts = 0> <OutPorts = 1> <Sync> <CReg>
ST_14 : Operation 557 [1/1] (4.17ns)   --->   "%mul_ln22_116 = mul i16 %zext_ln22_46, i16 %zext_ln22_21" [matrix_mult.cpp:22]   --->   Operation 557 'mul' 'mul_ln22_116' <Predicate = true> <Delay = 4.17> <CoreInst = "Multiplier">   --->   Core 3 'Multiplier' <Latency = 0> <II = 1> <Delay = 4.17> <FuncUnit> <Opcode : 'mul'> <InPorts = 2> <OutPorts = 1>
ST_14 : Operation 558 [3/3] (1.05ns) (grouped into DSP with root node add_ln22_94)   --->   "%mul_ln22_119 = mul i16 %zext_ln22_47, i16 %zext_ln22_22" [matrix_mult.cpp:22]   --->   Operation 558 'mul' 'mul_ln22_119' <Predicate = true> <Delay = 1.05> <CoreInst = "DSP48">   --->   Core 116 'DSP48' <Latency = 3> <II = 1> <Delay = 2.15> <IPBlock> <Opcode : 'add' 'sub' 'mul' 'select'> <InPorts = 0> <OutPorts = 1> <Sync> <CReg>
ST_14 : Operation 559 [2/2] (2.10ns) (root node of the DSP)   --->   "%add_ln22_92 = add i16 %mul_ln22_116, i16 %mul_ln22_115" [matrix_mult.cpp:22]   --->   Operation 559 'add' 'add_ln22_92' <Predicate = true> <Delay = 2.10> <CoreInst = "DSP48">   --->   Core 116 'DSP48' <Latency = 3> <II = 1> <Delay = 2.15> <IPBlock> <Opcode : 'add' 'sub' 'mul' 'select'> <InPorts = 0> <OutPorts = 1> <Sync> <CReg>
ST_14 : Operation 560 [1/3] (0.00ns) (grouped into DSP with root node add_ln22_96)   --->   "%mul_ln22_120 = mul i16 %zext_ln22_45, i16 %zext_ln22_25" [matrix_mult.cpp:22]   --->   Operation 560 'mul' 'mul_ln22_120' <Predicate = true> <Delay = 0.00> <CoreInst = "DSP48">   --->   Core 116 'DSP48' <Latency = 3> <II = 1> <Delay = 2.15> <IPBlock> <Opcode : 'add' 'sub' 'mul' 'select'> <InPorts = 0> <OutPorts = 1> <Sync> <CReg>
ST_14 : Operation 561 [1/1] (4.17ns)   --->   "%mul_ln22_121 = mul i16 %zext_ln22_46, i16 %zext_ln22_26" [matrix_mult.cpp:22]   --->   Operation 561 'mul' 'mul_ln22_121' <Predicate = true> <Delay = 4.17> <CoreInst = "Multiplier">   --->   Core 3 'Multiplier' <Latency = 0> <II = 1> <Delay = 4.17> <FuncUnit> <Opcode : 'mul'> <InPorts = 2> <OutPorts = 1>
ST_14 : Operation 562 [3/3] (1.05ns) (grouped into DSP with root node add_ln22_98)   --->   "%mul_ln22_124 = mul i16 %zext_ln22_47, i16 %zext_ln22_27" [matrix_mult.cpp:22]   --->   Operation 562 'mul' 'mul_ln22_124' <Predicate = true> <Delay = 1.05> <CoreInst = "DSP48">   --->   Core 116 'DSP48' <Latency = 3> <II = 1> <Delay = 2.15> <IPBlock> <Opcode : 'add' 'sub' 'mul' 'select'> <InPorts = 0> <OutPorts = 1> <Sync> <CReg>
ST_14 : Operation 563 [2/2] (2.10ns) (root node of the DSP)   --->   "%add_ln22_96 = add i16 %mul_ln22_121, i16 %mul_ln22_120" [matrix_mult.cpp:22]   --->   Operation 563 'add' 'add_ln22_96' <Predicate = true> <Delay = 2.10> <CoreInst = "DSP48">   --->   Core 116 'DSP48' <Latency = 3> <II = 1> <Delay = 2.15> <IPBlock> <Opcode : 'add' 'sub' 'mul' 'select'> <InPorts = 0> <OutPorts = 1> <Sync> <CReg>

State 15 <SV = 14> <Delay = 4.17>
ST_15 : Operation 564 [1/1] (0.00ns)   --->   "%prod_addr_10 = getelementptr i16 %prod, i64 0, i64 10" [matrix_mult.cpp:22]   --->   Operation 564 'getelementptr' 'prod_addr_10' <Predicate = true> <Delay = 0.00>
ST_15 : Operation 565 [1/1] (0.00ns)   --->   "%prod_addr_11 = getelementptr i16 %prod, i64 0, i64 11" [matrix_mult.cpp:22]   --->   Operation 565 'getelementptr' 'prod_addr_11' <Predicate = true> <Delay = 0.00>
ST_15 : Operation 566 [1/2] (2.10ns) (root node of the DSP)   --->   "%add_ln22_42 = add i16 %add_ln22_41, i16 %mul_ln22_54" [matrix_mult.cpp:22]   --->   Operation 566 'add' 'add_ln22_42' <Predicate = true> <Delay = 2.10> <CoreInst = "DSP48">   --->   Core 116 'DSP48' <Latency = 3> <II = 1> <Delay = 2.15> <IPBlock> <Opcode : 'add' 'sub' 'mul' 'select'> <InPorts = 0> <OutPorts = 1> <Sync> <CReg>
ST_15 : Operation 567 [1/1] (2.07ns)   --->   "%add_ln22_43 = add i16 %add_ln22_42, i16 %add_ln22_40" [matrix_mult.cpp:22]   --->   Operation 567 'add' 'add_ln22_43' <Predicate = true> <Delay = 2.07> <CoreInst = "Adder">   --->   Core 1 'Adder' <Latency = 0> <II = 1> <Delay = 2.07> <FuncUnit> <Opcode : 'add' 'sub'> <InPorts = 2> <OutPorts = 1>
ST_15 : Operation 568 [1/1] ( I:0.00ns O:0.00ns )   --->   "%store_ln22 = store i16 %add_ln22_43, i5 %prod_addr_10" [matrix_mult.cpp:22]   --->   Operation 568 'store' 'store_ln22' <Predicate = true> <Delay = 0.00> <CoreInst = "RAM">   --->   Core 81 'RAM' <Latency = 1> <II = 1> <Delay = 2.32> <Storage> <Opcode : 'load' 'store'> <Ports = 2> <Width = 16> <Depth = 25> <RAM>
ST_15 : Operation 569 [1/2] (2.10ns) (root node of the DSP)   --->   "%add_ln22_46 = add i16 %add_ln22_45, i16 %mul_ln22_59" [matrix_mult.cpp:22]   --->   Operation 569 'add' 'add_ln22_46' <Predicate = true> <Delay = 2.10> <CoreInst = "DSP48">   --->   Core 116 'DSP48' <Latency = 3> <II = 1> <Delay = 2.15> <IPBlock> <Opcode : 'add' 'sub' 'mul' 'select'> <InPorts = 0> <OutPorts = 1> <Sync> <CReg>
ST_15 : Operation 570 [1/1] (2.07ns)   --->   "%add_ln22_47 = add i16 %add_ln22_46, i16 %add_ln22_44" [matrix_mult.cpp:22]   --->   Operation 570 'add' 'add_ln22_47' <Predicate = true> <Delay = 2.07> <CoreInst = "Adder">   --->   Core 1 'Adder' <Latency = 0> <II = 1> <Delay = 2.07> <FuncUnit> <Opcode : 'add' 'sub'> <InPorts = 2> <OutPorts = 1>
ST_15 : Operation 571 [1/1] ( I:0.00ns O:0.00ns )   --->   "%store_ln22 = store i16 %add_ln22_47, i5 %prod_addr_11" [matrix_mult.cpp:22]   --->   Operation 571 'store' 'store_ln22' <Predicate = true> <Delay = 0.00> <CoreInst = "RAM">   --->   Core 81 'RAM' <Latency = 1> <II = 1> <Delay = 2.32> <Storage> <Opcode : 'load' 'store'> <Ports = 2> <Width = 16> <Depth = 25> <RAM>
ST_15 : Operation 572 [1/2] (2.10ns) (root node of the DSP)   --->   "%add_ln22_50 = add i16 %add_ln22_49, i16 %mul_ln22_64" [matrix_mult.cpp:22]   --->   Operation 572 'add' 'add_ln22_50' <Predicate = true> <Delay = 2.10> <CoreInst = "DSP48">   --->   Core 116 'DSP48' <Latency = 3> <II = 1> <Delay = 2.15> <IPBlock> <Opcode : 'add' 'sub' 'mul' 'select'> <InPorts = 0> <OutPorts = 1> <Sync> <CReg>
ST_15 : Operation 573 [1/1] (2.07ns)   --->   "%add_ln22_51 = add i16 %add_ln22_50, i16 %add_ln22_48" [matrix_mult.cpp:22]   --->   Operation 573 'add' 'add_ln22_51' <Predicate = true> <Delay = 2.07> <CoreInst = "Adder">   --->   Core 1 'Adder' <Latency = 0> <II = 1> <Delay = 2.07> <FuncUnit> <Opcode : 'add' 'sub'> <InPorts = 2> <OutPorts = 1>
ST_15 : Operation 574 [1/2] (2.10ns) (root node of the DSP)   --->   "%add_ln22_54 = add i16 %add_ln22_53, i16 %mul_ln22_69" [matrix_mult.cpp:22]   --->   Operation 574 'add' 'add_ln22_54' <Predicate = true> <Delay = 2.10> <CoreInst = "DSP48">   --->   Core 116 'DSP48' <Latency = 3> <II = 1> <Delay = 2.15> <IPBlock> <Opcode : 'add' 'sub' 'mul' 'select'> <InPorts = 0> <OutPorts = 1> <Sync> <CReg>
ST_15 : Operation 575 [1/1] (2.07ns)   --->   "%add_ln22_55 = add i16 %add_ln22_54, i16 %add_ln22_52" [matrix_mult.cpp:22]   --->   Operation 575 'add' 'add_ln22_55' <Predicate = true> <Delay = 2.07> <CoreInst = "Adder">   --->   Core 1 'Adder' <Latency = 0> <II = 1> <Delay = 2.07> <FuncUnit> <Opcode : 'add' 'sub'> <InPorts = 2> <OutPorts = 1>
ST_15 : Operation 576 [1/3] (0.00ns) (grouped into DSP with root node add_ln22_58)   --->   "%mul_ln22_74 = mul i16 %zext_ln22_37, i16 %zext_ln22_27" [matrix_mult.cpp:22]   --->   Operation 576 'mul' 'mul_ln22_74' <Predicate = true> <Delay = 0.00> <CoreInst = "DSP48">   --->   Core 116 'DSP48' <Latency = 3> <II = 1> <Delay = 2.15> <IPBlock> <Opcode : 'add' 'sub' 'mul' 'select'> <InPorts = 0> <OutPorts = 1> <Sync> <CReg>
ST_15 : Operation 577 [2/2] (2.10ns) (root node of the DSP)   --->   "%add_ln22_58 = add i16 %add_ln22_57, i16 %mul_ln22_74" [matrix_mult.cpp:22]   --->   Operation 577 'add' 'add_ln22_58' <Predicate = true> <Delay = 2.10> <CoreInst = "DSP48">   --->   Core 116 'DSP48' <Latency = 3> <II = 1> <Delay = 2.15> <IPBlock> <Opcode : 'add' 'sub' 'mul' 'select'> <InPorts = 0> <OutPorts = 1> <Sync> <CReg>
ST_15 : Operation 578 [1/3] (0.00ns) (grouped into DSP with root node add_ln22_62)   --->   "%mul_ln22_79 = mul i16 %zext_ln22_42, i16 %zext_ln22_5" [matrix_mult.cpp:22]   --->   Operation 578 'mul' 'mul_ln22_79' <Predicate = true> <Delay = 0.00> <CoreInst = "DSP48">   --->   Core 116 'DSP48' <Latency = 3> <II = 1> <Delay = 2.15> <IPBlock> <Opcode : 'add' 'sub' 'mul' 'select'> <InPorts = 0> <OutPorts = 1> <Sync> <CReg>
ST_15 : Operation 579 [2/2] (2.10ns) (root node of the DSP)   --->   "%add_ln22_62 = add i16 %add_ln22_61, i16 %mul_ln22_79" [matrix_mult.cpp:22]   --->   Operation 579 'add' 'add_ln22_62' <Predicate = true> <Delay = 2.10> <CoreInst = "DSP48">   --->   Core 116 'DSP48' <Latency = 3> <II = 1> <Delay = 2.15> <IPBlock> <Opcode : 'add' 'sub' 'mul' 'select'> <InPorts = 0> <OutPorts = 1> <Sync> <CReg>
ST_15 : Operation 580 [1/3] (0.00ns) (grouped into DSP with root node add_ln22_66)   --->   "%mul_ln22_84 = mul i16 %zext_ln22_42, i16 %zext_ln22_12" [matrix_mult.cpp:22]   --->   Operation 580 'mul' 'mul_ln22_84' <Predicate = true> <Delay = 0.00> <CoreInst = "DSP48">   --->   Core 116 'DSP48' <Latency = 3> <II = 1> <Delay = 2.15> <IPBlock> <Opcode : 'add' 'sub' 'mul' 'select'> <InPorts = 0> <OutPorts = 1> <Sync> <CReg>
ST_15 : Operation 581 [2/2] (2.10ns) (root node of the DSP)   --->   "%add_ln22_66 = add i16 %add_ln22_65, i16 %mul_ln22_84" [matrix_mult.cpp:22]   --->   Operation 581 'add' 'add_ln22_66' <Predicate = true> <Delay = 2.10> <CoreInst = "DSP48">   --->   Core 116 'DSP48' <Latency = 3> <II = 1> <Delay = 2.15> <IPBlock> <Opcode : 'add' 'sub' 'mul' 'select'> <InPorts = 0> <OutPorts = 1> <Sync> <CReg>
ST_15 : Operation 582 [1/3] (0.00ns) (grouped into DSP with root node add_ln22_70)   --->   "%mul_ln22_89 = mul i16 %zext_ln22_42, i16 %zext_ln22_17" [matrix_mult.cpp:22]   --->   Operation 582 'mul' 'mul_ln22_89' <Predicate = true> <Delay = 0.00> <CoreInst = "DSP48">   --->   Core 116 'DSP48' <Latency = 3> <II = 1> <Delay = 2.15> <IPBlock> <Opcode : 'add' 'sub' 'mul' 'select'> <InPorts = 0> <OutPorts = 1> <Sync> <CReg>
ST_15 : Operation 583 [2/2] (2.10ns) (root node of the DSP)   --->   "%add_ln22_70 = add i16 %add_ln22_69, i16 %mul_ln22_89" [matrix_mult.cpp:22]   --->   Operation 583 'add' 'add_ln22_70' <Predicate = true> <Delay = 2.10> <CoreInst = "DSP48">   --->   Core 116 'DSP48' <Latency = 3> <II = 1> <Delay = 2.15> <IPBlock> <Opcode : 'add' 'sub' 'mul' 'select'> <InPorts = 0> <OutPorts = 1> <Sync> <CReg>
ST_15 : Operation 584 [1/3] (0.00ns) (grouped into DSP with root node add_ln22_74)   --->   "%mul_ln22_94 = mul i16 %zext_ln22_42, i16 %zext_ln22_22" [matrix_mult.cpp:22]   --->   Operation 584 'mul' 'mul_ln22_94' <Predicate = true> <Delay = 0.00> <CoreInst = "DSP48">   --->   Core 116 'DSP48' <Latency = 3> <II = 1> <Delay = 2.15> <IPBlock> <Opcode : 'add' 'sub' 'mul' 'select'> <InPorts = 0> <OutPorts = 1> <Sync> <CReg>
ST_15 : Operation 585 [2/2] (2.10ns) (root node of the DSP)   --->   "%add_ln22_74 = add i16 %add_ln22_73, i16 %mul_ln22_94" [matrix_mult.cpp:22]   --->   Operation 585 'add' 'add_ln22_74' <Predicate = true> <Delay = 2.10> <CoreInst = "DSP48">   --->   Core 116 'DSP48' <Latency = 3> <II = 1> <Delay = 2.15> <IPBlock> <Opcode : 'add' 'sub' 'mul' 'select'> <InPorts = 0> <OutPorts = 1> <Sync> <CReg>
ST_15 : Operation 586 [1/3] (0.00ns) (grouped into DSP with root node add_ln22_78)   --->   "%mul_ln22_99 = mul i16 %zext_ln22_42, i16 %zext_ln22_27" [matrix_mult.cpp:22]   --->   Operation 586 'mul' 'mul_ln22_99' <Predicate = true> <Delay = 0.00> <CoreInst = "DSP48">   --->   Core 116 'DSP48' <Latency = 3> <II = 1> <Delay = 2.15> <IPBlock> <Opcode : 'add' 'sub' 'mul' 'select'> <InPorts = 0> <OutPorts = 1> <Sync> <CReg>
ST_15 : Operation 587 [2/2] (2.10ns) (root node of the DSP)   --->   "%add_ln22_78 = add i16 %add_ln22_77, i16 %mul_ln22_99" [matrix_mult.cpp:22]   --->   Operation 587 'add' 'add_ln22_78' <Predicate = true> <Delay = 2.10> <CoreInst = "DSP48">   --->   Core 116 'DSP48' <Latency = 3> <II = 1> <Delay = 2.15> <IPBlock> <Opcode : 'add' 'sub' 'mul' 'select'> <InPorts = 0> <OutPorts = 1> <Sync> <CReg>
ST_15 : Operation 588 [2/3] (1.05ns) (grouped into DSP with root node add_ln22_82)   --->   "%mul_ln22_104 = mul i16 %zext_ln22_47, i16 %zext_ln22_5" [matrix_mult.cpp:22]   --->   Operation 588 'mul' 'mul_ln22_104' <Predicate = true> <Delay = 1.05> <CoreInst = "DSP48">   --->   Core 116 'DSP48' <Latency = 3> <II = 1> <Delay = 2.15> <IPBlock> <Opcode : 'add' 'sub' 'mul' 'select'> <InPorts = 0> <OutPorts = 1> <Sync> <CReg>
ST_15 : Operation 589 [2/3] (1.05ns) (grouped into DSP with root node add_ln22_86)   --->   "%mul_ln22_109 = mul i16 %zext_ln22_47, i16 %zext_ln22_12" [matrix_mult.cpp:22]   --->   Operation 589 'mul' 'mul_ln22_109' <Predicate = true> <Delay = 1.05> <CoreInst = "DSP48">   --->   Core 116 'DSP48' <Latency = 3> <II = 1> <Delay = 2.15> <IPBlock> <Opcode : 'add' 'sub' 'mul' 'select'> <InPorts = 0> <OutPorts = 1> <Sync> <CReg>
ST_15 : Operation 590 [2/3] (1.05ns) (grouped into DSP with root node add_ln22_90)   --->   "%mul_ln22_114 = mul i16 %zext_ln22_47, i16 %zext_ln22_17" [matrix_mult.cpp:22]   --->   Operation 590 'mul' 'mul_ln22_114' <Predicate = true> <Delay = 1.05> <CoreInst = "DSP48">   --->   Core 116 'DSP48' <Latency = 3> <II = 1> <Delay = 2.15> <IPBlock> <Opcode : 'add' 'sub' 'mul' 'select'> <InPorts = 0> <OutPorts = 1> <Sync> <CReg>
ST_15 : Operation 591 [2/3] (1.05ns) (grouped into DSP with root node add_ln22_94)   --->   "%mul_ln22_119 = mul i16 %zext_ln22_47, i16 %zext_ln22_22" [matrix_mult.cpp:22]   --->   Operation 591 'mul' 'mul_ln22_119' <Predicate = true> <Delay = 1.05> <CoreInst = "DSP48">   --->   Core 116 'DSP48' <Latency = 3> <II = 1> <Delay = 2.15> <IPBlock> <Opcode : 'add' 'sub' 'mul' 'select'> <InPorts = 0> <OutPorts = 1> <Sync> <CReg>
ST_15 : Operation 592 [1/2] (2.10ns) (root node of the DSP)   --->   "%add_ln22_92 = add i16 %mul_ln22_116, i16 %mul_ln22_115" [matrix_mult.cpp:22]   --->   Operation 592 'add' 'add_ln22_92' <Predicate = true> <Delay = 2.10> <CoreInst = "DSP48">   --->   Core 116 'DSP48' <Latency = 3> <II = 1> <Delay = 2.15> <IPBlock> <Opcode : 'add' 'sub' 'mul' 'select'> <InPorts = 0> <OutPorts = 1> <Sync> <CReg>
ST_15 : Operation 593 [2/3] (1.05ns) (grouped into DSP with root node add_ln22_98)   --->   "%mul_ln22_124 = mul i16 %zext_ln22_47, i16 %zext_ln22_27" [matrix_mult.cpp:22]   --->   Operation 593 'mul' 'mul_ln22_124' <Predicate = true> <Delay = 1.05> <CoreInst = "DSP48">   --->   Core 116 'DSP48' <Latency = 3> <II = 1> <Delay = 2.15> <IPBlock> <Opcode : 'add' 'sub' 'mul' 'select'> <InPorts = 0> <OutPorts = 1> <Sync> <CReg>
ST_15 : Operation 594 [1/2] (2.10ns) (root node of the DSP)   --->   "%add_ln22_96 = add i16 %mul_ln22_121, i16 %mul_ln22_120" [matrix_mult.cpp:22]   --->   Operation 594 'add' 'add_ln22_96' <Predicate = true> <Delay = 2.10> <CoreInst = "DSP48">   --->   Core 116 'DSP48' <Latency = 3> <II = 1> <Delay = 2.15> <IPBlock> <Opcode : 'add' 'sub' 'mul' 'select'> <InPorts = 0> <OutPorts = 1> <Sync> <CReg>

State 16 <SV = 15> <Delay = 4.17>
ST_16 : Operation 595 [1/1] (0.00ns)   --->   "%prod_addr_12 = getelementptr i16 %prod, i64 0, i64 12" [matrix_mult.cpp:22]   --->   Operation 595 'getelementptr' 'prod_addr_12' <Predicate = true> <Delay = 0.00>
ST_16 : Operation 596 [1/1] (0.00ns)   --->   "%prod_addr_13 = getelementptr i16 %prod, i64 0, i64 13" [matrix_mult.cpp:22]   --->   Operation 596 'getelementptr' 'prod_addr_13' <Predicate = true> <Delay = 0.00>
ST_16 : Operation 597 [1/1] ( I:0.00ns O:0.00ns )   --->   "%store_ln22 = store i16 %add_ln22_51, i5 %prod_addr_12" [matrix_mult.cpp:22]   --->   Operation 597 'store' 'store_ln22' <Predicate = true> <Delay = 0.00> <CoreInst = "RAM">   --->   Core 81 'RAM' <Latency = 1> <II = 1> <Delay = 2.32> <Storage> <Opcode : 'load' 'store'> <Ports = 2> <Width = 16> <Depth = 25> <RAM>
ST_16 : Operation 598 [1/1] ( I:0.00ns O:0.00ns )   --->   "%store_ln22 = store i16 %add_ln22_55, i5 %prod_addr_13" [matrix_mult.cpp:22]   --->   Operation 598 'store' 'store_ln22' <Predicate = true> <Delay = 0.00> <CoreInst = "RAM">   --->   Core 81 'RAM' <Latency = 1> <II = 1> <Delay = 2.32> <Storage> <Opcode : 'load' 'store'> <Ports = 2> <Width = 16> <Depth = 25> <RAM>
ST_16 : Operation 599 [1/2] (2.10ns) (root node of the DSP)   --->   "%add_ln22_58 = add i16 %add_ln22_57, i16 %mul_ln22_74" [matrix_mult.cpp:22]   --->   Operation 599 'add' 'add_ln22_58' <Predicate = true> <Delay = 2.10> <CoreInst = "DSP48">   --->   Core 116 'DSP48' <Latency = 3> <II = 1> <Delay = 2.15> <IPBlock> <Opcode : 'add' 'sub' 'mul' 'select'> <InPorts = 0> <OutPorts = 1> <Sync> <CReg>
ST_16 : Operation 600 [1/1] (2.07ns)   --->   "%add_ln22_59 = add i16 %add_ln22_58, i16 %add_ln22_56" [matrix_mult.cpp:22]   --->   Operation 600 'add' 'add_ln22_59' <Predicate = true> <Delay = 2.07> <CoreInst = "Adder">   --->   Core 1 'Adder' <Latency = 0> <II = 1> <Delay = 2.07> <FuncUnit> <Opcode : 'add' 'sub'> <InPorts = 2> <OutPorts = 1>
ST_16 : Operation 601 [1/2] (2.10ns) (root node of the DSP)   --->   "%add_ln22_62 = add i16 %add_ln22_61, i16 %mul_ln22_79" [matrix_mult.cpp:22]   --->   Operation 601 'add' 'add_ln22_62' <Predicate = true> <Delay = 2.10> <CoreInst = "DSP48">   --->   Core 116 'DSP48' <Latency = 3> <II = 1> <Delay = 2.15> <IPBlock> <Opcode : 'add' 'sub' 'mul' 'select'> <InPorts = 0> <OutPorts = 1> <Sync> <CReg>
ST_16 : Operation 602 [1/1] (2.07ns)   --->   "%add_ln22_63 = add i16 %add_ln22_62, i16 %add_ln22_60" [matrix_mult.cpp:22]   --->   Operation 602 'add' 'add_ln22_63' <Predicate = true> <Delay = 2.07> <CoreInst = "Adder">   --->   Core 1 'Adder' <Latency = 0> <II = 1> <Delay = 2.07> <FuncUnit> <Opcode : 'add' 'sub'> <InPorts = 2> <OutPorts = 1>
ST_16 : Operation 603 [1/2] (2.10ns) (root node of the DSP)   --->   "%add_ln22_66 = add i16 %add_ln22_65, i16 %mul_ln22_84" [matrix_mult.cpp:22]   --->   Operation 603 'add' 'add_ln22_66' <Predicate = true> <Delay = 2.10> <CoreInst = "DSP48">   --->   Core 116 'DSP48' <Latency = 3> <II = 1> <Delay = 2.15> <IPBlock> <Opcode : 'add' 'sub' 'mul' 'select'> <InPorts = 0> <OutPorts = 1> <Sync> <CReg>
ST_16 : Operation 604 [1/1] (2.07ns)   --->   "%add_ln22_67 = add i16 %add_ln22_66, i16 %add_ln22_64" [matrix_mult.cpp:22]   --->   Operation 604 'add' 'add_ln22_67' <Predicate = true> <Delay = 2.07> <CoreInst = "Adder">   --->   Core 1 'Adder' <Latency = 0> <II = 1> <Delay = 2.07> <FuncUnit> <Opcode : 'add' 'sub'> <InPorts = 2> <OutPorts = 1>
ST_16 : Operation 605 [1/2] (2.10ns) (root node of the DSP)   --->   "%add_ln22_70 = add i16 %add_ln22_69, i16 %mul_ln22_89" [matrix_mult.cpp:22]   --->   Operation 605 'add' 'add_ln22_70' <Predicate = true> <Delay = 2.10> <CoreInst = "DSP48">   --->   Core 116 'DSP48' <Latency = 3> <II = 1> <Delay = 2.15> <IPBlock> <Opcode : 'add' 'sub' 'mul' 'select'> <InPorts = 0> <OutPorts = 1> <Sync> <CReg>
ST_16 : Operation 606 [1/1] (2.07ns)   --->   "%add_ln22_71 = add i16 %add_ln22_70, i16 %add_ln22_68" [matrix_mult.cpp:22]   --->   Operation 606 'add' 'add_ln22_71' <Predicate = true> <Delay = 2.07> <CoreInst = "Adder">   --->   Core 1 'Adder' <Latency = 0> <II = 1> <Delay = 2.07> <FuncUnit> <Opcode : 'add' 'sub'> <InPorts = 2> <OutPorts = 1>
ST_16 : Operation 607 [1/2] (2.10ns) (root node of the DSP)   --->   "%add_ln22_74 = add i16 %add_ln22_73, i16 %mul_ln22_94" [matrix_mult.cpp:22]   --->   Operation 607 'add' 'add_ln22_74' <Predicate = true> <Delay = 2.10> <CoreInst = "DSP48">   --->   Core 116 'DSP48' <Latency = 3> <II = 1> <Delay = 2.15> <IPBlock> <Opcode : 'add' 'sub' 'mul' 'select'> <InPorts = 0> <OutPorts = 1> <Sync> <CReg>
ST_16 : Operation 608 [1/1] (2.07ns)   --->   "%add_ln22_75 = add i16 %add_ln22_74, i16 %add_ln22_72" [matrix_mult.cpp:22]   --->   Operation 608 'add' 'add_ln22_75' <Predicate = true> <Delay = 2.07> <CoreInst = "Adder">   --->   Core 1 'Adder' <Latency = 0> <II = 1> <Delay = 2.07> <FuncUnit> <Opcode : 'add' 'sub'> <InPorts = 2> <OutPorts = 1>
ST_16 : Operation 609 [1/2] (2.10ns) (root node of the DSP)   --->   "%add_ln22_78 = add i16 %add_ln22_77, i16 %mul_ln22_99" [matrix_mult.cpp:22]   --->   Operation 609 'add' 'add_ln22_78' <Predicate = true> <Delay = 2.10> <CoreInst = "DSP48">   --->   Core 116 'DSP48' <Latency = 3> <II = 1> <Delay = 2.15> <IPBlock> <Opcode : 'add' 'sub' 'mul' 'select'> <InPorts = 0> <OutPorts = 1> <Sync> <CReg>
ST_16 : Operation 610 [1/1] (2.07ns)   --->   "%add_ln22_79 = add i16 %add_ln22_78, i16 %add_ln22_76" [matrix_mult.cpp:22]   --->   Operation 610 'add' 'add_ln22_79' <Predicate = true> <Delay = 2.07> <CoreInst = "Adder">   --->   Core 1 'Adder' <Latency = 0> <II = 1> <Delay = 2.07> <FuncUnit> <Opcode : 'add' 'sub'> <InPorts = 2> <OutPorts = 1>
ST_16 : Operation 611 [1/3] (0.00ns) (grouped into DSP with root node add_ln22_82)   --->   "%mul_ln22_104 = mul i16 %zext_ln22_47, i16 %zext_ln22_5" [matrix_mult.cpp:22]   --->   Operation 611 'mul' 'mul_ln22_104' <Predicate = true> <Delay = 0.00> <CoreInst = "DSP48">   --->   Core 116 'DSP48' <Latency = 3> <II = 1> <Delay = 2.15> <IPBlock> <Opcode : 'add' 'sub' 'mul' 'select'> <InPorts = 0> <OutPorts = 1> <Sync> <CReg>
ST_16 : Operation 612 [2/2] (2.10ns) (root node of the DSP)   --->   "%add_ln22_82 = add i16 %add_ln22_81, i16 %mul_ln22_104" [matrix_mult.cpp:22]   --->   Operation 612 'add' 'add_ln22_82' <Predicate = true> <Delay = 2.10> <CoreInst = "DSP48">   --->   Core 116 'DSP48' <Latency = 3> <II = 1> <Delay = 2.15> <IPBlock> <Opcode : 'add' 'sub' 'mul' 'select'> <InPorts = 0> <OutPorts = 1> <Sync> <CReg>
ST_16 : Operation 613 [1/3] (0.00ns) (grouped into DSP with root node add_ln22_86)   --->   "%mul_ln22_109 = mul i16 %zext_ln22_47, i16 %zext_ln22_12" [matrix_mult.cpp:22]   --->   Operation 613 'mul' 'mul_ln22_109' <Predicate = true> <Delay = 0.00> <CoreInst = "DSP48">   --->   Core 116 'DSP48' <Latency = 3> <II = 1> <Delay = 2.15> <IPBlock> <Opcode : 'add' 'sub' 'mul' 'select'> <InPorts = 0> <OutPorts = 1> <Sync> <CReg>
ST_16 : Operation 614 [2/2] (2.10ns) (root node of the DSP)   --->   "%add_ln22_86 = add i16 %add_ln22_85, i16 %mul_ln22_109" [matrix_mult.cpp:22]   --->   Operation 614 'add' 'add_ln22_86' <Predicate = true> <Delay = 2.10> <CoreInst = "DSP48">   --->   Core 116 'DSP48' <Latency = 3> <II = 1> <Delay = 2.15> <IPBlock> <Opcode : 'add' 'sub' 'mul' 'select'> <InPorts = 0> <OutPorts = 1> <Sync> <CReg>
ST_16 : Operation 615 [1/3] (0.00ns) (grouped into DSP with root node add_ln22_90)   --->   "%mul_ln22_114 = mul i16 %zext_ln22_47, i16 %zext_ln22_17" [matrix_mult.cpp:22]   --->   Operation 615 'mul' 'mul_ln22_114' <Predicate = true> <Delay = 0.00> <CoreInst = "DSP48">   --->   Core 116 'DSP48' <Latency = 3> <II = 1> <Delay = 2.15> <IPBlock> <Opcode : 'add' 'sub' 'mul' 'select'> <InPorts = 0> <OutPorts = 1> <Sync> <CReg>
ST_16 : Operation 616 [2/2] (2.10ns) (root node of the DSP)   --->   "%add_ln22_90 = add i16 %add_ln22_89, i16 %mul_ln22_114" [matrix_mult.cpp:22]   --->   Operation 616 'add' 'add_ln22_90' <Predicate = true> <Delay = 2.10> <CoreInst = "DSP48">   --->   Core 116 'DSP48' <Latency = 3> <II = 1> <Delay = 2.15> <IPBlock> <Opcode : 'add' 'sub' 'mul' 'select'> <InPorts = 0> <OutPorts = 1> <Sync> <CReg>
ST_16 : Operation 617 [1/3] (0.00ns) (grouped into DSP with root node add_ln22_94)   --->   "%mul_ln22_119 = mul i16 %zext_ln22_47, i16 %zext_ln22_22" [matrix_mult.cpp:22]   --->   Operation 617 'mul' 'mul_ln22_119' <Predicate = true> <Delay = 0.00> <CoreInst = "DSP48">   --->   Core 116 'DSP48' <Latency = 3> <II = 1> <Delay = 2.15> <IPBlock> <Opcode : 'add' 'sub' 'mul' 'select'> <InPorts = 0> <OutPorts = 1> <Sync> <CReg>
ST_16 : Operation 618 [2/2] (2.10ns) (root node of the DSP)   --->   "%add_ln22_94 = add i16 %add_ln22_93, i16 %mul_ln22_119" [matrix_mult.cpp:22]   --->   Operation 618 'add' 'add_ln22_94' <Predicate = true> <Delay = 2.10> <CoreInst = "DSP48">   --->   Core 116 'DSP48' <Latency = 3> <II = 1> <Delay = 2.15> <IPBlock> <Opcode : 'add' 'sub' 'mul' 'select'> <InPorts = 0> <OutPorts = 1> <Sync> <CReg>
ST_16 : Operation 619 [1/3] (0.00ns) (grouped into DSP with root node add_ln22_98)   --->   "%mul_ln22_124 = mul i16 %zext_ln22_47, i16 %zext_ln22_27" [matrix_mult.cpp:22]   --->   Operation 619 'mul' 'mul_ln22_124' <Predicate = true> <Delay = 0.00> <CoreInst = "DSP48">   --->   Core 116 'DSP48' <Latency = 3> <II = 1> <Delay = 2.15> <IPBlock> <Opcode : 'add' 'sub' 'mul' 'select'> <InPorts = 0> <OutPorts = 1> <Sync> <CReg>
ST_16 : Operation 620 [2/2] (2.10ns) (root node of the DSP)   --->   "%add_ln22_98 = add i16 %add_ln22_97, i16 %mul_ln22_124" [matrix_mult.cpp:22]   --->   Operation 620 'add' 'add_ln22_98' <Predicate = true> <Delay = 2.10> <CoreInst = "DSP48">   --->   Core 116 'DSP48' <Latency = 3> <II = 1> <Delay = 2.15> <IPBlock> <Opcode : 'add' 'sub' 'mul' 'select'> <InPorts = 0> <OutPorts = 1> <Sync> <CReg>

State 17 <SV = 16> <Delay = 4.17>
ST_17 : Operation 621 [1/1] (0.00ns)   --->   "%prod_addr_14 = getelementptr i16 %prod, i64 0, i64 14" [matrix_mult.cpp:22]   --->   Operation 621 'getelementptr' 'prod_addr_14' <Predicate = true> <Delay = 0.00>
ST_17 : Operation 622 [1/1] (0.00ns)   --->   "%prod_addr_15 = getelementptr i16 %prod, i64 0, i64 15" [matrix_mult.cpp:22]   --->   Operation 622 'getelementptr' 'prod_addr_15' <Predicate = true> <Delay = 0.00>
ST_17 : Operation 623 [1/1] ( I:0.00ns O:0.00ns )   --->   "%store_ln22 = store i16 %add_ln22_59, i5 %prod_addr_14" [matrix_mult.cpp:22]   --->   Operation 623 'store' 'store_ln22' <Predicate = true> <Delay = 0.00> <CoreInst = "RAM">   --->   Core 81 'RAM' <Latency = 1> <II = 1> <Delay = 2.32> <Storage> <Opcode : 'load' 'store'> <Ports = 2> <Width = 16> <Depth = 25> <RAM>
ST_17 : Operation 624 [1/1] ( I:0.00ns O:0.00ns )   --->   "%store_ln22 = store i16 %add_ln22_63, i5 %prod_addr_15" [matrix_mult.cpp:22]   --->   Operation 624 'store' 'store_ln22' <Predicate = true> <Delay = 0.00> <CoreInst = "RAM">   --->   Core 81 'RAM' <Latency = 1> <II = 1> <Delay = 2.32> <Storage> <Opcode : 'load' 'store'> <Ports = 2> <Width = 16> <Depth = 25> <RAM>
ST_17 : Operation 625 [1/2] (2.10ns) (root node of the DSP)   --->   "%add_ln22_82 = add i16 %add_ln22_81, i16 %mul_ln22_104" [matrix_mult.cpp:22]   --->   Operation 625 'add' 'add_ln22_82' <Predicate = true> <Delay = 2.10> <CoreInst = "DSP48">   --->   Core 116 'DSP48' <Latency = 3> <II = 1> <Delay = 2.15> <IPBlock> <Opcode : 'add' 'sub' 'mul' 'select'> <InPorts = 0> <OutPorts = 1> <Sync> <CReg>
ST_17 : Operation 626 [1/1] (2.07ns)   --->   "%add_ln22_83 = add i16 %add_ln22_82, i16 %add_ln22_80" [matrix_mult.cpp:22]   --->   Operation 626 'add' 'add_ln22_83' <Predicate = true> <Delay = 2.07> <CoreInst = "Adder">   --->   Core 1 'Adder' <Latency = 0> <II = 1> <Delay = 2.07> <FuncUnit> <Opcode : 'add' 'sub'> <InPorts = 2> <OutPorts = 1>
ST_17 : Operation 627 [1/2] (2.10ns) (root node of the DSP)   --->   "%add_ln22_86 = add i16 %add_ln22_85, i16 %mul_ln22_109" [matrix_mult.cpp:22]   --->   Operation 627 'add' 'add_ln22_86' <Predicate = true> <Delay = 2.10> <CoreInst = "DSP48">   --->   Core 116 'DSP48' <Latency = 3> <II = 1> <Delay = 2.15> <IPBlock> <Opcode : 'add' 'sub' 'mul' 'select'> <InPorts = 0> <OutPorts = 1> <Sync> <CReg>
ST_17 : Operation 628 [1/1] (2.07ns)   --->   "%add_ln22_87 = add i16 %add_ln22_86, i16 %add_ln22_84" [matrix_mult.cpp:22]   --->   Operation 628 'add' 'add_ln22_87' <Predicate = true> <Delay = 2.07> <CoreInst = "Adder">   --->   Core 1 'Adder' <Latency = 0> <II = 1> <Delay = 2.07> <FuncUnit> <Opcode : 'add' 'sub'> <InPorts = 2> <OutPorts = 1>
ST_17 : Operation 629 [1/2] (2.10ns) (root node of the DSP)   --->   "%add_ln22_90 = add i16 %add_ln22_89, i16 %mul_ln22_114" [matrix_mult.cpp:22]   --->   Operation 629 'add' 'add_ln22_90' <Predicate = true> <Delay = 2.10> <CoreInst = "DSP48">   --->   Core 116 'DSP48' <Latency = 3> <II = 1> <Delay = 2.15> <IPBlock> <Opcode : 'add' 'sub' 'mul' 'select'> <InPorts = 0> <OutPorts = 1> <Sync> <CReg>
ST_17 : Operation 630 [1/1] (2.07ns)   --->   "%add_ln22_91 = add i16 %add_ln22_90, i16 %add_ln22_88" [matrix_mult.cpp:22]   --->   Operation 630 'add' 'add_ln22_91' <Predicate = true> <Delay = 2.07> <CoreInst = "Adder">   --->   Core 1 'Adder' <Latency = 0> <II = 1> <Delay = 2.07> <FuncUnit> <Opcode : 'add' 'sub'> <InPorts = 2> <OutPorts = 1>
ST_17 : Operation 631 [1/2] (2.10ns) (root node of the DSP)   --->   "%add_ln22_94 = add i16 %add_ln22_93, i16 %mul_ln22_119" [matrix_mult.cpp:22]   --->   Operation 631 'add' 'add_ln22_94' <Predicate = true> <Delay = 2.10> <CoreInst = "DSP48">   --->   Core 116 'DSP48' <Latency = 3> <II = 1> <Delay = 2.15> <IPBlock> <Opcode : 'add' 'sub' 'mul' 'select'> <InPorts = 0> <OutPorts = 1> <Sync> <CReg>
ST_17 : Operation 632 [1/1] (2.07ns)   --->   "%add_ln22_95 = add i16 %add_ln22_94, i16 %add_ln22_92" [matrix_mult.cpp:22]   --->   Operation 632 'add' 'add_ln22_95' <Predicate = true> <Delay = 2.07> <CoreInst = "Adder">   --->   Core 1 'Adder' <Latency = 0> <II = 1> <Delay = 2.07> <FuncUnit> <Opcode : 'add' 'sub'> <InPorts = 2> <OutPorts = 1>
ST_17 : Operation 633 [1/2] (2.10ns) (root node of the DSP)   --->   "%add_ln22_98 = add i16 %add_ln22_97, i16 %mul_ln22_124" [matrix_mult.cpp:22]   --->   Operation 633 'add' 'add_ln22_98' <Predicate = true> <Delay = 2.10> <CoreInst = "DSP48">   --->   Core 116 'DSP48' <Latency = 3> <II = 1> <Delay = 2.15> <IPBlock> <Opcode : 'add' 'sub' 'mul' 'select'> <InPorts = 0> <OutPorts = 1> <Sync> <CReg>
ST_17 : Operation 634 [1/1] (2.07ns)   --->   "%add_ln22_99 = add i16 %add_ln22_98, i16 %add_ln22_96" [matrix_mult.cpp:22]   --->   Operation 634 'add' 'add_ln22_99' <Predicate = true> <Delay = 2.07> <CoreInst = "Adder">   --->   Core 1 'Adder' <Latency = 0> <II = 1> <Delay = 2.07> <FuncUnit> <Opcode : 'add' 'sub'> <InPorts = 2> <OutPorts = 1>

State 18 <SV = 17> <Delay = 0.00>
ST_18 : Operation 635 [1/1] (0.00ns)   --->   "%prod_addr_16 = getelementptr i16 %prod, i64 0, i64 16" [matrix_mult.cpp:22]   --->   Operation 635 'getelementptr' 'prod_addr_16' <Predicate = true> <Delay = 0.00>
ST_18 : Operation 636 [1/1] (0.00ns)   --->   "%prod_addr_17 = getelementptr i16 %prod, i64 0, i64 17" [matrix_mult.cpp:22]   --->   Operation 636 'getelementptr' 'prod_addr_17' <Predicate = true> <Delay = 0.00>
ST_18 : Operation 637 [1/1] ( I:0.00ns O:0.00ns )   --->   "%store_ln22 = store i16 %add_ln22_67, i5 %prod_addr_16" [matrix_mult.cpp:22]   --->   Operation 637 'store' 'store_ln22' <Predicate = true> <Delay = 0.00> <CoreInst = "RAM">   --->   Core 81 'RAM' <Latency = 1> <II = 1> <Delay = 2.32> <Storage> <Opcode : 'load' 'store'> <Ports = 2> <Width = 16> <Depth = 25> <RAM>
ST_18 : Operation 638 [1/1] ( I:0.00ns O:0.00ns )   --->   "%store_ln22 = store i16 %add_ln22_71, i5 %prod_addr_17" [matrix_mult.cpp:22]   --->   Operation 638 'store' 'store_ln22' <Predicate = true> <Delay = 0.00> <CoreInst = "RAM">   --->   Core 81 'RAM' <Latency = 1> <II = 1> <Delay = 2.32> <Storage> <Opcode : 'load' 'store'> <Ports = 2> <Width = 16> <Depth = 25> <RAM>

State 19 <SV = 18> <Delay = 0.00>
ST_19 : Operation 639 [1/1] (0.00ns)   --->   "%prod_addr_18 = getelementptr i16 %prod, i64 0, i64 18" [matrix_mult.cpp:22]   --->   Operation 639 'getelementptr' 'prod_addr_18' <Predicate = true> <Delay = 0.00>
ST_19 : Operation 640 [1/1] (0.00ns)   --->   "%prod_addr_19 = getelementptr i16 %prod, i64 0, i64 19" [matrix_mult.cpp:22]   --->   Operation 640 'getelementptr' 'prod_addr_19' <Predicate = true> <Delay = 0.00>
ST_19 : Operation 641 [1/1] ( I:0.00ns O:0.00ns )   --->   "%store_ln22 = store i16 %add_ln22_75, i5 %prod_addr_18" [matrix_mult.cpp:22]   --->   Operation 641 'store' 'store_ln22' <Predicate = true> <Delay = 0.00> <CoreInst = "RAM">   --->   Core 81 'RAM' <Latency = 1> <II = 1> <Delay = 2.32> <Storage> <Opcode : 'load' 'store'> <Ports = 2> <Width = 16> <Depth = 25> <RAM>
ST_19 : Operation 642 [1/1] ( I:0.00ns O:0.00ns )   --->   "%store_ln22 = store i16 %add_ln22_79, i5 %prod_addr_19" [matrix_mult.cpp:22]   --->   Operation 642 'store' 'store_ln22' <Predicate = true> <Delay = 0.00> <CoreInst = "RAM">   --->   Core 81 'RAM' <Latency = 1> <II = 1> <Delay = 2.32> <Storage> <Opcode : 'load' 'store'> <Ports = 2> <Width = 16> <Depth = 25> <RAM>

State 20 <SV = 19> <Delay = 0.00>
ST_20 : Operation 643 [1/1] (0.00ns)   --->   "%prod_addr_20 = getelementptr i16 %prod, i64 0, i64 20" [matrix_mult.cpp:22]   --->   Operation 643 'getelementptr' 'prod_addr_20' <Predicate = true> <Delay = 0.00>
ST_20 : Operation 644 [1/1] (0.00ns)   --->   "%prod_addr_21 = getelementptr i16 %prod, i64 0, i64 21" [matrix_mult.cpp:22]   --->   Operation 644 'getelementptr' 'prod_addr_21' <Predicate = true> <Delay = 0.00>
ST_20 : Operation 645 [1/1] ( I:0.00ns O:0.00ns )   --->   "%store_ln22 = store i16 %add_ln22_83, i5 %prod_addr_20" [matrix_mult.cpp:22]   --->   Operation 645 'store' 'store_ln22' <Predicate = true> <Delay = 0.00> <CoreInst = "RAM">   --->   Core 81 'RAM' <Latency = 1> <II = 1> <Delay = 2.32> <Storage> <Opcode : 'load' 'store'> <Ports = 2> <Width = 16> <Depth = 25> <RAM>
ST_20 : Operation 646 [1/1] ( I:0.00ns O:0.00ns )   --->   "%store_ln22 = store i16 %add_ln22_87, i5 %prod_addr_21" [matrix_mult.cpp:22]   --->   Operation 646 'store' 'store_ln22' <Predicate = true> <Delay = 0.00> <CoreInst = "RAM">   --->   Core 81 'RAM' <Latency = 1> <II = 1> <Delay = 2.32> <Storage> <Opcode : 'load' 'store'> <Ports = 2> <Width = 16> <Depth = 25> <RAM>

State 21 <SV = 20> <Delay = 0.00>
ST_21 : Operation 647 [1/1] (0.00ns)   --->   "%prod_addr_22 = getelementptr i16 %prod, i64 0, i64 22" [matrix_mult.cpp:22]   --->   Operation 647 'getelementptr' 'prod_addr_22' <Predicate = true> <Delay = 0.00>
ST_21 : Operation 648 [1/1] (0.00ns)   --->   "%prod_addr_23 = getelementptr i16 %prod, i64 0, i64 23" [matrix_mult.cpp:22]   --->   Operation 648 'getelementptr' 'prod_addr_23' <Predicate = true> <Delay = 0.00>
ST_21 : Operation 649 [1/1] ( I:0.00ns O:0.00ns )   --->   "%store_ln22 = store i16 %add_ln22_91, i5 %prod_addr_22" [matrix_mult.cpp:22]   --->   Operation 649 'store' 'store_ln22' <Predicate = true> <Delay = 0.00> <CoreInst = "RAM">   --->   Core 81 'RAM' <Latency = 1> <II = 1> <Delay = 2.32> <Storage> <Opcode : 'load' 'store'> <Ports = 2> <Width = 16> <Depth = 25> <RAM>
ST_21 : Operation 650 [1/1] ( I:0.00ns O:0.00ns )   --->   "%store_ln22 = store i16 %add_ln22_95, i5 %prod_addr_23" [matrix_mult.cpp:22]   --->   Operation 650 'store' 'store_ln22' <Predicate = true> <Delay = 0.00> <CoreInst = "RAM">   --->   Core 81 'RAM' <Latency = 1> <II = 1> <Delay = 2.32> <Storage> <Opcode : 'load' 'store'> <Ports = 2> <Width = 16> <Depth = 25> <RAM>

State 22 <SV = 21> <Delay = 0.00>
ST_22 : Operation 651 [1/1] (0.00ns)   --->   "%prod_addr_24 = getelementptr i16 %prod, i64 0, i64 24" [matrix_mult.cpp:22]   --->   Operation 651 'getelementptr' 'prod_addr_24' <Predicate = true> <Delay = 0.00>
ST_22 : Operation 652 [1/1] (0.00ns)   --->   "%specpipeline_ln0 = specpipeline void @_ssdm_op_SpecPipeline, i32 1, i32 0, i32 0, i32 0, i32 4294967295, void @empty_0"   --->   Operation 652 'specpipeline' 'specpipeline_ln0' <Predicate = true> <Delay = 0.00>
ST_22 : Operation 653 [1/1] (0.00ns)   --->   "%spectopmodule_ln0 = spectopmodule void @_ssdm_op_SpecTopModule, void @empty_1"   --->   Operation 653 'spectopmodule' 'spectopmodule_ln0' <Predicate = true> <Delay = 0.00>
ST_22 : Operation 654 [1/1] (0.00ns)   --->   "%specinterface_ln0 = specinterface void @_ssdm_op_SpecInterface, i40 %a, void @empty, i32 0, i32 0, void @empty_0, i32 4294967295, i32 0, void @empty_0, void @empty_0, void @empty_0, i32 0, i32 0, i32 0, i32 0, void @empty_0, void @empty_0, i32 4294967295, i32 0, i32 0, i32 0"   --->   Operation 654 'specinterface' 'specinterface_ln0' <Predicate = true> <Delay = 0.00>
ST_22 : Operation 655 [1/1] (0.00ns)   --->   "%specbitsmap_ln0 = specbitsmap void @_ssdm_op_SpecBitsMap, i40 %a"   --->   Operation 655 'specbitsmap' 'specbitsmap_ln0' <Predicate = true> <Delay = 0.00>
ST_22 : Operation 656 [1/1] (0.00ns)   --->   "%specinterface_ln0 = specinterface void @_ssdm_op_SpecInterface, i40 %b, void @empty, i32 0, i32 0, void @empty_0, i32 4294967295, i32 0, void @empty_0, void @empty_0, void @empty_0, i32 0, i32 0, i32 0, i32 0, void @empty_0, void @empty_0, i32 4294967295, i32 0, i32 0, i32 0"   --->   Operation 656 'specinterface' 'specinterface_ln0' <Predicate = true> <Delay = 0.00>
ST_22 : Operation 657 [1/1] (0.00ns)   --->   "%specbitsmap_ln0 = specbitsmap void @_ssdm_op_SpecBitsMap, i40 %b"   --->   Operation 657 'specbitsmap' 'specbitsmap_ln0' <Predicate = true> <Delay = 0.00>
ST_22 : Operation 658 [1/1] (0.00ns)   --->   "%specinterface_ln0 = specinterface void @_ssdm_op_SpecInterface, i16 %prod, void @empty, i32 0, i32 0, void @empty_0, i32 4294967295, i32 0, void @empty_0, void @empty_0, void @empty_0, i32 0, i32 0, i32 0, i32 0, void @empty_0, void @empty_0, i32 4294967295, i32 0, i32 0, i32 0"   --->   Operation 658 'specinterface' 'specinterface_ln0' <Predicate = true> <Delay = 0.00>
ST_22 : Operation 659 [1/1] (0.00ns)   --->   "%specbitsmap_ln0 = specbitsmap void @_ssdm_op_SpecBitsMap, i16 %prod"   --->   Operation 659 'specbitsmap' 'specbitsmap_ln0' <Predicate = true> <Delay = 0.00>
ST_22 : Operation 660 [1/1] ( I:0.00ns O:0.00ns )   --->   "%store_ln22 = store i16 %add_ln22_99, i5 %prod_addr_24" [matrix_mult.cpp:22]   --->   Operation 660 'store' 'store_ln22' <Predicate = true> <Delay = 0.00> <CoreInst = "RAM">   --->   Core 81 'RAM' <Latency = 1> <II = 1> <Delay = 2.32> <Storage> <Opcode : 'load' 'store'> <Ports = 2> <Width = 16> <Depth = 25> <RAM>
ST_22 : Operation 661 [1/1] (0.00ns)   --->   "%ret_ln26 = ret" [matrix_mult.cpp:26]   --->   Operation 661 'ret' 'ret_ln26' <Predicate = true> <Delay = 0.00>


============================================================
+ Verbose Summary: Binding
============================================================
STG Binding: 
---------------- STG Properties BEGIN ----------------
- Is combinational: 0
- Is one-state seq: 0
- Is datapath-only: 0
- Is pipelined: 1
- Is top level: 1
Port [ Return ] is wired: 1; IO mode=ap_ctrl_hs:ce=0
Port [ a]:  wired=1; compound=1; hidden=0; nouse=0; global=0; static=0; extern=0; dir=0; type=1; pingpong=0; private_global=0; MemPort=[11]; IO mode=ap_memory:ce=0
Port [ b]:  wired=1; compound=1; hidden=0; nouse=0; global=0; static=0; extern=0; dir=0; type=1; pingpong=0; private_global=0; MemPort=[11]; IO mode=ap_memory:ce=0
Port [ prod]:  wired=1; compound=1; hidden=0; nouse=0; global=0; static=0; extern=0; dir=1; type=1; pingpong=0; private_global=0; MemPort=[00]; IO mode=ap_memory:ce=0
---------------- STG Properties END ------------------

---------------- Datapath Model BEGIN ----------------

<LifeTime>
<method=bitvector/>
a_addr            (getelementptr) [ 00100000000000000000000]
b_addr            (getelementptr) [ 00100000000000000000000]
b_addr_1          (getelementptr) [ 00100000000000000000000]
a_addr_1          (getelementptr) [ 00100000000000000000000]
a_load            (load         ) [ 00000000000000000000000]
trunc_ln22        (trunc        ) [ 00011110000000000000000]
b_load            (load         ) [ 00000000000000000000000]
trunc_ln22_1      (trunc        ) [ 00011110000000000000000]
tmp               (partselect   ) [ 00011111100000000000000]
tmp_1             (partselect   ) [ 00011111100000000000000]
tmp_2             (partselect   ) [ 00011111000000000000000]
tmp_3             (partselect   ) [ 00011111000000000000000]
tmp_4             (partselect   ) [ 00000000000000000000000]
zext_ln22_6       (zext         ) [ 00011000000000000000000]
tmp_5             (partselect   ) [ 00000000000000000000000]
zext_ln22_7       (zext         ) [ 00011111000000000000000]
tmp_6             (partselect   ) [ 00000000000000000000000]
zext_ln22_8       (zext         ) [ 00011110000000000000000]
tmp_7             (partselect   ) [ 00000000000000000000000]
zext_ln22_9       (zext         ) [ 00011111000000000000000]
mul_ln22_3        (mul          ) [ 00011100000000000000000]
b_load_1          (load         ) [ 00000000000000000000000]
trunc_ln22_2      (trunc        ) [ 00011110000000000000000]
tmp_8             (partselect   ) [ 00011111100000000000000]
tmp_9             (partselect   ) [ 00011111000000000000000]
tmp_s             (partselect   ) [ 00000000000000000000000]
zext_ln22_13      (zext         ) [ 00011111000000000000000]
tmp_10            (partselect   ) [ 00000000000000000000000]
zext_ln22_14      (zext         ) [ 00011111000000000000000]
mul_ln22_8        (mul          ) [ 00011100000000000000000]
b_addr_2          (getelementptr) [ 00010000000000000000000]
b_addr_3          (getelementptr) [ 00010000000000000000000]
a_load_1          (load         ) [ 00000000000000000000000]
trunc_ln22_6      (trunc        ) [ 00011111000000000000000]
tmp_23            (partselect   ) [ 00011111110000000000000]
tmp_24            (partselect   ) [ 00011111110000000000000]
tmp_25            (partselect   ) [ 00000000000000000000000]
zext_ln22_33      (zext         ) [ 00011000000000000000000]
tmp_26            (partselect   ) [ 00000000000000000000000]
zext_ln22_34      (zext         ) [ 00011110000000000000000]
mul_ln22_28       (mul          ) [ 00011100000000000000000]
mul_ln22_33       (mul          ) [ 00011100000000000000000]
a_addr_2          (getelementptr) [ 00010000000000000000000]
a_addr_3          (getelementptr) [ 00010000000000000000000]
b_load_2          (load         ) [ 00000000000000000000000]
trunc_ln22_3      (trunc        ) [ 00001110000000000000000]
tmp_11            (partselect   ) [ 00001111100000000000000]
tmp_12            (partselect   ) [ 00001111100000000000000]
tmp_13            (partselect   ) [ 00000000000000000000000]
zext_ln22_18      (zext         ) [ 00001111000000000000000]
tmp_14            (partselect   ) [ 00000000000000000000000]
zext_ln22_19      (zext         ) [ 00001111100000000000000]
mul_ln22_13       (mul          ) [ 00001110000000000000000]
b_load_3          (load         ) [ 00000000000000000000000]
trunc_ln22_4      (trunc        ) [ 00001111000000000000000]
tmp_15            (partselect   ) [ 00001111110000000000000]
tmp_16            (partselect   ) [ 00001111100000000000000]
tmp_17            (partselect   ) [ 00000000000000000000000]
zext_ln22_23      (zext         ) [ 00001111000000000000000]
tmp_18            (partselect   ) [ 00000000000000000000000]
zext_ln22_24      (zext         ) [ 00001111100000000000000]
mul_ln22_18       (mul          ) [ 00001110000000000000000]
b_addr_4          (getelementptr) [ 00001000000000000000000]
mul_ln22_38       (mul          ) [ 00001110000000000000000]
mul_ln22_43       (mul          ) [ 00001110000000000000000]
a_load_2          (load         ) [ 00000000000000000000000]
trunc_ln22_7      (trunc        ) [ 00001111100000000000000]
tmp_27            (partselect   ) [ 00001111111000000000000]
tmp_28            (partselect   ) [ 00001111111110000000000]
tmp_29            (partselect   ) [ 00001000000000000000000]
tmp_30            (partselect   ) [ 00000000000000000000000]
zext_ln22_39      (zext         ) [ 00001110000000000000000]
a_load_3          (load         ) [ 00000000000000000000000]
trunc_ln22_8      (trunc        ) [ 00001111111000000000000]
tmp_31            (partselect   ) [ 00001111111110000000000]
tmp_32            (partselect   ) [ 00001111111111000000000]
tmp_33            (partselect   ) [ 00001100000000000000000]
tmp_34            (partselect   ) [ 00001000000000000000000]
a_addr_4          (getelementptr) [ 00001000000000000000000]
mul_ln22_2        (mul          ) [ 00000100000000000000000]
mul_ln22_7        (mul          ) [ 00000100000000000000000]
b_load_4          (load         ) [ 00000000000000000000000]
trunc_ln22_5      (trunc        ) [ 00000111000000000000000]
tmp_19            (partselect   ) [ 00000111110000000000000]
tmp_20            (partselect   ) [ 00000111110000000000000]
tmp_21            (partselect   ) [ 00000000000000000000000]
zext_ln22_28      (zext         ) [ 00000111100000000000000]
tmp_22            (partselect   ) [ 00000000000000000000000]
zext_ln22_29      (zext         ) [ 00000111100000000000000]
mul_ln22_23       (mul          ) [ 00000111000000000000000]
mul_ln22_27       (mul          ) [ 00000100000000000000000]
mul_ln22_32       (mul          ) [ 00000100000000000000000]
mul_ln22_48       (mul          ) [ 00000111000000000000000]
zext_ln22_38      (zext         ) [ 00000100000000000000000]
mul_ln22_53       (mul          ) [ 00000110000000000000000]
mul_ln22_58       (mul          ) [ 00000110000000000000000]
zext_ln22_44      (zext         ) [ 00000111000000000000000]
a_load_4          (load         ) [ 00000000000000000000000]
trunc_ln22_9      (trunc        ) [ 00000111111100000000000]
tmp_35            (partselect   ) [ 00000111111111000000000]
tmp_36            (partselect   ) [ 01000111111111100000000]
tmp_37            (partselect   ) [ 00000111000000000000000]
tmp_38            (partselect   ) [ 00000100000000000000000]
add_ln22_1        (add          ) [ 00000011111000000000000]
add_ln22_5        (add          ) [ 00000011111000000000000]
mul_ln22_12       (mul          ) [ 00000010000000000000000]
mul_ln22_17       (mul          ) [ 00000010000000000000000]
add_ln22_21       (add          ) [ 00000011111110000000000]
add_ln22_25       (add          ) [ 00000011111111000000000]
mul_ln22_37       (mul          ) [ 00000010000000000000000]
mul_ln22_42       (mul          ) [ 00000010000000000000000]
mul_ln22_52       (mul          ) [ 00000010000000000000000]
mul_ln22_57       (mul          ) [ 00000010000000000000000]
mul_ln22_63       (mul          ) [ 00000011000000000000000]
mul_ln22_68       (mul          ) [ 00000011000000000000000]
mul_ln22_73       (mul          ) [ 00000011000000000000000]
zext_ln22_43      (zext         ) [ 00000010000000000000000]
mul_ln22_78       (mul          ) [ 00000011000000000000000]
zext_ln22_49      (zext         ) [ 00000011100000000000000]
zext_ln22         (zext         ) [ 00000001110000000000000]
zext_ln22_1       (zext         ) [ 00000001111111000000000]
zext_ln22_10      (zext         ) [ 00000001111111000000000]
zext_ln22_15      (zext         ) [ 00000001111111000000000]
add_ln22_9        (add          ) [ 00000001111100000000000]
add_ln22_13       (add          ) [ 00000001111100000000000]
mul_ln22_22       (mul          ) [ 00000001000000000000000]
add_ln22_29       (add          ) [ 00000001111111000000000]
add_ln22_33       (add          ) [ 01000001111111100000000]
mul_ln22_47       (mul          ) [ 00000001000000000000000]
add_ln22_41       (add          ) [ 01100001111111110000000]
add_ln22_45       (add          ) [ 01100001111111110000000]
mul_ln22_62       (mul          ) [ 00000001000000000000000]
mul_ln22_67       (mul          ) [ 00000001000000000000000]
mul_ln22_72       (mul          ) [ 00000001000000000000000]
mul_ln22_77       (mul          ) [ 00000001000000000000000]
mul_ln22_83       (mul          ) [ 00000001100000000000000]
mul_ln22_88       (mul          ) [ 00000001100000000000000]
mul_ln22_93       (mul          ) [ 00000001100000000000000]
mul_ln22_98       (mul          ) [ 00000001100000000000000]
zext_ln22_4       (zext         ) [ 00000000111100000000000]
zext_ln22_5       (zext         ) [ 01110000111111111000000]
zext_ln22_12      (zext         ) [ 01110000111111111000000]
zext_ln22_20      (zext         ) [ 01000000111111100000000]
zext_ln22_25      (zext         ) [ 01000000111111100000000]
add_ln22_17       (add          ) [ 00000000111110000000000]
zext_ln22_30      (zext         ) [ 00000000111000000000000]
add_ln22_37       (add          ) [ 01000000111111100000000]
add_ln22_49       (add          ) [ 01100000111111110000000]
add_ln22_53       (add          ) [ 01100000111111110000000]
add_ln22_57       (add          ) [ 01110000111111111000000]
add_ln22_61       (add          ) [ 01110000111111111000000]
mul_ln22_82       (mul          ) [ 00000000100000000000000]
mul_ln22_87       (mul          ) [ 00000000100000000000000]
mul_ln22_92       (mul          ) [ 00000000100000000000000]
mul_ln22_97       (mul          ) [ 00000000100000000000000]
zext_ln22_48      (zext         ) [ 00000000100000000000000]
mul_ln22_102      (mul          ) [ 00000000100000000000000]
mul_ln22_103      (mul          ) [ 00000000100000000000000]
mul_ln22_107      (mul          ) [ 00000000100000000000000]
mul_ln22_108      (mul          ) [ 00000000100000000000000]
mul_ln22_113      (mul          ) [ 00000000110000000000000]
mul_ln22_118      (mul          ) [ 00000000110000000000000]
zext_ln22_2       (zext         ) [ 00000000010000000000000]
zext_ln22_3       (zext         ) [ 00000000011111000000000]
mul_ln22          (mul          ) [ 00000000010000000000000]
mul_ln22_1        (mul          ) [ 00000000010000000000000]
zext_ln22_11      (zext         ) [ 00000000011111000000000]
mul_ln22_5        (mul          ) [ 00000000010000000000000]
mul_ln22_6        (mul          ) [ 00000000010000000000000]
zext_ln22_16      (zext         ) [ 00000000011111000000000]
zext_ln22_17      (zext         ) [ 01110000011111111000000]
mul_ln22_10       (mul          ) [ 00000000010000000000000]
mul_ln22_11       (mul          ) [ 00000000010000000000000]
zext_ln22_22      (zext         ) [ 01110000011111111000000]
zext_ln22_35      (zext         ) [ 00000000011100000000000]
add_ln22_65       (add          ) [ 01110000011111111000000]
add_ln22_69       (add          ) [ 01110000011111111000000]
add_ln22_73       (add          ) [ 01110000011111111000000]
add_ln22_77       (add          ) [ 01110000011111111000000]
add_ln22_81       (add          ) [ 01111000011111111100000]
add_ln22_85       (add          ) [ 01111000011111111100000]
mul_ln22_112      (mul          ) [ 00000000010000000000000]
mul_ln22_117      (mul          ) [ 00000000010000000000000]
mul_ln22_122      (mul          ) [ 00000000010000000000000]
mul_ln22_123      (mul          ) [ 00000000010000000000000]
mul_ln22_4        (mul          ) [ 00000000001000000000000]
add_ln22          (add          ) [ 00000000001000000000000]
mul_ln22_9        (mul          ) [ 00000000001000000000000]
add_ln22_4        (add          ) [ 00000000001000000000000]
add_ln22_8        (add          ) [ 00000000001100000000000]
zext_ln22_21      (zext         ) [ 01000000001111100000000]
mul_ln22_15       (mul          ) [ 00000000001000000000000]
mul_ln22_16       (mul          ) [ 00000000001000000000000]
zext_ln22_26      (zext         ) [ 01000000001111100000000]
zext_ln22_27      (zext         ) [ 01110000001111111000000]
mul_ln22_20       (mul          ) [ 00000000001000000000000]
mul_ln22_21       (mul          ) [ 00000000001000000000000]
zext_ln22_31      (zext         ) [ 00000000001000000000000]
zext_ln22_32      (zext         ) [ 00000000001111000000000]
mul_ln22_25       (mul          ) [ 00000000001000000000000]
mul_ln22_26       (mul          ) [ 00000000001000000000000]
mul_ln22_30       (mul          ) [ 00000000001000000000000]
mul_ln22_31       (mul          ) [ 00000000001000000000000]
add_ln22_89       (add          ) [ 01111000001111111100000]
add_ln22_93       (add          ) [ 01111000001111111100000]
add_ln22_97       (add          ) [ 01111000001111111100000]
prod_addr         (getelementptr) [ 00000000000000000000000]
prod_addr_1       (getelementptr) [ 00000000000000000000000]
add_ln22_2        (add          ) [ 00000000000000000000000]
add_ln22_3        (add          ) [ 00000000000000000000000]
store_ln22        (store        ) [ 00000000000000000000000]
add_ln22_6        (add          ) [ 00000000000000000000000]
add_ln22_7        (add          ) [ 00000000000000000000000]
store_ln22        (store        ) [ 00000000000000000000000]
mul_ln22_14       (mul          ) [ 00000000000100000000000]
mul_ln22_19       (mul          ) [ 00000000000100000000000]
add_ln22_12       (add          ) [ 00000000000100000000000]
add_ln22_16       (add          ) [ 00000000000110000000000]
add_ln22_20       (add          ) [ 00000000000110000000000]
add_ln22_24       (add          ) [ 00000000000111000000000]
mul_ln22_35       (mul          ) [ 00000000000100000000000]
mul_ln22_36       (mul          ) [ 00000000000100000000000]
mul_ln22_40       (mul          ) [ 00000000000100000000000]
mul_ln22_41       (mul          ) [ 00000000000100000000000]
mul_ln22_45       (mul          ) [ 00000000000100000000000]
mul_ln22_46       (mul          ) [ 00000000000100000000000]
zext_ln22_36      (zext         ) [ 00000000000100000000000]
mul_ln22_50       (mul          ) [ 00000000000100000000000]
mul_ln22_51       (mul          ) [ 00000000000100000000000]
zext_ln22_40      (zext         ) [ 00000000000111000000000]
prod_addr_2       (getelementptr) [ 00000000000000000000000]
prod_addr_3       (getelementptr) [ 00000000000000000000000]
add_ln22_10       (add          ) [ 00000000000000000000000]
add_ln22_11       (add          ) [ 00000000000000000000000]
store_ln22        (store        ) [ 00000000000000000000000]
add_ln22_14       (add          ) [ 00000000000000000000000]
add_ln22_15       (add          ) [ 00000000000000000000000]
store_ln22        (store        ) [ 00000000000000000000000]
mul_ln22_24       (mul          ) [ 00000000000010000000000]
mul_ln22_29       (mul          ) [ 00000000000010000000000]
add_ln22_28       (add          ) [ 00000000000011000000000]
add_ln22_32       (add          ) [ 01000000000011100000000]
add_ln22_36       (add          ) [ 01000000000011100000000]
add_ln22_40       (add          ) [ 01100000000011110000000]
mul_ln22_55       (mul          ) [ 00000000000010000000000]
mul_ln22_56       (mul          ) [ 00000000000010000000000]
mul_ln22_60       (mul          ) [ 00000000000010000000000]
mul_ln22_61       (mul          ) [ 00000000000010000000000]
mul_ln22_65       (mul          ) [ 00000000000010000000000]
mul_ln22_66       (mul          ) [ 00000000000010000000000]
mul_ln22_70       (mul          ) [ 00000000000010000000000]
mul_ln22_71       (mul          ) [ 00000000000010000000000]
zext_ln22_45      (zext         ) [ 01000000000011100000000]
prod_addr_4       (getelementptr) [ 00000000000000000000000]
prod_addr_5       (getelementptr) [ 00000000000000000000000]
add_ln22_18       (add          ) [ 00000000000000000000000]
add_ln22_19       (add          ) [ 00000000000000000000000]
store_ln22        (store        ) [ 00000000000000000000000]
add_ln22_22       (add          ) [ 00000000000000000000000]
add_ln22_23       (add          ) [ 00000000000000000000000]
store_ln22        (store        ) [ 00000000000000000000000]
mul_ln22_34       (mul          ) [ 00000000000001000000000]
mul_ln22_39       (mul          ) [ 00000000000001000000000]
zext_ln22_37      (zext         ) [ 01100000000001110000000]
add_ln22_44       (add          ) [ 01100000000001110000000]
add_ln22_48       (add          ) [ 01100000000001110000000]
add_ln22_52       (add          ) [ 01100000000001110000000]
add_ln22_56       (add          ) [ 01110000000001111000000]
zext_ln22_41      (zext         ) [ 00000000000001000000000]
mul_ln22_75       (mul          ) [ 00000000000001000000000]
mul_ln22_76       (mul          ) [ 00000000000001000000000]
mul_ln22_80       (mul          ) [ 00000000000001000000000]
mul_ln22_81       (mul          ) [ 00000000000001000000000]
mul_ln22_85       (mul          ) [ 00000000000001000000000]
mul_ln22_86       (mul          ) [ 00000000000001000000000]
mul_ln22_90       (mul          ) [ 00000000000001000000000]
mul_ln22_91       (mul          ) [ 00000000000001000000000]
prod_addr_6       (getelementptr) [ 00000000000000000000000]
prod_addr_7       (getelementptr) [ 00000000000000000000000]
add_ln22_26       (add          ) [ 00000000000000000000000]
add_ln22_27       (add          ) [ 00000000000000000000000]
store_ln22        (store        ) [ 00000000000000000000000]
add_ln22_30       (add          ) [ 00000000000000000000000]
add_ln22_31       (add          ) [ 00000000000000000000000]
store_ln22        (store        ) [ 00000000000000000000000]
mul_ln22_44       (mul          ) [ 01000000000000100000000]
mul_ln22_49       (mul          ) [ 01000000000000100000000]
zext_ln22_42      (zext         ) [ 01100000000000110000000]
add_ln22_60       (add          ) [ 01110000000000111000000]
add_ln22_64       (add          ) [ 01110000000000111000000]
add_ln22_68       (add          ) [ 01110000000000111000000]
add_ln22_72       (add          ) [ 01110000000000111000000]
mul_ln22_95       (mul          ) [ 01000000000000100000000]
mul_ln22_96       (mul          ) [ 01000000000000100000000]
zext_ln22_46      (zext         ) [ 01000000000000100000000]
mul_ln22_100      (mul          ) [ 01000000000000100000000]
mul_ln22_101      (mul          ) [ 01000000000000100000000]
mul_ln22_105      (mul          ) [ 01000000000000100000000]
mul_ln22_106      (mul          ) [ 01000000000000100000000]
mul_ln22_110      (mul          ) [ 01000000000000100000000]
mul_ln22_111      (mul          ) [ 01000000000000100000000]
prod_addr_8       (getelementptr) [ 00000000000000000000000]
prod_addr_9       (getelementptr) [ 00000000000000000000000]
add_ln22_34       (add          ) [ 00000000000000000000000]
add_ln22_35       (add          ) [ 00000000000000000000000]
store_ln22        (store        ) [ 00000000000000000000000]
add_ln22_38       (add          ) [ 00000000000000000000000]
add_ln22_39       (add          ) [ 00000000000000000000000]
store_ln22        (store        ) [ 00000000000000000000000]
mul_ln22_54       (mul          ) [ 00100000000000010000000]
mul_ln22_59       (mul          ) [ 00100000000000010000000]
mul_ln22_64       (mul          ) [ 00100000000000010000000]
mul_ln22_69       (mul          ) [ 00100000000000010000000]
add_ln22_76       (add          ) [ 00110000000000011000000]
zext_ln22_47      (zext         ) [ 00110000000000011000000]
add_ln22_80       (add          ) [ 00111000000000011100000]
add_ln22_84       (add          ) [ 00111000000000011100000]
add_ln22_88       (add          ) [ 00111000000000011100000]
mul_ln22_115      (mul          ) [ 00100000000000010000000]
mul_ln22_116      (mul          ) [ 00100000000000010000000]
mul_ln22_120      (mul          ) [ 00100000000000010000000]
mul_ln22_121      (mul          ) [ 00100000000000010000000]
prod_addr_10      (getelementptr) [ 00000000000000000000000]
prod_addr_11      (getelementptr) [ 00000000000000000000000]
add_ln22_42       (add          ) [ 00000000000000000000000]
add_ln22_43       (add          ) [ 00000000000000000000000]
store_ln22        (store        ) [ 00000000000000000000000]
add_ln22_46       (add          ) [ 00000000000000000000000]
add_ln22_47       (add          ) [ 00000000000000000000000]
store_ln22        (store        ) [ 00000000000000000000000]
add_ln22_50       (add          ) [ 00000000000000000000000]
add_ln22_51       (add          ) [ 00010000000000001000000]
add_ln22_54       (add          ) [ 00000000000000000000000]
add_ln22_55       (add          ) [ 00010000000000001000000]
mul_ln22_74       (mul          ) [ 00010000000000001000000]
mul_ln22_79       (mul          ) [ 00010000000000001000000]
mul_ln22_84       (mul          ) [ 00010000000000001000000]
mul_ln22_89       (mul          ) [ 00010000000000001000000]
mul_ln22_94       (mul          ) [ 00010000000000001000000]
mul_ln22_99       (mul          ) [ 00010000000000001000000]
add_ln22_92       (add          ) [ 00011000000000001100000]
add_ln22_96       (add          ) [ 00011000000000001100000]
prod_addr_12      (getelementptr) [ 00000000000000000000000]
prod_addr_13      (getelementptr) [ 00000000000000000000000]
store_ln22        (store        ) [ 00000000000000000000000]
store_ln22        (store        ) [ 00000000000000000000000]
add_ln22_58       (add          ) [ 00000000000000000000000]
add_ln22_59       (add          ) [ 00001000000000000100000]
add_ln22_62       (add          ) [ 00000000000000000000000]
add_ln22_63       (add          ) [ 00001000000000000100000]
add_ln22_66       (add          ) [ 00000000000000000000000]
add_ln22_67       (add          ) [ 00001100000000000110000]
add_ln22_70       (add          ) [ 00000000000000000000000]
add_ln22_71       (add          ) [ 00001100000000000110000]
add_ln22_74       (add          ) [ 00000000000000000000000]
add_ln22_75       (add          ) [ 00001110000000000111000]
add_ln22_78       (add          ) [ 00000000000000000000000]
add_ln22_79       (add          ) [ 00001110000000000111000]
mul_ln22_104      (mul          ) [ 00001000000000000100000]
mul_ln22_109      (mul          ) [ 00001000000000000100000]
mul_ln22_114      (mul          ) [ 00001000000000000100000]
mul_ln22_119      (mul          ) [ 00001000000000000100000]
mul_ln22_124      (mul          ) [ 00001000000000000100000]
prod_addr_14      (getelementptr) [ 00000000000000000000000]
prod_addr_15      (getelementptr) [ 00000000000000000000000]
store_ln22        (store        ) [ 00000000000000000000000]
store_ln22        (store        ) [ 00000000000000000000000]
add_ln22_82       (add          ) [ 00000000000000000000000]
add_ln22_83       (add          ) [ 00000111000000000011100]
add_ln22_86       (add          ) [ 00000000000000000000000]
add_ln22_87       (add          ) [ 00000111000000000011100]
add_ln22_90       (add          ) [ 00000000000000000000000]
add_ln22_91       (add          ) [ 00000111100000000011110]
add_ln22_94       (add          ) [ 00000000000000000000000]
add_ln22_95       (add          ) [ 00000111100000000011110]
add_ln22_98       (add          ) [ 00000000000000000000000]
add_ln22_99       (add          ) [ 00000111110000000011111]
prod_addr_16      (getelementptr) [ 00000000000000000000000]
prod_addr_17      (getelementptr) [ 00000000000000000000000]
store_ln22        (store        ) [ 00000000000000000000000]
store_ln22        (store        ) [ 00000000000000000000000]
prod_addr_18      (getelementptr) [ 00000000000000000000000]
prod_addr_19      (getelementptr) [ 00000000000000000000000]
store_ln22        (store        ) [ 00000000000000000000000]
store_ln22        (store        ) [ 00000000000000000000000]
prod_addr_20      (getelementptr) [ 00000000000000000000000]
prod_addr_21      (getelementptr) [ 00000000000000000000000]
store_ln22        (store        ) [ 00000000000000000000000]
store_ln22        (store        ) [ 00000000000000000000000]
prod_addr_22      (getelementptr) [ 00000000000000000000000]
prod_addr_23      (getelementptr) [ 00000000000000000000000]
store_ln22        (store        ) [ 00000000000000000000000]
store_ln22        (store        ) [ 00000000000000000000000]
prod_addr_24      (getelementptr) [ 00000000000000000000000]
specpipeline_ln0  (specpipeline ) [ 00000000000000000000000]
spectopmodule_ln0 (spectopmodule) [ 00000000000000000000000]
specinterface_ln0 (specinterface) [ 00000000000000000000000]
specbitsmap_ln0   (specbitsmap  ) [ 00000000000000000000000]
specinterface_ln0 (specinterface) [ 00000000000000000000000]
specbitsmap_ln0   (specbitsmap  ) [ 00000000000000000000000]
specinterface_ln0 (specinterface) [ 00000000000000000000000]
specbitsmap_ln0   (specbitsmap  ) [ 00000000000000000000000]
store_ln22        (store        ) [ 00000000000000000000000]
ret_ln26          (ret          ) [ 00000000000000000000000]
</LifeTime>

<model>

<comp_list>
<comp id="0" class="1000" name="a">
<pin_list>
<pin id="1" dir="1" index="0" bw="1" slack="0"/>
</pin_list>
<bind>
<StgValue><ssdm name="a"/><MemPortTyVec>1 1 </MemPortTyVec>
</StgValue>
</bind>
</comp>

<comp id="2" class="1000" name="b">
<pin_list>
<pin id="3" dir="1" index="0" bw="1" slack="0"/>
</pin_list>
<bind>
<StgValue><ssdm name="b"/><MemPortTyVec>1 1 </MemPortTyVec>
</StgValue>
</bind>
</comp>

<comp id="4" class="1000" name="prod">
<pin_list>
<pin id="5" dir="1" index="0" bw="1" slack="0"/>
</pin_list>
<bind>
<StgValue><ssdm name="prod"/><MemPortTyVec>0 0 </MemPortTyVec>
</StgValue>
</bind>
</comp>

<comp id="6" class="1001" name="const_6">
<pin_list>
<pin id="7" dir="1" index="0" bw="1" slack="0"/>
</pin_list>
<bind>
<StgValue><ssdm name=""/></StgValue>
</bind>
</comp>

<comp id="8" class="1001" name="const_8">
<pin_list>
<pin id="9" dir="1" index="0" bw="1" slack="0"/>
</pin_list>
<bind>
<StgValue><ssdm name=""/></StgValue>
</bind>
</comp>

<comp id="10" class="1001" name="const_10">
<pin_list>
<pin id="11" dir="1" index="0" bw="1" slack="0"/>
</pin_list>
<bind>
<StgValue><ssdm name="_ssdm_op_PartSelect.i8.i40.i40"/></StgValue>
</bind>
</comp>

<comp id="12" class="1001" name="const_12">
<pin_list>
<pin id="13" dir="1" index="0" bw="1" slack="0"/>
</pin_list>
<bind>
<StgValue><ssdm name=""/></StgValue>
</bind>
</comp>

<comp id="14" class="1001" name="const_14">
<pin_list>
<pin id="15" dir="1" index="0" bw="1" slack="0"/>
</pin_list>
<bind>
<StgValue><ssdm name=""/></StgValue>
</bind>
</comp>

<comp id="16" class="1001" name="const_16">
<pin_list>
<pin id="17" dir="1" index="0" bw="1" slack="0"/>
</pin_list>
<bind>
<StgValue><ssdm name=""/></StgValue>
</bind>
</comp>

<comp id="18" class="1001" name="const_18">
<pin_list>
<pin id="19" dir="1" index="0" bw="1" slack="0"/>
</pin_list>
<bind>
<StgValue><ssdm name=""/></StgValue>
</bind>
</comp>

<comp id="20" class="1001" name="const_20">
<pin_list>
<pin id="21" dir="1" index="0" bw="1" slack="0"/>
</pin_list>
<bind>
<StgValue><ssdm name=""/></StgValue>
</bind>
</comp>

<comp id="22" class="1001" name="const_22">
<pin_list>
<pin id="23" dir="1" index="0" bw="1" slack="0"/>
</pin_list>
<bind>
<StgValue><ssdm name=""/></StgValue>
</bind>
</comp>

<comp id="24" class="1001" name="const_24">
<pin_list>
<pin id="25" dir="1" index="0" bw="1" slack="0"/>
</pin_list>
<bind>
<StgValue><ssdm name=""/></StgValue>
</bind>
</comp>

<comp id="26" class="1001" name="const_26">
<pin_list>
<pin id="27" dir="1" index="0" bw="1" slack="0"/>
</pin_list>
<bind>
<StgValue><ssdm name=""/></StgValue>
</bind>
</comp>

<comp id="28" class="1001" name="const_28">
<pin_list>
<pin id="29" dir="1" index="0" bw="1" slack="0"/>
</pin_list>
<bind>
<StgValue><ssdm name=""/></StgValue>
</bind>
</comp>

<comp id="30" class="1001" name="const_30">
<pin_list>
<pin id="31" dir="1" index="0" bw="1" slack="0"/>
</pin_list>
<bind>
<StgValue><ssdm name=""/></StgValue>
</bind>
</comp>

<comp id="32" class="1001" name="const_32">
<pin_list>
<pin id="33" dir="1" index="0" bw="1" slack="0"/>
</pin_list>
<bind>
<StgValue><ssdm name=""/></StgValue>
</bind>
</comp>

<comp id="34" class="1001" name="const_34">
<pin_list>
<pin id="35" dir="1" index="0" bw="1" slack="0"/>
</pin_list>
<bind>
<StgValue><ssdm name=""/></StgValue>
</bind>
</comp>

<comp id="36" class="1001" name="const_36">
<pin_list>
<pin id="37" dir="1" index="0" bw="1" slack="0"/>
</pin_list>
<bind>
<StgValue><ssdm name=""/></StgValue>
</bind>
</comp>

<comp id="38" class="1001" name="const_38">
<pin_list>
<pin id="39" dir="1" index="0" bw="1" slack="0"/>
</pin_list>
<bind>
<StgValue><ssdm name=""/></StgValue>
</bind>
</comp>

<comp id="40" class="1001" name="const_40">
<pin_list>
<pin id="41" dir="1" index="0" bw="1" slack="0"/>
</pin_list>
<bind>
<StgValue><ssdm name=""/></StgValue>
</bind>
</comp>

<comp id="42" class="1001" name="const_42">
<pin_list>
<pin id="43" dir="1" index="0" bw="1" slack="0"/>
</pin_list>
<bind>
<StgValue><ssdm name=""/></StgValue>
</bind>
</comp>

<comp id="44" class="1001" name="const_44">
<pin_list>
<pin id="45" dir="1" index="0" bw="1" slack="0"/>
</pin_list>
<bind>
<StgValue><ssdm name=""/></StgValue>
</bind>
</comp>

<comp id="46" class="1001" name="const_46">
<pin_list>
<pin id="47" dir="1" index="0" bw="1" slack="0"/>
</pin_list>
<bind>
<StgValue><ssdm name=""/></StgValue>
</bind>
</comp>

<comp id="48" class="1001" name="const_48">
<pin_list>
<pin id="49" dir="1" index="0" bw="1" slack="0"/>
</pin_list>
<bind>
<StgValue><ssdm name=""/></StgValue>
</bind>
</comp>

<comp id="50" class="1001" name="const_50">
<pin_list>
<pin id="51" dir="1" index="0" bw="1" slack="0"/>
</pin_list>
<bind>
<StgValue><ssdm name=""/></StgValue>
</bind>
</comp>

<comp id="52" class="1001" name="const_52">
<pin_list>
<pin id="53" dir="1" index="0" bw="1" slack="0"/>
</pin_list>
<bind>
<StgValue><ssdm name=""/></StgValue>
</bind>
</comp>

<comp id="54" class="1001" name="const_54">
<pin_list>
<pin id="55" dir="1" index="0" bw="1" slack="0"/>
</pin_list>
<bind>
<StgValue><ssdm name=""/></StgValue>
</bind>
</comp>

<comp id="56" class="1001" name="const_56">
<pin_list>
<pin id="57" dir="1" index="0" bw="1" slack="0"/>
</pin_list>
<bind>
<StgValue><ssdm name=""/></StgValue>
</bind>
</comp>

<comp id="58" class="1001" name="const_58">
<pin_list>
<pin id="59" dir="1" index="0" bw="1" slack="0"/>
</pin_list>
<bind>
<StgValue><ssdm name=""/></StgValue>
</bind>
</comp>

<comp id="60" class="1001" name="const_60">
<pin_list>
<pin id="61" dir="1" index="0" bw="1" slack="0"/>
</pin_list>
<bind>
<StgValue><ssdm name=""/></StgValue>
</bind>
</comp>

<comp id="62" class="1001" name="const_62">
<pin_list>
<pin id="63" dir="1" index="0" bw="1" slack="0"/>
</pin_list>
<bind>
<StgValue><ssdm name=""/></StgValue>
</bind>
</comp>

<comp id="64" class="1001" name="const_64">
<pin_list>
<pin id="65" dir="1" index="0" bw="1" slack="0"/>
</pin_list>
<bind>
<StgValue><ssdm name=""/></StgValue>
</bind>
</comp>

<comp id="66" class="1001" name="const_66">
<pin_list>
<pin id="67" dir="1" index="0" bw="1" slack="2147483647"/>
</pin_list>
<bind>
<StgValue><ssdm name="_ssdm_op_SpecPipeline"/></StgValue>
</bind>
</comp>

<comp id="68" class="1001" name="const_68">
<pin_list>
<pin id="69" dir="1" index="0" bw="1" slack="2147483647"/>
</pin_list>
<bind>
<StgValue><ssdm name=""/></StgValue>
</bind>
</comp>

<comp id="70" class="1001" name="const_70">
<pin_list>
<pin id="71" dir="1" index="0" bw="1" slack="2147483647"/>
</pin_list>
<bind>
<StgValue><ssdm name=""/></StgValue>
</bind>
</comp>

<comp id="72" class="1001" name="const_72">
<pin_list>
<pin id="73" dir="1" index="0" bw="1" slack="2147483647"/>
</pin_list>
<bind>
<StgValue><ssdm name=""/></StgValue>
</bind>
</comp>

<comp id="74" class="1001" name="const_74">
<pin_list>
<pin id="75" dir="1" index="0" bw="1" slack="2147483647"/>
</pin_list>
<bind>
<StgValue><ssdm name="empty_0"/></StgValue>
</bind>
</comp>

<comp id="76" class="1001" name="const_76">
<pin_list>
<pin id="77" dir="1" index="0" bw="1" slack="2147483647"/>
</pin_list>
<bind>
<StgValue><ssdm name="_ssdm_op_SpecTopModule"/></StgValue>
</bind>
</comp>

<comp id="78" class="1001" name="const_78">
<pin_list>
<pin id="79" dir="1" index="0" bw="1" slack="2147483647"/>
</pin_list>
<bind>
<StgValue><ssdm name="empty_1"/></StgValue>
</bind>
</comp>

<comp id="80" class="1001" name="const_80">
<pin_list>
<pin id="81" dir="1" index="0" bw="1" slack="2147483647"/>
</pin_list>
<bind>
<StgValue><ssdm name="_ssdm_op_SpecInterface"/></StgValue>
</bind>
</comp>

<comp id="82" class="1001" name="const_82">
<pin_list>
<pin id="83" dir="1" index="0" bw="1" slack="2147483647"/>
</pin_list>
<bind>
<StgValue><ssdm name="empty"/></StgValue>
</bind>
</comp>

<comp id="84" class="1001" name="const_84">
<pin_list>
<pin id="85" dir="1" index="0" bw="1" slack="2147483647"/>
</pin_list>
<bind>
<StgValue><ssdm name="_ssdm_op_SpecBitsMap"/></StgValue>
</bind>
</comp>

<comp id="86" class="1004" name="a_addr_gep_fu_86">
<pin_list>
<pin id="87" dir="0" index="0" bw="40" slack="0"/>
<pin id="88" dir="0" index="1" bw="1" slack="0"/>
<pin id="89" dir="0" index="2" bw="1" slack="0"/>
<pin id="90" dir="1" index="3" bw="3" slack="0"/>
</pin_list>
<bind>
<opcode="getelementptr(29) " fcode="getelementptr"/>
<opset="a_addr/1 "/>
</bind>
</comp>

<comp id="94" class="1004" name="grp_access_fu_94">
<pin_list>
<pin id="95" dir="0" index="0" bw="3" slack="0"/>
<pin id="96" dir="0" index="1" bw="40" slack="2147483647"/>
<pin id="97" dir="0" index="2" bw="0" slack="0"/>
<pin id="99" dir="0" index="4" bw="3" slack="2147483647"/>
<pin id="100" dir="0" index="5" bw="40" slack="2147483647"/>
<pin id="101" dir="0" index="6" bw="0" slack="2147483647"/>
<pin id="98" dir="1" index="3" bw="40" slack="0"/>
<pin id="102" dir="1" index="7" bw="40" slack="0"/>
</pin_list>
<bind>
<opcode="load(27) " fcode="load"/>
<opset="a_load/1 a_load_1/1 a_load_2/2 a_load_3/2 a_load_4/3 "/>
</bind>
</comp>

<comp id="104" class="1004" name="b_addr_gep_fu_104">
<pin_list>
<pin id="105" dir="0" index="0" bw="40" slack="0"/>
<pin id="106" dir="0" index="1" bw="1" slack="0"/>
<pin id="107" dir="0" index="2" bw="1" slack="0"/>
<pin id="108" dir="1" index="3" bw="3" slack="0"/>
</pin_list>
<bind>
<opcode="getelementptr(29) " fcode="getelementptr"/>
<opset="b_addr/1 "/>
</bind>
</comp>

<comp id="112" class="1004" name="grp_access_fu_112">
<pin_list>
<pin id="113" dir="0" index="0" bw="3" slack="0"/>
<pin id="114" dir="0" index="1" bw="40" slack="2147483647"/>
<pin id="115" dir="0" index="2" bw="0" slack="0"/>
<pin id="117" dir="0" index="4" bw="3" slack="2147483647"/>
<pin id="118" dir="0" index="5" bw="40" slack="2147483647"/>
<pin id="119" dir="0" index="6" bw="0" slack="2147483647"/>
<pin id="116" dir="1" index="3" bw="40" slack="0"/>
<pin id="120" dir="1" index="7" bw="40" slack="0"/>
</pin_list>
<bind>
<opcode="load(27) " fcode="load"/>
<opset="b_load/1 b_load_1/1 b_load_2/2 b_load_3/2 b_load_4/3 "/>
</bind>
</comp>

<comp id="122" class="1004" name="b_addr_1_gep_fu_122">
<pin_list>
<pin id="123" dir="0" index="0" bw="40" slack="0"/>
<pin id="124" dir="0" index="1" bw="1" slack="0"/>
<pin id="125" dir="0" index="2" bw="1" slack="0"/>
<pin id="126" dir="1" index="3" bw="3" slack="0"/>
</pin_list>
<bind>
<opcode="getelementptr(29) " fcode="getelementptr"/>
<opset="b_addr_1/1 "/>
</bind>
</comp>

<comp id="131" class="1004" name="a_addr_1_gep_fu_131">
<pin_list>
<pin id="132" dir="0" index="0" bw="40" slack="0"/>
<pin id="133" dir="0" index="1" bw="1" slack="0"/>
<pin id="134" dir="0" index="2" bw="1" slack="0"/>
<pin id="135" dir="1" index="3" bw="3" slack="0"/>
</pin_list>
<bind>
<opcode="getelementptr(29) " fcode="getelementptr"/>
<opset="a_addr_1/1 "/>
</bind>
</comp>

<comp id="140" class="1004" name="b_addr_2_gep_fu_140">
<pin_list>
<pin id="141" dir="0" index="0" bw="40" slack="0"/>
<pin id="142" dir="0" index="1" bw="1" slack="0"/>
<pin id="143" dir="0" index="2" bw="3" slack="0"/>
<pin id="144" dir="1" index="3" bw="3" slack="0"/>
</pin_list>
<bind>
<opcode="getelementptr(29) " fcode="getelementptr"/>
<opset="b_addr_2/2 "/>
</bind>
</comp>

<comp id="149" class="1004" name="b_addr_3_gep_fu_149">
<pin_list>
<pin id="150" dir="0" index="0" bw="40" slack="0"/>
<pin id="151" dir="0" index="1" bw="1" slack="0"/>
<pin id="152" dir="0" index="2" bw="3" slack="0"/>
<pin id="153" dir="1" index="3" bw="3" slack="0"/>
</pin_list>
<bind>
<opcode="getelementptr(29) " fcode="getelementptr"/>
<opset="b_addr_3/2 "/>
</bind>
</comp>

<comp id="158" class="1004" name="a_addr_2_gep_fu_158">
<pin_list>
<pin id="159" dir="0" index="0" bw="40" slack="0"/>
<pin id="160" dir="0" index="1" bw="1" slack="0"/>
<pin id="161" dir="0" index="2" bw="3" slack="0"/>
<pin id="162" dir="1" index="3" bw="3" slack="0"/>
</pin_list>
<bind>
<opcode="getelementptr(29) " fcode="getelementptr"/>
<opset="a_addr_2/2 "/>
</bind>
</comp>

<comp id="167" class="1004" name="a_addr_3_gep_fu_167">
<pin_list>
<pin id="168" dir="0" index="0" bw="40" slack="0"/>
<pin id="169" dir="0" index="1" bw="1" slack="0"/>
<pin id="170" dir="0" index="2" bw="3" slack="0"/>
<pin id="171" dir="1" index="3" bw="3" slack="0"/>
</pin_list>
<bind>
<opcode="getelementptr(29) " fcode="getelementptr"/>
<opset="a_addr_3/2 "/>
</bind>
</comp>

<comp id="176" class="1004" name="b_addr_4_gep_fu_176">
<pin_list>
<pin id="177" dir="0" index="0" bw="40" slack="0"/>
<pin id="178" dir="0" index="1" bw="1" slack="0"/>
<pin id="179" dir="0" index="2" bw="4" slack="0"/>
<pin id="180" dir="1" index="3" bw="3" slack="0"/>
</pin_list>
<bind>
<opcode="getelementptr(29) " fcode="getelementptr"/>
<opset="b_addr_4/3 "/>
</bind>
</comp>

<comp id="185" class="1004" name="a_addr_4_gep_fu_185">
<pin_list>
<pin id="186" dir="0" index="0" bw="40" slack="0"/>
<pin id="187" dir="0" index="1" bw="1" slack="0"/>
<pin id="188" dir="0" index="2" bw="4" slack="0"/>
<pin id="189" dir="1" index="3" bw="3" slack="0"/>
</pin_list>
<bind>
<opcode="getelementptr(29) " fcode="getelementptr"/>
<opset="a_addr_4/3 "/>
</bind>
</comp>

<comp id="194" class="1004" name="prod_addr_gep_fu_194">
<pin_list>
<pin id="195" dir="0" index="0" bw="16" slack="0"/>
<pin id="196" dir="0" index="1" bw="1" slack="0"/>
<pin id="197" dir="0" index="2" bw="1" slack="0"/>
<pin id="198" dir="1" index="3" bw="5" slack="0"/>
</pin_list>
<bind>
<opcode="getelementptr(29) " fcode="getelementptr"/>
<opset="prod_addr/10 "/>
</bind>
</comp>

<comp id="202" class="1004" name="prod_addr_1_gep_fu_202">
<pin_list>
<pin id="203" dir="0" index="0" bw="16" slack="0"/>
<pin id="204" dir="0" index="1" bw="1" slack="0"/>
<pin id="205" dir="0" index="2" bw="1" slack="0"/>
<pin id="206" dir="1" index="3" bw="5" slack="0"/>
</pin_list>
<bind>
<opcode="getelementptr(29) " fcode="getelementptr"/>
<opset="prod_addr_1/10 "/>
</bind>
</comp>

<comp id="210" class="1004" name="grp_access_fu_210">
<pin_list>
<pin id="211" dir="0" index="0" bw="5" slack="0"/>
<pin id="212" dir="0" index="1" bw="16" slack="0"/>
<pin id="213" dir="0" index="2" bw="0" slack="0"/>
<pin id="216" dir="0" index="4" bw="5" slack="0"/>
<pin id="217" dir="0" index="5" bw="16" slack="2147483647"/>
<pin id="218" dir="0" index="6" bw="0" slack="2147483647"/>
<pin id="214" dir="1" index="3" bw="16" slack="2147483647"/>
<pin id="219" dir="1" index="7" bw="16" slack="2147483647"/>
</pin_list>
<bind>
<opcode="store(28) " fcode="store"/>
<opset="store_ln22/10 store_ln22/10 store_ln22/11 store_ln22/11 store_ln22/12 store_ln22/12 store_ln22/13 store_ln22/13 store_ln22/14 store_ln22/14 store_ln22/15 store_ln22/15 store_ln22/16 store_ln22/16 store_ln22/17 store_ln22/17 store_ln22/18 store_ln22/18 store_ln22/19 store_ln22/19 store_ln22/20 store_ln22/20 store_ln22/21 store_ln22/21 store_ln22/22 "/>
</bind>
</comp>

<comp id="221" class="1004" name="prod_addr_2_gep_fu_221">
<pin_list>
<pin id="222" dir="0" index="0" bw="16" slack="0"/>
<pin id="223" dir="0" index="1" bw="1" slack="0"/>
<pin id="224" dir="0" index="2" bw="3" slack="0"/>
<pin id="225" dir="1" index="3" bw="5" slack="0"/>
</pin_list>
<bind>
<opcode="getelementptr(29) " fcode="getelementptr"/>
<opset="prod_addr_2/11 "/>
</bind>
</comp>

<comp id="229" class="1004" name="prod_addr_3_gep_fu_229">
<pin_list>
<pin id="230" dir="0" index="0" bw="16" slack="0"/>
<pin id="231" dir="0" index="1" bw="1" slack="0"/>
<pin id="232" dir="0" index="2" bw="3" slack="0"/>
<pin id="233" dir="1" index="3" bw="5" slack="0"/>
</pin_list>
<bind>
<opcode="getelementptr(29) " fcode="getelementptr"/>
<opset="prod_addr_3/11 "/>
</bind>
</comp>

<comp id="239" class="1004" name="prod_addr_4_gep_fu_239">
<pin_list>
<pin id="240" dir="0" index="0" bw="16" slack="0"/>
<pin id="241" dir="0" index="1" bw="1" slack="0"/>
<pin id="242" dir="0" index="2" bw="4" slack="0"/>
<pin id="243" dir="1" index="3" bw="5" slack="0"/>
</pin_list>
<bind>
<opcode="getelementptr(29) " fcode="getelementptr"/>
<opset="prod_addr_4/12 "/>
</bind>
</comp>

<comp id="247" class="1004" name="prod_addr_5_gep_fu_247">
<pin_list>
<pin id="248" dir="0" index="0" bw="16" slack="0"/>
<pin id="249" dir="0" index="1" bw="1" slack="0"/>
<pin id="250" dir="0" index="2" bw="4" slack="0"/>
<pin id="251" dir="1" index="3" bw="5" slack="0"/>
</pin_list>
<bind>
<opcode="getelementptr(29) " fcode="getelementptr"/>
<opset="prod_addr_5/12 "/>
</bind>
</comp>

<comp id="257" class="1004" name="prod_addr_6_gep_fu_257">
<pin_list>
<pin id="258" dir="0" index="0" bw="16" slack="0"/>
<pin id="259" dir="0" index="1" bw="1" slack="0"/>
<pin id="260" dir="0" index="2" bw="4" slack="0"/>
<pin id="261" dir="1" index="3" bw="5" slack="0"/>
</pin_list>
<bind>
<opcode="getelementptr(29) " fcode="getelementptr"/>
<opset="prod_addr_6/13 "/>
</bind>
</comp>

<comp id="265" class="1004" name="prod_addr_7_gep_fu_265">
<pin_list>
<pin id="266" dir="0" index="0" bw="16" slack="0"/>
<pin id="267" dir="0" index="1" bw="1" slack="0"/>
<pin id="268" dir="0" index="2" bw="4" slack="0"/>
<pin id="269" dir="1" index="3" bw="5" slack="0"/>
</pin_list>
<bind>
<opcode="getelementptr(29) " fcode="getelementptr"/>
<opset="prod_addr_7/13 "/>
</bind>
</comp>

<comp id="275" class="1004" name="prod_addr_8_gep_fu_275">
<pin_list>
<pin id="276" dir="0" index="0" bw="16" slack="0"/>
<pin id="277" dir="0" index="1" bw="1" slack="0"/>
<pin id="278" dir="0" index="2" bw="5" slack="0"/>
<pin id="279" dir="1" index="3" bw="5" slack="0"/>
</pin_list>
<bind>
<opcode="getelementptr(29) " fcode="getelementptr"/>
<opset="prod_addr_8/14 "/>
</bind>
</comp>

<comp id="283" class="1004" name="prod_addr_9_gep_fu_283">
<pin_list>
<pin id="284" dir="0" index="0" bw="16" slack="0"/>
<pin id="285" dir="0" index="1" bw="1" slack="0"/>
<pin id="286" dir="0" index="2" bw="5" slack="0"/>
<pin id="287" dir="1" index="3" bw="5" slack="0"/>
</pin_list>
<bind>
<opcode="getelementptr(29) " fcode="getelementptr"/>
<opset="prod_addr_9/14 "/>
</bind>
</comp>

<comp id="293" class="1004" name="prod_addr_10_gep_fu_293">
<pin_list>
<pin id="294" dir="0" index="0" bw="16" slack="0"/>
<pin id="295" dir="0" index="1" bw="1" slack="0"/>
<pin id="296" dir="0" index="2" bw="5" slack="0"/>
<pin id="297" dir="1" index="3" bw="5" slack="0"/>
</pin_list>
<bind>
<opcode="getelementptr(29) " fcode="getelementptr"/>
<opset="prod_addr_10/15 "/>
</bind>
</comp>

<comp id="301" class="1004" name="prod_addr_11_gep_fu_301">
<pin_list>
<pin id="302" dir="0" index="0" bw="16" slack="0"/>
<pin id="303" dir="0" index="1" bw="1" slack="0"/>
<pin id="304" dir="0" index="2" bw="5" slack="0"/>
<pin id="305" dir="1" index="3" bw="5" slack="0"/>
</pin_list>
<bind>
<opcode="getelementptr(29) " fcode="getelementptr"/>
<opset="prod_addr_11/15 "/>
</bind>
</comp>

<comp id="311" class="1004" name="prod_addr_12_gep_fu_311">
<pin_list>
<pin id="312" dir="0" index="0" bw="16" slack="0"/>
<pin id="313" dir="0" index="1" bw="1" slack="0"/>
<pin id="314" dir="0" index="2" bw="5" slack="0"/>
<pin id="315" dir="1" index="3" bw="5" slack="0"/>
</pin_list>
<bind>
<opcode="getelementptr(29) " fcode="getelementptr"/>
<opset="prod_addr_12/16 "/>
</bind>
</comp>

<comp id="319" class="1004" name="prod_addr_13_gep_fu_319">
<pin_list>
<pin id="320" dir="0" index="0" bw="16" slack="0"/>
<pin id="321" dir="0" index="1" bw="1" slack="0"/>
<pin id="322" dir="0" index="2" bw="5" slack="0"/>
<pin id="323" dir="1" index="3" bw="5" slack="0"/>
</pin_list>
<bind>
<opcode="getelementptr(29) " fcode="getelementptr"/>
<opset="prod_addr_13/16 "/>
</bind>
</comp>

<comp id="329" class="1004" name="prod_addr_14_gep_fu_329">
<pin_list>
<pin id="330" dir="0" index="0" bw="16" slack="0"/>
<pin id="331" dir="0" index="1" bw="1" slack="0"/>
<pin id="332" dir="0" index="2" bw="5" slack="0"/>
<pin id="333" dir="1" index="3" bw="5" slack="0"/>
</pin_list>
<bind>
<opcode="getelementptr(29) " fcode="getelementptr"/>
<opset="prod_addr_14/17 "/>
</bind>
</comp>

<comp id="337" class="1004" name="prod_addr_15_gep_fu_337">
<pin_list>
<pin id="338" dir="0" index="0" bw="16" slack="0"/>
<pin id="339" dir="0" index="1" bw="1" slack="0"/>
<pin id="340" dir="0" index="2" bw="5" slack="0"/>
<pin id="341" dir="1" index="3" bw="5" slack="0"/>
</pin_list>
<bind>
<opcode="getelementptr(29) " fcode="getelementptr"/>
<opset="prod_addr_15/17 "/>
</bind>
</comp>

<comp id="347" class="1004" name="prod_addr_16_gep_fu_347">
<pin_list>
<pin id="348" dir="0" index="0" bw="16" slack="0"/>
<pin id="349" dir="0" index="1" bw="1" slack="0"/>
<pin id="350" dir="0" index="2" bw="6" slack="0"/>
<pin id="351" dir="1" index="3" bw="5" slack="0"/>
</pin_list>
<bind>
<opcode="getelementptr(29) " fcode="getelementptr"/>
<opset="prod_addr_16/18 "/>
</bind>
</comp>

<comp id="355" class="1004" name="prod_addr_17_gep_fu_355">
<pin_list>
<pin id="356" dir="0" index="0" bw="16" slack="0"/>
<pin id="357" dir="0" index="1" bw="1" slack="0"/>
<pin id="358" dir="0" index="2" bw="6" slack="0"/>
<pin id="359" dir="1" index="3" bw="5" slack="0"/>
</pin_list>
<bind>
<opcode="getelementptr(29) " fcode="getelementptr"/>
<opset="prod_addr_17/18 "/>
</bind>
</comp>

<comp id="365" class="1004" name="prod_addr_18_gep_fu_365">
<pin_list>
<pin id="366" dir="0" index="0" bw="16" slack="0"/>
<pin id="367" dir="0" index="1" bw="1" slack="0"/>
<pin id="368" dir="0" index="2" bw="6" slack="0"/>
<pin id="369" dir="1" index="3" bw="5" slack="0"/>
</pin_list>
<bind>
<opcode="getelementptr(29) " fcode="getelementptr"/>
<opset="prod_addr_18/19 "/>
</bind>
</comp>

<comp id="373" class="1004" name="prod_addr_19_gep_fu_373">
<pin_list>
<pin id="374" dir="0" index="0" bw="16" slack="0"/>
<pin id="375" dir="0" index="1" bw="1" slack="0"/>
<pin id="376" dir="0" index="2" bw="6" slack="0"/>
<pin id="377" dir="1" index="3" bw="5" slack="0"/>
</pin_list>
<bind>
<opcode="getelementptr(29) " fcode="getelementptr"/>
<opset="prod_addr_19/19 "/>
</bind>
</comp>

<comp id="383" class="1004" name="prod_addr_20_gep_fu_383">
<pin_list>
<pin id="384" dir="0" index="0" bw="16" slack="0"/>
<pin id="385" dir="0" index="1" bw="1" slack="0"/>
<pin id="386" dir="0" index="2" bw="6" slack="0"/>
<pin id="387" dir="1" index="3" bw="5" slack="0"/>
</pin_list>
<bind>
<opcode="getelementptr(29) " fcode="getelementptr"/>
<opset="prod_addr_20/20 "/>
</bind>
</comp>

<comp id="391" class="1004" name="prod_addr_21_gep_fu_391">
<pin_list>
<pin id="392" dir="0" index="0" bw="16" slack="0"/>
<pin id="393" dir="0" index="1" bw="1" slack="0"/>
<pin id="394" dir="0" index="2" bw="6" slack="0"/>
<pin id="395" dir="1" index="3" bw="5" slack="0"/>
</pin_list>
<bind>
<opcode="getelementptr(29) " fcode="getelementptr"/>
<opset="prod_addr_21/20 "/>
</bind>
</comp>

<comp id="401" class="1004" name="prod_addr_22_gep_fu_401">
<pin_list>
<pin id="402" dir="0" index="0" bw="16" slack="0"/>
<pin id="403" dir="0" index="1" bw="1" slack="0"/>
<pin id="404" dir="0" index="2" bw="6" slack="0"/>
<pin id="405" dir="1" index="3" bw="5" slack="0"/>
</pin_list>
<bind>
<opcode="getelementptr(29) " fcode="getelementptr"/>
<opset="prod_addr_22/21 "/>
</bind>
</comp>

<comp id="409" class="1004" name="prod_addr_23_gep_fu_409">
<pin_list>
<pin id="410" dir="0" index="0" bw="16" slack="0"/>
<pin id="411" dir="0" index="1" bw="1" slack="0"/>
<pin id="412" dir="0" index="2" bw="6" slack="0"/>
<pin id="413" dir="1" index="3" bw="5" slack="0"/>
</pin_list>
<bind>
<opcode="getelementptr(29) " fcode="getelementptr"/>
<opset="prod_addr_23/21 "/>
</bind>
</comp>

<comp id="419" class="1004" name="prod_addr_24_gep_fu_419">
<pin_list>
<pin id="420" dir="0" index="0" bw="16" slack="0"/>
<pin id="421" dir="0" index="1" bw="1" slack="0"/>
<pin id="422" dir="0" index="2" bw="6" slack="0"/>
<pin id="423" dir="1" index="3" bw="5" slack="0"/>
</pin_list>
<bind>
<opcode="getelementptr(29) " fcode="getelementptr"/>
<opset="prod_addr_24/22 "/>
</bind>
</comp>

<comp id="428" class="1004" name="grp_fu_428">
<pin_list>
<pin id="429" dir="0" index="0" bw="8" slack="0"/>
<pin id="430" dir="0" index="1" bw="40" slack="0"/>
<pin id="431" dir="0" index="2" bw="5" slack="0"/>
<pin id="432" dir="1" index="3" bw="8" slack="6"/>
</pin_list>
<bind>
<opcode="partselect(1002) " fcode="partselect"/>
<opset="tmp/2 tmp_27/3 "/>
</bind>
</comp>

<comp id="436" class="1004" name="grp_fu_436">
<pin_list>
<pin id="437" dir="0" index="0" bw="8" slack="0"/>
<pin id="438" dir="0" index="1" bw="40" slack="0"/>
<pin id="439" dir="0" index="2" bw="5" slack="0"/>
<pin id="440" dir="1" index="3" bw="8" slack="5"/>
</pin_list>
<bind>
<opcode="partselect(1002) " fcode="partselect"/>
<opset="tmp_1/2 tmp_11/3 "/>
</bind>
</comp>

<comp id="444" class="1004" name="grp_fu_444">
<pin_list>
<pin id="445" dir="0" index="0" bw="8" slack="0"/>
<pin id="446" dir="0" index="1" bw="40" slack="0"/>
<pin id="447" dir="0" index="2" bw="6" slack="0"/>
<pin id="448" dir="1" index="3" bw="8" slack="5"/>
</pin_list>
<bind>
<opcode="partselect(1002) " fcode="partselect"/>
<opset="tmp_2/2 tmp_28/3 "/>
</bind>
</comp>

<comp id="452" class="1004" name="grp_fu_452">
<pin_list>
<pin id="453" dir="0" index="0" bw="8" slack="0"/>
<pin id="454" dir="0" index="1" bw="40" slack="0"/>
<pin id="455" dir="0" index="2" bw="6" slack="0"/>
<pin id="456" dir="1" index="3" bw="8" slack="5"/>
</pin_list>
<bind>
<opcode="partselect(1002) " fcode="partselect"/>
<opset="tmp_3/2 tmp_12/3 "/>
</bind>
</comp>

<comp id="460" class="1004" name="grp_fu_460">
<pin_list>
<pin id="461" dir="0" index="0" bw="8" slack="0"/>
<pin id="462" dir="0" index="1" bw="40" slack="0"/>
<pin id="463" dir="0" index="2" bw="6" slack="0"/>
<pin id="464" dir="1" index="3" bw="8" slack="0"/>
</pin_list>
<bind>
<opcode="partselect(1002) " fcode="partselect"/>
<opset="tmp_4/2 tmp_29/3 "/>
</bind>
</comp>

<comp id="468" class="1004" name="grp_fu_468">
<pin_list>
<pin id="469" dir="0" index="0" bw="8" slack="0"/>
<pin id="470" dir="0" index="1" bw="40" slack="0"/>
<pin id="471" dir="0" index="2" bw="6" slack="0"/>
<pin id="472" dir="1" index="3" bw="8" slack="0"/>
</pin_list>
<bind>
<opcode="partselect(1002) " fcode="partselect"/>
<opset="tmp_5/2 tmp_13/3 "/>
</bind>
</comp>

<comp id="476" class="1004" name="grp_fu_476">
<pin_list>
<pin id="477" dir="0" index="0" bw="8" slack="0"/>
<pin id="478" dir="0" index="1" bw="40" slack="0"/>
<pin id="479" dir="0" index="2" bw="7" slack="0"/>
<pin id="480" dir="1" index="3" bw="8" slack="0"/>
</pin_list>
<bind>
<opcode="partselect(1002) " fcode="partselect"/>
<opset="tmp_6/2 tmp_30/3 "/>
</bind>
</comp>

<comp id="484" class="1004" name="grp_fu_484">
<pin_list>
<pin id="485" dir="0" index="0" bw="8" slack="0"/>
<pin id="486" dir="0" index="1" bw="40" slack="0"/>
<pin id="487" dir="0" index="2" bw="7" slack="0"/>
<pin id="488" dir="1" index="3" bw="8" slack="0"/>
</pin_list>
<bind>
<opcode="partselect(1002) " fcode="partselect"/>
<opset="tmp_7/2 tmp_14/3 "/>
</bind>
</comp>

<comp id="492" class="1004" name="grp_fu_492">
<pin_list>
<pin id="493" dir="0" index="0" bw="8" slack="0"/>
<pin id="494" dir="0" index="1" bw="40" slack="0"/>
<pin id="495" dir="0" index="2" bw="5" slack="0"/>
<pin id="496" dir="1" index="3" bw="8" slack="5"/>
</pin_list>
<bind>
<opcode="partselect(1002) " fcode="partselect"/>
<opset="tmp_8/2 tmp_15/3 tmp_19/4 "/>
</bind>
</comp>

<comp id="500" class="1004" name="grp_fu_500">
<pin_list>
<pin id="501" dir="0" index="0" bw="8" slack="0"/>
<pin id="502" dir="0" index="1" bw="40" slack="0"/>
<pin id="503" dir="0" index="2" bw="6" slack="0"/>
<pin id="504" dir="1" index="3" bw="8" slack="5"/>
</pin_list>
<bind>
<opcode="partselect(1002) " fcode="partselect"/>
<opset="tmp_9/2 tmp_16/3 tmp_20/4 "/>
</bind>
</comp>

<comp id="508" class="1004" name="grp_fu_508">
<pin_list>
<pin id="509" dir="0" index="0" bw="8" slack="0"/>
<pin id="510" dir="0" index="1" bw="40" slack="0"/>
<pin id="511" dir="0" index="2" bw="6" slack="0"/>
<pin id="512" dir="1" index="3" bw="8" slack="0"/>
</pin_list>
<bind>
<opcode="partselect(1002) " fcode="partselect"/>
<opset="tmp_s/2 tmp_17/3 tmp_21/4 "/>
</bind>
</comp>

<comp id="516" class="1004" name="grp_fu_516">
<pin_list>
<pin id="517" dir="0" index="0" bw="8" slack="0"/>
<pin id="518" dir="0" index="1" bw="40" slack="0"/>
<pin id="519" dir="0" index="2" bw="7" slack="0"/>
<pin id="520" dir="1" index="3" bw="8" slack="0"/>
</pin_list>
<bind>
<opcode="partselect(1002) " fcode="partselect"/>
<opset="tmp_10/2 tmp_18/3 tmp_22/4 "/>
</bind>
</comp>

<comp id="524" class="1004" name="grp_fu_524">
<pin_list>
<pin id="525" dir="0" index="0" bw="8" slack="0"/>
<pin id="526" dir="0" index="1" bw="40" slack="0"/>
<pin id="527" dir="0" index="2" bw="5" slack="0"/>
<pin id="528" dir="1" index="3" bw="8" slack="7"/>
</pin_list>
<bind>
<opcode="partselect(1002) " fcode="partselect"/>
<opset="tmp_23/2 tmp_31/3 tmp_35/4 "/>
</bind>
</comp>

<comp id="532" class="1004" name="grp_fu_532">
<pin_list>
<pin id="533" dir="0" index="0" bw="8" slack="0"/>
<pin id="534" dir="0" index="1" bw="40" slack="0"/>
<pin id="535" dir="0" index="2" bw="6" slack="0"/>
<pin id="536" dir="1" index="3" bw="8" slack="7"/>
</pin_list>
<bind>
<opcode="partselect(1002) " fcode="partselect"/>
<opset="tmp_24/2 tmp_32/3 tmp_36/4 "/>
</bind>
</comp>

<comp id="540" class="1004" name="grp_fu_540">
<pin_list>
<pin id="541" dir="0" index="0" bw="8" slack="0"/>
<pin id="542" dir="0" index="1" bw="40" slack="0"/>
<pin id="543" dir="0" index="2" bw="6" slack="0"/>
<pin id="544" dir="1" index="3" bw="8" slack="0"/>
</pin_list>
<bind>
<opcode="partselect(1002) " fcode="partselect"/>
<opset="tmp_25/2 tmp_33/3 tmp_37/4 "/>
</bind>
</comp>

<comp id="548" class="1004" name="grp_fu_548">
<pin_list>
<pin id="549" dir="0" index="0" bw="8" slack="0"/>
<pin id="550" dir="0" index="1" bw="40" slack="0"/>
<pin id="551" dir="0" index="2" bw="7" slack="0"/>
<pin id="552" dir="1" index="3" bw="8" slack="0"/>
</pin_list>
<bind>
<opcode="partselect(1002) " fcode="partselect"/>
<opset="tmp_26/2 tmp_34/3 tmp_38/4 "/>
</bind>
</comp>

<comp id="556" class="1005" name="reg_556">
<pin_list>
<pin id="557" dir="0" index="0" bw="8" slack="1"/>
<pin id="558" dir="1" index="1" bw="8" slack="1"/>
</pin_list>
<bind>
<opset="tmp_34 tmp_38 "/>
</bind>
</comp>

<comp id="560" class="1004" name="trunc_ln22_fu_560">
<pin_list>
<pin id="561" dir="0" index="0" bw="40" slack="0"/>
<pin id="562" dir="1" index="1" bw="8" slack="4"/>
</pin_list>
<bind>
<opcode="trunc(33) " fcode="trunc"/>
<opset="trunc_ln22/2 "/>
</bind>
</comp>

<comp id="564" class="1004" name="trunc_ln22_1_fu_564">
<pin_list>
<pin id="565" dir="0" index="0" bw="40" slack="0"/>
<pin id="566" dir="1" index="1" bw="8" slack="4"/>
</pin_list>
<bind>
<opcode="trunc(33) " fcode="trunc"/>
<opset="trunc_ln22_1/2 "/>
</bind>
</comp>

<comp id="568" class="1004" name="zext_ln22_6_fu_568">
<pin_list>
<pin id="569" dir="0" index="0" bw="8" slack="0"/>
<pin id="570" dir="1" index="1" bw="16" slack="0"/>
</pin_list>
<bind>
<opcode="zext(34) " fcode="zext"/>
<opset="zext_ln22_6/2 "/>
</bind>
</comp>

<comp id="572" class="1004" name="zext_ln22_7_fu_572">
<pin_list>
<pin id="573" dir="0" index="0" bw="8" slack="0"/>
<pin id="574" dir="1" index="1" bw="16" slack="0"/>
</pin_list>
<bind>
<opcode="zext(34) " fcode="zext"/>
<opset="zext_ln22_7/2 "/>
</bind>
</comp>

<comp id="576" class="1004" name="zext_ln22_8_fu_576">
<pin_list>
<pin id="577" dir="0" index="0" bw="8" slack="0"/>
<pin id="578" dir="1" index="1" bw="16" slack="0"/>
</pin_list>
<bind>
<opcode="zext(34) " fcode="zext"/>
<opset="zext_ln22_8/2 "/>
</bind>
</comp>

<comp id="580" class="1004" name="zext_ln22_9_fu_580">
<pin_list>
<pin id="581" dir="0" index="0" bw="8" slack="0"/>
<pin id="582" dir="1" index="1" bw="16" slack="0"/>
</pin_list>
<bind>
<opcode="zext(34) " fcode="zext"/>
<opset="zext_ln22_9/2 "/>
</bind>
</comp>

<comp id="584" class="1004" name="mul_ln22_3_fu_584">
<pin_list>
<pin id="585" dir="0" index="0" bw="8" slack="0"/>
<pin id="586" dir="0" index="1" bw="8" slack="0"/>
<pin id="587" dir="1" index="2" bw="16" slack="2"/>
</pin_list>
<bind>
<opcode="mul(12) " fcode="mul"/>
<opset="mul_ln22_3/2 "/>
</bind>
</comp>

<comp id="590" class="1004" name="trunc_ln22_2_fu_590">
<pin_list>
<pin id="591" dir="0" index="0" bw="40" slack="0"/>
<pin id="592" dir="1" index="1" bw="8" slack="4"/>
</pin_list>
<bind>
<opcode="trunc(33) " fcode="trunc"/>
<opset="trunc_ln22_2/2 "/>
</bind>
</comp>

<comp id="594" class="1004" name="zext_ln22_13_fu_594">
<pin_list>
<pin id="595" dir="0" index="0" bw="8" slack="0"/>
<pin id="596" dir="1" index="1" bw="16" slack="0"/>
</pin_list>
<bind>
<opcode="zext(34) " fcode="zext"/>
<opset="zext_ln22_13/2 "/>
</bind>
</comp>

<comp id="598" class="1004" name="zext_ln22_14_fu_598">
<pin_list>
<pin id="599" dir="0" index="0" bw="8" slack="0"/>
<pin id="600" dir="1" index="1" bw="16" slack="0"/>
</pin_list>
<bind>
<opcode="zext(34) " fcode="zext"/>
<opset="zext_ln22_14/2 "/>
</bind>
</comp>

<comp id="602" class="1004" name="mul_ln22_8_fu_602">
<pin_list>
<pin id="603" dir="0" index="0" bw="8" slack="0"/>
<pin id="604" dir="0" index="1" bw="8" slack="0"/>
<pin id="605" dir="1" index="2" bw="16" slack="2"/>
</pin_list>
<bind>
<opcode="mul(12) " fcode="mul"/>
<opset="mul_ln22_8/2 "/>
</bind>
</comp>

<comp id="608" class="1004" name="trunc_ln22_6_fu_608">
<pin_list>
<pin id="609" dir="0" index="0" bw="40" slack="0"/>
<pin id="610" dir="1" index="1" bw="8" slack="5"/>
</pin_list>
<bind>
<opcode="trunc(33) " fcode="trunc"/>
<opset="trunc_ln22_6/2 "/>
</bind>
</comp>

<comp id="612" class="1004" name="zext_ln22_33_fu_612">
<pin_list>
<pin id="613" dir="0" index="0" bw="8" slack="0"/>
<pin id="614" dir="1" index="1" bw="16" slack="0"/>
</pin_list>
<bind>
<opcode="zext(34) " fcode="zext"/>
<opset="zext_ln22_33/2 "/>
</bind>
</comp>

<comp id="616" class="1004" name="zext_ln22_34_fu_616">
<pin_list>
<pin id="617" dir="0" index="0" bw="8" slack="0"/>
<pin id="618" dir="1" index="1" bw="16" slack="0"/>
</pin_list>
<bind>
<opcode="zext(34) " fcode="zext"/>
<opset="zext_ln22_34/2 "/>
</bind>
</comp>

<comp id="620" class="1004" name="mul_ln22_28_fu_620">
<pin_list>
<pin id="621" dir="0" index="0" bw="8" slack="0"/>
<pin id="622" dir="0" index="1" bw="8" slack="0"/>
<pin id="623" dir="1" index="2" bw="16" slack="2"/>
</pin_list>
<bind>
<opcode="mul(12) " fcode="mul"/>
<opset="mul_ln22_28/2 "/>
</bind>
</comp>

<comp id="626" class="1004" name="mul_ln22_33_fu_626">
<pin_list>
<pin id="627" dir="0" index="0" bw="8" slack="0"/>
<pin id="628" dir="0" index="1" bw="8" slack="0"/>
<pin id="629" dir="1" index="2" bw="16" slack="2"/>
</pin_list>
<bind>
<opcode="mul(12) " fcode="mul"/>
<opset="mul_ln22_33/2 "/>
</bind>
</comp>

<comp id="632" class="1004" name="trunc_ln22_3_fu_632">
<pin_list>
<pin id="633" dir="0" index="0" bw="40" slack="0"/>
<pin id="634" dir="1" index="1" bw="8" slack="3"/>
</pin_list>
<bind>
<opcode="trunc(33) " fcode="trunc"/>
<opset="trunc_ln22_3/3 "/>
</bind>
</comp>

<comp id="636" class="1004" name="zext_ln22_18_fu_636">
<pin_list>
<pin id="637" dir="0" index="0" bw="8" slack="0"/>
<pin id="638" dir="1" index="1" bw="16" slack="0"/>
</pin_list>
<bind>
<opcode="zext(34) " fcode="zext"/>
<opset="zext_ln22_18/3 "/>
</bind>
</comp>

<comp id="640" class="1004" name="zext_ln22_19_fu_640">
<pin_list>
<pin id="641" dir="0" index="0" bw="8" slack="0"/>
<pin id="642" dir="1" index="1" bw="16" slack="0"/>
</pin_list>
<bind>
<opcode="zext(34) " fcode="zext"/>
<opset="zext_ln22_19/3 "/>
</bind>
</comp>

<comp id="644" class="1004" name="mul_ln22_13_fu_644">
<pin_list>
<pin id="645" dir="0" index="0" bw="8" slack="0"/>
<pin id="646" dir="0" index="1" bw="8" slack="1"/>
<pin id="647" dir="1" index="2" bw="16" slack="2"/>
</pin_list>
<bind>
<opcode="mul(12) " fcode="mul"/>
<opset="mul_ln22_13/3 "/>
</bind>
</comp>

<comp id="649" class="1004" name="trunc_ln22_4_fu_649">
<pin_list>
<pin id="650" dir="0" index="0" bw="40" slack="0"/>
<pin id="651" dir="1" index="1" bw="8" slack="4"/>
</pin_list>
<bind>
<opcode="trunc(33) " fcode="trunc"/>
<opset="trunc_ln22_4/3 "/>
</bind>
</comp>

<comp id="653" class="1004" name="zext_ln22_23_fu_653">
<pin_list>
<pin id="654" dir="0" index="0" bw="8" slack="0"/>
<pin id="655" dir="1" index="1" bw="16" slack="0"/>
</pin_list>
<bind>
<opcode="zext(34) " fcode="zext"/>
<opset="zext_ln22_23/3 "/>
</bind>
</comp>

<comp id="657" class="1004" name="zext_ln22_24_fu_657">
<pin_list>
<pin id="658" dir="0" index="0" bw="8" slack="0"/>
<pin id="659" dir="1" index="1" bw="16" slack="0"/>
</pin_list>
<bind>
<opcode="zext(34) " fcode="zext"/>
<opset="zext_ln22_24/3 "/>
</bind>
</comp>

<comp id="661" class="1004" name="mul_ln22_18_fu_661">
<pin_list>
<pin id="662" dir="0" index="0" bw="8" slack="0"/>
<pin id="663" dir="0" index="1" bw="8" slack="1"/>
<pin id="664" dir="1" index="2" bw="16" slack="2"/>
</pin_list>
<bind>
<opcode="mul(12) " fcode="mul"/>
<opset="mul_ln22_18/3 "/>
</bind>
</comp>

<comp id="666" class="1004" name="mul_ln22_38_fu_666">
<pin_list>
<pin id="667" dir="0" index="0" bw="8" slack="1"/>
<pin id="668" dir="0" index="1" bw="8" slack="0"/>
<pin id="669" dir="1" index="2" bw="16" slack="2"/>
</pin_list>
<bind>
<opcode="mul(12) " fcode="mul"/>
<opset="mul_ln22_38/3 "/>
</bind>
</comp>

<comp id="671" class="1004" name="mul_ln22_43_fu_671">
<pin_list>
<pin id="672" dir="0" index="0" bw="8" slack="1"/>
<pin id="673" dir="0" index="1" bw="8" slack="0"/>
<pin id="674" dir="1" index="2" bw="16" slack="2"/>
</pin_list>
<bind>
<opcode="mul(12) " fcode="mul"/>
<opset="mul_ln22_43/3 "/>
</bind>
</comp>

<comp id="676" class="1004" name="trunc_ln22_7_fu_676">
<pin_list>
<pin id="677" dir="0" index="0" bw="40" slack="0"/>
<pin id="678" dir="1" index="1" bw="8" slack="5"/>
</pin_list>
<bind>
<opcode="trunc(33) " fcode="trunc"/>
<opset="trunc_ln22_7/3 "/>
</bind>
</comp>

<comp id="680" class="1004" name="zext_ln22_39_fu_680">
<pin_list>
<pin id="681" dir="0" index="0" bw="8" slack="0"/>
<pin id="682" dir="1" index="1" bw="16" slack="0"/>
</pin_list>
<bind>
<opcode="zext(34) " fcode="zext"/>
<opset="zext_ln22_39/3 "/>
</bind>
</comp>

<comp id="684" class="1004" name="trunc_ln22_8_fu_684">
<pin_list>
<pin id="685" dir="0" index="0" bw="40" slack="0"/>
<pin id="686" dir="1" index="1" bw="8" slack="7"/>
</pin_list>
<bind>
<opcode="trunc(33) " fcode="trunc"/>
<opset="trunc_ln22_8/3 "/>
</bind>
</comp>

<comp id="688" class="1004" name="trunc_ln22_5_fu_688">
<pin_list>
<pin id="689" dir="0" index="0" bw="40" slack="0"/>
<pin id="690" dir="1" index="1" bw="8" slack="3"/>
</pin_list>
<bind>
<opcode="trunc(33) " fcode="trunc"/>
<opset="trunc_ln22_5/4 "/>
</bind>
</comp>

<comp id="692" class="1004" name="zext_ln22_28_fu_692">
<pin_list>
<pin id="693" dir="0" index="0" bw="8" slack="0"/>
<pin id="694" dir="1" index="1" bw="16" slack="0"/>
</pin_list>
<bind>
<opcode="zext(34) " fcode="zext"/>
<opset="zext_ln22_28/4 "/>
</bind>
</comp>

<comp id="696" class="1004" name="zext_ln22_29_fu_696">
<pin_list>
<pin id="697" dir="0" index="0" bw="8" slack="0"/>
<pin id="698" dir="1" index="1" bw="16" slack="0"/>
</pin_list>
<bind>
<opcode="zext(34) " fcode="zext"/>
<opset="zext_ln22_29/4 "/>
</bind>
</comp>

<comp id="700" class="1004" name="mul_ln22_23_fu_700">
<pin_list>
<pin id="701" dir="0" index="0" bw="8" slack="0"/>
<pin id="702" dir="0" index="1" bw="8" slack="2"/>
<pin id="703" dir="1" index="2" bw="16" slack="2"/>
</pin_list>
<bind>
<opcode="mul(12) " fcode="mul"/>
<opset="mul_ln22_23/4 "/>
</bind>
</comp>

<comp id="705" class="1004" name="mul_ln22_48_fu_705">
<pin_list>
<pin id="706" dir="0" index="0" bw="8" slack="2"/>
<pin id="707" dir="0" index="1" bw="8" slack="0"/>
<pin id="708" dir="1" index="2" bw="16" slack="2"/>
</pin_list>
<bind>
<opcode="mul(12) " fcode="mul"/>
<opset="mul_ln22_48/4 "/>
</bind>
</comp>

<comp id="710" class="1004" name="zext_ln22_38_fu_710">
<pin_list>
<pin id="711" dir="0" index="0" bw="8" slack="1"/>
<pin id="712" dir="1" index="1" bw="16" slack="0"/>
</pin_list>
<bind>
<opcode="zext(34) " fcode="zext"/>
<opset="zext_ln22_38/4 "/>
</bind>
</comp>

<comp id="713" class="1004" name="mul_ln22_53_fu_713">
<pin_list>
<pin id="714" dir="0" index="0" bw="8" slack="0"/>
<pin id="715" dir="0" index="1" bw="8" slack="2"/>
<pin id="716" dir="1" index="2" bw="16" slack="1"/>
</pin_list>
<bind>
<opcode="mul(12) " fcode="mul"/>
<opset="mul_ln22_53/4 "/>
</bind>
</comp>

<comp id="718" class="1004" name="mul_ln22_58_fu_718">
<pin_list>
<pin id="719" dir="0" index="0" bw="8" slack="0"/>
<pin id="720" dir="0" index="1" bw="8" slack="2"/>
<pin id="721" dir="1" index="2" bw="16" slack="1"/>
</pin_list>
<bind>
<opcode="mul(12) " fcode="mul"/>
<opset="mul_ln22_58/4 "/>
</bind>
</comp>

<comp id="723" class="1004" name="zext_ln22_44_fu_723">
<pin_list>
<pin id="724" dir="0" index="0" bw="8" slack="1"/>
<pin id="725" dir="1" index="1" bw="16" slack="0"/>
</pin_list>
<bind>
<opcode="zext(34) " fcode="zext"/>
<opset="zext_ln22_44/4 "/>
</bind>
</comp>

<comp id="727" class="1004" name="trunc_ln22_9_fu_727">
<pin_list>
<pin id="728" dir="0" index="0" bw="40" slack="0"/>
<pin id="729" dir="1" index="1" bw="8" slack="7"/>
</pin_list>
<bind>
<opcode="trunc(33) " fcode="trunc"/>
<opset="trunc_ln22_9/4 "/>
</bind>
</comp>

<comp id="731" class="1004" name="mul_ln22_63_fu_731">
<pin_list>
<pin id="732" dir="0" index="0" bw="8" slack="1"/>
<pin id="733" dir="0" index="1" bw="8" slack="2"/>
<pin id="734" dir="1" index="2" bw="16" slack="1"/>
</pin_list>
<bind>
<opcode="mul(12) " fcode="mul"/>
<opset="mul_ln22_63/5 "/>
</bind>
</comp>

<comp id="735" class="1004" name="mul_ln22_68_fu_735">
<pin_list>
<pin id="736" dir="0" index="0" bw="8" slack="1"/>
<pin id="737" dir="0" index="1" bw="8" slack="2"/>
<pin id="738" dir="1" index="2" bw="16" slack="1"/>
</pin_list>
<bind>
<opcode="mul(12) " fcode="mul"/>
<opset="mul_ln22_68/5 "/>
</bind>
</comp>

<comp id="739" class="1004" name="mul_ln22_73_fu_739">
<pin_list>
<pin id="740" dir="0" index="0" bw="8" slack="1"/>
<pin id="741" dir="0" index="1" bw="8" slack="1"/>
<pin id="742" dir="1" index="2" bw="16" slack="1"/>
</pin_list>
<bind>
<opcode="mul(12) " fcode="mul"/>
<opset="mul_ln22_73/5 "/>
</bind>
</comp>

<comp id="743" class="1004" name="zext_ln22_43_fu_743">
<pin_list>
<pin id="744" dir="0" index="0" bw="8" slack="2"/>
<pin id="745" dir="1" index="1" bw="16" slack="0"/>
</pin_list>
<bind>
<opcode="zext(34) " fcode="zext"/>
<opset="zext_ln22_43/5 "/>
</bind>
</comp>

<comp id="746" class="1004" name="mul_ln22_78_fu_746">
<pin_list>
<pin id="747" dir="0" index="0" bw="8" slack="0"/>
<pin id="748" dir="0" index="1" bw="8" slack="3"/>
<pin id="749" dir="1" index="2" bw="16" slack="1"/>
</pin_list>
<bind>
<opcode="mul(12) " fcode="mul"/>
<opset="mul_ln22_78/5 "/>
</bind>
</comp>

<comp id="751" class="1004" name="zext_ln22_49_fu_751">
<pin_list>
<pin id="752" dir="0" index="0" bw="8" slack="1"/>
<pin id="753" dir="1" index="1" bw="16" slack="0"/>
</pin_list>
<bind>
<opcode="zext(34) " fcode="zext"/>
<opset="zext_ln22_49/5 "/>
</bind>
</comp>

<comp id="755" class="1004" name="zext_ln22_fu_755">
<pin_list>
<pin id="756" dir="0" index="0" bw="8" slack="4"/>
<pin id="757" dir="1" index="1" bw="16" slack="0"/>
</pin_list>
<bind>
<opcode="zext(34) " fcode="zext"/>
<opset="zext_ln22/6 "/>
</bind>
</comp>

<comp id="758" class="1004" name="zext_ln22_1_fu_758">
<pin_list>
<pin id="759" dir="0" index="0" bw="8" slack="4"/>
<pin id="760" dir="1" index="1" bw="16" slack="0"/>
</pin_list>
<bind>
<opcode="zext(34) " fcode="zext"/>
<opset="zext_ln22_1/6 "/>
</bind>
</comp>

<comp id="761" class="1004" name="zext_ln22_10_fu_761">
<pin_list>
<pin id="762" dir="0" index="0" bw="8" slack="4"/>
<pin id="763" dir="1" index="1" bw="16" slack="0"/>
</pin_list>
<bind>
<opcode="zext(34) " fcode="zext"/>
<opset="zext_ln22_10/6 "/>
</bind>
</comp>

<comp id="764" class="1004" name="zext_ln22_15_fu_764">
<pin_list>
<pin id="765" dir="0" index="0" bw="8" slack="3"/>
<pin id="766" dir="1" index="1" bw="16" slack="0"/>
</pin_list>
<bind>
<opcode="zext(34) " fcode="zext"/>
<opset="zext_ln22_15/6 "/>
</bind>
</comp>

<comp id="767" class="1004" name="mul_ln22_83_fu_767">
<pin_list>
<pin id="768" dir="0" index="0" bw="8" slack="1"/>
<pin id="769" dir="0" index="1" bw="8" slack="4"/>
<pin id="770" dir="1" index="2" bw="16" slack="1"/>
</pin_list>
<bind>
<opcode="mul(12) " fcode="mul"/>
<opset="mul_ln22_83/6 "/>
</bind>
</comp>

<comp id="771" class="1004" name="mul_ln22_88_fu_771">
<pin_list>
<pin id="772" dir="0" index="0" bw="8" slack="1"/>
<pin id="773" dir="0" index="1" bw="8" slack="3"/>
<pin id="774" dir="1" index="2" bw="16" slack="1"/>
</pin_list>
<bind>
<opcode="mul(12) " fcode="mul"/>
<opset="mul_ln22_88/6 "/>
</bind>
</comp>

<comp id="775" class="1004" name="mul_ln22_93_fu_775">
<pin_list>
<pin id="776" dir="0" index="0" bw="8" slack="1"/>
<pin id="777" dir="0" index="1" bw="8" slack="3"/>
<pin id="778" dir="1" index="2" bw="16" slack="1"/>
</pin_list>
<bind>
<opcode="mul(12) " fcode="mul"/>
<opset="mul_ln22_93/6 "/>
</bind>
</comp>

<comp id="779" class="1004" name="mul_ln22_98_fu_779">
<pin_list>
<pin id="780" dir="0" index="0" bw="8" slack="1"/>
<pin id="781" dir="0" index="1" bw="8" slack="2"/>
<pin id="782" dir="1" index="2" bw="16" slack="1"/>
</pin_list>
<bind>
<opcode="mul(12) " fcode="mul"/>
<opset="mul_ln22_98/6 "/>
</bind>
</comp>

<comp id="783" class="1004" name="zext_ln22_4_fu_783">
<pin_list>
<pin id="784" dir="0" index="0" bw="8" slack="5"/>
<pin id="785" dir="1" index="1" bw="16" slack="0"/>
</pin_list>
<bind>
<opcode="zext(34) " fcode="zext"/>
<opset="zext_ln22_4/7 "/>
</bind>
</comp>

<comp id="786" class="1004" name="zext_ln22_5_fu_786">
<pin_list>
<pin id="787" dir="0" index="0" bw="8" slack="5"/>
<pin id="788" dir="1" index="1" bw="16" slack="0"/>
</pin_list>
<bind>
<opcode="zext(34) " fcode="zext"/>
<opset="zext_ln22_5/7 "/>
</bind>
</comp>

<comp id="789" class="1004" name="zext_ln22_12_fu_789">
<pin_list>
<pin id="790" dir="0" index="0" bw="8" slack="5"/>
<pin id="791" dir="1" index="1" bw="16" slack="0"/>
</pin_list>
<bind>
<opcode="zext(34) " fcode="zext"/>
<opset="zext_ln22_12/7 "/>
</bind>
</comp>

<comp id="792" class="1004" name="zext_ln22_20_fu_792">
<pin_list>
<pin id="793" dir="0" index="0" bw="8" slack="4"/>
<pin id="794" dir="1" index="1" bw="16" slack="0"/>
</pin_list>
<bind>
<opcode="zext(34) " fcode="zext"/>
<opset="zext_ln22_20/7 "/>
</bind>
</comp>

<comp id="795" class="1004" name="zext_ln22_25_fu_795">
<pin_list>
<pin id="796" dir="0" index="0" bw="8" slack="3"/>
<pin id="797" dir="1" index="1" bw="16" slack="0"/>
</pin_list>
<bind>
<opcode="zext(34) " fcode="zext"/>
<opset="zext_ln22_25/7 "/>
</bind>
</comp>

<comp id="798" class="1004" name="zext_ln22_30_fu_798">
<pin_list>
<pin id="799" dir="0" index="0" bw="8" slack="5"/>
<pin id="800" dir="1" index="1" bw="16" slack="0"/>
</pin_list>
<bind>
<opcode="zext(34) " fcode="zext"/>
<opset="zext_ln22_30/7 "/>
</bind>
</comp>

<comp id="801" class="1004" name="zext_ln22_48_fu_801">
<pin_list>
<pin id="802" dir="0" index="0" bw="8" slack="3"/>
<pin id="803" dir="1" index="1" bw="16" slack="0"/>
</pin_list>
<bind>
<opcode="zext(34) " fcode="zext"/>
<opset="zext_ln22_48/7 "/>
</bind>
</comp>

<comp id="804" class="1004" name="mul_ln22_103_fu_804">
<pin_list>
<pin id="805" dir="0" index="0" bw="8" slack="0"/>
<pin id="806" dir="0" index="1" bw="8" slack="5"/>
<pin id="807" dir="1" index="2" bw="16" slack="0"/>
</pin_list>
<bind>
<opcode="mul(12) " fcode="mul"/>
<opset="mul_ln22_103/7 "/>
</bind>
</comp>

<comp id="809" class="1004" name="mul_ln22_108_fu_809">
<pin_list>
<pin id="810" dir="0" index="0" bw="8" slack="0"/>
<pin id="811" dir="0" index="1" bw="8" slack="5"/>
<pin id="812" dir="1" index="2" bw="16" slack="0"/>
</pin_list>
<bind>
<opcode="mul(12) " fcode="mul"/>
<opset="mul_ln22_108/7 "/>
</bind>
</comp>

<comp id="814" class="1004" name="mul_ln22_113_fu_814">
<pin_list>
<pin id="815" dir="0" index="0" bw="8" slack="0"/>
<pin id="816" dir="0" index="1" bw="8" slack="4"/>
<pin id="817" dir="1" index="2" bw="16" slack="1"/>
</pin_list>
<bind>
<opcode="mul(12) " fcode="mul"/>
<opset="mul_ln22_113/7 "/>
</bind>
</comp>

<comp id="819" class="1004" name="mul_ln22_118_fu_819">
<pin_list>
<pin id="820" dir="0" index="0" bw="8" slack="0"/>
<pin id="821" dir="0" index="1" bw="8" slack="4"/>
<pin id="822" dir="1" index="2" bw="16" slack="1"/>
</pin_list>
<bind>
<opcode="mul(12) " fcode="mul"/>
<opset="mul_ln22_118/7 "/>
</bind>
</comp>

<comp id="824" class="1004" name="zext_ln22_2_fu_824">
<pin_list>
<pin id="825" dir="0" index="0" bw="8" slack="6"/>
<pin id="826" dir="1" index="1" bw="16" slack="0"/>
</pin_list>
<bind>
<opcode="zext(34) " fcode="zext"/>
<opset="zext_ln22_2/8 "/>
</bind>
</comp>

<comp id="827" class="1004" name="zext_ln22_3_fu_827">
<pin_list>
<pin id="828" dir="0" index="0" bw="8" slack="6"/>
<pin id="829" dir="1" index="1" bw="16" slack="0"/>
</pin_list>
<bind>
<opcode="zext(34) " fcode="zext"/>
<opset="zext_ln22_3/8 "/>
</bind>
</comp>

<comp id="830" class="1004" name="mul_ln22_1_fu_830">
<pin_list>
<pin id="831" dir="0" index="0" bw="8" slack="0"/>
<pin id="832" dir="0" index="1" bw="8" slack="0"/>
<pin id="833" dir="1" index="2" bw="16" slack="0"/>
</pin_list>
<bind>
<opcode="mul(12) " fcode="mul"/>
<opset="mul_ln22_1/8 "/>
</bind>
</comp>

<comp id="836" class="1004" name="zext_ln22_11_fu_836">
<pin_list>
<pin id="837" dir="0" index="0" bw="8" slack="6"/>
<pin id="838" dir="1" index="1" bw="16" slack="0"/>
</pin_list>
<bind>
<opcode="zext(34) " fcode="zext"/>
<opset="zext_ln22_11/8 "/>
</bind>
</comp>

<comp id="839" class="1004" name="mul_ln22_6_fu_839">
<pin_list>
<pin id="840" dir="0" index="0" bw="8" slack="0"/>
<pin id="841" dir="0" index="1" bw="8" slack="0"/>
<pin id="842" dir="1" index="2" bw="16" slack="0"/>
</pin_list>
<bind>
<opcode="mul(12) " fcode="mul"/>
<opset="mul_ln22_6/8 "/>
</bind>
</comp>

<comp id="845" class="1004" name="zext_ln22_16_fu_845">
<pin_list>
<pin id="846" dir="0" index="0" bw="8" slack="5"/>
<pin id="847" dir="1" index="1" bw="16" slack="0"/>
</pin_list>
<bind>
<opcode="zext(34) " fcode="zext"/>
<opset="zext_ln22_16/8 "/>
</bind>
</comp>

<comp id="848" class="1004" name="zext_ln22_17_fu_848">
<pin_list>
<pin id="849" dir="0" index="0" bw="8" slack="5"/>
<pin id="850" dir="1" index="1" bw="16" slack="0"/>
</pin_list>
<bind>
<opcode="zext(34) " fcode="zext"/>
<opset="zext_ln22_17/8 "/>
</bind>
</comp>

<comp id="851" class="1004" name="mul_ln22_11_fu_851">
<pin_list>
<pin id="852" dir="0" index="0" bw="8" slack="0"/>
<pin id="853" dir="0" index="1" bw="8" slack="0"/>
<pin id="854" dir="1" index="2" bw="16" slack="0"/>
</pin_list>
<bind>
<opcode="mul(12) " fcode="mul"/>
<opset="mul_ln22_11/8 "/>
</bind>
</comp>

<comp id="857" class="1004" name="zext_ln22_22_fu_857">
<pin_list>
<pin id="858" dir="0" index="0" bw="8" slack="5"/>
<pin id="859" dir="1" index="1" bw="16" slack="0"/>
</pin_list>
<bind>
<opcode="zext(34) " fcode="zext"/>
<opset="zext_ln22_22/8 "/>
</bind>
</comp>

<comp id="860" class="1004" name="zext_ln22_35_fu_860">
<pin_list>
<pin id="861" dir="0" index="0" bw="8" slack="5"/>
<pin id="862" dir="1" index="1" bw="16" slack="0"/>
</pin_list>
<bind>
<opcode="zext(34) " fcode="zext"/>
<opset="zext_ln22_35/8 "/>
</bind>
</comp>

<comp id="863" class="1004" name="mul_ln22_123_fu_863">
<pin_list>
<pin id="864" dir="0" index="0" bw="8" slack="1"/>
<pin id="865" dir="0" index="1" bw="8" slack="4"/>
<pin id="866" dir="1" index="2" bw="16" slack="0"/>
</pin_list>
<bind>
<opcode="mul(12) " fcode="mul"/>
<opset="mul_ln22_123/8 "/>
</bind>
</comp>

<comp id="867" class="1004" name="zext_ln22_21_fu_867">
<pin_list>
<pin id="868" dir="0" index="0" bw="8" slack="6"/>
<pin id="869" dir="1" index="1" bw="16" slack="0"/>
</pin_list>
<bind>
<opcode="zext(34) " fcode="zext"/>
<opset="zext_ln22_21/9 "/>
</bind>
</comp>

<comp id="870" class="1004" name="mul_ln22_16_fu_870">
<pin_list>
<pin id="871" dir="0" index="0" bw="8" slack="0"/>
<pin id="872" dir="0" index="1" bw="8" slack="1"/>
<pin id="873" dir="1" index="2" bw="16" slack="0"/>
</pin_list>
<bind>
<opcode="mul(12) " fcode="mul"/>
<opset="mul_ln22_16/9 "/>
</bind>
</comp>

<comp id="875" class="1004" name="zext_ln22_26_fu_875">
<pin_list>
<pin id="876" dir="0" index="0" bw="8" slack="5"/>
<pin id="877" dir="1" index="1" bw="16" slack="0"/>
</pin_list>
<bind>
<opcode="zext(34) " fcode="zext"/>
<opset="zext_ln22_26/9 "/>
</bind>
</comp>

<comp id="878" class="1004" name="zext_ln22_27_fu_878">
<pin_list>
<pin id="879" dir="0" index="0" bw="8" slack="5"/>
<pin id="880" dir="1" index="1" bw="16" slack="0"/>
</pin_list>
<bind>
<opcode="zext(34) " fcode="zext"/>
<opset="zext_ln22_27/9 "/>
</bind>
</comp>

<comp id="881" class="1004" name="mul_ln22_21_fu_881">
<pin_list>
<pin id="882" dir="0" index="0" bw="8" slack="0"/>
<pin id="883" dir="0" index="1" bw="8" slack="1"/>
<pin id="884" dir="1" index="2" bw="16" slack="0"/>
</pin_list>
<bind>
<opcode="mul(12) " fcode="mul"/>
<opset="mul_ln22_21/9 "/>
</bind>
</comp>

<comp id="886" class="1004" name="zext_ln22_31_fu_886">
<pin_list>
<pin id="887" dir="0" index="0" bw="8" slack="7"/>
<pin id="888" dir="1" index="1" bw="16" slack="0"/>
</pin_list>
<bind>
<opcode="zext(34) " fcode="zext"/>
<opset="zext_ln22_31/9 "/>
</bind>
</comp>

<comp id="889" class="1004" name="zext_ln22_32_fu_889">
<pin_list>
<pin id="890" dir="0" index="0" bw="8" slack="7"/>
<pin id="891" dir="1" index="1" bw="16" slack="0"/>
</pin_list>
<bind>
<opcode="zext(34) " fcode="zext"/>
<opset="zext_ln22_32/9 "/>
</bind>
</comp>

<comp id="892" class="1004" name="mul_ln22_26_fu_892">
<pin_list>
<pin id="893" dir="0" index="0" bw="8" slack="0"/>
<pin id="894" dir="0" index="1" bw="8" slack="1"/>
<pin id="895" dir="1" index="2" bw="16" slack="0"/>
</pin_list>
<bind>
<opcode="mul(12) " fcode="mul"/>
<opset="mul_ln22_26/9 "/>
</bind>
</comp>

<comp id="897" class="1004" name="mul_ln22_31_fu_897">
<pin_list>
<pin id="898" dir="0" index="0" bw="8" slack="0"/>
<pin id="899" dir="0" index="1" bw="8" slack="1"/>
<pin id="900" dir="1" index="2" bw="16" slack="0"/>
</pin_list>
<bind>
<opcode="mul(12) " fcode="mul"/>
<opset="mul_ln22_31/9 "/>
</bind>
</comp>

<comp id="902" class="1004" name="add_ln22_3_fu_902">
<pin_list>
<pin id="903" dir="0" index="0" bw="16" slack="0"/>
<pin id="904" dir="0" index="1" bw="16" slack="1"/>
<pin id="905" dir="1" index="2" bw="16" slack="0"/>
</pin_list>
<bind>
<opcode="add(8) " fcode="add"/>
<opset="add_ln22_3/10 "/>
</bind>
</comp>

<comp id="907" class="1004" name="add_ln22_7_fu_907">
<pin_list>
<pin id="908" dir="0" index="0" bw="16" slack="0"/>
<pin id="909" dir="0" index="1" bw="16" slack="1"/>
<pin id="910" dir="1" index="2" bw="16" slack="0"/>
</pin_list>
<bind>
<opcode="add(8) " fcode="add"/>
<opset="add_ln22_7/10 "/>
</bind>
</comp>

<comp id="912" class="1004" name="mul_ln22_36_fu_912">
<pin_list>
<pin id="913" dir="0" index="0" bw="8" slack="1"/>
<pin id="914" dir="0" index="1" bw="8" slack="2"/>
<pin id="915" dir="1" index="2" bw="16" slack="0"/>
</pin_list>
<bind>
<opcode="mul(12) " fcode="mul"/>
<opset="mul_ln22_36/10 "/>
</bind>
</comp>

<comp id="916" class="1004" name="mul_ln22_41_fu_916">
<pin_list>
<pin id="917" dir="0" index="0" bw="8" slack="1"/>
<pin id="918" dir="0" index="1" bw="8" slack="1"/>
<pin id="919" dir="1" index="2" bw="16" slack="0"/>
</pin_list>
<bind>
<opcode="mul(12) " fcode="mul"/>
<opset="mul_ln22_41/10 "/>
</bind>
</comp>

<comp id="920" class="1004" name="mul_ln22_46_fu_920">
<pin_list>
<pin id="921" dir="0" index="0" bw="8" slack="1"/>
<pin id="922" dir="0" index="1" bw="8" slack="1"/>
<pin id="923" dir="1" index="2" bw="16" slack="0"/>
</pin_list>
<bind>
<opcode="mul(12) " fcode="mul"/>
<opset="mul_ln22_46/10 "/>
</bind>
</comp>

<comp id="924" class="1004" name="zext_ln22_36_fu_924">
<pin_list>
<pin id="925" dir="0" index="0" bw="8" slack="7"/>
<pin id="926" dir="1" index="1" bw="16" slack="0"/>
</pin_list>
<bind>
<opcode="zext(34) " fcode="zext"/>
<opset="zext_ln22_36/10 "/>
</bind>
</comp>

<comp id="927" class="1004" name="mul_ln22_51_fu_927">
<pin_list>
<pin id="928" dir="0" index="0" bw="8" slack="0"/>
<pin id="929" dir="0" index="1" bw="8" slack="2"/>
<pin id="930" dir="1" index="2" bw="16" slack="0"/>
</pin_list>
<bind>
<opcode="mul(12) " fcode="mul"/>
<opset="mul_ln22_51/10 "/>
</bind>
</comp>

<comp id="932" class="1004" name="zext_ln22_40_fu_932">
<pin_list>
<pin id="933" dir="0" index="0" bw="8" slack="7"/>
<pin id="934" dir="1" index="1" bw="16" slack="0"/>
</pin_list>
<bind>
<opcode="zext(34) " fcode="zext"/>
<opset="zext_ln22_40/10 "/>
</bind>
</comp>

<comp id="935" class="1004" name="add_ln22_11_fu_935">
<pin_list>
<pin id="936" dir="0" index="0" bw="16" slack="0"/>
<pin id="937" dir="0" index="1" bw="16" slack="2"/>
<pin id="938" dir="1" index="2" bw="16" slack="0"/>
</pin_list>
<bind>
<opcode="add(8) " fcode="add"/>
<opset="add_ln22_11/11 "/>
</bind>
</comp>

<comp id="940" class="1004" name="add_ln22_15_fu_940">
<pin_list>
<pin id="941" dir="0" index="0" bw="16" slack="0"/>
<pin id="942" dir="0" index="1" bw="16" slack="1"/>
<pin id="943" dir="1" index="2" bw="16" slack="0"/>
</pin_list>
<bind>
<opcode="add(8) " fcode="add"/>
<opset="add_ln22_15/11 "/>
</bind>
</comp>

<comp id="945" class="1004" name="mul_ln22_56_fu_945">
<pin_list>
<pin id="946" dir="0" index="0" bw="8" slack="1"/>
<pin id="947" dir="0" index="1" bw="8" slack="3"/>
<pin id="948" dir="1" index="2" bw="16" slack="0"/>
</pin_list>
<bind>
<opcode="mul(12) " fcode="mul"/>
<opset="mul_ln22_56/11 "/>
</bind>
</comp>

<comp id="949" class="1004" name="mul_ln22_61_fu_949">
<pin_list>
<pin id="950" dir="0" index="0" bw="8" slack="1"/>
<pin id="951" dir="0" index="1" bw="8" slack="3"/>
<pin id="952" dir="1" index="2" bw="16" slack="0"/>
</pin_list>
<bind>
<opcode="mul(12) " fcode="mul"/>
<opset="mul_ln22_61/11 "/>
</bind>
</comp>

<comp id="953" class="1004" name="mul_ln22_66_fu_953">
<pin_list>
<pin id="954" dir="0" index="0" bw="8" slack="1"/>
<pin id="955" dir="0" index="1" bw="8" slack="2"/>
<pin id="956" dir="1" index="2" bw="16" slack="0"/>
</pin_list>
<bind>
<opcode="mul(12) " fcode="mul"/>
<opset="mul_ln22_66/11 "/>
</bind>
</comp>

<comp id="957" class="1004" name="mul_ln22_71_fu_957">
<pin_list>
<pin id="958" dir="0" index="0" bw="8" slack="1"/>
<pin id="959" dir="0" index="1" bw="8" slack="2"/>
<pin id="960" dir="1" index="2" bw="16" slack="0"/>
</pin_list>
<bind>
<opcode="mul(12) " fcode="mul"/>
<opset="mul_ln22_71/11 "/>
</bind>
</comp>

<comp id="961" class="1004" name="zext_ln22_45_fu_961">
<pin_list>
<pin id="962" dir="0" index="0" bw="8" slack="7"/>
<pin id="963" dir="1" index="1" bw="16" slack="0"/>
</pin_list>
<bind>
<opcode="zext(34) " fcode="zext"/>
<opset="zext_ln22_45/11 "/>
</bind>
</comp>

<comp id="964" class="1004" name="add_ln22_19_fu_964">
<pin_list>
<pin id="965" dir="0" index="0" bw="16" slack="0"/>
<pin id="966" dir="0" index="1" bw="16" slack="2"/>
<pin id="967" dir="1" index="2" bw="16" slack="0"/>
</pin_list>
<bind>
<opcode="add(8) " fcode="add"/>
<opset="add_ln22_19/12 "/>
</bind>
</comp>

<comp id="969" class="1004" name="add_ln22_23_fu_969">
<pin_list>
<pin id="970" dir="0" index="0" bw="16" slack="0"/>
<pin id="971" dir="0" index="1" bw="16" slack="2"/>
<pin id="972" dir="1" index="2" bw="16" slack="0"/>
</pin_list>
<bind>
<opcode="add(8) " fcode="add"/>
<opset="add_ln22_23/12 "/>
</bind>
</comp>

<comp id="974" class="1004" name="zext_ln22_37_fu_974">
<pin_list>
<pin id="975" dir="0" index="0" bw="8" slack="9"/>
<pin id="976" dir="1" index="1" bw="16" slack="0"/>
</pin_list>
<bind>
<opcode="zext(34) " fcode="zext"/>
<opset="zext_ln22_37/12 "/>
</bind>
</comp>

<comp id="977" class="1004" name="zext_ln22_41_fu_977">
<pin_list>
<pin id="978" dir="0" index="0" bw="8" slack="9"/>
<pin id="979" dir="1" index="1" bw="16" slack="0"/>
</pin_list>
<bind>
<opcode="zext(34) " fcode="zext"/>
<opset="zext_ln22_41/12 "/>
</bind>
</comp>

<comp id="980" class="1004" name="mul_ln22_76_fu_980">
<pin_list>
<pin id="981" dir="0" index="0" bw="8" slack="0"/>
<pin id="982" dir="0" index="1" bw="8" slack="4"/>
<pin id="983" dir="1" index="2" bw="16" slack="0"/>
</pin_list>
<bind>
<opcode="mul(12) " fcode="mul"/>
<opset="mul_ln22_76/12 "/>
</bind>
</comp>

<comp id="985" class="1004" name="mul_ln22_81_fu_985">
<pin_list>
<pin id="986" dir="0" index="0" bw="8" slack="0"/>
<pin id="987" dir="0" index="1" bw="8" slack="4"/>
<pin id="988" dir="1" index="2" bw="16" slack="0"/>
</pin_list>
<bind>
<opcode="mul(12) " fcode="mul"/>
<opset="mul_ln22_81/12 "/>
</bind>
</comp>

<comp id="990" class="1004" name="mul_ln22_86_fu_990">
<pin_list>
<pin id="991" dir="0" index="0" bw="8" slack="0"/>
<pin id="992" dir="0" index="1" bw="8" slack="4"/>
<pin id="993" dir="1" index="2" bw="16" slack="0"/>
</pin_list>
<bind>
<opcode="mul(12) " fcode="mul"/>
<opset="mul_ln22_86/12 "/>
</bind>
</comp>

<comp id="995" class="1004" name="mul_ln22_91_fu_995">
<pin_list>
<pin id="996" dir="0" index="0" bw="8" slack="0"/>
<pin id="997" dir="0" index="1" bw="8" slack="3"/>
<pin id="998" dir="1" index="2" bw="16" slack="0"/>
</pin_list>
<bind>
<opcode="mul(12) " fcode="mul"/>
<opset="mul_ln22_91/12 "/>
</bind>
</comp>

<comp id="1000" class="1004" name="add_ln22_27_fu_1000">
<pin_list>
<pin id="1001" dir="0" index="0" bw="16" slack="0"/>
<pin id="1002" dir="0" index="1" bw="16" slack="3"/>
<pin id="1003" dir="1" index="2" bw="16" slack="0"/>
</pin_list>
<bind>
<opcode="add(8) " fcode="add"/>
<opset="add_ln22_27/13 "/>
</bind>
</comp>

<comp id="1005" class="1004" name="add_ln22_31_fu_1005">
<pin_list>
<pin id="1006" dir="0" index="0" bw="16" slack="0"/>
<pin id="1007" dir="0" index="1" bw="16" slack="2"/>
<pin id="1008" dir="1" index="2" bw="16" slack="0"/>
</pin_list>
<bind>
<opcode="add(8) " fcode="add"/>
<opset="add_ln22_31/13 "/>
</bind>
</comp>

<comp id="1010" class="1004" name="zext_ln22_42_fu_1010">
<pin_list>
<pin id="1011" dir="0" index="0" bw="8" slack="10"/>
<pin id="1012" dir="1" index="1" bw="16" slack="0"/>
</pin_list>
<bind>
<opcode="zext(34) " fcode="zext"/>
<opset="zext_ln22_42/13 "/>
</bind>
</comp>

<comp id="1013" class="1004" name="mul_ln22_96_fu_1013">
<pin_list>
<pin id="1014" dir="0" index="0" bw="8" slack="1"/>
<pin id="1015" dir="0" index="1" bw="8" slack="4"/>
<pin id="1016" dir="1" index="2" bw="16" slack="0"/>
</pin_list>
<bind>
<opcode="mul(12) " fcode="mul"/>
<opset="mul_ln22_96/13 "/>
</bind>
</comp>

<comp id="1017" class="1004" name="zext_ln22_46_fu_1017">
<pin_list>
<pin id="1018" dir="0" index="0" bw="8" slack="9"/>
<pin id="1019" dir="1" index="1" bw="16" slack="0"/>
</pin_list>
<bind>
<opcode="zext(34) " fcode="zext"/>
<opset="zext_ln22_46/13 "/>
</bind>
</comp>

<comp id="1020" class="1004" name="mul_ln22_101_fu_1020">
<pin_list>
<pin id="1021" dir="0" index="0" bw="8" slack="0"/>
<pin id="1022" dir="0" index="1" bw="8" slack="5"/>
<pin id="1023" dir="1" index="2" bw="16" slack="0"/>
</pin_list>
<bind>
<opcode="mul(12) " fcode="mul"/>
<opset="mul_ln22_101/13 "/>
</bind>
</comp>

<comp id="1025" class="1004" name="mul_ln22_106_fu_1025">
<pin_list>
<pin id="1026" dir="0" index="0" bw="8" slack="0"/>
<pin id="1027" dir="0" index="1" bw="8" slack="5"/>
<pin id="1028" dir="1" index="2" bw="16" slack="0"/>
</pin_list>
<bind>
<opcode="mul(12) " fcode="mul"/>
<opset="mul_ln22_106/13 "/>
</bind>
</comp>

<comp id="1030" class="1004" name="mul_ln22_111_fu_1030">
<pin_list>
<pin id="1031" dir="0" index="0" bw="8" slack="0"/>
<pin id="1032" dir="0" index="1" bw="8" slack="5"/>
<pin id="1033" dir="1" index="2" bw="16" slack="0"/>
</pin_list>
<bind>
<opcode="mul(12) " fcode="mul"/>
<opset="mul_ln22_111/13 "/>
</bind>
</comp>

<comp id="1035" class="1004" name="add_ln22_35_fu_1035">
<pin_list>
<pin id="1036" dir="0" index="0" bw="16" slack="0"/>
<pin id="1037" dir="0" index="1" bw="16" slack="3"/>
<pin id="1038" dir="1" index="2" bw="16" slack="0"/>
</pin_list>
<bind>
<opcode="add(8) " fcode="add"/>
<opset="add_ln22_35/14 "/>
</bind>
</comp>

<comp id="1040" class="1004" name="add_ln22_39_fu_1040">
<pin_list>
<pin id="1041" dir="0" index="0" bw="16" slack="0"/>
<pin id="1042" dir="0" index="1" bw="16" slack="3"/>
<pin id="1043" dir="1" index="2" bw="16" slack="0"/>
</pin_list>
<bind>
<opcode="add(8) " fcode="add"/>
<opset="add_ln22_39/14 "/>
</bind>
</comp>

<comp id="1045" class="1004" name="zext_ln22_47_fu_1045">
<pin_list>
<pin id="1046" dir="0" index="0" bw="8" slack="10"/>
<pin id="1047" dir="1" index="1" bw="16" slack="0"/>
</pin_list>
<bind>
<opcode="zext(34) " fcode="zext"/>
<opset="zext_ln22_47/14 "/>
</bind>
</comp>

<comp id="1048" class="1004" name="mul_ln22_116_fu_1048">
<pin_list>
<pin id="1049" dir="0" index="0" bw="8" slack="1"/>
<pin id="1050" dir="0" index="1" bw="8" slack="5"/>
<pin id="1051" dir="1" index="2" bw="16" slack="0"/>
</pin_list>
<bind>
<opcode="mul(12) " fcode="mul"/>
<opset="mul_ln22_116/14 "/>
</bind>
</comp>

<comp id="1052" class="1004" name="mul_ln22_121_fu_1052">
<pin_list>
<pin id="1053" dir="0" index="0" bw="8" slack="1"/>
<pin id="1054" dir="0" index="1" bw="8" slack="5"/>
<pin id="1055" dir="1" index="2" bw="16" slack="0"/>
</pin_list>
<bind>
<opcode="mul(12) " fcode="mul"/>
<opset="mul_ln22_121/14 "/>
</bind>
</comp>

<comp id="1056" class="1004" name="add_ln22_43_fu_1056">
<pin_list>
<pin id="1057" dir="0" index="0" bw="16" slack="0"/>
<pin id="1058" dir="0" index="1" bw="16" slack="4"/>
<pin id="1059" dir="1" index="2" bw="16" slack="0"/>
</pin_list>
<bind>
<opcode="add(8) " fcode="add"/>
<opset="add_ln22_43/15 "/>
</bind>
</comp>

<comp id="1061" class="1004" name="add_ln22_47_fu_1061">
<pin_list>
<pin id="1062" dir="0" index="0" bw="16" slack="0"/>
<pin id="1063" dir="0" index="1" bw="16" slack="3"/>
<pin id="1064" dir="1" index="2" bw="16" slack="0"/>
</pin_list>
<bind>
<opcode="add(8) " fcode="add"/>
<opset="add_ln22_47/15 "/>
</bind>
</comp>

<comp id="1066" class="1004" name="add_ln22_51_fu_1066">
<pin_list>
<pin id="1067" dir="0" index="0" bw="16" slack="0"/>
<pin id="1068" dir="0" index="1" bw="16" slack="3"/>
<pin id="1069" dir="1" index="2" bw="16" slack="1"/>
</pin_list>
<bind>
<opcode="add(8) " fcode="add"/>
<opset="add_ln22_51/15 "/>
</bind>
</comp>

<comp id="1070" class="1004" name="add_ln22_55_fu_1070">
<pin_list>
<pin id="1071" dir="0" index="0" bw="16" slack="0"/>
<pin id="1072" dir="0" index="1" bw="16" slack="3"/>
<pin id="1073" dir="1" index="2" bw="16" slack="1"/>
</pin_list>
<bind>
<opcode="add(8) " fcode="add"/>
<opset="add_ln22_55/15 "/>
</bind>
</comp>

<comp id="1074" class="1004" name="add_ln22_59_fu_1074">
<pin_list>
<pin id="1075" dir="0" index="0" bw="16" slack="0"/>
<pin id="1076" dir="0" index="1" bw="16" slack="4"/>
<pin id="1077" dir="1" index="2" bw="16" slack="1"/>
</pin_list>
<bind>
<opcode="add(8) " fcode="add"/>
<opset="add_ln22_59/16 "/>
</bind>
</comp>

<comp id="1078" class="1004" name="add_ln22_63_fu_1078">
<pin_list>
<pin id="1079" dir="0" index="0" bw="16" slack="0"/>
<pin id="1080" dir="0" index="1" bw="16" slack="3"/>
<pin id="1081" dir="1" index="2" bw="16" slack="1"/>
</pin_list>
<bind>
<opcode="add(8) " fcode="add"/>
<opset="add_ln22_63/16 "/>
</bind>
</comp>

<comp id="1082" class="1004" name="add_ln22_67_fu_1082">
<pin_list>
<pin id="1083" dir="0" index="0" bw="16" slack="0"/>
<pin id="1084" dir="0" index="1" bw="16" slack="3"/>
<pin id="1085" dir="1" index="2" bw="16" slack="2"/>
</pin_list>
<bind>
<opcode="add(8) " fcode="add"/>
<opset="add_ln22_67/16 "/>
</bind>
</comp>

<comp id="1086" class="1004" name="add_ln22_71_fu_1086">
<pin_list>
<pin id="1087" dir="0" index="0" bw="16" slack="0"/>
<pin id="1088" dir="0" index="1" bw="16" slack="3"/>
<pin id="1089" dir="1" index="2" bw="16" slack="2"/>
</pin_list>
<bind>
<opcode="add(8) " fcode="add"/>
<opset="add_ln22_71/16 "/>
</bind>
</comp>

<comp id="1090" class="1004" name="add_ln22_75_fu_1090">
<pin_list>
<pin id="1091" dir="0" index="0" bw="16" slack="0"/>
<pin id="1092" dir="0" index="1" bw="16" slack="3"/>
<pin id="1093" dir="1" index="2" bw="16" slack="3"/>
</pin_list>
<bind>
<opcode="add(8) " fcode="add"/>
<opset="add_ln22_75/16 "/>
</bind>
</comp>

<comp id="1094" class="1004" name="add_ln22_79_fu_1094">
<pin_list>
<pin id="1095" dir="0" index="0" bw="16" slack="0"/>
<pin id="1096" dir="0" index="1" bw="16" slack="2"/>
<pin id="1097" dir="1" index="2" bw="16" slack="3"/>
</pin_list>
<bind>
<opcode="add(8) " fcode="add"/>
<opset="add_ln22_79/16 "/>
</bind>
</comp>

<comp id="1098" class="1004" name="add_ln22_83_fu_1098">
<pin_list>
<pin id="1099" dir="0" index="0" bw="16" slack="0"/>
<pin id="1100" dir="0" index="1" bw="16" slack="3"/>
<pin id="1101" dir="1" index="2" bw="16" slack="3"/>
</pin_list>
<bind>
<opcode="add(8) " fcode="add"/>
<opset="add_ln22_83/17 "/>
</bind>
</comp>

<comp id="1102" class="1004" name="add_ln22_87_fu_1102">
<pin_list>
<pin id="1103" dir="0" index="0" bw="16" slack="0"/>
<pin id="1104" dir="0" index="1" bw="16" slack="3"/>
<pin id="1105" dir="1" index="2" bw="16" slack="3"/>
</pin_list>
<bind>
<opcode="add(8) " fcode="add"/>
<opset="add_ln22_87/17 "/>
</bind>
</comp>

<comp id="1106" class="1004" name="add_ln22_91_fu_1106">
<pin_list>
<pin id="1107" dir="0" index="0" bw="16" slack="0"/>
<pin id="1108" dir="0" index="1" bw="16" slack="3"/>
<pin id="1109" dir="1" index="2" bw="16" slack="4"/>
</pin_list>
<bind>
<opcode="add(8) " fcode="add"/>
<opset="add_ln22_91/17 "/>
</bind>
</comp>

<comp id="1110" class="1004" name="add_ln22_95_fu_1110">
<pin_list>
<pin id="1111" dir="0" index="0" bw="16" slack="0"/>
<pin id="1112" dir="0" index="1" bw="16" slack="2"/>
<pin id="1113" dir="1" index="2" bw="16" slack="4"/>
</pin_list>
<bind>
<opcode="add(8) " fcode="add"/>
<opset="add_ln22_95/17 "/>
</bind>
</comp>

<comp id="1114" class="1004" name="add_ln22_99_fu_1114">
<pin_list>
<pin id="1115" dir="0" index="0" bw="16" slack="0"/>
<pin id="1116" dir="0" index="1" bw="16" slack="2"/>
<pin id="1117" dir="1" index="2" bw="16" slack="5"/>
</pin_list>
<bind>
<opcode="add(8) " fcode="add"/>
<opset="add_ln22_99/17 "/>
</bind>
</comp>

<comp id="1118" class="1007" name="grp_fu_1118">
<pin_list>
<pin id="1119" dir="0" index="0" bw="8" slack="0"/>
<pin id="1120" dir="0" index="1" bw="8" slack="0"/>
<pin id="1121" dir="0" index="2" bw="16" slack="2147483647"/>
<pin id="1122" dir="1" index="3" bw="16" slack="4"/>
</pin_list>
<bind>
<opcode="muladd(1172) " fcode="muladd"/>
<opset="mul_ln22_2/2 add_ln22_1/4 "/>
</bind>
</comp>

<comp id="1125" class="1007" name="grp_fu_1125">
<pin_list>
<pin id="1126" dir="0" index="0" bw="8" slack="0"/>
<pin id="1127" dir="0" index="1" bw="8" slack="0"/>
<pin id="1128" dir="0" index="2" bw="16" slack="2147483647"/>
<pin id="1129" dir="1" index="3" bw="16" slack="4"/>
</pin_list>
<bind>
<opcode="muladd(1172) " fcode="muladd"/>
<opset="mul_ln22_7/2 add_ln22_5/4 "/>
</bind>
</comp>

<comp id="1132" class="1007" name="grp_fu_1132">
<pin_list>
<pin id="1133" dir="0" index="0" bw="8" slack="0"/>
<pin id="1134" dir="0" index="1" bw="8" slack="0"/>
<pin id="1135" dir="0" index="2" bw="16" slack="2147483647"/>
<pin id="1136" dir="1" index="3" bw="16" slack="6"/>
</pin_list>
<bind>
<opcode="muladd(1172) " fcode="muladd"/>
<opset="mul_ln22_27/2 add_ln22_21/4 "/>
</bind>
</comp>

<comp id="1139" class="1007" name="grp_fu_1139">
<pin_list>
<pin id="1140" dir="0" index="0" bw="8" slack="0"/>
<pin id="1141" dir="0" index="1" bw="8" slack="0"/>
<pin id="1142" dir="0" index="2" bw="16" slack="2147483647"/>
<pin id="1143" dir="1" index="3" bw="16" slack="7"/>
</pin_list>
<bind>
<opcode="muladd(1172) " fcode="muladd"/>
<opset="mul_ln22_32/2 add_ln22_25/4 "/>
</bind>
</comp>

<comp id="1146" class="1007" name="grp_fu_1146">
<pin_list>
<pin id="1147" dir="0" index="0" bw="8" slack="0"/>
<pin id="1148" dir="0" index="1" bw="8" slack="1"/>
<pin id="1149" dir="0" index="2" bw="16" slack="2147483647"/>
<pin id="1150" dir="1" index="3" bw="16" slack="4"/>
</pin_list>
<bind>
<opcode="muladd(1172) " fcode="muladd"/>
<opset="mul_ln22_12/3 add_ln22_9/5 "/>
</bind>
</comp>

<comp id="1152" class="1007" name="grp_fu_1152">
<pin_list>
<pin id="1153" dir="0" index="0" bw="8" slack="0"/>
<pin id="1154" dir="0" index="1" bw="8" slack="1"/>
<pin id="1155" dir="0" index="2" bw="16" slack="2147483647"/>
<pin id="1156" dir="1" index="3" bw="16" slack="4"/>
</pin_list>
<bind>
<opcode="muladd(1172) " fcode="muladd"/>
<opset="mul_ln22_17/3 add_ln22_13/5 "/>
</bind>
</comp>

<comp id="1158" class="1007" name="grp_fu_1158">
<pin_list>
<pin id="1159" dir="0" index="0" bw="8" slack="1"/>
<pin id="1160" dir="0" index="1" bw="8" slack="0"/>
<pin id="1161" dir="0" index="2" bw="16" slack="2147483647"/>
<pin id="1162" dir="1" index="3" bw="16" slack="6"/>
</pin_list>
<bind>
<opcode="muladd(1172) " fcode="muladd"/>
<opset="mul_ln22_37/3 add_ln22_29/5 "/>
</bind>
</comp>

<comp id="1164" class="1007" name="grp_fu_1164">
<pin_list>
<pin id="1165" dir="0" index="0" bw="8" slack="1"/>
<pin id="1166" dir="0" index="1" bw="8" slack="0"/>
<pin id="1167" dir="0" index="2" bw="16" slack="2147483647"/>
<pin id="1168" dir="1" index="3" bw="16" slack="7"/>
</pin_list>
<bind>
<opcode="muladd(1172) " fcode="muladd"/>
<opset="mul_ln22_42/3 add_ln22_33/5 "/>
</bind>
</comp>

<comp id="1170" class="1007" name="grp_fu_1170">
<pin_list>
<pin id="1171" dir="0" index="0" bw="8" slack="0"/>
<pin id="1172" dir="0" index="1" bw="8" slack="1"/>
<pin id="1173" dir="0" index="2" bw="16" slack="2147483647"/>
<pin id="1174" dir="1" index="3" bw="16" slack="8"/>
</pin_list>
<bind>
<opcode="muladd(1172) " fcode="muladd"/>
<opset="mul_ln22_52/3 add_ln22_41/5 "/>
</bind>
</comp>

<comp id="1176" class="1007" name="grp_fu_1176">
<pin_list>
<pin id="1177" dir="0" index="0" bw="8" slack="0"/>
<pin id="1178" dir="0" index="1" bw="8" slack="1"/>
<pin id="1179" dir="0" index="2" bw="16" slack="2147483647"/>
<pin id="1180" dir="1" index="3" bw="16" slack="8"/>
</pin_list>
<bind>
<opcode="muladd(1172) " fcode="muladd"/>
<opset="mul_ln22_57/3 add_ln22_45/5 "/>
</bind>
</comp>

<comp id="1182" class="1007" name="grp_fu_1182">
<pin_list>
<pin id="1183" dir="0" index="0" bw="8" slack="0"/>
<pin id="1184" dir="0" index="1" bw="8" slack="2"/>
<pin id="1185" dir="0" index="2" bw="16" slack="2147483647"/>
<pin id="1186" dir="1" index="3" bw="16" slack="4"/>
</pin_list>
<bind>
<opcode="muladd(1172) " fcode="muladd"/>
<opset="mul_ln22_22/4 add_ln22_17/6 "/>
</bind>
</comp>

<comp id="1188" class="1007" name="grp_fu_1188">
<pin_list>
<pin id="1189" dir="0" index="0" bw="8" slack="2"/>
<pin id="1190" dir="0" index="1" bw="8" slack="0"/>
<pin id="1191" dir="0" index="2" bw="16" slack="2147483647"/>
<pin id="1192" dir="1" index="3" bw="16" slack="6"/>
</pin_list>
<bind>
<opcode="muladd(1172) " fcode="muladd"/>
<opset="mul_ln22_47/4 add_ln22_37/6 "/>
</bind>
</comp>

<comp id="1194" class="1007" name="grp_fu_1194">
<pin_list>
<pin id="1195" dir="0" index="0" bw="8" slack="1"/>
<pin id="1196" dir="0" index="1" bw="8" slack="1"/>
<pin id="1197" dir="0" index="2" bw="16" slack="2147483647"/>
<pin id="1198" dir="1" index="3" bw="16" slack="7"/>
</pin_list>
<bind>
<opcode="muladd(1172) " fcode="muladd"/>
<opset="mul_ln22_62/4 add_ln22_49/6 "/>
</bind>
</comp>

<comp id="1199" class="1007" name="grp_fu_1199">
<pin_list>
<pin id="1200" dir="0" index="0" bw="8" slack="1"/>
<pin id="1201" dir="0" index="1" bw="8" slack="1"/>
<pin id="1202" dir="0" index="2" bw="16" slack="2147483647"/>
<pin id="1203" dir="1" index="3" bw="16" slack="7"/>
</pin_list>
<bind>
<opcode="muladd(1172) " fcode="muladd"/>
<opset="mul_ln22_67/4 add_ln22_53/6 "/>
</bind>
</comp>

<comp id="1204" class="1007" name="grp_fu_1204">
<pin_list>
<pin id="1205" dir="0" index="0" bw="8" slack="1"/>
<pin id="1206" dir="0" index="1" bw="8" slack="0"/>
<pin id="1207" dir="0" index="2" bw="16" slack="2147483647"/>
<pin id="1208" dir="1" index="3" bw="16" slack="8"/>
</pin_list>
<bind>
<opcode="muladd(1172) " fcode="muladd"/>
<opset="mul_ln22_72/4 add_ln22_57/6 "/>
</bind>
</comp>

<comp id="1210" class="1007" name="grp_fu_1210">
<pin_list>
<pin id="1211" dir="0" index="0" bw="8" slack="0"/>
<pin id="1212" dir="0" index="1" bw="8" slack="2"/>
<pin id="1213" dir="0" index="2" bw="16" slack="2147483647"/>
<pin id="1214" dir="1" index="3" bw="16" slack="8"/>
</pin_list>
<bind>
<opcode="muladd(1172) " fcode="muladd"/>
<opset="mul_ln22_77/4 add_ln22_61/6 "/>
</bind>
</comp>

<comp id="1216" class="1007" name="grp_fu_1216">
<pin_list>
<pin id="1217" dir="0" index="0" bw="8" slack="1"/>
<pin id="1218" dir="0" index="1" bw="8" slack="3"/>
<pin id="1219" dir="0" index="2" bw="16" slack="2147483647"/>
<pin id="1220" dir="1" index="3" bw="16" slack="7"/>
</pin_list>
<bind>
<opcode="muladd(1172) " fcode="muladd"/>
<opset="mul_ln22_82/5 add_ln22_65/7 "/>
</bind>
</comp>

<comp id="1221" class="1007" name="grp_fu_1221">
<pin_list>
<pin id="1222" dir="0" index="0" bw="8" slack="1"/>
<pin id="1223" dir="0" index="1" bw="8" slack="2"/>
<pin id="1224" dir="0" index="2" bw="16" slack="2147483647"/>
<pin id="1225" dir="1" index="3" bw="16" slack="7"/>
</pin_list>
<bind>
<opcode="muladd(1172) " fcode="muladd"/>
<opset="mul_ln22_87/5 add_ln22_69/7 "/>
</bind>
</comp>

<comp id="1226" class="1007" name="grp_fu_1226">
<pin_list>
<pin id="1227" dir="0" index="0" bw="8" slack="1"/>
<pin id="1228" dir="0" index="1" bw="8" slack="2"/>
<pin id="1229" dir="0" index="2" bw="16" slack="2147483647"/>
<pin id="1230" dir="1" index="3" bw="16" slack="7"/>
</pin_list>
<bind>
<opcode="muladd(1172) " fcode="muladd"/>
<opset="mul_ln22_92/5 add_ln22_73/7 "/>
</bind>
</comp>

<comp id="1231" class="1007" name="grp_fu_1231">
<pin_list>
<pin id="1232" dir="0" index="0" bw="8" slack="1"/>
<pin id="1233" dir="0" index="1" bw="8" slack="1"/>
<pin id="1234" dir="0" index="2" bw="16" slack="2147483647"/>
<pin id="1235" dir="1" index="3" bw="16" slack="7"/>
</pin_list>
<bind>
<opcode="muladd(1172) " fcode="muladd"/>
<opset="mul_ln22_97/5 add_ln22_77/7 "/>
</bind>
</comp>

<comp id="1236" class="1007" name="grp_fu_1236">
<pin_list>
<pin id="1237" dir="0" index="0" bw="8" slack="0"/>
<pin id="1238" dir="0" index="1" bw="8" slack="3"/>
<pin id="1239" dir="0" index="2" bw="16" slack="0"/>
<pin id="1240" dir="1" index="3" bw="16" slack="8"/>
</pin_list>
<bind>
<opcode="muladd(1172) " fcode="muladd"/>
<opset="mul_ln22_102/5 add_ln22_81/7 "/>
</bind>
</comp>

<comp id="1243" class="1007" name="grp_fu_1243">
<pin_list>
<pin id="1244" dir="0" index="0" bw="8" slack="0"/>
<pin id="1245" dir="0" index="1" bw="8" slack="3"/>
<pin id="1246" dir="0" index="2" bw="16" slack="0"/>
<pin id="1247" dir="1" index="3" bw="16" slack="8"/>
</pin_list>
<bind>
<opcode="muladd(1172) " fcode="muladd"/>
<opset="mul_ln22_107/5 add_ln22_85/7 "/>
</bind>
</comp>

<comp id="1250" class="1007" name="grp_fu_1250">
<pin_list>
<pin id="1251" dir="0" index="0" bw="8" slack="0"/>
<pin id="1252" dir="0" index="1" bw="8" slack="0"/>
<pin id="1253" dir="0" index="2" bw="16" slack="0"/>
<pin id="1254" dir="1" index="3" bw="16" slack="1"/>
</pin_list>
<bind>
<opcode="muladd(1172) " fcode="muladd"/>
<opset="mul_ln22/6 add_ln22/8 "/>
</bind>
</comp>

<comp id="1258" class="1007" name="grp_fu_1258">
<pin_list>
<pin id="1259" dir="0" index="0" bw="8" slack="0"/>
<pin id="1260" dir="0" index="1" bw="8" slack="0"/>
<pin id="1261" dir="0" index="2" bw="16" slack="0"/>
<pin id="1262" dir="1" index="3" bw="16" slack="1"/>
</pin_list>
<bind>
<opcode="muladd(1172) " fcode="muladd"/>
<opset="mul_ln22_5/6 add_ln22_4/8 "/>
</bind>
</comp>

<comp id="1266" class="1007" name="grp_fu_1266">
<pin_list>
<pin id="1267" dir="0" index="0" bw="8" slack="0"/>
<pin id="1268" dir="0" index="1" bw="8" slack="0"/>
<pin id="1269" dir="0" index="2" bw="16" slack="0"/>
<pin id="1270" dir="1" index="3" bw="16" slack="2"/>
</pin_list>
<bind>
<opcode="muladd(1172) " fcode="muladd"/>
<opset="mul_ln22_10/6 add_ln22_8/8 "/>
</bind>
</comp>

<comp id="1274" class="1007" name="grp_fu_1274">
<pin_list>
<pin id="1275" dir="0" index="0" bw="8" slack="1"/>
<pin id="1276" dir="0" index="1" bw="8" slack="3"/>
<pin id="1277" dir="0" index="2" bw="16" slack="2147483647"/>
<pin id="1278" dir="1" index="3" bw="16" slack="7"/>
</pin_list>
<bind>
<opcode="muladd(1172) " fcode="muladd"/>
<opset="mul_ln22_112/6 add_ln22_89/8 "/>
</bind>
</comp>

<comp id="1279" class="1007" name="grp_fu_1279">
<pin_list>
<pin id="1280" dir="0" index="0" bw="8" slack="1"/>
<pin id="1281" dir="0" index="1" bw="8" slack="3"/>
<pin id="1282" dir="0" index="2" bw="16" slack="2147483647"/>
<pin id="1283" dir="1" index="3" bw="16" slack="7"/>
</pin_list>
<bind>
<opcode="muladd(1172) " fcode="muladd"/>
<opset="mul_ln22_117/6 add_ln22_93/8 "/>
</bind>
</comp>

<comp id="1284" class="1007" name="grp_fu_1284">
<pin_list>
<pin id="1285" dir="0" index="0" bw="8" slack="1"/>
<pin id="1286" dir="0" index="1" bw="8" slack="2"/>
<pin id="1287" dir="0" index="2" bw="16" slack="0"/>
<pin id="1288" dir="1" index="3" bw="16" slack="7"/>
</pin_list>
<bind>
<opcode="muladd(1172) " fcode="muladd"/>
<opset="mul_ln22_122/6 add_ln22_97/8 "/>
</bind>
</comp>

<comp id="1290" class="1007" name="grp_fu_1290">
<pin_list>
<pin id="1291" dir="0" index="0" bw="8" slack="0"/>
<pin id="1292" dir="0" index="1" bw="8" slack="0"/>
<pin id="1293" dir="0" index="2" bw="16" slack="2147483647"/>
<pin id="1294" dir="1" index="3" bw="16" slack="0"/>
</pin_list>
<bind>
<opcode="muladd(1172) " fcode="muladd"/>
<opset="mul_ln22_4/7 add_ln22_2/9 "/>
</bind>
</comp>

<comp id="1298" class="1007" name="grp_fu_1298">
<pin_list>
<pin id="1299" dir="0" index="0" bw="8" slack="0"/>
<pin id="1300" dir="0" index="1" bw="8" slack="0"/>
<pin id="1301" dir="0" index="2" bw="16" slack="2147483647"/>
<pin id="1302" dir="1" index="3" bw="16" slack="0"/>
</pin_list>
<bind>
<opcode="muladd(1172) " fcode="muladd"/>
<opset="mul_ln22_9/7 add_ln22_6/9 "/>
</bind>
</comp>

<comp id="1306" class="1007" name="grp_fu_1306">
<pin_list>
<pin id="1307" dir="0" index="0" bw="8" slack="0"/>
<pin id="1308" dir="0" index="1" bw="8" slack="1"/>
<pin id="1309" dir="0" index="2" bw="16" slack="0"/>
<pin id="1310" dir="1" index="3" bw="16" slack="1"/>
</pin_list>
<bind>
<opcode="muladd(1172) " fcode="muladd"/>
<opset="mul_ln22_15/7 add_ln22_12/9 "/>
</bind>
</comp>

<comp id="1313" class="1007" name="grp_fu_1313">
<pin_list>
<pin id="1314" dir="0" index="0" bw="8" slack="0"/>
<pin id="1315" dir="0" index="1" bw="8" slack="1"/>
<pin id="1316" dir="0" index="2" bw="16" slack="0"/>
<pin id="1317" dir="1" index="3" bw="16" slack="2"/>
</pin_list>
<bind>
<opcode="muladd(1172) " fcode="muladd"/>
<opset="mul_ln22_20/7 add_ln22_16/9 "/>
</bind>
</comp>

<comp id="1320" class="1007" name="grp_fu_1320">
<pin_list>
<pin id="1321" dir="0" index="0" bw="8" slack="0"/>
<pin id="1322" dir="0" index="1" bw="8" slack="1"/>
<pin id="1323" dir="0" index="2" bw="16" slack="0"/>
<pin id="1324" dir="1" index="3" bw="16" slack="2"/>
</pin_list>
<bind>
<opcode="muladd(1172) " fcode="muladd"/>
<opset="mul_ln22_25/7 add_ln22_20/9 "/>
</bind>
</comp>

<comp id="1327" class="1007" name="grp_fu_1327">
<pin_list>
<pin id="1328" dir="0" index="0" bw="8" slack="0"/>
<pin id="1329" dir="0" index="1" bw="8" slack="1"/>
<pin id="1330" dir="0" index="2" bw="16" slack="0"/>
<pin id="1331" dir="1" index="3" bw="16" slack="3"/>
</pin_list>
<bind>
<opcode="muladd(1172) " fcode="muladd"/>
<opset="mul_ln22_30/7 add_ln22_24/9 "/>
</bind>
</comp>

<comp id="1334" class="1007" name="grp_fu_1334">
<pin_list>
<pin id="1335" dir="0" index="0" bw="8" slack="0"/>
<pin id="1336" dir="0" index="1" bw="8" slack="1"/>
<pin id="1337" dir="0" index="2" bw="16" slack="2147483647"/>
<pin id="1338" dir="1" index="3" bw="16" slack="0"/>
</pin_list>
<bind>
<opcode="muladd(1172) " fcode="muladd"/>
<opset="mul_ln22_14/8 add_ln22_10/10 "/>
</bind>
</comp>

<comp id="1341" class="1007" name="grp_fu_1341">
<pin_list>
<pin id="1342" dir="0" index="0" bw="8" slack="0"/>
<pin id="1343" dir="0" index="1" bw="8" slack="1"/>
<pin id="1344" dir="0" index="2" bw="16" slack="2147483647"/>
<pin id="1345" dir="1" index="3" bw="16" slack="0"/>
</pin_list>
<bind>
<opcode="muladd(1172) " fcode="muladd"/>
<opset="mul_ln22_19/8 add_ln22_14/10 "/>
</bind>
</comp>

<comp id="1348" class="1007" name="grp_fu_1348">
<pin_list>
<pin id="1349" dir="0" index="0" bw="8" slack="1"/>
<pin id="1350" dir="0" index="1" bw="8" slack="2"/>
<pin id="1351" dir="0" index="2" bw="16" slack="0"/>
<pin id="1352" dir="1" index="3" bw="16" slack="2"/>
</pin_list>
<bind>
<opcode="muladd(1172) " fcode="muladd"/>
<opset="mul_ln22_35/8 add_ln22_28/10 "/>
</bind>
</comp>

<comp id="1354" class="1007" name="grp_fu_1354">
<pin_list>
<pin id="1355" dir="0" index="0" bw="8" slack="1"/>
<pin id="1356" dir="0" index="1" bw="8" slack="1"/>
<pin id="1357" dir="0" index="2" bw="16" slack="0"/>
<pin id="1358" dir="1" index="3" bw="16" slack="3"/>
</pin_list>
<bind>
<opcode="muladd(1172) " fcode="muladd"/>
<opset="mul_ln22_40/8 add_ln22_32/10 "/>
</bind>
</comp>

<comp id="1360" class="1007" name="grp_fu_1360">
<pin_list>
<pin id="1361" dir="0" index="0" bw="8" slack="1"/>
<pin id="1362" dir="0" index="1" bw="8" slack="1"/>
<pin id="1363" dir="0" index="2" bw="16" slack="0"/>
<pin id="1364" dir="1" index="3" bw="16" slack="3"/>
</pin_list>
<bind>
<opcode="muladd(1172) " fcode="muladd"/>
<opset="mul_ln22_45/8 add_ln22_36/10 "/>
</bind>
</comp>

<comp id="1366" class="1007" name="grp_fu_1366">
<pin_list>
<pin id="1367" dir="0" index="0" bw="8" slack="0"/>
<pin id="1368" dir="0" index="1" bw="8" slack="2"/>
<pin id="1369" dir="0" index="2" bw="16" slack="0"/>
<pin id="1370" dir="1" index="3" bw="16" slack="4"/>
</pin_list>
<bind>
<opcode="muladd(1172) " fcode="muladd"/>
<opset="mul_ln22_50/8 add_ln22_40/10 "/>
</bind>
</comp>

<comp id="1373" class="1007" name="grp_fu_1373">
<pin_list>
<pin id="1374" dir="0" index="0" bw="8" slack="0"/>
<pin id="1375" dir="0" index="1" bw="8" slack="2"/>
<pin id="1376" dir="0" index="2" bw="16" slack="2147483647"/>
<pin id="1377" dir="1" index="3" bw="16" slack="0"/>
</pin_list>
<bind>
<opcode="muladd(1172) " fcode="muladd"/>
<opset="mul_ln22_24/9 add_ln22_18/11 "/>
</bind>
</comp>

<comp id="1380" class="1007" name="grp_fu_1380">
<pin_list>
<pin id="1381" dir="0" index="0" bw="8" slack="0"/>
<pin id="1382" dir="0" index="1" bw="8" slack="2"/>
<pin id="1383" dir="0" index="2" bw="16" slack="2147483647"/>
<pin id="1384" dir="1" index="3" bw="16" slack="0"/>
</pin_list>
<bind>
<opcode="muladd(1172) " fcode="muladd"/>
<opset="mul_ln22_29/9 add_ln22_22/11 "/>
</bind>
</comp>

<comp id="1387" class="1007" name="grp_fu_1387">
<pin_list>
<pin id="1388" dir="0" index="0" bw="8" slack="1"/>
<pin id="1389" dir="0" index="1" bw="8" slack="3"/>
<pin id="1390" dir="0" index="2" bw="16" slack="0"/>
<pin id="1391" dir="1" index="3" bw="16" slack="3"/>
</pin_list>
<bind>
<opcode="muladd(1172) " fcode="muladd"/>
<opset="mul_ln22_55/9 add_ln22_44/11 "/>
</bind>
</comp>

<comp id="1393" class="1007" name="grp_fu_1393">
<pin_list>
<pin id="1394" dir="0" index="0" bw="8" slack="1"/>
<pin id="1395" dir="0" index="1" bw="8" slack="3"/>
<pin id="1396" dir="0" index="2" bw="16" slack="0"/>
<pin id="1397" dir="1" index="3" bw="16" slack="3"/>
</pin_list>
<bind>
<opcode="muladd(1172) " fcode="muladd"/>
<opset="mul_ln22_60/9 add_ln22_48/11 "/>
</bind>
</comp>

<comp id="1399" class="1007" name="grp_fu_1399">
<pin_list>
<pin id="1400" dir="0" index="0" bw="8" slack="1"/>
<pin id="1401" dir="0" index="1" bw="8" slack="2"/>
<pin id="1402" dir="0" index="2" bw="16" slack="0"/>
<pin id="1403" dir="1" index="3" bw="16" slack="3"/>
</pin_list>
<bind>
<opcode="muladd(1172) " fcode="muladd"/>
<opset="mul_ln22_65/9 add_ln22_52/11 "/>
</bind>
</comp>

<comp id="1405" class="1007" name="grp_fu_1405">
<pin_list>
<pin id="1406" dir="0" index="0" bw="8" slack="1"/>
<pin id="1407" dir="0" index="1" bw="8" slack="2"/>
<pin id="1408" dir="0" index="2" bw="16" slack="0"/>
<pin id="1409" dir="1" index="3" bw="16" slack="4"/>
</pin_list>
<bind>
<opcode="muladd(1172) " fcode="muladd"/>
<opset="mul_ln22_70/9 add_ln22_56/11 "/>
</bind>
</comp>

<comp id="1411" class="1007" name="grp_fu_1411">
<pin_list>
<pin id="1412" dir="0" index="0" bw="8" slack="1"/>
<pin id="1413" dir="0" index="1" bw="8" slack="3"/>
<pin id="1414" dir="0" index="2" bw="16" slack="2147483647"/>
<pin id="1415" dir="1" index="3" bw="16" slack="0"/>
</pin_list>
<bind>
<opcode="muladd(1172) " fcode="muladd"/>
<opset="mul_ln22_34/10 add_ln22_26/12 "/>
</bind>
</comp>

<comp id="1417" class="1007" name="grp_fu_1417">
<pin_list>
<pin id="1418" dir="0" index="0" bw="8" slack="1"/>
<pin id="1419" dir="0" index="1" bw="8" slack="2"/>
<pin id="1420" dir="0" index="2" bw="16" slack="2147483647"/>
<pin id="1421" dir="1" index="3" bw="16" slack="0"/>
</pin_list>
<bind>
<opcode="muladd(1172) " fcode="muladd"/>
<opset="mul_ln22_39/10 add_ln22_30/12 "/>
</bind>
</comp>

<comp id="1423" class="1007" name="grp_fu_1423">
<pin_list>
<pin id="1424" dir="0" index="0" bw="8" slack="0"/>
<pin id="1425" dir="0" index="1" bw="8" slack="4"/>
<pin id="1426" dir="0" index="2" bw="16" slack="0"/>
<pin id="1427" dir="1" index="3" bw="16" slack="3"/>
</pin_list>
<bind>
<opcode="muladd(1172) " fcode="muladd"/>
<opset="mul_ln22_75/10 add_ln22_60/12 "/>
</bind>
</comp>

<comp id="1430" class="1007" name="grp_fu_1430">
<pin_list>
<pin id="1431" dir="0" index="0" bw="8" slack="0"/>
<pin id="1432" dir="0" index="1" bw="8" slack="4"/>
<pin id="1433" dir="0" index="2" bw="16" slack="0"/>
<pin id="1434" dir="1" index="3" bw="16" slack="3"/>
</pin_list>
<bind>
<opcode="muladd(1172) " fcode="muladd"/>
<opset="mul_ln22_80/10 add_ln22_64/12 "/>
</bind>
</comp>

<comp id="1437" class="1007" name="grp_fu_1437">
<pin_list>
<pin id="1438" dir="0" index="0" bw="8" slack="0"/>
<pin id="1439" dir="0" index="1" bw="8" slack="4"/>
<pin id="1440" dir="0" index="2" bw="16" slack="0"/>
<pin id="1441" dir="1" index="3" bw="16" slack="3"/>
</pin_list>
<bind>
<opcode="muladd(1172) " fcode="muladd"/>
<opset="mul_ln22_85/10 add_ln22_68/12 "/>
</bind>
</comp>

<comp id="1444" class="1007" name="grp_fu_1444">
<pin_list>
<pin id="1445" dir="0" index="0" bw="8" slack="0"/>
<pin id="1446" dir="0" index="1" bw="8" slack="3"/>
<pin id="1447" dir="0" index="2" bw="16" slack="0"/>
<pin id="1448" dir="1" index="3" bw="16" slack="3"/>
</pin_list>
<bind>
<opcode="muladd(1172) " fcode="muladd"/>
<opset="mul_ln22_90/10 add_ln22_72/12 "/>
</bind>
</comp>

<comp id="1451" class="1007" name="grp_fu_1451">
<pin_list>
<pin id="1452" dir="0" index="0" bw="8" slack="2"/>
<pin id="1453" dir="0" index="1" bw="8" slack="3"/>
<pin id="1454" dir="0" index="2" bw="16" slack="2147483647"/>
<pin id="1455" dir="1" index="3" bw="16" slack="0"/>
</pin_list>
<bind>
<opcode="muladd(1172) " fcode="muladd"/>
<opset="mul_ln22_44/11 add_ln22_34/13 "/>
</bind>
</comp>

<comp id="1457" class="1007" name="grp_fu_1457">
<pin_list>
<pin id="1458" dir="0" index="0" bw="8" slack="2"/>
<pin id="1459" dir="0" index="1" bw="8" slack="2"/>
<pin id="1460" dir="0" index="2" bw="16" slack="2147483647"/>
<pin id="1461" dir="1" index="3" bw="16" slack="0"/>
</pin_list>
<bind>
<opcode="muladd(1172) " fcode="muladd"/>
<opset="mul_ln22_49/11 add_ln22_38/13 "/>
</bind>
</comp>

<comp id="1463" class="1007" name="grp_fu_1463">
<pin_list>
<pin id="1464" dir="0" index="0" bw="8" slack="1"/>
<pin id="1465" dir="0" index="1" bw="8" slack="4"/>
<pin id="1466" dir="0" index="2" bw="16" slack="0"/>
<pin id="1467" dir="1" index="3" bw="16" slack="2"/>
</pin_list>
<bind>
<opcode="muladd(1172) " fcode="muladd"/>
<opset="mul_ln22_95/11 add_ln22_76/13 "/>
</bind>
</comp>

<comp id="1469" class="1007" name="grp_fu_1469">
<pin_list>
<pin id="1470" dir="0" index="0" bw="8" slack="0"/>
<pin id="1471" dir="0" index="1" bw="8" slack="5"/>
<pin id="1472" dir="0" index="2" bw="16" slack="0"/>
<pin id="1473" dir="1" index="3" bw="16" slack="3"/>
</pin_list>
<bind>
<opcode="muladd(1172) " fcode="muladd"/>
<opset="mul_ln22_100/11 add_ln22_80/13 "/>
</bind>
</comp>

<comp id="1476" class="1007" name="grp_fu_1476">
<pin_list>
<pin id="1477" dir="0" index="0" bw="8" slack="0"/>
<pin id="1478" dir="0" index="1" bw="8" slack="5"/>
<pin id="1479" dir="0" index="2" bw="16" slack="0"/>
<pin id="1480" dir="1" index="3" bw="16" slack="3"/>
</pin_list>
<bind>
<opcode="muladd(1172) " fcode="muladd"/>
<opset="mul_ln22_105/11 add_ln22_84/13 "/>
</bind>
</comp>

<comp id="1483" class="1007" name="grp_fu_1483">
<pin_list>
<pin id="1484" dir="0" index="0" bw="8" slack="0"/>
<pin id="1485" dir="0" index="1" bw="8" slack="5"/>
<pin id="1486" dir="0" index="2" bw="16" slack="0"/>
<pin id="1487" dir="1" index="3" bw="16" slack="3"/>
</pin_list>
<bind>
<opcode="muladd(1172) " fcode="muladd"/>
<opset="mul_ln22_110/11 add_ln22_88/13 "/>
</bind>
</comp>

<comp id="1490" class="1007" name="grp_fu_1490">
<pin_list>
<pin id="1491" dir="0" index="0" bw="8" slack="0"/>
<pin id="1492" dir="0" index="1" bw="8" slack="5"/>
<pin id="1493" dir="0" index="2" bw="16" slack="2147483647"/>
<pin id="1494" dir="1" index="3" bw="16" slack="0"/>
</pin_list>
<bind>
<opcode="muladd(1172) " fcode="muladd"/>
<opset="mul_ln22_54/12 add_ln22_42/14 "/>
</bind>
</comp>

<comp id="1497" class="1007" name="grp_fu_1497">
<pin_list>
<pin id="1498" dir="0" index="0" bw="8" slack="0"/>
<pin id="1499" dir="0" index="1" bw="8" slack="5"/>
<pin id="1500" dir="0" index="2" bw="16" slack="2147483647"/>
<pin id="1501" dir="1" index="3" bw="16" slack="0"/>
</pin_list>
<bind>
<opcode="muladd(1172) " fcode="muladd"/>
<opset="mul_ln22_59/12 add_ln22_46/14 "/>
</bind>
</comp>

<comp id="1504" class="1007" name="grp_fu_1504">
<pin_list>
<pin id="1505" dir="0" index="0" bw="8" slack="0"/>
<pin id="1506" dir="0" index="1" bw="8" slack="4"/>
<pin id="1507" dir="0" index="2" bw="16" slack="2147483647"/>
<pin id="1508" dir="1" index="3" bw="16" slack="0"/>
</pin_list>
<bind>
<opcode="muladd(1172) " fcode="muladd"/>
<opset="mul_ln22_64/12 add_ln22_50/14 "/>
</bind>
</comp>

<comp id="1511" class="1007" name="grp_fu_1511">
<pin_list>
<pin id="1512" dir="0" index="0" bw="8" slack="0"/>
<pin id="1513" dir="0" index="1" bw="8" slack="4"/>
<pin id="1514" dir="0" index="2" bw="16" slack="2147483647"/>
<pin id="1515" dir="1" index="3" bw="16" slack="0"/>
</pin_list>
<bind>
<opcode="muladd(1172) " fcode="muladd"/>
<opset="mul_ln22_69/12 add_ln22_54/14 "/>
</bind>
</comp>

<comp id="1518" class="1007" name="grp_fu_1518">
<pin_list>
<pin id="1519" dir="0" index="0" bw="8" slack="1"/>
<pin id="1520" dir="0" index="1" bw="8" slack="5"/>
<pin id="1521" dir="0" index="2" bw="16" slack="0"/>
<pin id="1522" dir="1" index="3" bw="16" slack="2"/>
</pin_list>
<bind>
<opcode="muladd(1172) " fcode="muladd"/>
<opset="mul_ln22_115/12 add_ln22_92/14 "/>
</bind>
</comp>

<comp id="1524" class="1007" name="grp_fu_1524">
<pin_list>
<pin id="1525" dir="0" index="0" bw="8" slack="1"/>
<pin id="1526" dir="0" index="1" bw="8" slack="5"/>
<pin id="1527" dir="0" index="2" bw="16" slack="0"/>
<pin id="1528" dir="1" index="3" bw="16" slack="2"/>
</pin_list>
<bind>
<opcode="muladd(1172) " fcode="muladd"/>
<opset="mul_ln22_120/12 add_ln22_96/14 "/>
</bind>
</comp>

<comp id="1530" class="1007" name="grp_fu_1530">
<pin_list>
<pin id="1531" dir="0" index="0" bw="8" slack="1"/>
<pin id="1532" dir="0" index="1" bw="8" slack="4"/>
<pin id="1533" dir="0" index="2" bw="16" slack="2147483647"/>
<pin id="1534" dir="1" index="3" bw="16" slack="0"/>
</pin_list>
<bind>
<opcode="muladd(1172) " fcode="muladd"/>
<opset="mul_ln22_74/13 add_ln22_58/15 "/>
</bind>
</comp>

<comp id="1536" class="1007" name="grp_fu_1536">
<pin_list>
<pin id="1537" dir="0" index="0" bw="8" slack="0"/>
<pin id="1538" dir="0" index="1" bw="8" slack="6"/>
<pin id="1539" dir="0" index="2" bw="16" slack="2147483647"/>
<pin id="1540" dir="1" index="3" bw="16" slack="0"/>
</pin_list>
<bind>
<opcode="muladd(1172) " fcode="muladd"/>
<opset="mul_ln22_79/13 add_ln22_62/15 "/>
</bind>
</comp>

<comp id="1543" class="1007" name="grp_fu_1543">
<pin_list>
<pin id="1544" dir="0" index="0" bw="8" slack="0"/>
<pin id="1545" dir="0" index="1" bw="8" slack="6"/>
<pin id="1546" dir="0" index="2" bw="16" slack="2147483647"/>
<pin id="1547" dir="1" index="3" bw="16" slack="0"/>
</pin_list>
<bind>
<opcode="muladd(1172) " fcode="muladd"/>
<opset="mul_ln22_84/13 add_ln22_66/15 "/>
</bind>
</comp>

<comp id="1550" class="1007" name="grp_fu_1550">
<pin_list>
<pin id="1551" dir="0" index="0" bw="8" slack="0"/>
<pin id="1552" dir="0" index="1" bw="8" slack="5"/>
<pin id="1553" dir="0" index="2" bw="16" slack="2147483647"/>
<pin id="1554" dir="1" index="3" bw="16" slack="0"/>
</pin_list>
<bind>
<opcode="muladd(1172) " fcode="muladd"/>
<opset="mul_ln22_89/13 add_ln22_70/15 "/>
</bind>
</comp>

<comp id="1557" class="1007" name="grp_fu_1557">
<pin_list>
<pin id="1558" dir="0" index="0" bw="8" slack="0"/>
<pin id="1559" dir="0" index="1" bw="8" slack="5"/>
<pin id="1560" dir="0" index="2" bw="16" slack="2147483647"/>
<pin id="1561" dir="1" index="3" bw="16" slack="0"/>
</pin_list>
<bind>
<opcode="muladd(1172) " fcode="muladd"/>
<opset="mul_ln22_94/13 add_ln22_74/15 "/>
</bind>
</comp>

<comp id="1564" class="1007" name="grp_fu_1564">
<pin_list>
<pin id="1565" dir="0" index="0" bw="8" slack="0"/>
<pin id="1566" dir="0" index="1" bw="8" slack="4"/>
<pin id="1567" dir="0" index="2" bw="16" slack="2147483647"/>
<pin id="1568" dir="1" index="3" bw="16" slack="0"/>
</pin_list>
<bind>
<opcode="muladd(1172) " fcode="muladd"/>
<opset="mul_ln22_99/13 add_ln22_78/15 "/>
</bind>
</comp>

<comp id="1571" class="1007" name="grp_fu_1571">
<pin_list>
<pin id="1572" dir="0" index="0" bw="8" slack="0"/>
<pin id="1573" dir="0" index="1" bw="8" slack="7"/>
<pin id="1574" dir="0" index="2" bw="16" slack="2147483647"/>
<pin id="1575" dir="1" index="3" bw="16" slack="0"/>
</pin_list>
<bind>
<opcode="muladd(1172) " fcode="muladd"/>
<opset="mul_ln22_104/14 add_ln22_82/16 "/>
</bind>
</comp>

<comp id="1578" class="1007" name="grp_fu_1578">
<pin_list>
<pin id="1579" dir="0" index="0" bw="8" slack="0"/>
<pin id="1580" dir="0" index="1" bw="8" slack="7"/>
<pin id="1581" dir="0" index="2" bw="16" slack="2147483647"/>
<pin id="1582" dir="1" index="3" bw="16" slack="0"/>
</pin_list>
<bind>
<opcode="muladd(1172) " fcode="muladd"/>
<opset="mul_ln22_109/14 add_ln22_86/16 "/>
</bind>
</comp>

<comp id="1585" class="1007" name="grp_fu_1585">
<pin_list>
<pin id="1586" dir="0" index="0" bw="8" slack="0"/>
<pin id="1587" dir="0" index="1" bw="8" slack="6"/>
<pin id="1588" dir="0" index="2" bw="16" slack="2147483647"/>
<pin id="1589" dir="1" index="3" bw="16" slack="0"/>
</pin_list>
<bind>
<opcode="muladd(1172) " fcode="muladd"/>
<opset="mul_ln22_114/14 add_ln22_90/16 "/>
</bind>
</comp>

<comp id="1592" class="1007" name="grp_fu_1592">
<pin_list>
<pin id="1593" dir="0" index="0" bw="8" slack="0"/>
<pin id="1594" dir="0" index="1" bw="8" slack="6"/>
<pin id="1595" dir="0" index="2" bw="16" slack="2147483647"/>
<pin id="1596" dir="1" index="3" bw="16" slack="0"/>
</pin_list>
<bind>
<opcode="muladd(1172) " fcode="muladd"/>
<opset="mul_ln22_119/14 add_ln22_94/16 "/>
</bind>
</comp>

<comp id="1599" class="1007" name="grp_fu_1599">
<pin_list>
<pin id="1600" dir="0" index="0" bw="8" slack="0"/>
<pin id="1601" dir="0" index="1" bw="8" slack="5"/>
<pin id="1602" dir="0" index="2" bw="16" slack="2147483647"/>
<pin id="1603" dir="1" index="3" bw="16" slack="0"/>
</pin_list>
<bind>
<opcode="muladd(1172) " fcode="muladd"/>
<opset="mul_ln22_124/14 add_ln22_98/16 "/>
</bind>
</comp>

<comp id="1606" class="1005" name="a_addr_reg_1606">
<pin_list>
<pin id="1607" dir="0" index="0" bw="3" slack="1"/>
<pin id="1608" dir="1" index="1" bw="3" slack="1"/>
</pin_list>
<bind>
<opset="a_addr "/>
</bind>
</comp>

<comp id="1611" class="1005" name="b_addr_reg_1611">
<pin_list>
<pin id="1612" dir="0" index="0" bw="3" slack="1"/>
<pin id="1613" dir="1" index="1" bw="3" slack="1"/>
</pin_list>
<bind>
<opset="b_addr "/>
</bind>
</comp>

<comp id="1616" class="1005" name="b_addr_1_reg_1616">
<pin_list>
<pin id="1617" dir="0" index="0" bw="3" slack="1"/>
<pin id="1618" dir="1" index="1" bw="3" slack="1"/>
</pin_list>
<bind>
<opset="b_addr_1 "/>
</bind>
</comp>

<comp id="1621" class="1005" name="a_addr_1_reg_1621">
<pin_list>
<pin id="1622" dir="0" index="0" bw="3" slack="1"/>
<pin id="1623" dir="1" index="1" bw="3" slack="1"/>
</pin_list>
<bind>
<opset="a_addr_1 "/>
</bind>
</comp>

<comp id="1626" class="1005" name="trunc_ln22_reg_1626">
<pin_list>
<pin id="1627" dir="0" index="0" bw="8" slack="4"/>
<pin id="1628" dir="1" index="1" bw="8" slack="4"/>
</pin_list>
<bind>
<opset="trunc_ln22 "/>
</bind>
</comp>

<comp id="1631" class="1005" name="trunc_ln22_1_reg_1631">
<pin_list>
<pin id="1632" dir="0" index="0" bw="8" slack="4"/>
<pin id="1633" dir="1" index="1" bw="8" slack="4"/>
</pin_list>
<bind>
<opset="trunc_ln22_1 "/>
</bind>
</comp>

<comp id="1636" class="1005" name="tmp_reg_1636">
<pin_list>
<pin id="1637" dir="0" index="0" bw="8" slack="6"/>
<pin id="1638" dir="1" index="1" bw="8" slack="6"/>
</pin_list>
<bind>
<opset="tmp "/>
</bind>
</comp>

<comp id="1641" class="1005" name="tmp_1_reg_1641">
<pin_list>
<pin id="1642" dir="0" index="0" bw="8" slack="6"/>
<pin id="1643" dir="1" index="1" bw="8" slack="6"/>
</pin_list>
<bind>
<opset="tmp_1 "/>
</bind>
</comp>

<comp id="1646" class="1005" name="tmp_2_reg_1646">
<pin_list>
<pin id="1647" dir="0" index="0" bw="8" slack="5"/>
<pin id="1648" dir="1" index="1" bw="8" slack="5"/>
</pin_list>
<bind>
<opset="tmp_2 "/>
</bind>
</comp>

<comp id="1651" class="1005" name="tmp_3_reg_1651">
<pin_list>
<pin id="1652" dir="0" index="0" bw="8" slack="5"/>
<pin id="1653" dir="1" index="1" bw="8" slack="5"/>
</pin_list>
<bind>
<opset="tmp_3 "/>
</bind>
</comp>

<comp id="1656" class="1005" name="zext_ln22_6_reg_1656">
<pin_list>
<pin id="1657" dir="0" index="0" bw="16" slack="1"/>
<pin id="1658" dir="1" index="1" bw="16" slack="1"/>
</pin_list>
<bind>
<opset="zext_ln22_6 "/>
</bind>
</comp>

<comp id="1663" class="1005" name="zext_ln22_7_reg_1663">
<pin_list>
<pin id="1664" dir="0" index="0" bw="16" slack="2"/>
<pin id="1665" dir="1" index="1" bw="16" slack="2"/>
</pin_list>
<bind>
<opset="zext_ln22_7 "/>
</bind>
</comp>

<comp id="1670" class="1005" name="zext_ln22_8_reg_1670">
<pin_list>
<pin id="1671" dir="0" index="0" bw="16" slack="1"/>
<pin id="1672" dir="1" index="1" bw="16" slack="1"/>
</pin_list>
<bind>
<opset="zext_ln22_8 "/>
</bind>
</comp>

<comp id="1679" class="1005" name="zext_ln22_9_reg_1679">
<pin_list>
<pin id="1680" dir="0" index="0" bw="16" slack="1"/>
<pin id="1681" dir="1" index="1" bw="16" slack="1"/>
</pin_list>
<bind>
<opset="zext_ln22_9 "/>
</bind>
</comp>

<comp id="1688" class="1005" name="mul_ln22_3_reg_1688">
<pin_list>
<pin id="1689" dir="0" index="0" bw="16" slack="2"/>
<pin id="1690" dir="1" index="1" bw="16" slack="2"/>
</pin_list>
<bind>
<opset="mul_ln22_3 "/>
</bind>
</comp>

<comp id="1693" class="1005" name="trunc_ln22_2_reg_1693">
<pin_list>
<pin id="1694" dir="0" index="0" bw="8" slack="4"/>
<pin id="1695" dir="1" index="1" bw="8" slack="4"/>
</pin_list>
<bind>
<opset="trunc_ln22_2 "/>
</bind>
</comp>

<comp id="1698" class="1005" name="tmp_8_reg_1698">
<pin_list>
<pin id="1699" dir="0" index="0" bw="8" slack="6"/>
<pin id="1700" dir="1" index="1" bw="8" slack="6"/>
</pin_list>
<bind>
<opset="tmp_8 "/>
</bind>
</comp>

<comp id="1703" class="1005" name="tmp_9_reg_1703">
<pin_list>
<pin id="1704" dir="0" index="0" bw="8" slack="5"/>
<pin id="1705" dir="1" index="1" bw="8" slack="5"/>
</pin_list>
<bind>
<opset="tmp_9 "/>
</bind>
</comp>

<comp id="1708" class="1005" name="zext_ln22_13_reg_1708">
<pin_list>
<pin id="1709" dir="0" index="0" bw="16" slack="2"/>
<pin id="1710" dir="1" index="1" bw="16" slack="2"/>
</pin_list>
<bind>
<opset="zext_ln22_13 "/>
</bind>
</comp>

<comp id="1715" class="1005" name="zext_ln22_14_reg_1715">
<pin_list>
<pin id="1716" dir="0" index="0" bw="16" slack="1"/>
<pin id="1717" dir="1" index="1" bw="16" slack="1"/>
</pin_list>
<bind>
<opset="zext_ln22_14 "/>
</bind>
</comp>

<comp id="1724" class="1005" name="mul_ln22_8_reg_1724">
<pin_list>
<pin id="1725" dir="0" index="0" bw="16" slack="2"/>
<pin id="1726" dir="1" index="1" bw="16" slack="2"/>
</pin_list>
<bind>
<opset="mul_ln22_8 "/>
</bind>
</comp>

<comp id="1729" class="1005" name="b_addr_2_reg_1729">
<pin_list>
<pin id="1730" dir="0" index="0" bw="3" slack="1"/>
<pin id="1731" dir="1" index="1" bw="3" slack="1"/>
</pin_list>
<bind>
<opset="b_addr_2 "/>
</bind>
</comp>

<comp id="1734" class="1005" name="b_addr_3_reg_1734">
<pin_list>
<pin id="1735" dir="0" index="0" bw="3" slack="1"/>
<pin id="1736" dir="1" index="1" bw="3" slack="1"/>
</pin_list>
<bind>
<opset="b_addr_3 "/>
</bind>
</comp>

<comp id="1739" class="1005" name="trunc_ln22_6_reg_1739">
<pin_list>
<pin id="1740" dir="0" index="0" bw="8" slack="5"/>
<pin id="1741" dir="1" index="1" bw="8" slack="5"/>
</pin_list>
<bind>
<opset="trunc_ln22_6 "/>
</bind>
</comp>

<comp id="1744" class="1005" name="tmp_23_reg_1744">
<pin_list>
<pin id="1745" dir="0" index="0" bw="8" slack="7"/>
<pin id="1746" dir="1" index="1" bw="8" slack="7"/>
</pin_list>
<bind>
<opset="tmp_23 "/>
</bind>
</comp>

<comp id="1749" class="1005" name="tmp_24_reg_1749">
<pin_list>
<pin id="1750" dir="0" index="0" bw="8" slack="7"/>
<pin id="1751" dir="1" index="1" bw="8" slack="7"/>
</pin_list>
<bind>
<opset="tmp_24 "/>
</bind>
</comp>

<comp id="1754" class="1005" name="zext_ln22_33_reg_1754">
<pin_list>
<pin id="1755" dir="0" index="0" bw="16" slack="1"/>
<pin id="1756" dir="1" index="1" bw="16" slack="1"/>
</pin_list>
<bind>
<opset="zext_ln22_33 "/>
</bind>
</comp>

<comp id="1761" class="1005" name="zext_ln22_34_reg_1761">
<pin_list>
<pin id="1762" dir="0" index="0" bw="16" slack="1"/>
<pin id="1763" dir="1" index="1" bw="16" slack="1"/>
</pin_list>
<bind>
<opset="zext_ln22_34 "/>
</bind>
</comp>

<comp id="1770" class="1005" name="mul_ln22_28_reg_1770">
<pin_list>
<pin id="1771" dir="0" index="0" bw="16" slack="2"/>
<pin id="1772" dir="1" index="1" bw="16" slack="2"/>
</pin_list>
<bind>
<opset="mul_ln22_28 "/>
</bind>
</comp>

<comp id="1775" class="1005" name="mul_ln22_33_reg_1775">
<pin_list>
<pin id="1776" dir="0" index="0" bw="16" slack="2"/>
<pin id="1777" dir="1" index="1" bw="16" slack="2"/>
</pin_list>
<bind>
<opset="mul_ln22_33 "/>
</bind>
</comp>

<comp id="1780" class="1005" name="a_addr_2_reg_1780">
<pin_list>
<pin id="1781" dir="0" index="0" bw="3" slack="1"/>
<pin id="1782" dir="1" index="1" bw="3" slack="1"/>
</pin_list>
<bind>
<opset="a_addr_2 "/>
</bind>
</comp>

<comp id="1785" class="1005" name="a_addr_3_reg_1785">
<pin_list>
<pin id="1786" dir="0" index="0" bw="3" slack="1"/>
<pin id="1787" dir="1" index="1" bw="3" slack="1"/>
</pin_list>
<bind>
<opset="a_addr_3 "/>
</bind>
</comp>

<comp id="1790" class="1005" name="trunc_ln22_3_reg_1790">
<pin_list>
<pin id="1791" dir="0" index="0" bw="8" slack="3"/>
<pin id="1792" dir="1" index="1" bw="8" slack="3"/>
</pin_list>
<bind>
<opset="trunc_ln22_3 "/>
</bind>
</comp>

<comp id="1795" class="1005" name="tmp_11_reg_1795">
<pin_list>
<pin id="1796" dir="0" index="0" bw="8" slack="5"/>
<pin id="1797" dir="1" index="1" bw="8" slack="5"/>
</pin_list>
<bind>
<opset="tmp_11 "/>
</bind>
</comp>

<comp id="1800" class="1005" name="tmp_12_reg_1800">
<pin_list>
<pin id="1801" dir="0" index="0" bw="8" slack="5"/>
<pin id="1802" dir="1" index="1" bw="8" slack="5"/>
</pin_list>
<bind>
<opset="tmp_12 "/>
</bind>
</comp>

<comp id="1805" class="1005" name="zext_ln22_18_reg_1805">
<pin_list>
<pin id="1806" dir="0" index="0" bw="16" slack="2"/>
<pin id="1807" dir="1" index="1" bw="16" slack="2"/>
</pin_list>
<bind>
<opset="zext_ln22_18 "/>
</bind>
</comp>

<comp id="1812" class="1005" name="zext_ln22_19_reg_1812">
<pin_list>
<pin id="1813" dir="0" index="0" bw="16" slack="1"/>
<pin id="1814" dir="1" index="1" bw="16" slack="1"/>
</pin_list>
<bind>
<opset="zext_ln22_19 "/>
</bind>
</comp>

<comp id="1821" class="1005" name="mul_ln22_13_reg_1821">
<pin_list>
<pin id="1822" dir="0" index="0" bw="16" slack="2"/>
<pin id="1823" dir="1" index="1" bw="16" slack="2"/>
</pin_list>
<bind>
<opset="mul_ln22_13 "/>
</bind>
</comp>

<comp id="1826" class="1005" name="trunc_ln22_4_reg_1826">
<pin_list>
<pin id="1827" dir="0" index="0" bw="8" slack="4"/>
<pin id="1828" dir="1" index="1" bw="8" slack="4"/>
</pin_list>
<bind>
<opset="trunc_ln22_4 "/>
</bind>
</comp>

<comp id="1831" class="1005" name="tmp_15_reg_1831">
<pin_list>
<pin id="1832" dir="0" index="0" bw="8" slack="6"/>
<pin id="1833" dir="1" index="1" bw="8" slack="6"/>
</pin_list>
<bind>
<opset="tmp_15 "/>
</bind>
</comp>

<comp id="1836" class="1005" name="tmp_16_reg_1836">
<pin_list>
<pin id="1837" dir="0" index="0" bw="8" slack="5"/>
<pin id="1838" dir="1" index="1" bw="8" slack="5"/>
</pin_list>
<bind>
<opset="tmp_16 "/>
</bind>
</comp>

<comp id="1841" class="1005" name="zext_ln22_23_reg_1841">
<pin_list>
<pin id="1842" dir="0" index="0" bw="16" slack="2"/>
<pin id="1843" dir="1" index="1" bw="16" slack="2"/>
</pin_list>
<bind>
<opset="zext_ln22_23 "/>
</bind>
</comp>

<comp id="1848" class="1005" name="zext_ln22_24_reg_1848">
<pin_list>
<pin id="1849" dir="0" index="0" bw="16" slack="1"/>
<pin id="1850" dir="1" index="1" bw="16" slack="1"/>
</pin_list>
<bind>
<opset="zext_ln22_24 "/>
</bind>
</comp>

<comp id="1857" class="1005" name="mul_ln22_18_reg_1857">
<pin_list>
<pin id="1858" dir="0" index="0" bw="16" slack="2"/>
<pin id="1859" dir="1" index="1" bw="16" slack="2"/>
</pin_list>
<bind>
<opset="mul_ln22_18 "/>
</bind>
</comp>

<comp id="1862" class="1005" name="b_addr_4_reg_1862">
<pin_list>
<pin id="1863" dir="0" index="0" bw="3" slack="1"/>
<pin id="1864" dir="1" index="1" bw="3" slack="1"/>
</pin_list>
<bind>
<opset="b_addr_4 "/>
</bind>
</comp>

<comp id="1867" class="1005" name="mul_ln22_38_reg_1867">
<pin_list>
<pin id="1868" dir="0" index="0" bw="16" slack="2"/>
<pin id="1869" dir="1" index="1" bw="16" slack="2"/>
</pin_list>
<bind>
<opset="mul_ln22_38 "/>
</bind>
</comp>

<comp id="1872" class="1005" name="mul_ln22_43_reg_1872">
<pin_list>
<pin id="1873" dir="0" index="0" bw="16" slack="2"/>
<pin id="1874" dir="1" index="1" bw="16" slack="2"/>
</pin_list>
<bind>
<opset="mul_ln22_43 "/>
</bind>
</comp>

<comp id="1877" class="1005" name="trunc_ln22_7_reg_1877">
<pin_list>
<pin id="1878" dir="0" index="0" bw="8" slack="5"/>
<pin id="1879" dir="1" index="1" bw="8" slack="5"/>
</pin_list>
<bind>
<opset="trunc_ln22_7 "/>
</bind>
</comp>

<comp id="1882" class="1005" name="tmp_27_reg_1882">
<pin_list>
<pin id="1883" dir="0" index="0" bw="8" slack="7"/>
<pin id="1884" dir="1" index="1" bw="8" slack="7"/>
</pin_list>
<bind>
<opset="tmp_27 "/>
</bind>
</comp>

<comp id="1887" class="1005" name="tmp_28_reg_1887">
<pin_list>
<pin id="1888" dir="0" index="0" bw="8" slack="9"/>
<pin id="1889" dir="1" index="1" bw="8" slack="9"/>
</pin_list>
<bind>
<opset="tmp_28 "/>
</bind>
</comp>

<comp id="1892" class="1005" name="tmp_29_reg_1892">
<pin_list>
<pin id="1893" dir="0" index="0" bw="8" slack="1"/>
<pin id="1894" dir="1" index="1" bw="8" slack="1"/>
</pin_list>
<bind>
<opset="tmp_29 "/>
</bind>
</comp>

<comp id="1897" class="1005" name="zext_ln22_39_reg_1897">
<pin_list>
<pin id="1898" dir="0" index="0" bw="16" slack="1"/>
<pin id="1899" dir="1" index="1" bw="16" slack="1"/>
</pin_list>
<bind>
<opset="zext_ln22_39 "/>
</bind>
</comp>

<comp id="1906" class="1005" name="trunc_ln22_8_reg_1906">
<pin_list>
<pin id="1907" dir="0" index="0" bw="8" slack="7"/>
<pin id="1908" dir="1" index="1" bw="8" slack="7"/>
</pin_list>
<bind>
<opset="trunc_ln22_8 "/>
</bind>
</comp>

<comp id="1911" class="1005" name="tmp_31_reg_1911">
<pin_list>
<pin id="1912" dir="0" index="0" bw="8" slack="9"/>
<pin id="1913" dir="1" index="1" bw="8" slack="9"/>
</pin_list>
<bind>
<opset="tmp_31 "/>
</bind>
</comp>

<comp id="1916" class="1005" name="tmp_32_reg_1916">
<pin_list>
<pin id="1917" dir="0" index="0" bw="8" slack="10"/>
<pin id="1918" dir="1" index="1" bw="8" slack="10"/>
</pin_list>
<bind>
<opset="tmp_32 "/>
</bind>
</comp>

<comp id="1921" class="1005" name="tmp_33_reg_1921">
<pin_list>
<pin id="1922" dir="0" index="0" bw="8" slack="2"/>
<pin id="1923" dir="1" index="1" bw="8" slack="2"/>
</pin_list>
<bind>
<opset="tmp_33 "/>
</bind>
</comp>

<comp id="1926" class="1005" name="a_addr_4_reg_1926">
<pin_list>
<pin id="1927" dir="0" index="0" bw="3" slack="1"/>
<pin id="1928" dir="1" index="1" bw="3" slack="1"/>
</pin_list>
<bind>
<opset="a_addr_4 "/>
</bind>
</comp>

<comp id="1931" class="1005" name="trunc_ln22_5_reg_1931">
<pin_list>
<pin id="1932" dir="0" index="0" bw="8" slack="3"/>
<pin id="1933" dir="1" index="1" bw="8" slack="3"/>
</pin_list>
<bind>
<opset="trunc_ln22_5 "/>
</bind>
</comp>

<comp id="1936" class="1005" name="tmp_19_reg_1936">
<pin_list>
<pin id="1937" dir="0" index="0" bw="8" slack="5"/>
<pin id="1938" dir="1" index="1" bw="8" slack="5"/>
</pin_list>
<bind>
<opset="tmp_19 "/>
</bind>
</comp>

<comp id="1941" class="1005" name="tmp_20_reg_1941">
<pin_list>
<pin id="1942" dir="0" index="0" bw="8" slack="5"/>
<pin id="1943" dir="1" index="1" bw="8" slack="5"/>
</pin_list>
<bind>
<opset="tmp_20 "/>
</bind>
</comp>

<comp id="1946" class="1005" name="zext_ln22_28_reg_1946">
<pin_list>
<pin id="1947" dir="0" index="0" bw="16" slack="1"/>
<pin id="1948" dir="1" index="1" bw="16" slack="1"/>
</pin_list>
<bind>
<opset="zext_ln22_28 "/>
</bind>
</comp>

<comp id="1953" class="1005" name="zext_ln22_29_reg_1953">
<pin_list>
<pin id="1954" dir="0" index="0" bw="16" slack="1"/>
<pin id="1955" dir="1" index="1" bw="16" slack="1"/>
</pin_list>
<bind>
<opset="zext_ln22_29 "/>
</bind>
</comp>

<comp id="1962" class="1005" name="mul_ln22_23_reg_1962">
<pin_list>
<pin id="1963" dir="0" index="0" bw="16" slack="2"/>
<pin id="1964" dir="1" index="1" bw="16" slack="2"/>
</pin_list>
<bind>
<opset="mul_ln22_23 "/>
</bind>
</comp>

<comp id="1967" class="1005" name="mul_ln22_48_reg_1967">
<pin_list>
<pin id="1968" dir="0" index="0" bw="16" slack="2"/>
<pin id="1969" dir="1" index="1" bw="16" slack="2"/>
</pin_list>
<bind>
<opset="mul_ln22_48 "/>
</bind>
</comp>

<comp id="1972" class="1005" name="zext_ln22_38_reg_1972">
<pin_list>
<pin id="1973" dir="0" index="0" bw="16" slack="1"/>
<pin id="1974" dir="1" index="1" bw="16" slack="1"/>
</pin_list>
<bind>
<opset="zext_ln22_38 "/>
</bind>
</comp>

<comp id="1979" class="1005" name="mul_ln22_53_reg_1979">
<pin_list>
<pin id="1980" dir="0" index="0" bw="16" slack="1"/>
<pin id="1981" dir="1" index="1" bw="16" slack="1"/>
</pin_list>
<bind>
<opset="mul_ln22_53 "/>
</bind>
</comp>

<comp id="1984" class="1005" name="mul_ln22_58_reg_1984">
<pin_list>
<pin id="1985" dir="0" index="0" bw="16" slack="1"/>
<pin id="1986" dir="1" index="1" bw="16" slack="1"/>
</pin_list>
<bind>
<opset="mul_ln22_58 "/>
</bind>
</comp>

<comp id="1989" class="1005" name="zext_ln22_44_reg_1989">
<pin_list>
<pin id="1990" dir="0" index="0" bw="16" slack="1"/>
<pin id="1991" dir="1" index="1" bw="16" slack="1"/>
</pin_list>
<bind>
<opset="zext_ln22_44 "/>
</bind>
</comp>

<comp id="1998" class="1005" name="trunc_ln22_9_reg_1998">
<pin_list>
<pin id="1999" dir="0" index="0" bw="8" slack="7"/>
<pin id="2000" dir="1" index="1" bw="8" slack="7"/>
</pin_list>
<bind>
<opset="trunc_ln22_9 "/>
</bind>
</comp>

<comp id="2003" class="1005" name="tmp_35_reg_2003">
<pin_list>
<pin id="2004" dir="0" index="0" bw="8" slack="9"/>
<pin id="2005" dir="1" index="1" bw="8" slack="9"/>
</pin_list>
<bind>
<opset="tmp_35 "/>
</bind>
</comp>

<comp id="2008" class="1005" name="tmp_36_reg_2008">
<pin_list>
<pin id="2009" dir="0" index="0" bw="8" slack="10"/>
<pin id="2010" dir="1" index="1" bw="8" slack="10"/>
</pin_list>
<bind>
<opset="tmp_36 "/>
</bind>
</comp>

<comp id="2013" class="1005" name="tmp_37_reg_2013">
<pin_list>
<pin id="2014" dir="0" index="0" bw="8" slack="3"/>
<pin id="2015" dir="1" index="1" bw="8" slack="3"/>
</pin_list>
<bind>
<opset="tmp_37 "/>
</bind>
</comp>

<comp id="2018" class="1005" name="add_ln22_1_reg_2018">
<pin_list>
<pin id="2019" dir="0" index="0" bw="16" slack="4"/>
<pin id="2020" dir="1" index="1" bw="16" slack="4"/>
</pin_list>
<bind>
<opset="add_ln22_1 "/>
</bind>
</comp>

<comp id="2023" class="1005" name="add_ln22_5_reg_2023">
<pin_list>
<pin id="2024" dir="0" index="0" bw="16" slack="4"/>
<pin id="2025" dir="1" index="1" bw="16" slack="4"/>
</pin_list>
<bind>
<opset="add_ln22_5 "/>
</bind>
</comp>

<comp id="2028" class="1005" name="add_ln22_21_reg_2028">
<pin_list>
<pin id="2029" dir="0" index="0" bw="16" slack="6"/>
<pin id="2030" dir="1" index="1" bw="16" slack="6"/>
</pin_list>
<bind>
<opset="add_ln22_21 "/>
</bind>
</comp>

<comp id="2033" class="1005" name="add_ln22_25_reg_2033">
<pin_list>
<pin id="2034" dir="0" index="0" bw="16" slack="7"/>
<pin id="2035" dir="1" index="1" bw="16" slack="7"/>
</pin_list>
<bind>
<opset="add_ln22_25 "/>
</bind>
</comp>

<comp id="2038" class="1005" name="mul_ln22_63_reg_2038">
<pin_list>
<pin id="2039" dir="0" index="0" bw="16" slack="1"/>
<pin id="2040" dir="1" index="1" bw="16" slack="1"/>
</pin_list>
<bind>
<opset="mul_ln22_63 "/>
</bind>
</comp>

<comp id="2043" class="1005" name="mul_ln22_68_reg_2043">
<pin_list>
<pin id="2044" dir="0" index="0" bw="16" slack="1"/>
<pin id="2045" dir="1" index="1" bw="16" slack="1"/>
</pin_list>
<bind>
<opset="mul_ln22_68 "/>
</bind>
</comp>

<comp id="2048" class="1005" name="mul_ln22_73_reg_2048">
<pin_list>
<pin id="2049" dir="0" index="0" bw="16" slack="1"/>
<pin id="2050" dir="1" index="1" bw="16" slack="1"/>
</pin_list>
<bind>
<opset="mul_ln22_73 "/>
</bind>
</comp>

<comp id="2053" class="1005" name="zext_ln22_43_reg_2053">
<pin_list>
<pin id="2054" dir="0" index="0" bw="16" slack="1"/>
<pin id="2055" dir="1" index="1" bw="16" slack="1"/>
</pin_list>
<bind>
<opset="zext_ln22_43 "/>
</bind>
</comp>

<comp id="2061" class="1005" name="mul_ln22_78_reg_2061">
<pin_list>
<pin id="2062" dir="0" index="0" bw="16" slack="1"/>
<pin id="2063" dir="1" index="1" bw="16" slack="1"/>
</pin_list>
<bind>
<opset="mul_ln22_78 "/>
</bind>
</comp>

<comp id="2066" class="1005" name="zext_ln22_49_reg_2066">
<pin_list>
<pin id="2067" dir="0" index="0" bw="16" slack="1"/>
<pin id="2068" dir="1" index="1" bw="16" slack="1"/>
</pin_list>
<bind>
<opset="zext_ln22_49 "/>
</bind>
</comp>

<comp id="2075" class="1005" name="zext_ln22_reg_2075">
<pin_list>
<pin id="2076" dir="0" index="0" bw="16" slack="1"/>
<pin id="2077" dir="1" index="1" bw="16" slack="1"/>
</pin_list>
<bind>
<opset="zext_ln22 "/>
</bind>
</comp>

<comp id="2084" class="1005" name="zext_ln22_1_reg_2084">
<pin_list>
<pin id="2085" dir="0" index="0" bw="16" slack="1"/>
<pin id="2086" dir="1" index="1" bw="16" slack="1"/>
</pin_list>
<bind>
<opset="zext_ln22_1 "/>
</bind>
</comp>

<comp id="2093" class="1005" name="zext_ln22_10_reg_2093">
<pin_list>
<pin id="2094" dir="0" index="0" bw="16" slack="1"/>
<pin id="2095" dir="1" index="1" bw="16" slack="1"/>
</pin_list>
<bind>
<opset="zext_ln22_10 "/>
</bind>
</comp>

<comp id="2102" class="1005" name="zext_ln22_15_reg_2102">
<pin_list>
<pin id="2103" dir="0" index="0" bw="16" slack="1"/>
<pin id="2104" dir="1" index="1" bw="16" slack="1"/>
</pin_list>
<bind>
<opset="zext_ln22_15 "/>
</bind>
</comp>

<comp id="2111" class="1005" name="add_ln22_9_reg_2111">
<pin_list>
<pin id="2112" dir="0" index="0" bw="16" slack="4"/>
<pin id="2113" dir="1" index="1" bw="16" slack="4"/>
</pin_list>
<bind>
<opset="add_ln22_9 "/>
</bind>
</comp>

<comp id="2116" class="1005" name="add_ln22_13_reg_2116">
<pin_list>
<pin id="2117" dir="0" index="0" bw="16" slack="4"/>
<pin id="2118" dir="1" index="1" bw="16" slack="4"/>
</pin_list>
<bind>
<opset="add_ln22_13 "/>
</bind>
</comp>

<comp id="2121" class="1005" name="add_ln22_29_reg_2121">
<pin_list>
<pin id="2122" dir="0" index="0" bw="16" slack="6"/>
<pin id="2123" dir="1" index="1" bw="16" slack="6"/>
</pin_list>
<bind>
<opset="add_ln22_29 "/>
</bind>
</comp>

<comp id="2126" class="1005" name="add_ln22_33_reg_2126">
<pin_list>
<pin id="2127" dir="0" index="0" bw="16" slack="7"/>
<pin id="2128" dir="1" index="1" bw="16" slack="7"/>
</pin_list>
<bind>
<opset="add_ln22_33 "/>
</bind>
</comp>

<comp id="2131" class="1005" name="add_ln22_41_reg_2131">
<pin_list>
<pin id="2132" dir="0" index="0" bw="16" slack="8"/>
<pin id="2133" dir="1" index="1" bw="16" slack="8"/>
</pin_list>
<bind>
<opset="add_ln22_41 "/>
</bind>
</comp>

<comp id="2136" class="1005" name="add_ln22_45_reg_2136">
<pin_list>
<pin id="2137" dir="0" index="0" bw="16" slack="8"/>
<pin id="2138" dir="1" index="1" bw="16" slack="8"/>
</pin_list>
<bind>
<opset="add_ln22_45 "/>
</bind>
</comp>

<comp id="2141" class="1005" name="mul_ln22_83_reg_2141">
<pin_list>
<pin id="2142" dir="0" index="0" bw="16" slack="1"/>
<pin id="2143" dir="1" index="1" bw="16" slack="1"/>
</pin_list>
<bind>
<opset="mul_ln22_83 "/>
</bind>
</comp>

<comp id="2146" class="1005" name="mul_ln22_88_reg_2146">
<pin_list>
<pin id="2147" dir="0" index="0" bw="16" slack="1"/>
<pin id="2148" dir="1" index="1" bw="16" slack="1"/>
</pin_list>
<bind>
<opset="mul_ln22_88 "/>
</bind>
</comp>

<comp id="2151" class="1005" name="mul_ln22_93_reg_2151">
<pin_list>
<pin id="2152" dir="0" index="0" bw="16" slack="1"/>
<pin id="2153" dir="1" index="1" bw="16" slack="1"/>
</pin_list>
<bind>
<opset="mul_ln22_93 "/>
</bind>
</comp>

<comp id="2156" class="1005" name="mul_ln22_98_reg_2156">
<pin_list>
<pin id="2157" dir="0" index="0" bw="16" slack="1"/>
<pin id="2158" dir="1" index="1" bw="16" slack="1"/>
</pin_list>
<bind>
<opset="mul_ln22_98 "/>
</bind>
</comp>

<comp id="2161" class="1005" name="zext_ln22_4_reg_2161">
<pin_list>
<pin id="2162" dir="0" index="0" bw="16" slack="1"/>
<pin id="2163" dir="1" index="1" bw="16" slack="1"/>
</pin_list>
<bind>
<opset="zext_ln22_4 "/>
</bind>
</comp>

<comp id="2170" class="1005" name="zext_ln22_5_reg_2170">
<pin_list>
<pin id="2171" dir="0" index="0" bw="16" slack="1"/>
<pin id="2172" dir="1" index="1" bw="16" slack="1"/>
</pin_list>
<bind>
<opset="zext_ln22_5 "/>
</bind>
</comp>

<comp id="2179" class="1005" name="zext_ln22_12_reg_2179">
<pin_list>
<pin id="2180" dir="0" index="0" bw="16" slack="1"/>
<pin id="2181" dir="1" index="1" bw="16" slack="1"/>
</pin_list>
<bind>
<opset="zext_ln22_12 "/>
</bind>
</comp>

<comp id="2188" class="1005" name="zext_ln22_20_reg_2188">
<pin_list>
<pin id="2189" dir="0" index="0" bw="16" slack="1"/>
<pin id="2190" dir="1" index="1" bw="16" slack="1"/>
</pin_list>
<bind>
<opset="zext_ln22_20 "/>
</bind>
</comp>

<comp id="2197" class="1005" name="zext_ln22_25_reg_2197">
<pin_list>
<pin id="2198" dir="0" index="0" bw="16" slack="1"/>
<pin id="2199" dir="1" index="1" bw="16" slack="1"/>
</pin_list>
<bind>
<opset="zext_ln22_25 "/>
</bind>
</comp>

<comp id="2206" class="1005" name="add_ln22_17_reg_2206">
<pin_list>
<pin id="2207" dir="0" index="0" bw="16" slack="4"/>
<pin id="2208" dir="1" index="1" bw="16" slack="4"/>
</pin_list>
<bind>
<opset="add_ln22_17 "/>
</bind>
</comp>

<comp id="2211" class="1005" name="zext_ln22_30_reg_2211">
<pin_list>
<pin id="2212" dir="0" index="0" bw="16" slack="1"/>
<pin id="2213" dir="1" index="1" bw="16" slack="1"/>
</pin_list>
<bind>
<opset="zext_ln22_30 "/>
</bind>
</comp>

<comp id="2220" class="1005" name="add_ln22_37_reg_2220">
<pin_list>
<pin id="2221" dir="0" index="0" bw="16" slack="6"/>
<pin id="2222" dir="1" index="1" bw="16" slack="6"/>
</pin_list>
<bind>
<opset="add_ln22_37 "/>
</bind>
</comp>

<comp id="2225" class="1005" name="add_ln22_49_reg_2225">
<pin_list>
<pin id="2226" dir="0" index="0" bw="16" slack="7"/>
<pin id="2227" dir="1" index="1" bw="16" slack="7"/>
</pin_list>
<bind>
<opset="add_ln22_49 "/>
</bind>
</comp>

<comp id="2230" class="1005" name="add_ln22_53_reg_2230">
<pin_list>
<pin id="2231" dir="0" index="0" bw="16" slack="7"/>
<pin id="2232" dir="1" index="1" bw="16" slack="7"/>
</pin_list>
<bind>
<opset="add_ln22_53 "/>
</bind>
</comp>

<comp id="2235" class="1005" name="add_ln22_57_reg_2235">
<pin_list>
<pin id="2236" dir="0" index="0" bw="16" slack="8"/>
<pin id="2237" dir="1" index="1" bw="16" slack="8"/>
</pin_list>
<bind>
<opset="add_ln22_57 "/>
</bind>
</comp>

<comp id="2240" class="1005" name="add_ln22_61_reg_2240">
<pin_list>
<pin id="2241" dir="0" index="0" bw="16" slack="8"/>
<pin id="2242" dir="1" index="1" bw="16" slack="8"/>
</pin_list>
<bind>
<opset="add_ln22_61 "/>
</bind>
</comp>

<comp id="2245" class="1005" name="zext_ln22_48_reg_2245">
<pin_list>
<pin id="2246" dir="0" index="0" bw="16" slack="1"/>
<pin id="2247" dir="1" index="1" bw="16" slack="1"/>
</pin_list>
<bind>
<opset="zext_ln22_48 "/>
</bind>
</comp>

<comp id="2250" class="1005" name="mul_ln22_103_reg_2250">
<pin_list>
<pin id="2251" dir="0" index="0" bw="16" slack="1"/>
<pin id="2252" dir="1" index="1" bw="16" slack="1"/>
</pin_list>
<bind>
<opset="mul_ln22_103 "/>
</bind>
</comp>

<comp id="2255" class="1005" name="mul_ln22_108_reg_2255">
<pin_list>
<pin id="2256" dir="0" index="0" bw="16" slack="1"/>
<pin id="2257" dir="1" index="1" bw="16" slack="1"/>
</pin_list>
<bind>
<opset="mul_ln22_108 "/>
</bind>
</comp>

<comp id="2260" class="1005" name="mul_ln22_113_reg_2260">
<pin_list>
<pin id="2261" dir="0" index="0" bw="16" slack="1"/>
<pin id="2262" dir="1" index="1" bw="16" slack="1"/>
</pin_list>
<bind>
<opset="mul_ln22_113 "/>
</bind>
</comp>

<comp id="2265" class="1005" name="mul_ln22_118_reg_2265">
<pin_list>
<pin id="2266" dir="0" index="0" bw="16" slack="1"/>
<pin id="2267" dir="1" index="1" bw="16" slack="1"/>
</pin_list>
<bind>
<opset="mul_ln22_118 "/>
</bind>
</comp>

<comp id="2270" class="1005" name="zext_ln22_2_reg_2270">
<pin_list>
<pin id="2271" dir="0" index="0" bw="16" slack="1"/>
<pin id="2272" dir="1" index="1" bw="16" slack="1"/>
</pin_list>
<bind>
<opset="zext_ln22_2 "/>
</bind>
</comp>

<comp id="2276" class="1005" name="zext_ln22_3_reg_2276">
<pin_list>
<pin id="2277" dir="0" index="0" bw="16" slack="1"/>
<pin id="2278" dir="1" index="1" bw="16" slack="1"/>
</pin_list>
<bind>
<opset="zext_ln22_3 "/>
</bind>
</comp>

<comp id="2284" class="1005" name="mul_ln22_1_reg_2284">
<pin_list>
<pin id="2285" dir="0" index="0" bw="16" slack="1"/>
<pin id="2286" dir="1" index="1" bw="16" slack="1"/>
</pin_list>
<bind>
<opset="mul_ln22_1 "/>
</bind>
</comp>

<comp id="2289" class="1005" name="zext_ln22_11_reg_2289">
<pin_list>
<pin id="2290" dir="0" index="0" bw="16" slack="1"/>
<pin id="2291" dir="1" index="1" bw="16" slack="1"/>
</pin_list>
<bind>
<opset="zext_ln22_11 "/>
</bind>
</comp>

<comp id="2297" class="1005" name="mul_ln22_6_reg_2297">
<pin_list>
<pin id="2298" dir="0" index="0" bw="16" slack="1"/>
<pin id="2299" dir="1" index="1" bw="16" slack="1"/>
</pin_list>
<bind>
<opset="mul_ln22_6 "/>
</bind>
</comp>

<comp id="2302" class="1005" name="zext_ln22_16_reg_2302">
<pin_list>
<pin id="2303" dir="0" index="0" bw="16" slack="2"/>
<pin id="2304" dir="1" index="1" bw="16" slack="2"/>
</pin_list>
<bind>
<opset="zext_ln22_16 "/>
</bind>
</comp>

<comp id="2310" class="1005" name="zext_ln22_17_reg_2310">
<pin_list>
<pin id="2311" dir="0" index="0" bw="16" slack="1"/>
<pin id="2312" dir="1" index="1" bw="16" slack="1"/>
</pin_list>
<bind>
<opset="zext_ln22_17 "/>
</bind>
</comp>

<comp id="2319" class="1005" name="mul_ln22_11_reg_2319">
<pin_list>
<pin id="2320" dir="0" index="0" bw="16" slack="1"/>
<pin id="2321" dir="1" index="1" bw="16" slack="1"/>
</pin_list>
<bind>
<opset="mul_ln22_11 "/>
</bind>
</comp>

<comp id="2324" class="1005" name="zext_ln22_22_reg_2324">
<pin_list>
<pin id="2325" dir="0" index="0" bw="16" slack="1"/>
<pin id="2326" dir="1" index="1" bw="16" slack="1"/>
</pin_list>
<bind>
<opset="zext_ln22_22 "/>
</bind>
</comp>

<comp id="2333" class="1005" name="zext_ln22_35_reg_2333">
<pin_list>
<pin id="2334" dir="0" index="0" bw="16" slack="1"/>
<pin id="2335" dir="1" index="1" bw="16" slack="1"/>
</pin_list>
<bind>
<opset="zext_ln22_35 "/>
</bind>
</comp>

<comp id="2342" class="1005" name="add_ln22_65_reg_2342">
<pin_list>
<pin id="2343" dir="0" index="0" bw="16" slack="7"/>
<pin id="2344" dir="1" index="1" bw="16" slack="7"/>
</pin_list>
<bind>
<opset="add_ln22_65 "/>
</bind>
</comp>

<comp id="2347" class="1005" name="add_ln22_69_reg_2347">
<pin_list>
<pin id="2348" dir="0" index="0" bw="16" slack="7"/>
<pin id="2349" dir="1" index="1" bw="16" slack="7"/>
</pin_list>
<bind>
<opset="add_ln22_69 "/>
</bind>
</comp>

<comp id="2352" class="1005" name="add_ln22_73_reg_2352">
<pin_list>
<pin id="2353" dir="0" index="0" bw="16" slack="7"/>
<pin id="2354" dir="1" index="1" bw="16" slack="7"/>
</pin_list>
<bind>
<opset="add_ln22_73 "/>
</bind>
</comp>

<comp id="2357" class="1005" name="add_ln22_77_reg_2357">
<pin_list>
<pin id="2358" dir="0" index="0" bw="16" slack="7"/>
<pin id="2359" dir="1" index="1" bw="16" slack="7"/>
</pin_list>
<bind>
<opset="add_ln22_77 "/>
</bind>
</comp>

<comp id="2362" class="1005" name="add_ln22_81_reg_2362">
<pin_list>
<pin id="2363" dir="0" index="0" bw="16" slack="8"/>
<pin id="2364" dir="1" index="1" bw="16" slack="8"/>
</pin_list>
<bind>
<opset="add_ln22_81 "/>
</bind>
</comp>

<comp id="2367" class="1005" name="add_ln22_85_reg_2367">
<pin_list>
<pin id="2368" dir="0" index="0" bw="16" slack="8"/>
<pin id="2369" dir="1" index="1" bw="16" slack="8"/>
</pin_list>
<bind>
<opset="add_ln22_85 "/>
</bind>
</comp>

<comp id="2372" class="1005" name="mul_ln22_123_reg_2372">
<pin_list>
<pin id="2373" dir="0" index="0" bw="16" slack="1"/>
<pin id="2374" dir="1" index="1" bw="16" slack="1"/>
</pin_list>
<bind>
<opset="mul_ln22_123 "/>
</bind>
</comp>

<comp id="2377" class="1005" name="add_ln22_reg_2377">
<pin_list>
<pin id="2378" dir="0" index="0" bw="16" slack="1"/>
<pin id="2379" dir="1" index="1" bw="16" slack="1"/>
</pin_list>
<bind>
<opset="add_ln22 "/>
</bind>
</comp>

<comp id="2382" class="1005" name="add_ln22_4_reg_2382">
<pin_list>
<pin id="2383" dir="0" index="0" bw="16" slack="1"/>
<pin id="2384" dir="1" index="1" bw="16" slack="1"/>
</pin_list>
<bind>
<opset="add_ln22_4 "/>
</bind>
</comp>

<comp id="2387" class="1005" name="add_ln22_8_reg_2387">
<pin_list>
<pin id="2388" dir="0" index="0" bw="16" slack="2"/>
<pin id="2389" dir="1" index="1" bw="16" slack="2"/>
</pin_list>
<bind>
<opset="add_ln22_8 "/>
</bind>
</comp>

<comp id="2392" class="1005" name="zext_ln22_21_reg_2392">
<pin_list>
<pin id="2393" dir="0" index="0" bw="16" slack="1"/>
<pin id="2394" dir="1" index="1" bw="16" slack="1"/>
</pin_list>
<bind>
<opset="zext_ln22_21 "/>
</bind>
</comp>

<comp id="2400" class="1005" name="mul_ln22_16_reg_2400">
<pin_list>
<pin id="2401" dir="0" index="0" bw="16" slack="1"/>
<pin id="2402" dir="1" index="1" bw="16" slack="1"/>
</pin_list>
<bind>
<opset="mul_ln22_16 "/>
</bind>
</comp>

<comp id="2405" class="1005" name="zext_ln22_26_reg_2405">
<pin_list>
<pin id="2406" dir="0" index="0" bw="16" slack="1"/>
<pin id="2407" dir="1" index="1" bw="16" slack="1"/>
</pin_list>
<bind>
<opset="zext_ln22_26 "/>
</bind>
</comp>

<comp id="2413" class="1005" name="zext_ln22_27_reg_2413">
<pin_list>
<pin id="2414" dir="0" index="0" bw="16" slack="1"/>
<pin id="2415" dir="1" index="1" bw="16" slack="1"/>
</pin_list>
<bind>
<opset="zext_ln22_27 "/>
</bind>
</comp>

<comp id="2422" class="1005" name="mul_ln22_21_reg_2422">
<pin_list>
<pin id="2423" dir="0" index="0" bw="16" slack="1"/>
<pin id="2424" dir="1" index="1" bw="16" slack="1"/>
</pin_list>
<bind>
<opset="mul_ln22_21 "/>
</bind>
</comp>

<comp id="2427" class="1005" name="zext_ln22_31_reg_2427">
<pin_list>
<pin id="2428" dir="0" index="0" bw="16" slack="1"/>
<pin id="2429" dir="1" index="1" bw="16" slack="1"/>
</pin_list>
<bind>
<opset="zext_ln22_31 "/>
</bind>
</comp>

<comp id="2434" class="1005" name="zext_ln22_32_reg_2434">
<pin_list>
<pin id="2435" dir="0" index="0" bw="16" slack="1"/>
<pin id="2436" dir="1" index="1" bw="16" slack="1"/>
</pin_list>
<bind>
<opset="zext_ln22_32 "/>
</bind>
</comp>

<comp id="2443" class="1005" name="mul_ln22_26_reg_2443">
<pin_list>
<pin id="2444" dir="0" index="0" bw="16" slack="1"/>
<pin id="2445" dir="1" index="1" bw="16" slack="1"/>
</pin_list>
<bind>
<opset="mul_ln22_26 "/>
</bind>
</comp>

<comp id="2448" class="1005" name="mul_ln22_31_reg_2448">
<pin_list>
<pin id="2449" dir="0" index="0" bw="16" slack="1"/>
<pin id="2450" dir="1" index="1" bw="16" slack="1"/>
</pin_list>
<bind>
<opset="mul_ln22_31 "/>
</bind>
</comp>

<comp id="2453" class="1005" name="add_ln22_89_reg_2453">
<pin_list>
<pin id="2454" dir="0" index="0" bw="16" slack="7"/>
<pin id="2455" dir="1" index="1" bw="16" slack="7"/>
</pin_list>
<bind>
<opset="add_ln22_89 "/>
</bind>
</comp>

<comp id="2458" class="1005" name="add_ln22_93_reg_2458">
<pin_list>
<pin id="2459" dir="0" index="0" bw="16" slack="7"/>
<pin id="2460" dir="1" index="1" bw="16" slack="7"/>
</pin_list>
<bind>
<opset="add_ln22_93 "/>
</bind>
</comp>

<comp id="2463" class="1005" name="add_ln22_97_reg_2463">
<pin_list>
<pin id="2464" dir="0" index="0" bw="16" slack="7"/>
<pin id="2465" dir="1" index="1" bw="16" slack="7"/>
</pin_list>
<bind>
<opset="add_ln22_97 "/>
</bind>
</comp>

<comp id="2468" class="1005" name="add_ln22_12_reg_2468">
<pin_list>
<pin id="2469" dir="0" index="0" bw="16" slack="1"/>
<pin id="2470" dir="1" index="1" bw="16" slack="1"/>
</pin_list>
<bind>
<opset="add_ln22_12 "/>
</bind>
</comp>

<comp id="2473" class="1005" name="add_ln22_16_reg_2473">
<pin_list>
<pin id="2474" dir="0" index="0" bw="16" slack="2"/>
<pin id="2475" dir="1" index="1" bw="16" slack="2"/>
</pin_list>
<bind>
<opset="add_ln22_16 "/>
</bind>
</comp>

<comp id="2478" class="1005" name="add_ln22_20_reg_2478">
<pin_list>
<pin id="2479" dir="0" index="0" bw="16" slack="2"/>
<pin id="2480" dir="1" index="1" bw="16" slack="2"/>
</pin_list>
<bind>
<opset="add_ln22_20 "/>
</bind>
</comp>

<comp id="2483" class="1005" name="add_ln22_24_reg_2483">
<pin_list>
<pin id="2484" dir="0" index="0" bw="16" slack="3"/>
<pin id="2485" dir="1" index="1" bw="16" slack="3"/>
</pin_list>
<bind>
<opset="add_ln22_24 "/>
</bind>
</comp>

<comp id="2488" class="1005" name="mul_ln22_36_reg_2488">
<pin_list>
<pin id="2489" dir="0" index="0" bw="16" slack="1"/>
<pin id="2490" dir="1" index="1" bw="16" slack="1"/>
</pin_list>
<bind>
<opset="mul_ln22_36 "/>
</bind>
</comp>

<comp id="2493" class="1005" name="mul_ln22_41_reg_2493">
<pin_list>
<pin id="2494" dir="0" index="0" bw="16" slack="1"/>
<pin id="2495" dir="1" index="1" bw="16" slack="1"/>
</pin_list>
<bind>
<opset="mul_ln22_41 "/>
</bind>
</comp>

<comp id="2498" class="1005" name="mul_ln22_46_reg_2498">
<pin_list>
<pin id="2499" dir="0" index="0" bw="16" slack="1"/>
<pin id="2500" dir="1" index="1" bw="16" slack="1"/>
</pin_list>
<bind>
<opset="mul_ln22_46 "/>
</bind>
</comp>

<comp id="2503" class="1005" name="zext_ln22_36_reg_2503">
<pin_list>
<pin id="2504" dir="0" index="0" bw="16" slack="1"/>
<pin id="2505" dir="1" index="1" bw="16" slack="1"/>
</pin_list>
<bind>
<opset="zext_ln22_36 "/>
</bind>
</comp>

<comp id="2511" class="1005" name="mul_ln22_51_reg_2511">
<pin_list>
<pin id="2512" dir="0" index="0" bw="16" slack="1"/>
<pin id="2513" dir="1" index="1" bw="16" slack="1"/>
</pin_list>
<bind>
<opset="mul_ln22_51 "/>
</bind>
</comp>

<comp id="2516" class="1005" name="zext_ln22_40_reg_2516">
<pin_list>
<pin id="2517" dir="0" index="0" bw="16" slack="1"/>
<pin id="2518" dir="1" index="1" bw="16" slack="1"/>
</pin_list>
<bind>
<opset="zext_ln22_40 "/>
</bind>
</comp>

<comp id="2525" class="1005" name="add_ln22_28_reg_2525">
<pin_list>
<pin id="2526" dir="0" index="0" bw="16" slack="2"/>
<pin id="2527" dir="1" index="1" bw="16" slack="2"/>
</pin_list>
<bind>
<opset="add_ln22_28 "/>
</bind>
</comp>

<comp id="2530" class="1005" name="add_ln22_32_reg_2530">
<pin_list>
<pin id="2531" dir="0" index="0" bw="16" slack="3"/>
<pin id="2532" dir="1" index="1" bw="16" slack="3"/>
</pin_list>
<bind>
<opset="add_ln22_32 "/>
</bind>
</comp>

<comp id="2535" class="1005" name="add_ln22_36_reg_2535">
<pin_list>
<pin id="2536" dir="0" index="0" bw="16" slack="3"/>
<pin id="2537" dir="1" index="1" bw="16" slack="3"/>
</pin_list>
<bind>
<opset="add_ln22_36 "/>
</bind>
</comp>

<comp id="2540" class="1005" name="add_ln22_40_reg_2540">
<pin_list>
<pin id="2541" dir="0" index="0" bw="16" slack="4"/>
<pin id="2542" dir="1" index="1" bw="16" slack="4"/>
</pin_list>
<bind>
<opset="add_ln22_40 "/>
</bind>
</comp>

<comp id="2545" class="1005" name="mul_ln22_56_reg_2545">
<pin_list>
<pin id="2546" dir="0" index="0" bw="16" slack="1"/>
<pin id="2547" dir="1" index="1" bw="16" slack="1"/>
</pin_list>
<bind>
<opset="mul_ln22_56 "/>
</bind>
</comp>

<comp id="2550" class="1005" name="mul_ln22_61_reg_2550">
<pin_list>
<pin id="2551" dir="0" index="0" bw="16" slack="1"/>
<pin id="2552" dir="1" index="1" bw="16" slack="1"/>
</pin_list>
<bind>
<opset="mul_ln22_61 "/>
</bind>
</comp>

<comp id="2555" class="1005" name="mul_ln22_66_reg_2555">
<pin_list>
<pin id="2556" dir="0" index="0" bw="16" slack="1"/>
<pin id="2557" dir="1" index="1" bw="16" slack="1"/>
</pin_list>
<bind>
<opset="mul_ln22_66 "/>
</bind>
</comp>

<comp id="2560" class="1005" name="mul_ln22_71_reg_2560">
<pin_list>
<pin id="2561" dir="0" index="0" bw="16" slack="1"/>
<pin id="2562" dir="1" index="1" bw="16" slack="1"/>
</pin_list>
<bind>
<opset="mul_ln22_71 "/>
</bind>
</comp>

<comp id="2565" class="1005" name="zext_ln22_45_reg_2565">
<pin_list>
<pin id="2566" dir="0" index="0" bw="16" slack="1"/>
<pin id="2567" dir="1" index="1" bw="16" slack="1"/>
</pin_list>
<bind>
<opset="zext_ln22_45 "/>
</bind>
</comp>

<comp id="2574" class="1005" name="zext_ln22_37_reg_2574">
<pin_list>
<pin id="2575" dir="0" index="0" bw="16" slack="1"/>
<pin id="2576" dir="1" index="1" bw="16" slack="1"/>
</pin_list>
<bind>
<opset="zext_ln22_37 "/>
</bind>
</comp>

<comp id="2583" class="1005" name="add_ln22_44_reg_2583">
<pin_list>
<pin id="2584" dir="0" index="0" bw="16" slack="3"/>
<pin id="2585" dir="1" index="1" bw="16" slack="3"/>
</pin_list>
<bind>
<opset="add_ln22_44 "/>
</bind>
</comp>

<comp id="2588" class="1005" name="add_ln22_48_reg_2588">
<pin_list>
<pin id="2589" dir="0" index="0" bw="16" slack="3"/>
<pin id="2590" dir="1" index="1" bw="16" slack="3"/>
</pin_list>
<bind>
<opset="add_ln22_48 "/>
</bind>
</comp>

<comp id="2593" class="1005" name="add_ln22_52_reg_2593">
<pin_list>
<pin id="2594" dir="0" index="0" bw="16" slack="3"/>
<pin id="2595" dir="1" index="1" bw="16" slack="3"/>
</pin_list>
<bind>
<opset="add_ln22_52 "/>
</bind>
</comp>

<comp id="2598" class="1005" name="add_ln22_56_reg_2598">
<pin_list>
<pin id="2599" dir="0" index="0" bw="16" slack="4"/>
<pin id="2600" dir="1" index="1" bw="16" slack="4"/>
</pin_list>
<bind>
<opset="add_ln22_56 "/>
</bind>
</comp>

<comp id="2603" class="1005" name="zext_ln22_41_reg_2603">
<pin_list>
<pin id="2604" dir="0" index="0" bw="16" slack="1"/>
<pin id="2605" dir="1" index="1" bw="16" slack="1"/>
</pin_list>
<bind>
<opset="zext_ln22_41 "/>
</bind>
</comp>

<comp id="2608" class="1005" name="mul_ln22_76_reg_2608">
<pin_list>
<pin id="2609" dir="0" index="0" bw="16" slack="1"/>
<pin id="2610" dir="1" index="1" bw="16" slack="1"/>
</pin_list>
<bind>
<opset="mul_ln22_76 "/>
</bind>
</comp>

<comp id="2613" class="1005" name="mul_ln22_81_reg_2613">
<pin_list>
<pin id="2614" dir="0" index="0" bw="16" slack="1"/>
<pin id="2615" dir="1" index="1" bw="16" slack="1"/>
</pin_list>
<bind>
<opset="mul_ln22_81 "/>
</bind>
</comp>

<comp id="2618" class="1005" name="mul_ln22_86_reg_2618">
<pin_list>
<pin id="2619" dir="0" index="0" bw="16" slack="1"/>
<pin id="2620" dir="1" index="1" bw="16" slack="1"/>
</pin_list>
<bind>
<opset="mul_ln22_86 "/>
</bind>
</comp>

<comp id="2623" class="1005" name="mul_ln22_91_reg_2623">
<pin_list>
<pin id="2624" dir="0" index="0" bw="16" slack="1"/>
<pin id="2625" dir="1" index="1" bw="16" slack="1"/>
</pin_list>
<bind>
<opset="mul_ln22_91 "/>
</bind>
</comp>

<comp id="2628" class="1005" name="zext_ln22_42_reg_2628">
<pin_list>
<pin id="2629" dir="0" index="0" bw="16" slack="1"/>
<pin id="2630" dir="1" index="1" bw="16" slack="1"/>
</pin_list>
<bind>
<opset="zext_ln22_42 "/>
</bind>
</comp>

<comp id="2637" class="1005" name="add_ln22_60_reg_2637">
<pin_list>
<pin id="2638" dir="0" index="0" bw="16" slack="3"/>
<pin id="2639" dir="1" index="1" bw="16" slack="3"/>
</pin_list>
<bind>
<opset="add_ln22_60 "/>
</bind>
</comp>

<comp id="2642" class="1005" name="add_ln22_64_reg_2642">
<pin_list>
<pin id="2643" dir="0" index="0" bw="16" slack="3"/>
<pin id="2644" dir="1" index="1" bw="16" slack="3"/>
</pin_list>
<bind>
<opset="add_ln22_64 "/>
</bind>
</comp>

<comp id="2647" class="1005" name="add_ln22_68_reg_2647">
<pin_list>
<pin id="2648" dir="0" index="0" bw="16" slack="3"/>
<pin id="2649" dir="1" index="1" bw="16" slack="3"/>
</pin_list>
<bind>
<opset="add_ln22_68 "/>
</bind>
</comp>

<comp id="2652" class="1005" name="add_ln22_72_reg_2652">
<pin_list>
<pin id="2653" dir="0" index="0" bw="16" slack="3"/>
<pin id="2654" dir="1" index="1" bw="16" slack="3"/>
</pin_list>
<bind>
<opset="add_ln22_72 "/>
</bind>
</comp>

<comp id="2657" class="1005" name="mul_ln22_96_reg_2657">
<pin_list>
<pin id="2658" dir="0" index="0" bw="16" slack="1"/>
<pin id="2659" dir="1" index="1" bw="16" slack="1"/>
</pin_list>
<bind>
<opset="mul_ln22_96 "/>
</bind>
</comp>

<comp id="2662" class="1005" name="zext_ln22_46_reg_2662">
<pin_list>
<pin id="2663" dir="0" index="0" bw="16" slack="1"/>
<pin id="2664" dir="1" index="1" bw="16" slack="1"/>
</pin_list>
<bind>
<opset="zext_ln22_46 "/>
</bind>
</comp>

<comp id="2668" class="1005" name="mul_ln22_101_reg_2668">
<pin_list>
<pin id="2669" dir="0" index="0" bw="16" slack="1"/>
<pin id="2670" dir="1" index="1" bw="16" slack="1"/>
</pin_list>
<bind>
<opset="mul_ln22_101 "/>
</bind>
</comp>

<comp id="2673" class="1005" name="mul_ln22_106_reg_2673">
<pin_list>
<pin id="2674" dir="0" index="0" bw="16" slack="1"/>
<pin id="2675" dir="1" index="1" bw="16" slack="1"/>
</pin_list>
<bind>
<opset="mul_ln22_106 "/>
</bind>
</comp>

<comp id="2678" class="1005" name="mul_ln22_111_reg_2678">
<pin_list>
<pin id="2679" dir="0" index="0" bw="16" slack="1"/>
<pin id="2680" dir="1" index="1" bw="16" slack="1"/>
</pin_list>
<bind>
<opset="mul_ln22_111 "/>
</bind>
</comp>

<comp id="2683" class="1005" name="add_ln22_76_reg_2683">
<pin_list>
<pin id="2684" dir="0" index="0" bw="16" slack="2"/>
<pin id="2685" dir="1" index="1" bw="16" slack="2"/>
</pin_list>
<bind>
<opset="add_ln22_76 "/>
</bind>
</comp>

<comp id="2688" class="1005" name="zext_ln22_47_reg_2688">
<pin_list>
<pin id="2689" dir="0" index="0" bw="16" slack="1"/>
<pin id="2690" dir="1" index="1" bw="16" slack="1"/>
</pin_list>
<bind>
<opset="zext_ln22_47 "/>
</bind>
</comp>

<comp id="2697" class="1005" name="add_ln22_80_reg_2697">
<pin_list>
<pin id="2698" dir="0" index="0" bw="16" slack="3"/>
<pin id="2699" dir="1" index="1" bw="16" slack="3"/>
</pin_list>
<bind>
<opset="add_ln22_80 "/>
</bind>
</comp>

<comp id="2702" class="1005" name="add_ln22_84_reg_2702">
<pin_list>
<pin id="2703" dir="0" index="0" bw="16" slack="3"/>
<pin id="2704" dir="1" index="1" bw="16" slack="3"/>
</pin_list>
<bind>
<opset="add_ln22_84 "/>
</bind>
</comp>

<comp id="2707" class="1005" name="add_ln22_88_reg_2707">
<pin_list>
<pin id="2708" dir="0" index="0" bw="16" slack="3"/>
<pin id="2709" dir="1" index="1" bw="16" slack="3"/>
</pin_list>
<bind>
<opset="add_ln22_88 "/>
</bind>
</comp>

<comp id="2712" class="1005" name="mul_ln22_116_reg_2712">
<pin_list>
<pin id="2713" dir="0" index="0" bw="16" slack="1"/>
<pin id="2714" dir="1" index="1" bw="16" slack="1"/>
</pin_list>
<bind>
<opset="mul_ln22_116 "/>
</bind>
</comp>

<comp id="2717" class="1005" name="mul_ln22_121_reg_2717">
<pin_list>
<pin id="2718" dir="0" index="0" bw="16" slack="1"/>
<pin id="2719" dir="1" index="1" bw="16" slack="1"/>
</pin_list>
<bind>
<opset="mul_ln22_121 "/>
</bind>
</comp>

<comp id="2722" class="1005" name="add_ln22_51_reg_2722">
<pin_list>
<pin id="2723" dir="0" index="0" bw="16" slack="1"/>
<pin id="2724" dir="1" index="1" bw="16" slack="1"/>
</pin_list>
<bind>
<opset="add_ln22_51 "/>
</bind>
</comp>

<comp id="2727" class="1005" name="add_ln22_55_reg_2727">
<pin_list>
<pin id="2728" dir="0" index="0" bw="16" slack="1"/>
<pin id="2729" dir="1" index="1" bw="16" slack="1"/>
</pin_list>
<bind>
<opset="add_ln22_55 "/>
</bind>
</comp>

<comp id="2732" class="1005" name="add_ln22_92_reg_2732">
<pin_list>
<pin id="2733" dir="0" index="0" bw="16" slack="2"/>
<pin id="2734" dir="1" index="1" bw="16" slack="2"/>
</pin_list>
<bind>
<opset="add_ln22_92 "/>
</bind>
</comp>

<comp id="2737" class="1005" name="add_ln22_96_reg_2737">
<pin_list>
<pin id="2738" dir="0" index="0" bw="16" slack="2"/>
<pin id="2739" dir="1" index="1" bw="16" slack="2"/>
</pin_list>
<bind>
<opset="add_ln22_96 "/>
</bind>
</comp>

<comp id="2742" class="1005" name="add_ln22_59_reg_2742">
<pin_list>
<pin id="2743" dir="0" index="0" bw="16" slack="1"/>
<pin id="2744" dir="1" index="1" bw="16" slack="1"/>
</pin_list>
<bind>
<opset="add_ln22_59 "/>
</bind>
</comp>

<comp id="2747" class="1005" name="add_ln22_63_reg_2747">
<pin_list>
<pin id="2748" dir="0" index="0" bw="16" slack="1"/>
<pin id="2749" dir="1" index="1" bw="16" slack="1"/>
</pin_list>
<bind>
<opset="add_ln22_63 "/>
</bind>
</comp>

<comp id="2752" class="1005" name="add_ln22_67_reg_2752">
<pin_list>
<pin id="2753" dir="0" index="0" bw="16" slack="2"/>
<pin id="2754" dir="1" index="1" bw="16" slack="2"/>
</pin_list>
<bind>
<opset="add_ln22_67 "/>
</bind>
</comp>

<comp id="2757" class="1005" name="add_ln22_71_reg_2757">
<pin_list>
<pin id="2758" dir="0" index="0" bw="16" slack="2"/>
<pin id="2759" dir="1" index="1" bw="16" slack="2"/>
</pin_list>
<bind>
<opset="add_ln22_71 "/>
</bind>
</comp>

<comp id="2762" class="1005" name="add_ln22_75_reg_2762">
<pin_list>
<pin id="2763" dir="0" index="0" bw="16" slack="3"/>
<pin id="2764" dir="1" index="1" bw="16" slack="3"/>
</pin_list>
<bind>
<opset="add_ln22_75 "/>
</bind>
</comp>

<comp id="2767" class="1005" name="add_ln22_79_reg_2767">
<pin_list>
<pin id="2768" dir="0" index="0" bw="16" slack="3"/>
<pin id="2769" dir="1" index="1" bw="16" slack="3"/>
</pin_list>
<bind>
<opset="add_ln22_79 "/>
</bind>
</comp>

<comp id="2772" class="1005" name="add_ln22_83_reg_2772">
<pin_list>
<pin id="2773" dir="0" index="0" bw="16" slack="3"/>
<pin id="2774" dir="1" index="1" bw="16" slack="3"/>
</pin_list>
<bind>
<opset="add_ln22_83 "/>
</bind>
</comp>

<comp id="2777" class="1005" name="add_ln22_87_reg_2777">
<pin_list>
<pin id="2778" dir="0" index="0" bw="16" slack="3"/>
<pin id="2779" dir="1" index="1" bw="16" slack="3"/>
</pin_list>
<bind>
<opset="add_ln22_87 "/>
</bind>
</comp>

<comp id="2782" class="1005" name="add_ln22_91_reg_2782">
<pin_list>
<pin id="2783" dir="0" index="0" bw="16" slack="4"/>
<pin id="2784" dir="1" index="1" bw="16" slack="4"/>
</pin_list>
<bind>
<opset="add_ln22_91 "/>
</bind>
</comp>

<comp id="2787" class="1005" name="add_ln22_95_reg_2787">
<pin_list>
<pin id="2788" dir="0" index="0" bw="16" slack="4"/>
<pin id="2789" dir="1" index="1" bw="16" slack="4"/>
</pin_list>
<bind>
<opset="add_ln22_95 "/>
</bind>
</comp>

<comp id="2792" class="1005" name="add_ln22_99_reg_2792">
<pin_list>
<pin id="2793" dir="0" index="0" bw="16" slack="5"/>
<pin id="2794" dir="1" index="1" bw="16" slack="5"/>
</pin_list>
<bind>
<opset="add_ln22_99 "/>
</bind>
</comp>

</comp_list>

<net_list>
<net id="91"><net_src comp="0" pin="0"/><net_sink comp="86" pin=0"/></net>

<net id="92"><net_src comp="6" pin="0"/><net_sink comp="86" pin=1"/></net>

<net id="93"><net_src comp="6" pin="0"/><net_sink comp="86" pin=2"/></net>

<net id="103"><net_src comp="86" pin="3"/><net_sink comp="94" pin=2"/></net>

<net id="109"><net_src comp="2" pin="0"/><net_sink comp="104" pin=0"/></net>

<net id="110"><net_src comp="6" pin="0"/><net_sink comp="104" pin=1"/></net>

<net id="111"><net_src comp="6" pin="0"/><net_sink comp="104" pin=2"/></net>

<net id="121"><net_src comp="104" pin="3"/><net_sink comp="112" pin=2"/></net>

<net id="127"><net_src comp="2" pin="0"/><net_sink comp="122" pin=0"/></net>

<net id="128"><net_src comp="6" pin="0"/><net_sink comp="122" pin=1"/></net>

<net id="129"><net_src comp="8" pin="0"/><net_sink comp="122" pin=2"/></net>

<net id="130"><net_src comp="122" pin="3"/><net_sink comp="112" pin=0"/></net>

<net id="136"><net_src comp="0" pin="0"/><net_sink comp="131" pin=0"/></net>

<net id="137"><net_src comp="6" pin="0"/><net_sink comp="131" pin=1"/></net>

<net id="138"><net_src comp="8" pin="0"/><net_sink comp="131" pin=2"/></net>

<net id="139"><net_src comp="131" pin="3"/><net_sink comp="94" pin=0"/></net>

<net id="145"><net_src comp="2" pin="0"/><net_sink comp="140" pin=0"/></net>

<net id="146"><net_src comp="6" pin="0"/><net_sink comp="140" pin=1"/></net>

<net id="147"><net_src comp="20" pin="0"/><net_sink comp="140" pin=2"/></net>

<net id="148"><net_src comp="140" pin="3"/><net_sink comp="112" pin=2"/></net>

<net id="154"><net_src comp="2" pin="0"/><net_sink comp="149" pin=0"/></net>

<net id="155"><net_src comp="6" pin="0"/><net_sink comp="149" pin=1"/></net>

<net id="156"><net_src comp="22" pin="0"/><net_sink comp="149" pin=2"/></net>

<net id="157"><net_src comp="149" pin="3"/><net_sink comp="112" pin=0"/></net>

<net id="163"><net_src comp="0" pin="0"/><net_sink comp="158" pin=0"/></net>

<net id="164"><net_src comp="6" pin="0"/><net_sink comp="158" pin=1"/></net>

<net id="165"><net_src comp="20" pin="0"/><net_sink comp="158" pin=2"/></net>

<net id="166"><net_src comp="158" pin="3"/><net_sink comp="94" pin=2"/></net>

<net id="172"><net_src comp="0" pin="0"/><net_sink comp="167" pin=0"/></net>

<net id="173"><net_src comp="6" pin="0"/><net_sink comp="167" pin=1"/></net>

<net id="174"><net_src comp="22" pin="0"/><net_sink comp="167" pin=2"/></net>

<net id="175"><net_src comp="167" pin="3"/><net_sink comp="94" pin=0"/></net>

<net id="181"><net_src comp="2" pin="0"/><net_sink comp="176" pin=0"/></net>

<net id="182"><net_src comp="6" pin="0"/><net_sink comp="176" pin=1"/></net>

<net id="183"><net_src comp="24" pin="0"/><net_sink comp="176" pin=2"/></net>

<net id="184"><net_src comp="176" pin="3"/><net_sink comp="112" pin=0"/></net>

<net id="190"><net_src comp="0" pin="0"/><net_sink comp="185" pin=0"/></net>

<net id="191"><net_src comp="6" pin="0"/><net_sink comp="185" pin=1"/></net>

<net id="192"><net_src comp="24" pin="0"/><net_sink comp="185" pin=2"/></net>

<net id="193"><net_src comp="185" pin="3"/><net_sink comp="94" pin=0"/></net>

<net id="199"><net_src comp="4" pin="0"/><net_sink comp="194" pin=0"/></net>

<net id="200"><net_src comp="6" pin="0"/><net_sink comp="194" pin=1"/></net>

<net id="201"><net_src comp="6" pin="0"/><net_sink comp="194" pin=2"/></net>

<net id="207"><net_src comp="4" pin="0"/><net_sink comp="202" pin=0"/></net>

<net id="208"><net_src comp="6" pin="0"/><net_sink comp="202" pin=1"/></net>

<net id="209"><net_src comp="8" pin="0"/><net_sink comp="202" pin=2"/></net>

<net id="215"><net_src comp="194" pin="3"/><net_sink comp="210" pin=0"/></net>

<net id="220"><net_src comp="202" pin="3"/><net_sink comp="210" pin=2"/></net>

<net id="226"><net_src comp="4" pin="0"/><net_sink comp="221" pin=0"/></net>

<net id="227"><net_src comp="6" pin="0"/><net_sink comp="221" pin=1"/></net>

<net id="228"><net_src comp="20" pin="0"/><net_sink comp="221" pin=2"/></net>

<net id="234"><net_src comp="4" pin="0"/><net_sink comp="229" pin=0"/></net>

<net id="235"><net_src comp="6" pin="0"/><net_sink comp="229" pin=1"/></net>

<net id="236"><net_src comp="22" pin="0"/><net_sink comp="229" pin=2"/></net>

<net id="237"><net_src comp="221" pin="3"/><net_sink comp="210" pin=0"/></net>

<net id="238"><net_src comp="229" pin="3"/><net_sink comp="210" pin=2"/></net>

<net id="244"><net_src comp="4" pin="0"/><net_sink comp="239" pin=0"/></net>

<net id="245"><net_src comp="6" pin="0"/><net_sink comp="239" pin=1"/></net>

<net id="246"><net_src comp="24" pin="0"/><net_sink comp="239" pin=2"/></net>

<net id="252"><net_src comp="4" pin="0"/><net_sink comp="247" pin=0"/></net>

<net id="253"><net_src comp="6" pin="0"/><net_sink comp="247" pin=1"/></net>

<net id="254"><net_src comp="26" pin="0"/><net_sink comp="247" pin=2"/></net>

<net id="255"><net_src comp="239" pin="3"/><net_sink comp="210" pin=0"/></net>

<net id="256"><net_src comp="247" pin="3"/><net_sink comp="210" pin=2"/></net>

<net id="262"><net_src comp="4" pin="0"/><net_sink comp="257" pin=0"/></net>

<net id="263"><net_src comp="6" pin="0"/><net_sink comp="257" pin=1"/></net>

<net id="264"><net_src comp="28" pin="0"/><net_sink comp="257" pin=2"/></net>

<net id="270"><net_src comp="4" pin="0"/><net_sink comp="265" pin=0"/></net>

<net id="271"><net_src comp="6" pin="0"/><net_sink comp="265" pin=1"/></net>

<net id="272"><net_src comp="30" pin="0"/><net_sink comp="265" pin=2"/></net>

<net id="273"><net_src comp="257" pin="3"/><net_sink comp="210" pin=0"/></net>

<net id="274"><net_src comp="265" pin="3"/><net_sink comp="210" pin=2"/></net>

<net id="280"><net_src comp="4" pin="0"/><net_sink comp="275" pin=0"/></net>

<net id="281"><net_src comp="6" pin="0"/><net_sink comp="275" pin=1"/></net>

<net id="282"><net_src comp="32" pin="0"/><net_sink comp="275" pin=2"/></net>

<net id="288"><net_src comp="4" pin="0"/><net_sink comp="283" pin=0"/></net>

<net id="289"><net_src comp="6" pin="0"/><net_sink comp="283" pin=1"/></net>

<net id="290"><net_src comp="34" pin="0"/><net_sink comp="283" pin=2"/></net>

<net id="291"><net_src comp="275" pin="3"/><net_sink comp="210" pin=2"/></net>

<net id="292"><net_src comp="283" pin="3"/><net_sink comp="210" pin=0"/></net>

<net id="298"><net_src comp="4" pin="0"/><net_sink comp="293" pin=0"/></net>

<net id="299"><net_src comp="6" pin="0"/><net_sink comp="293" pin=1"/></net>

<net id="300"><net_src comp="36" pin="0"/><net_sink comp="293" pin=2"/></net>

<net id="306"><net_src comp="4" pin="0"/><net_sink comp="301" pin=0"/></net>

<net id="307"><net_src comp="6" pin="0"/><net_sink comp="301" pin=1"/></net>

<net id="308"><net_src comp="38" pin="0"/><net_sink comp="301" pin=2"/></net>

<net id="309"><net_src comp="293" pin="3"/><net_sink comp="210" pin=2"/></net>

<net id="310"><net_src comp="301" pin="3"/><net_sink comp="210" pin=0"/></net>

<net id="316"><net_src comp="4" pin="0"/><net_sink comp="311" pin=0"/></net>

<net id="317"><net_src comp="6" pin="0"/><net_sink comp="311" pin=1"/></net>

<net id="318"><net_src comp="40" pin="0"/><net_sink comp="311" pin=2"/></net>

<net id="324"><net_src comp="4" pin="0"/><net_sink comp="319" pin=0"/></net>

<net id="325"><net_src comp="6" pin="0"/><net_sink comp="319" pin=1"/></net>

<net id="326"><net_src comp="42" pin="0"/><net_sink comp="319" pin=2"/></net>

<net id="327"><net_src comp="311" pin="3"/><net_sink comp="210" pin=2"/></net>

<net id="328"><net_src comp="319" pin="3"/><net_sink comp="210" pin=0"/></net>

<net id="334"><net_src comp="4" pin="0"/><net_sink comp="329" pin=0"/></net>

<net id="335"><net_src comp="6" pin="0"/><net_sink comp="329" pin=1"/></net>

<net id="336"><net_src comp="44" pin="0"/><net_sink comp="329" pin=2"/></net>

<net id="342"><net_src comp="4" pin="0"/><net_sink comp="337" pin=0"/></net>

<net id="343"><net_src comp="6" pin="0"/><net_sink comp="337" pin=1"/></net>

<net id="344"><net_src comp="46" pin="0"/><net_sink comp="337" pin=2"/></net>

<net id="345"><net_src comp="329" pin="3"/><net_sink comp="210" pin=2"/></net>

<net id="346"><net_src comp="337" pin="3"/><net_sink comp="210" pin=0"/></net>

<net id="352"><net_src comp="4" pin="0"/><net_sink comp="347" pin=0"/></net>

<net id="353"><net_src comp="6" pin="0"/><net_sink comp="347" pin=1"/></net>

<net id="354"><net_src comp="48" pin="0"/><net_sink comp="347" pin=2"/></net>

<net id="360"><net_src comp="4" pin="0"/><net_sink comp="355" pin=0"/></net>

<net id="361"><net_src comp="6" pin="0"/><net_sink comp="355" pin=1"/></net>

<net id="362"><net_src comp="50" pin="0"/><net_sink comp="355" pin=2"/></net>

<net id="363"><net_src comp="347" pin="3"/><net_sink comp="210" pin=2"/></net>

<net id="364"><net_src comp="355" pin="3"/><net_sink comp="210" pin=0"/></net>

<net id="370"><net_src comp="4" pin="0"/><net_sink comp="365" pin=0"/></net>

<net id="371"><net_src comp="6" pin="0"/><net_sink comp="365" pin=1"/></net>

<net id="372"><net_src comp="52" pin="0"/><net_sink comp="365" pin=2"/></net>

<net id="378"><net_src comp="4" pin="0"/><net_sink comp="373" pin=0"/></net>

<net id="379"><net_src comp="6" pin="0"/><net_sink comp="373" pin=1"/></net>

<net id="380"><net_src comp="54" pin="0"/><net_sink comp="373" pin=2"/></net>

<net id="381"><net_src comp="365" pin="3"/><net_sink comp="210" pin=2"/></net>

<net id="382"><net_src comp="373" pin="3"/><net_sink comp="210" pin=0"/></net>

<net id="388"><net_src comp="4" pin="0"/><net_sink comp="383" pin=0"/></net>

<net id="389"><net_src comp="6" pin="0"/><net_sink comp="383" pin=1"/></net>

<net id="390"><net_src comp="56" pin="0"/><net_sink comp="383" pin=2"/></net>

<net id="396"><net_src comp="4" pin="0"/><net_sink comp="391" pin=0"/></net>

<net id="397"><net_src comp="6" pin="0"/><net_sink comp="391" pin=1"/></net>

<net id="398"><net_src comp="58" pin="0"/><net_sink comp="391" pin=2"/></net>

<net id="399"><net_src comp="383" pin="3"/><net_sink comp="210" pin=2"/></net>

<net id="400"><net_src comp="391" pin="3"/><net_sink comp="210" pin=0"/></net>

<net id="406"><net_src comp="4" pin="0"/><net_sink comp="401" pin=0"/></net>

<net id="407"><net_src comp="6" pin="0"/><net_sink comp="401" pin=1"/></net>

<net id="408"><net_src comp="60" pin="0"/><net_sink comp="401" pin=2"/></net>

<net id="414"><net_src comp="4" pin="0"/><net_sink comp="409" pin=0"/></net>

<net id="415"><net_src comp="6" pin="0"/><net_sink comp="409" pin=1"/></net>

<net id="416"><net_src comp="62" pin="0"/><net_sink comp="409" pin=2"/></net>

<net id="417"><net_src comp="401" pin="3"/><net_sink comp="210" pin=2"/></net>

<net id="418"><net_src comp="409" pin="3"/><net_sink comp="210" pin=0"/></net>

<net id="424"><net_src comp="4" pin="0"/><net_sink comp="419" pin=0"/></net>

<net id="425"><net_src comp="6" pin="0"/><net_sink comp="419" pin=1"/></net>

<net id="426"><net_src comp="64" pin="0"/><net_sink comp="419" pin=2"/></net>

<net id="427"><net_src comp="419" pin="3"/><net_sink comp="210" pin=0"/></net>

<net id="433"><net_src comp="10" pin="0"/><net_sink comp="428" pin=0"/></net>

<net id="434"><net_src comp="94" pin="7"/><net_sink comp="428" pin=1"/></net>

<net id="435"><net_src comp="12" pin="0"/><net_sink comp="428" pin=2"/></net>

<net id="441"><net_src comp="10" pin="0"/><net_sink comp="436" pin=0"/></net>

<net id="442"><net_src comp="112" pin="7"/><net_sink comp="436" pin=1"/></net>

<net id="443"><net_src comp="12" pin="0"/><net_sink comp="436" pin=2"/></net>

<net id="449"><net_src comp="10" pin="0"/><net_sink comp="444" pin=0"/></net>

<net id="450"><net_src comp="94" pin="7"/><net_sink comp="444" pin=1"/></net>

<net id="451"><net_src comp="14" pin="0"/><net_sink comp="444" pin=2"/></net>

<net id="457"><net_src comp="10" pin="0"/><net_sink comp="452" pin=0"/></net>

<net id="458"><net_src comp="112" pin="7"/><net_sink comp="452" pin=1"/></net>

<net id="459"><net_src comp="14" pin="0"/><net_sink comp="452" pin=2"/></net>

<net id="465"><net_src comp="10" pin="0"/><net_sink comp="460" pin=0"/></net>

<net id="466"><net_src comp="94" pin="7"/><net_sink comp="460" pin=1"/></net>

<net id="467"><net_src comp="16" pin="0"/><net_sink comp="460" pin=2"/></net>

<net id="473"><net_src comp="10" pin="0"/><net_sink comp="468" pin=0"/></net>

<net id="474"><net_src comp="112" pin="7"/><net_sink comp="468" pin=1"/></net>

<net id="475"><net_src comp="16" pin="0"/><net_sink comp="468" pin=2"/></net>

<net id="481"><net_src comp="10" pin="0"/><net_sink comp="476" pin=0"/></net>

<net id="482"><net_src comp="94" pin="7"/><net_sink comp="476" pin=1"/></net>

<net id="483"><net_src comp="18" pin="0"/><net_sink comp="476" pin=2"/></net>

<net id="489"><net_src comp="10" pin="0"/><net_sink comp="484" pin=0"/></net>

<net id="490"><net_src comp="112" pin="7"/><net_sink comp="484" pin=1"/></net>

<net id="491"><net_src comp="18" pin="0"/><net_sink comp="484" pin=2"/></net>

<net id="497"><net_src comp="10" pin="0"/><net_sink comp="492" pin=0"/></net>

<net id="498"><net_src comp="112" pin="3"/><net_sink comp="492" pin=1"/></net>

<net id="499"><net_src comp="12" pin="0"/><net_sink comp="492" pin=2"/></net>

<net id="505"><net_src comp="10" pin="0"/><net_sink comp="500" pin=0"/></net>

<net id="506"><net_src comp="112" pin="3"/><net_sink comp="500" pin=1"/></net>

<net id="507"><net_src comp="14" pin="0"/><net_sink comp="500" pin=2"/></net>

<net id="513"><net_src comp="10" pin="0"/><net_sink comp="508" pin=0"/></net>

<net id="514"><net_src comp="112" pin="3"/><net_sink comp="508" pin=1"/></net>

<net id="515"><net_src comp="16" pin="0"/><net_sink comp="508" pin=2"/></net>

<net id="521"><net_src comp="10" pin="0"/><net_sink comp="516" pin=0"/></net>

<net id="522"><net_src comp="112" pin="3"/><net_sink comp="516" pin=1"/></net>

<net id="523"><net_src comp="18" pin="0"/><net_sink comp="516" pin=2"/></net>

<net id="529"><net_src comp="10" pin="0"/><net_sink comp="524" pin=0"/></net>

<net id="530"><net_src comp="94" pin="3"/><net_sink comp="524" pin=1"/></net>

<net id="531"><net_src comp="12" pin="0"/><net_sink comp="524" pin=2"/></net>

<net id="537"><net_src comp="10" pin="0"/><net_sink comp="532" pin=0"/></net>

<net id="538"><net_src comp="94" pin="3"/><net_sink comp="532" pin=1"/></net>

<net id="539"><net_src comp="14" pin="0"/><net_sink comp="532" pin=2"/></net>

<net id="545"><net_src comp="10" pin="0"/><net_sink comp="540" pin=0"/></net>

<net id="546"><net_src comp="94" pin="3"/><net_sink comp="540" pin=1"/></net>

<net id="547"><net_src comp="16" pin="0"/><net_sink comp="540" pin=2"/></net>

<net id="553"><net_src comp="10" pin="0"/><net_sink comp="548" pin=0"/></net>

<net id="554"><net_src comp="94" pin="3"/><net_sink comp="548" pin=1"/></net>

<net id="555"><net_src comp="18" pin="0"/><net_sink comp="548" pin=2"/></net>

<net id="559"><net_src comp="548" pin="3"/><net_sink comp="556" pin=0"/></net>

<net id="563"><net_src comp="94" pin="7"/><net_sink comp="560" pin=0"/></net>

<net id="567"><net_src comp="112" pin="7"/><net_sink comp="564" pin=0"/></net>

<net id="571"><net_src comp="460" pin="3"/><net_sink comp="568" pin=0"/></net>

<net id="575"><net_src comp="468" pin="3"/><net_sink comp="572" pin=0"/></net>

<net id="579"><net_src comp="476" pin="3"/><net_sink comp="576" pin=0"/></net>

<net id="583"><net_src comp="484" pin="3"/><net_sink comp="580" pin=0"/></net>

<net id="588"><net_src comp="572" pin="1"/><net_sink comp="584" pin=0"/></net>

<net id="589"><net_src comp="568" pin="1"/><net_sink comp="584" pin=1"/></net>

<net id="593"><net_src comp="112" pin="3"/><net_sink comp="590" pin=0"/></net>

<net id="597"><net_src comp="508" pin="3"/><net_sink comp="594" pin=0"/></net>

<net id="601"><net_src comp="516" pin="3"/><net_sink comp="598" pin=0"/></net>

<net id="606"><net_src comp="594" pin="1"/><net_sink comp="602" pin=0"/></net>

<net id="607"><net_src comp="568" pin="1"/><net_sink comp="602" pin=1"/></net>

<net id="611"><net_src comp="94" pin="3"/><net_sink comp="608" pin=0"/></net>

<net id="615"><net_src comp="540" pin="3"/><net_sink comp="612" pin=0"/></net>

<net id="619"><net_src comp="548" pin="3"/><net_sink comp="616" pin=0"/></net>

<net id="624"><net_src comp="612" pin="1"/><net_sink comp="620" pin=0"/></net>

<net id="625"><net_src comp="572" pin="1"/><net_sink comp="620" pin=1"/></net>

<net id="630"><net_src comp="612" pin="1"/><net_sink comp="626" pin=0"/></net>

<net id="631"><net_src comp="594" pin="1"/><net_sink comp="626" pin=1"/></net>

<net id="635"><net_src comp="112" pin="7"/><net_sink comp="632" pin=0"/></net>

<net id="639"><net_src comp="468" pin="3"/><net_sink comp="636" pin=0"/></net>

<net id="643"><net_src comp="484" pin="3"/><net_sink comp="640" pin=0"/></net>

<net id="648"><net_src comp="636" pin="1"/><net_sink comp="644" pin=0"/></net>

<net id="652"><net_src comp="112" pin="3"/><net_sink comp="649" pin=0"/></net>

<net id="656"><net_src comp="508" pin="3"/><net_sink comp="653" pin=0"/></net>

<net id="660"><net_src comp="516" pin="3"/><net_sink comp="657" pin=0"/></net>

<net id="665"><net_src comp="653" pin="1"/><net_sink comp="661" pin=0"/></net>

<net id="670"><net_src comp="636" pin="1"/><net_sink comp="666" pin=1"/></net>

<net id="675"><net_src comp="653" pin="1"/><net_sink comp="671" pin=1"/></net>

<net id="679"><net_src comp="94" pin="7"/><net_sink comp="676" pin=0"/></net>

<net id="683"><net_src comp="476" pin="3"/><net_sink comp="680" pin=0"/></net>

<net id="687"><net_src comp="94" pin="3"/><net_sink comp="684" pin=0"/></net>

<net id="691"><net_src comp="112" pin="3"/><net_sink comp="688" pin=0"/></net>

<net id="695"><net_src comp="508" pin="3"/><net_sink comp="692" pin=0"/></net>

<net id="699"><net_src comp="516" pin="3"/><net_sink comp="696" pin=0"/></net>

<net id="704"><net_src comp="692" pin="1"/><net_sink comp="700" pin=0"/></net>

<net id="709"><net_src comp="692" pin="1"/><net_sink comp="705" pin=1"/></net>

<net id="717"><net_src comp="710" pin="1"/><net_sink comp="713" pin=0"/></net>

<net id="722"><net_src comp="710" pin="1"/><net_sink comp="718" pin=0"/></net>

<net id="726"><net_src comp="556" pin="1"/><net_sink comp="723" pin=0"/></net>

<net id="730"><net_src comp="94" pin="3"/><net_sink comp="727" pin=0"/></net>

<net id="750"><net_src comp="743" pin="1"/><net_sink comp="746" pin=0"/></net>

<net id="754"><net_src comp="556" pin="1"/><net_sink comp="751" pin=0"/></net>

<net id="808"><net_src comp="801" pin="1"/><net_sink comp="804" pin=0"/></net>

<net id="813"><net_src comp="801" pin="1"/><net_sink comp="809" pin=0"/></net>

<net id="818"><net_src comp="801" pin="1"/><net_sink comp="814" pin=0"/></net>

<net id="823"><net_src comp="801" pin="1"/><net_sink comp="819" pin=0"/></net>

<net id="834"><net_src comp="827" pin="1"/><net_sink comp="830" pin=0"/></net>

<net id="835"><net_src comp="824" pin="1"/><net_sink comp="830" pin=1"/></net>

<net id="843"><net_src comp="836" pin="1"/><net_sink comp="839" pin=0"/></net>

<net id="844"><net_src comp="824" pin="1"/><net_sink comp="839" pin=1"/></net>

<net id="855"><net_src comp="845" pin="1"/><net_sink comp="851" pin=0"/></net>

<net id="856"><net_src comp="824" pin="1"/><net_sink comp="851" pin=1"/></net>

<net id="874"><net_src comp="867" pin="1"/><net_sink comp="870" pin=0"/></net>

<net id="885"><net_src comp="875" pin="1"/><net_sink comp="881" pin=0"/></net>

<net id="896"><net_src comp="886" pin="1"/><net_sink comp="892" pin=0"/></net>

<net id="901"><net_src comp="886" pin="1"/><net_sink comp="897" pin=0"/></net>

<net id="906"><net_src comp="902" pin="2"/><net_sink comp="210" pin=1"/></net>

<net id="911"><net_src comp="907" pin="2"/><net_sink comp="210" pin=4"/></net>

<net id="931"><net_src comp="924" pin="1"/><net_sink comp="927" pin=0"/></net>

<net id="939"><net_src comp="935" pin="2"/><net_sink comp="210" pin=1"/></net>

<net id="944"><net_src comp="940" pin="2"/><net_sink comp="210" pin=4"/></net>

<net id="968"><net_src comp="964" pin="2"/><net_sink comp="210" pin=1"/></net>

<net id="973"><net_src comp="969" pin="2"/><net_sink comp="210" pin=4"/></net>

<net id="984"><net_src comp="977" pin="1"/><net_sink comp="980" pin=0"/></net>

<net id="989"><net_src comp="977" pin="1"/><net_sink comp="985" pin=0"/></net>

<net id="994"><net_src comp="977" pin="1"/><net_sink comp="990" pin=0"/></net>

<net id="999"><net_src comp="977" pin="1"/><net_sink comp="995" pin=0"/></net>

<net id="1004"><net_src comp="1000" pin="2"/><net_sink comp="210" pin=1"/></net>

<net id="1009"><net_src comp="1005" pin="2"/><net_sink comp="210" pin=4"/></net>

<net id="1024"><net_src comp="1017" pin="1"/><net_sink comp="1020" pin=0"/></net>

<net id="1029"><net_src comp="1017" pin="1"/><net_sink comp="1025" pin=0"/></net>

<net id="1034"><net_src comp="1017" pin="1"/><net_sink comp="1030" pin=0"/></net>

<net id="1039"><net_src comp="1035" pin="2"/><net_sink comp="210" pin=4"/></net>

<net id="1044"><net_src comp="1040" pin="2"/><net_sink comp="210" pin=1"/></net>

<net id="1060"><net_src comp="1056" pin="2"/><net_sink comp="210" pin=4"/></net>

<net id="1065"><net_src comp="1061" pin="2"/><net_sink comp="210" pin=1"/></net>

<net id="1123"><net_src comp="580" pin="1"/><net_sink comp="1118" pin=0"/></net>

<net id="1124"><net_src comp="576" pin="1"/><net_sink comp="1118" pin=1"/></net>

<net id="1130"><net_src comp="598" pin="1"/><net_sink comp="1125" pin=0"/></net>

<net id="1131"><net_src comp="576" pin="1"/><net_sink comp="1125" pin=1"/></net>

<net id="1137"><net_src comp="616" pin="1"/><net_sink comp="1132" pin=0"/></net>

<net id="1138"><net_src comp="580" pin="1"/><net_sink comp="1132" pin=1"/></net>

<net id="1144"><net_src comp="616" pin="1"/><net_sink comp="1139" pin=0"/></net>

<net id="1145"><net_src comp="598" pin="1"/><net_sink comp="1139" pin=1"/></net>

<net id="1151"><net_src comp="640" pin="1"/><net_sink comp="1146" pin=0"/></net>

<net id="1157"><net_src comp="657" pin="1"/><net_sink comp="1152" pin=0"/></net>

<net id="1163"><net_src comp="640" pin="1"/><net_sink comp="1158" pin=1"/></net>

<net id="1169"><net_src comp="657" pin="1"/><net_sink comp="1164" pin=1"/></net>

<net id="1175"><net_src comp="680" pin="1"/><net_sink comp="1170" pin=0"/></net>

<net id="1181"><net_src comp="680" pin="1"/><net_sink comp="1176" pin=0"/></net>

<net id="1187"><net_src comp="696" pin="1"/><net_sink comp="1182" pin=0"/></net>

<net id="1193"><net_src comp="696" pin="1"/><net_sink comp="1188" pin=1"/></net>

<net id="1209"><net_src comp="696" pin="1"/><net_sink comp="1204" pin=1"/></net>

<net id="1215"><net_src comp="723" pin="1"/><net_sink comp="1210" pin=0"/></net>

<net id="1241"><net_src comp="751" pin="1"/><net_sink comp="1236" pin=0"/></net>

<net id="1242"><net_src comp="804" pin="2"/><net_sink comp="1236" pin=2"/></net>

<net id="1248"><net_src comp="751" pin="1"/><net_sink comp="1243" pin=0"/></net>

<net id="1249"><net_src comp="809" pin="2"/><net_sink comp="1243" pin=2"/></net>

<net id="1255"><net_src comp="758" pin="1"/><net_sink comp="1250" pin=0"/></net>

<net id="1256"><net_src comp="755" pin="1"/><net_sink comp="1250" pin=1"/></net>

<net id="1257"><net_src comp="830" pin="2"/><net_sink comp="1250" pin=2"/></net>

<net id="1263"><net_src comp="761" pin="1"/><net_sink comp="1258" pin=0"/></net>

<net id="1264"><net_src comp="755" pin="1"/><net_sink comp="1258" pin=1"/></net>

<net id="1265"><net_src comp="839" pin="2"/><net_sink comp="1258" pin=2"/></net>

<net id="1271"><net_src comp="764" pin="1"/><net_sink comp="1266" pin=0"/></net>

<net id="1272"><net_src comp="755" pin="1"/><net_sink comp="1266" pin=1"/></net>

<net id="1273"><net_src comp="851" pin="2"/><net_sink comp="1266" pin=2"/></net>

<net id="1289"><net_src comp="863" pin="2"/><net_sink comp="1284" pin=2"/></net>

<net id="1295"><net_src comp="786" pin="1"/><net_sink comp="1290" pin=0"/></net>

<net id="1296"><net_src comp="783" pin="1"/><net_sink comp="1290" pin=1"/></net>

<net id="1297"><net_src comp="1290" pin="3"/><net_sink comp="902" pin=0"/></net>

<net id="1303"><net_src comp="789" pin="1"/><net_sink comp="1298" pin=0"/></net>

<net id="1304"><net_src comp="783" pin="1"/><net_sink comp="1298" pin=1"/></net>

<net id="1305"><net_src comp="1298" pin="3"/><net_sink comp="907" pin=0"/></net>

<net id="1311"><net_src comp="792" pin="1"/><net_sink comp="1306" pin=0"/></net>

<net id="1312"><net_src comp="870" pin="2"/><net_sink comp="1306" pin=2"/></net>

<net id="1318"><net_src comp="795" pin="1"/><net_sink comp="1313" pin=0"/></net>

<net id="1319"><net_src comp="881" pin="2"/><net_sink comp="1313" pin=2"/></net>

<net id="1325"><net_src comp="798" pin="1"/><net_sink comp="1320" pin=0"/></net>

<net id="1326"><net_src comp="892" pin="2"/><net_sink comp="1320" pin=2"/></net>

<net id="1332"><net_src comp="798" pin="1"/><net_sink comp="1327" pin=0"/></net>

<net id="1333"><net_src comp="897" pin="2"/><net_sink comp="1327" pin=2"/></net>

<net id="1339"><net_src comp="848" pin="1"/><net_sink comp="1334" pin=0"/></net>

<net id="1340"><net_src comp="1334" pin="3"/><net_sink comp="935" pin=0"/></net>

<net id="1346"><net_src comp="857" pin="1"/><net_sink comp="1341" pin=0"/></net>

<net id="1347"><net_src comp="1341" pin="3"/><net_sink comp="940" pin=0"/></net>

<net id="1353"><net_src comp="912" pin="2"/><net_sink comp="1348" pin=2"/></net>

<net id="1359"><net_src comp="916" pin="2"/><net_sink comp="1354" pin=2"/></net>

<net id="1365"><net_src comp="920" pin="2"/><net_sink comp="1360" pin=2"/></net>

<net id="1371"><net_src comp="860" pin="1"/><net_sink comp="1366" pin=0"/></net>

<net id="1372"><net_src comp="927" pin="2"/><net_sink comp="1366" pin=2"/></net>

<net id="1378"><net_src comp="878" pin="1"/><net_sink comp="1373" pin=0"/></net>

<net id="1379"><net_src comp="1373" pin="3"/><net_sink comp="964" pin=0"/></net>

<net id="1385"><net_src comp="889" pin="1"/><net_sink comp="1380" pin=0"/></net>

<net id="1386"><net_src comp="1380" pin="3"/><net_sink comp="969" pin=0"/></net>

<net id="1392"><net_src comp="945" pin="2"/><net_sink comp="1387" pin=2"/></net>

<net id="1398"><net_src comp="949" pin="2"/><net_sink comp="1393" pin=2"/></net>

<net id="1404"><net_src comp="953" pin="2"/><net_sink comp="1399" pin=2"/></net>

<net id="1410"><net_src comp="957" pin="2"/><net_sink comp="1405" pin=2"/></net>

<net id="1416"><net_src comp="1411" pin="3"/><net_sink comp="1000" pin=0"/></net>

<net id="1422"><net_src comp="1417" pin="3"/><net_sink comp="1005" pin=0"/></net>

<net id="1428"><net_src comp="932" pin="1"/><net_sink comp="1423" pin=0"/></net>

<net id="1429"><net_src comp="980" pin="2"/><net_sink comp="1423" pin=2"/></net>

<net id="1435"><net_src comp="932" pin="1"/><net_sink comp="1430" pin=0"/></net>

<net id="1436"><net_src comp="985" pin="2"/><net_sink comp="1430" pin=2"/></net>

<net id="1442"><net_src comp="932" pin="1"/><net_sink comp="1437" pin=0"/></net>

<net id="1443"><net_src comp="990" pin="2"/><net_sink comp="1437" pin=2"/></net>

<net id="1449"><net_src comp="932" pin="1"/><net_sink comp="1444" pin=0"/></net>

<net id="1450"><net_src comp="995" pin="2"/><net_sink comp="1444" pin=2"/></net>

<net id="1456"><net_src comp="1451" pin="3"/><net_sink comp="1035" pin=0"/></net>

<net id="1462"><net_src comp="1457" pin="3"/><net_sink comp="1040" pin=0"/></net>

<net id="1468"><net_src comp="1013" pin="2"/><net_sink comp="1463" pin=2"/></net>

<net id="1474"><net_src comp="961" pin="1"/><net_sink comp="1469" pin=0"/></net>

<net id="1475"><net_src comp="1020" pin="2"/><net_sink comp="1469" pin=2"/></net>

<net id="1481"><net_src comp="961" pin="1"/><net_sink comp="1476" pin=0"/></net>

<net id="1482"><net_src comp="1025" pin="2"/><net_sink comp="1476" pin=2"/></net>

<net id="1488"><net_src comp="961" pin="1"/><net_sink comp="1483" pin=0"/></net>

<net id="1489"><net_src comp="1030" pin="2"/><net_sink comp="1483" pin=2"/></net>

<net id="1495"><net_src comp="974" pin="1"/><net_sink comp="1490" pin=0"/></net>

<net id="1496"><net_src comp="1490" pin="3"/><net_sink comp="1056" pin=0"/></net>

<net id="1502"><net_src comp="974" pin="1"/><net_sink comp="1497" pin=0"/></net>

<net id="1503"><net_src comp="1497" pin="3"/><net_sink comp="1061" pin=0"/></net>

<net id="1509"><net_src comp="974" pin="1"/><net_sink comp="1504" pin=0"/></net>

<net id="1510"><net_src comp="1504" pin="3"/><net_sink comp="1066" pin=0"/></net>

<net id="1516"><net_src comp="974" pin="1"/><net_sink comp="1511" pin=0"/></net>

<net id="1517"><net_src comp="1511" pin="3"/><net_sink comp="1070" pin=0"/></net>

<net id="1523"><net_src comp="1048" pin="2"/><net_sink comp="1518" pin=2"/></net>

<net id="1529"><net_src comp="1052" pin="2"/><net_sink comp="1524" pin=2"/></net>

<net id="1535"><net_src comp="1530" pin="3"/><net_sink comp="1074" pin=0"/></net>

<net id="1541"><net_src comp="1010" pin="1"/><net_sink comp="1536" pin=0"/></net>

<net id="1542"><net_src comp="1536" pin="3"/><net_sink comp="1078" pin=0"/></net>

<net id="1548"><net_src comp="1010" pin="1"/><net_sink comp="1543" pin=0"/></net>

<net id="1549"><net_src comp="1543" pin="3"/><net_sink comp="1082" pin=0"/></net>

<net id="1555"><net_src comp="1010" pin="1"/><net_sink comp="1550" pin=0"/></net>

<net id="1556"><net_src comp="1550" pin="3"/><net_sink comp="1086" pin=0"/></net>

<net id="1562"><net_src comp="1010" pin="1"/><net_sink comp="1557" pin=0"/></net>

<net id="1563"><net_src comp="1557" pin="3"/><net_sink comp="1090" pin=0"/></net>

<net id="1569"><net_src comp="1010" pin="1"/><net_sink comp="1564" pin=0"/></net>

<net id="1570"><net_src comp="1564" pin="3"/><net_sink comp="1094" pin=0"/></net>

<net id="1576"><net_src comp="1045" pin="1"/><net_sink comp="1571" pin=0"/></net>

<net id="1577"><net_src comp="1571" pin="3"/><net_sink comp="1098" pin=0"/></net>

<net id="1583"><net_src comp="1045" pin="1"/><net_sink comp="1578" pin=0"/></net>

<net id="1584"><net_src comp="1578" pin="3"/><net_sink comp="1102" pin=0"/></net>

<net id="1590"><net_src comp="1045" pin="1"/><net_sink comp="1585" pin=0"/></net>

<net id="1591"><net_src comp="1585" pin="3"/><net_sink comp="1106" pin=0"/></net>

<net id="1597"><net_src comp="1045" pin="1"/><net_sink comp="1592" pin=0"/></net>

<net id="1598"><net_src comp="1592" pin="3"/><net_sink comp="1110" pin=0"/></net>

<net id="1604"><net_src comp="1045" pin="1"/><net_sink comp="1599" pin=0"/></net>

<net id="1605"><net_src comp="1599" pin="3"/><net_sink comp="1114" pin=0"/></net>

<net id="1609"><net_src comp="86" pin="3"/><net_sink comp="1606" pin=0"/></net>

<net id="1610"><net_src comp="1606" pin="1"/><net_sink comp="94" pin=2"/></net>

<net id="1614"><net_src comp="104" pin="3"/><net_sink comp="1611" pin=0"/></net>

<net id="1615"><net_src comp="1611" pin="1"/><net_sink comp="112" pin=2"/></net>

<net id="1619"><net_src comp="122" pin="3"/><net_sink comp="1616" pin=0"/></net>

<net id="1620"><net_src comp="1616" pin="1"/><net_sink comp="112" pin=0"/></net>

<net id="1624"><net_src comp="131" pin="3"/><net_sink comp="1621" pin=0"/></net>

<net id="1625"><net_src comp="1621" pin="1"/><net_sink comp="94" pin=0"/></net>

<net id="1629"><net_src comp="560" pin="1"/><net_sink comp="1626" pin=0"/></net>

<net id="1630"><net_src comp="1626" pin="1"/><net_sink comp="755" pin=0"/></net>

<net id="1634"><net_src comp="564" pin="1"/><net_sink comp="1631" pin=0"/></net>

<net id="1635"><net_src comp="1631" pin="1"/><net_sink comp="758" pin=0"/></net>

<net id="1639"><net_src comp="428" pin="3"/><net_sink comp="1636" pin=0"/></net>

<net id="1640"><net_src comp="1636" pin="1"/><net_sink comp="824" pin=0"/></net>

<net id="1644"><net_src comp="436" pin="3"/><net_sink comp="1641" pin=0"/></net>

<net id="1645"><net_src comp="1641" pin="1"/><net_sink comp="827" pin=0"/></net>

<net id="1649"><net_src comp="444" pin="3"/><net_sink comp="1646" pin=0"/></net>

<net id="1650"><net_src comp="1646" pin="1"/><net_sink comp="783" pin=0"/></net>

<net id="1654"><net_src comp="452" pin="3"/><net_sink comp="1651" pin=0"/></net>

<net id="1655"><net_src comp="1651" pin="1"/><net_sink comp="786" pin=0"/></net>

<net id="1659"><net_src comp="568" pin="1"/><net_sink comp="1656" pin=0"/></net>

<net id="1660"><net_src comp="1656" pin="1"/><net_sink comp="644" pin=1"/></net>

<net id="1661"><net_src comp="1656" pin="1"/><net_sink comp="661" pin=1"/></net>

<net id="1662"><net_src comp="1656" pin="1"/><net_sink comp="700" pin=1"/></net>

<net id="1666"><net_src comp="572" pin="1"/><net_sink comp="1663" pin=0"/></net>

<net id="1667"><net_src comp="1663" pin="1"/><net_sink comp="713" pin=1"/></net>

<net id="1668"><net_src comp="1663" pin="1"/><net_sink comp="746" pin=1"/></net>

<net id="1669"><net_src comp="1663" pin="1"/><net_sink comp="804" pin=1"/></net>

<net id="1673"><net_src comp="576" pin="1"/><net_sink comp="1670" pin=0"/></net>

<net id="1674"><net_src comp="1670" pin="1"/><net_sink comp="1118" pin=1"/></net>

<net id="1675"><net_src comp="1670" pin="1"/><net_sink comp="1125" pin=1"/></net>

<net id="1676"><net_src comp="1670" pin="1"/><net_sink comp="1146" pin=1"/></net>

<net id="1677"><net_src comp="1670" pin="1"/><net_sink comp="1152" pin=1"/></net>

<net id="1678"><net_src comp="1670" pin="1"/><net_sink comp="1182" pin=1"/></net>

<net id="1682"><net_src comp="580" pin="1"/><net_sink comp="1679" pin=0"/></net>

<net id="1683"><net_src comp="1679" pin="1"/><net_sink comp="1118" pin=0"/></net>

<net id="1684"><net_src comp="1679" pin="1"/><net_sink comp="1132" pin=1"/></net>

<net id="1685"><net_src comp="1679" pin="1"/><net_sink comp="1170" pin=1"/></net>

<net id="1686"><net_src comp="1679" pin="1"/><net_sink comp="1210" pin=1"/></net>

<net id="1687"><net_src comp="1679" pin="1"/><net_sink comp="1236" pin=1"/></net>

<net id="1691"><net_src comp="584" pin="2"/><net_sink comp="1688" pin=0"/></net>

<net id="1692"><net_src comp="1688" pin="1"/><net_sink comp="1118" pin=0"/></net>

<net id="1696"><net_src comp="590" pin="1"/><net_sink comp="1693" pin=0"/></net>

<net id="1697"><net_src comp="1693" pin="1"/><net_sink comp="761" pin=0"/></net>

<net id="1701"><net_src comp="492" pin="3"/><net_sink comp="1698" pin=0"/></net>

<net id="1702"><net_src comp="1698" pin="1"/><net_sink comp="836" pin=0"/></net>

<net id="1706"><net_src comp="500" pin="3"/><net_sink comp="1703" pin=0"/></net>

<net id="1707"><net_src comp="1703" pin="1"/><net_sink comp="789" pin=0"/></net>

<net id="1711"><net_src comp="594" pin="1"/><net_sink comp="1708" pin=0"/></net>

<net id="1712"><net_src comp="1708" pin="1"/><net_sink comp="718" pin=1"/></net>

<net id="1713"><net_src comp="1708" pin="1"/><net_sink comp="767" pin=1"/></net>

<net id="1714"><net_src comp="1708" pin="1"/><net_sink comp="809" pin=1"/></net>

<net id="1718"><net_src comp="598" pin="1"/><net_sink comp="1715" pin=0"/></net>

<net id="1719"><net_src comp="1715" pin="1"/><net_sink comp="1125" pin=0"/></net>

<net id="1720"><net_src comp="1715" pin="1"/><net_sink comp="1139" pin=1"/></net>

<net id="1721"><net_src comp="1715" pin="1"/><net_sink comp="1176" pin=1"/></net>

<net id="1722"><net_src comp="1715" pin="1"/><net_sink comp="1216" pin=1"/></net>

<net id="1723"><net_src comp="1715" pin="1"/><net_sink comp="1243" pin=1"/></net>

<net id="1727"><net_src comp="602" pin="2"/><net_sink comp="1724" pin=0"/></net>

<net id="1728"><net_src comp="1724" pin="1"/><net_sink comp="1125" pin=0"/></net>

<net id="1732"><net_src comp="140" pin="3"/><net_sink comp="1729" pin=0"/></net>

<net id="1733"><net_src comp="1729" pin="1"/><net_sink comp="112" pin=2"/></net>

<net id="1737"><net_src comp="149" pin="3"/><net_sink comp="1734" pin=0"/></net>

<net id="1738"><net_src comp="1734" pin="1"/><net_sink comp="112" pin=0"/></net>

<net id="1742"><net_src comp="608" pin="1"/><net_sink comp="1739" pin=0"/></net>

<net id="1743"><net_src comp="1739" pin="1"/><net_sink comp="798" pin=0"/></net>

<net id="1747"><net_src comp="524" pin="3"/><net_sink comp="1744" pin=0"/></net>

<net id="1748"><net_src comp="1744" pin="1"/><net_sink comp="886" pin=0"/></net>

<net id="1752"><net_src comp="532" pin="3"/><net_sink comp="1749" pin=0"/></net>

<net id="1753"><net_src comp="1749" pin="1"/><net_sink comp="889" pin=0"/></net>

<net id="1757"><net_src comp="612" pin="1"/><net_sink comp="1754" pin=0"/></net>

<net id="1758"><net_src comp="1754" pin="1"/><net_sink comp="666" pin=0"/></net>

<net id="1759"><net_src comp="1754" pin="1"/><net_sink comp="671" pin=0"/></net>

<net id="1760"><net_src comp="1754" pin="1"/><net_sink comp="705" pin=0"/></net>

<net id="1764"><net_src comp="616" pin="1"/><net_sink comp="1761" pin=0"/></net>

<net id="1765"><net_src comp="1761" pin="1"/><net_sink comp="1132" pin=0"/></net>

<net id="1766"><net_src comp="1761" pin="1"/><net_sink comp="1139" pin=0"/></net>

<net id="1767"><net_src comp="1761" pin="1"/><net_sink comp="1158" pin=0"/></net>

<net id="1768"><net_src comp="1761" pin="1"/><net_sink comp="1164" pin=0"/></net>

<net id="1769"><net_src comp="1761" pin="1"/><net_sink comp="1188" pin=0"/></net>

<net id="1773"><net_src comp="620" pin="2"/><net_sink comp="1770" pin=0"/></net>

<net id="1774"><net_src comp="1770" pin="1"/><net_sink comp="1132" pin=0"/></net>

<net id="1778"><net_src comp="626" pin="2"/><net_sink comp="1775" pin=0"/></net>

<net id="1779"><net_src comp="1775" pin="1"/><net_sink comp="1139" pin=0"/></net>

<net id="1783"><net_src comp="158" pin="3"/><net_sink comp="1780" pin=0"/></net>

<net id="1784"><net_src comp="1780" pin="1"/><net_sink comp="94" pin=2"/></net>

<net id="1788"><net_src comp="167" pin="3"/><net_sink comp="1785" pin=0"/></net>

<net id="1789"><net_src comp="1785" pin="1"/><net_sink comp="94" pin=0"/></net>

<net id="1793"><net_src comp="632" pin="1"/><net_sink comp="1790" pin=0"/></net>

<net id="1794"><net_src comp="1790" pin="1"/><net_sink comp="764" pin=0"/></net>

<net id="1798"><net_src comp="436" pin="3"/><net_sink comp="1795" pin=0"/></net>

<net id="1799"><net_src comp="1795" pin="1"/><net_sink comp="845" pin=0"/></net>

<net id="1803"><net_src comp="452" pin="3"/><net_sink comp="1800" pin=0"/></net>

<net id="1804"><net_src comp="1800" pin="1"/><net_sink comp="848" pin=0"/></net>

<net id="1808"><net_src comp="636" pin="1"/><net_sink comp="1805" pin=0"/></net>

<net id="1809"><net_src comp="1805" pin="1"/><net_sink comp="731" pin=1"/></net>

<net id="1810"><net_src comp="1805" pin="1"/><net_sink comp="771" pin=1"/></net>

<net id="1811"><net_src comp="1805" pin="1"/><net_sink comp="814" pin=1"/></net>

<net id="1815"><net_src comp="640" pin="1"/><net_sink comp="1812" pin=0"/></net>

<net id="1816"><net_src comp="1812" pin="1"/><net_sink comp="1146" pin=0"/></net>

<net id="1817"><net_src comp="1812" pin="1"/><net_sink comp="1158" pin=1"/></net>

<net id="1818"><net_src comp="1812" pin="1"/><net_sink comp="1194" pin=1"/></net>

<net id="1819"><net_src comp="1812" pin="1"/><net_sink comp="1221" pin=1"/></net>

<net id="1820"><net_src comp="1812" pin="1"/><net_sink comp="1274" pin=1"/></net>

<net id="1824"><net_src comp="644" pin="2"/><net_sink comp="1821" pin=0"/></net>

<net id="1825"><net_src comp="1821" pin="1"/><net_sink comp="1146" pin=0"/></net>

<net id="1829"><net_src comp="649" pin="1"/><net_sink comp="1826" pin=0"/></net>

<net id="1830"><net_src comp="1826" pin="1"/><net_sink comp="792" pin=0"/></net>

<net id="1834"><net_src comp="492" pin="3"/><net_sink comp="1831" pin=0"/></net>

<net id="1835"><net_src comp="1831" pin="1"/><net_sink comp="867" pin=0"/></net>

<net id="1839"><net_src comp="500" pin="3"/><net_sink comp="1836" pin=0"/></net>

<net id="1840"><net_src comp="1836" pin="1"/><net_sink comp="857" pin=0"/></net>

<net id="1844"><net_src comp="653" pin="1"/><net_sink comp="1841" pin=0"/></net>

<net id="1845"><net_src comp="1841" pin="1"/><net_sink comp="735" pin=1"/></net>

<net id="1846"><net_src comp="1841" pin="1"/><net_sink comp="775" pin=1"/></net>

<net id="1847"><net_src comp="1841" pin="1"/><net_sink comp="819" pin=1"/></net>

<net id="1851"><net_src comp="657" pin="1"/><net_sink comp="1848" pin=0"/></net>

<net id="1852"><net_src comp="1848" pin="1"/><net_sink comp="1152" pin=0"/></net>

<net id="1853"><net_src comp="1848" pin="1"/><net_sink comp="1164" pin=1"/></net>

<net id="1854"><net_src comp="1848" pin="1"/><net_sink comp="1199" pin=1"/></net>

<net id="1855"><net_src comp="1848" pin="1"/><net_sink comp="1226" pin=1"/></net>

<net id="1856"><net_src comp="1848" pin="1"/><net_sink comp="1279" pin=1"/></net>

<net id="1860"><net_src comp="661" pin="2"/><net_sink comp="1857" pin=0"/></net>

<net id="1861"><net_src comp="1857" pin="1"/><net_sink comp="1152" pin=0"/></net>

<net id="1865"><net_src comp="176" pin="3"/><net_sink comp="1862" pin=0"/></net>

<net id="1866"><net_src comp="1862" pin="1"/><net_sink comp="112" pin=0"/></net>

<net id="1870"><net_src comp="666" pin="2"/><net_sink comp="1867" pin=0"/></net>

<net id="1871"><net_src comp="1867" pin="1"/><net_sink comp="1158" pin=0"/></net>

<net id="1875"><net_src comp="671" pin="2"/><net_sink comp="1872" pin=0"/></net>

<net id="1876"><net_src comp="1872" pin="1"/><net_sink comp="1164" pin=0"/></net>

<net id="1880"><net_src comp="676" pin="1"/><net_sink comp="1877" pin=0"/></net>

<net id="1881"><net_src comp="1877" pin="1"/><net_sink comp="860" pin=0"/></net>

<net id="1885"><net_src comp="428" pin="3"/><net_sink comp="1882" pin=0"/></net>

<net id="1886"><net_src comp="1882" pin="1"/><net_sink comp="924" pin=0"/></net>

<net id="1890"><net_src comp="444" pin="3"/><net_sink comp="1887" pin=0"/></net>

<net id="1891"><net_src comp="1887" pin="1"/><net_sink comp="974" pin=0"/></net>

<net id="1895"><net_src comp="460" pin="3"/><net_sink comp="1892" pin=0"/></net>

<net id="1896"><net_src comp="1892" pin="1"/><net_sink comp="710" pin=0"/></net>

<net id="1900"><net_src comp="680" pin="1"/><net_sink comp="1897" pin=0"/></net>

<net id="1901"><net_src comp="1897" pin="1"/><net_sink comp="1170" pin=0"/></net>

<net id="1902"><net_src comp="1897" pin="1"/><net_sink comp="1176" pin=0"/></net>

<net id="1903"><net_src comp="1897" pin="1"/><net_sink comp="1194" pin=0"/></net>

<net id="1904"><net_src comp="1897" pin="1"/><net_sink comp="1199" pin=0"/></net>

<net id="1905"><net_src comp="1897" pin="1"/><net_sink comp="1204" pin=0"/></net>

<net id="1909"><net_src comp="684" pin="1"/><net_sink comp="1906" pin=0"/></net>

<net id="1910"><net_src comp="1906" pin="1"/><net_sink comp="932" pin=0"/></net>

<net id="1914"><net_src comp="524" pin="3"/><net_sink comp="1911" pin=0"/></net>

<net id="1915"><net_src comp="1911" pin="1"/><net_sink comp="977" pin=0"/></net>

<net id="1919"><net_src comp="532" pin="3"/><net_sink comp="1916" pin=0"/></net>

<net id="1920"><net_src comp="1916" pin="1"/><net_sink comp="1010" pin=0"/></net>

<net id="1924"><net_src comp="540" pin="3"/><net_sink comp="1921" pin=0"/></net>

<net id="1925"><net_src comp="1921" pin="1"/><net_sink comp="743" pin=0"/></net>

<net id="1929"><net_src comp="185" pin="3"/><net_sink comp="1926" pin=0"/></net>

<net id="1930"><net_src comp="1926" pin="1"/><net_sink comp="94" pin=0"/></net>

<net id="1934"><net_src comp="688" pin="1"/><net_sink comp="1931" pin=0"/></net>

<net id="1935"><net_src comp="1931" pin="1"/><net_sink comp="795" pin=0"/></net>

<net id="1939"><net_src comp="492" pin="3"/><net_sink comp="1936" pin=0"/></net>

<net id="1940"><net_src comp="1936" pin="1"/><net_sink comp="875" pin=0"/></net>

<net id="1944"><net_src comp="500" pin="3"/><net_sink comp="1941" pin=0"/></net>

<net id="1945"><net_src comp="1941" pin="1"/><net_sink comp="878" pin=0"/></net>

<net id="1949"><net_src comp="692" pin="1"/><net_sink comp="1946" pin=0"/></net>

<net id="1950"><net_src comp="1946" pin="1"/><net_sink comp="739" pin=1"/></net>

<net id="1951"><net_src comp="1946" pin="1"/><net_sink comp="779" pin=1"/></net>

<net id="1952"><net_src comp="1946" pin="1"/><net_sink comp="863" pin=1"/></net>

<net id="1956"><net_src comp="696" pin="1"/><net_sink comp="1953" pin=0"/></net>

<net id="1957"><net_src comp="1953" pin="1"/><net_sink comp="1182" pin=0"/></net>

<net id="1958"><net_src comp="1953" pin="1"/><net_sink comp="1188" pin=1"/></net>

<net id="1959"><net_src comp="1953" pin="1"/><net_sink comp="1204" pin=1"/></net>

<net id="1960"><net_src comp="1953" pin="1"/><net_sink comp="1231" pin=1"/></net>

<net id="1961"><net_src comp="1953" pin="1"/><net_sink comp="1284" pin=1"/></net>

<net id="1965"><net_src comp="700" pin="2"/><net_sink comp="1962" pin=0"/></net>

<net id="1966"><net_src comp="1962" pin="1"/><net_sink comp="1182" pin=0"/></net>

<net id="1970"><net_src comp="705" pin="2"/><net_sink comp="1967" pin=0"/></net>

<net id="1971"><net_src comp="1967" pin="1"/><net_sink comp="1188" pin=0"/></net>

<net id="1975"><net_src comp="710" pin="1"/><net_sink comp="1972" pin=0"/></net>

<net id="1976"><net_src comp="1972" pin="1"/><net_sink comp="731" pin=0"/></net>

<net id="1977"><net_src comp="1972" pin="1"/><net_sink comp="735" pin=0"/></net>

<net id="1978"><net_src comp="1972" pin="1"/><net_sink comp="739" pin=0"/></net>

<net id="1982"><net_src comp="713" pin="2"/><net_sink comp="1979" pin=0"/></net>

<net id="1983"><net_src comp="1979" pin="1"/><net_sink comp="1170" pin=0"/></net>

<net id="1987"><net_src comp="718" pin="2"/><net_sink comp="1984" pin=0"/></net>

<net id="1988"><net_src comp="1984" pin="1"/><net_sink comp="1176" pin=0"/></net>

<net id="1992"><net_src comp="723" pin="1"/><net_sink comp="1989" pin=0"/></net>

<net id="1993"><net_src comp="1989" pin="1"/><net_sink comp="1210" pin=0"/></net>

<net id="1994"><net_src comp="1989" pin="1"/><net_sink comp="1216" pin=0"/></net>

<net id="1995"><net_src comp="1989" pin="1"/><net_sink comp="1221" pin=0"/></net>

<net id="1996"><net_src comp="1989" pin="1"/><net_sink comp="1226" pin=0"/></net>

<net id="1997"><net_src comp="1989" pin="1"/><net_sink comp="1231" pin=0"/></net>

<net id="2001"><net_src comp="727" pin="1"/><net_sink comp="1998" pin=0"/></net>

<net id="2002"><net_src comp="1998" pin="1"/><net_sink comp="961" pin=0"/></net>

<net id="2006"><net_src comp="524" pin="3"/><net_sink comp="2003" pin=0"/></net>

<net id="2007"><net_src comp="2003" pin="1"/><net_sink comp="1017" pin=0"/></net>

<net id="2011"><net_src comp="532" pin="3"/><net_sink comp="2008" pin=0"/></net>

<net id="2012"><net_src comp="2008" pin="1"/><net_sink comp="1045" pin=0"/></net>

<net id="2016"><net_src comp="540" pin="3"/><net_sink comp="2013" pin=0"/></net>

<net id="2017"><net_src comp="2013" pin="1"/><net_sink comp="801" pin=0"/></net>

<net id="2021"><net_src comp="1118" pin="3"/><net_sink comp="2018" pin=0"/></net>

<net id="2022"><net_src comp="2018" pin="1"/><net_sink comp="1290" pin=0"/></net>

<net id="2026"><net_src comp="1125" pin="3"/><net_sink comp="2023" pin=0"/></net>

<net id="2027"><net_src comp="2023" pin="1"/><net_sink comp="1298" pin=0"/></net>

<net id="2031"><net_src comp="1132" pin="3"/><net_sink comp="2028" pin=0"/></net>

<net id="2032"><net_src comp="2028" pin="1"/><net_sink comp="1380" pin=0"/></net>

<net id="2036"><net_src comp="1139" pin="3"/><net_sink comp="2033" pin=0"/></net>

<net id="2037"><net_src comp="2033" pin="1"/><net_sink comp="1411" pin=0"/></net>

<net id="2041"><net_src comp="731" pin="2"/><net_sink comp="2038" pin=0"/></net>

<net id="2042"><net_src comp="2038" pin="1"/><net_sink comp="1194" pin=0"/></net>

<net id="2046"><net_src comp="735" pin="2"/><net_sink comp="2043" pin=0"/></net>

<net id="2047"><net_src comp="2043" pin="1"/><net_sink comp="1199" pin=0"/></net>

<net id="2051"><net_src comp="739" pin="2"/><net_sink comp="2048" pin=0"/></net>

<net id="2052"><net_src comp="2048" pin="1"/><net_sink comp="1204" pin=0"/></net>

<net id="2056"><net_src comp="743" pin="1"/><net_sink comp="2053" pin=0"/></net>

<net id="2057"><net_src comp="2053" pin="1"/><net_sink comp="767" pin=0"/></net>

<net id="2058"><net_src comp="2053" pin="1"/><net_sink comp="771" pin=0"/></net>

<net id="2059"><net_src comp="2053" pin="1"/><net_sink comp="775" pin=0"/></net>

<net id="2060"><net_src comp="2053" pin="1"/><net_sink comp="779" pin=0"/></net>

<net id="2064"><net_src comp="746" pin="2"/><net_sink comp="2061" pin=0"/></net>

<net id="2065"><net_src comp="2061" pin="1"/><net_sink comp="1210" pin=0"/></net>

<net id="2069"><net_src comp="751" pin="1"/><net_sink comp="2066" pin=0"/></net>

<net id="2070"><net_src comp="2066" pin="1"/><net_sink comp="1236" pin=0"/></net>

<net id="2071"><net_src comp="2066" pin="1"/><net_sink comp="1243" pin=0"/></net>

<net id="2072"><net_src comp="2066" pin="1"/><net_sink comp="1274" pin=0"/></net>

<net id="2073"><net_src comp="2066" pin="1"/><net_sink comp="1279" pin=0"/></net>

<net id="2074"><net_src comp="2066" pin="1"/><net_sink comp="1284" pin=0"/></net>

<net id="2078"><net_src comp="755" pin="1"/><net_sink comp="2075" pin=0"/></net>

<net id="2079"><net_src comp="2075" pin="1"/><net_sink comp="1250" pin=1"/></net>

<net id="2080"><net_src comp="2075" pin="1"/><net_sink comp="1258" pin=1"/></net>

<net id="2081"><net_src comp="2075" pin="1"/><net_sink comp="1266" pin=1"/></net>

<net id="2082"><net_src comp="2075" pin="1"/><net_sink comp="1306" pin=1"/></net>

<net id="2083"><net_src comp="2075" pin="1"/><net_sink comp="1313" pin=1"/></net>

<net id="2087"><net_src comp="758" pin="1"/><net_sink comp="2084" pin=0"/></net>

<net id="2088"><net_src comp="2084" pin="1"/><net_sink comp="1250" pin=0"/></net>

<net id="2089"><net_src comp="2084" pin="1"/><net_sink comp="1320" pin=1"/></net>

<net id="2090"><net_src comp="2084" pin="1"/><net_sink comp="1366" pin=1"/></net>

<net id="2091"><net_src comp="2084" pin="1"/><net_sink comp="1423" pin=1"/></net>

<net id="2092"><net_src comp="2084" pin="1"/><net_sink comp="1469" pin=1"/></net>

<net id="2096"><net_src comp="761" pin="1"/><net_sink comp="2093" pin=0"/></net>

<net id="2097"><net_src comp="2093" pin="1"/><net_sink comp="1258" pin=0"/></net>

<net id="2098"><net_src comp="2093" pin="1"/><net_sink comp="1327" pin=1"/></net>

<net id="2099"><net_src comp="2093" pin="1"/><net_sink comp="1387" pin=1"/></net>

<net id="2100"><net_src comp="2093" pin="1"/><net_sink comp="1430" pin=1"/></net>

<net id="2101"><net_src comp="2093" pin="1"/><net_sink comp="1476" pin=1"/></net>

<net id="2105"><net_src comp="764" pin="1"/><net_sink comp="2102" pin=0"/></net>

<net id="2106"><net_src comp="2102" pin="1"/><net_sink comp="1266" pin=0"/></net>

<net id="2107"><net_src comp="2102" pin="1"/><net_sink comp="1348" pin=1"/></net>

<net id="2108"><net_src comp="2102" pin="1"/><net_sink comp="1393" pin=1"/></net>

<net id="2109"><net_src comp="2102" pin="1"/><net_sink comp="1437" pin=1"/></net>

<net id="2110"><net_src comp="2102" pin="1"/><net_sink comp="1483" pin=1"/></net>

<net id="2114"><net_src comp="1146" pin="3"/><net_sink comp="2111" pin=0"/></net>

<net id="2115"><net_src comp="2111" pin="1"/><net_sink comp="1334" pin=0"/></net>

<net id="2119"><net_src comp="1152" pin="3"/><net_sink comp="2116" pin=0"/></net>

<net id="2120"><net_src comp="2116" pin="1"/><net_sink comp="1341" pin=0"/></net>

<net id="2124"><net_src comp="1158" pin="3"/><net_sink comp="2121" pin=0"/></net>

<net id="2125"><net_src comp="2121" pin="1"/><net_sink comp="1417" pin=0"/></net>

<net id="2129"><net_src comp="1164" pin="3"/><net_sink comp="2126" pin=0"/></net>

<net id="2130"><net_src comp="2126" pin="1"/><net_sink comp="1451" pin=0"/></net>

<net id="2134"><net_src comp="1170" pin="3"/><net_sink comp="2131" pin=0"/></net>

<net id="2135"><net_src comp="2131" pin="1"/><net_sink comp="1490" pin=0"/></net>

<net id="2139"><net_src comp="1176" pin="3"/><net_sink comp="2136" pin=0"/></net>

<net id="2140"><net_src comp="2136" pin="1"/><net_sink comp="1497" pin=0"/></net>

<net id="2144"><net_src comp="767" pin="2"/><net_sink comp="2141" pin=0"/></net>

<net id="2145"><net_src comp="2141" pin="1"/><net_sink comp="1216" pin=0"/></net>

<net id="2149"><net_src comp="771" pin="2"/><net_sink comp="2146" pin=0"/></net>

<net id="2150"><net_src comp="2146" pin="1"/><net_sink comp="1221" pin=0"/></net>

<net id="2154"><net_src comp="775" pin="2"/><net_sink comp="2151" pin=0"/></net>

<net id="2155"><net_src comp="2151" pin="1"/><net_sink comp="1226" pin=0"/></net>

<net id="2159"><net_src comp="779" pin="2"/><net_sink comp="2156" pin=0"/></net>

<net id="2160"><net_src comp="2156" pin="1"/><net_sink comp="1231" pin=0"/></net>

<net id="2164"><net_src comp="783" pin="1"/><net_sink comp="2161" pin=0"/></net>

<net id="2165"><net_src comp="2161" pin="1"/><net_sink comp="1290" pin=1"/></net>

<net id="2166"><net_src comp="2161" pin="1"/><net_sink comp="1298" pin=1"/></net>

<net id="2167"><net_src comp="2161" pin="1"/><net_sink comp="1334" pin=1"/></net>

<net id="2168"><net_src comp="2161" pin="1"/><net_sink comp="1341" pin=1"/></net>

<net id="2169"><net_src comp="2161" pin="1"/><net_sink comp="1373" pin=1"/></net>

<net id="2173"><net_src comp="786" pin="1"/><net_sink comp="2170" pin=0"/></net>

<net id="2174"><net_src comp="2170" pin="1"/><net_sink comp="1290" pin=0"/></net>

<net id="2175"><net_src comp="2170" pin="1"/><net_sink comp="1380" pin=1"/></net>

<net id="2176"><net_src comp="2170" pin="1"/><net_sink comp="1490" pin=1"/></net>

<net id="2177"><net_src comp="2170" pin="1"/><net_sink comp="1536" pin=1"/></net>

<net id="2178"><net_src comp="2170" pin="1"/><net_sink comp="1571" pin=1"/></net>

<net id="2182"><net_src comp="789" pin="1"/><net_sink comp="2179" pin=0"/></net>

<net id="2183"><net_src comp="2179" pin="1"/><net_sink comp="1298" pin=0"/></net>

<net id="2184"><net_src comp="2179" pin="1"/><net_sink comp="1411" pin=1"/></net>

<net id="2185"><net_src comp="2179" pin="1"/><net_sink comp="1497" pin=1"/></net>

<net id="2186"><net_src comp="2179" pin="1"/><net_sink comp="1543" pin=1"/></net>

<net id="2187"><net_src comp="2179" pin="1"/><net_sink comp="1578" pin=1"/></net>

<net id="2191"><net_src comp="792" pin="1"/><net_sink comp="2188" pin=0"/></net>

<net id="2192"><net_src comp="2188" pin="1"/><net_sink comp="1306" pin=0"/></net>

<net id="2193"><net_src comp="2188" pin="1"/><net_sink comp="1354" pin=1"/></net>

<net id="2194"><net_src comp="2188" pin="1"/><net_sink comp="1399" pin=1"/></net>

<net id="2195"><net_src comp="2188" pin="1"/><net_sink comp="1444" pin=1"/></net>

<net id="2196"><net_src comp="2188" pin="1"/><net_sink comp="1518" pin=1"/></net>

<net id="2200"><net_src comp="795" pin="1"/><net_sink comp="2197" pin=0"/></net>

<net id="2201"><net_src comp="2197" pin="1"/><net_sink comp="1313" pin=0"/></net>

<net id="2202"><net_src comp="2197" pin="1"/><net_sink comp="1360" pin=1"/></net>

<net id="2203"><net_src comp="2197" pin="1"/><net_sink comp="1405" pin=1"/></net>

<net id="2204"><net_src comp="2197" pin="1"/><net_sink comp="1463" pin=1"/></net>

<net id="2205"><net_src comp="2197" pin="1"/><net_sink comp="1524" pin=1"/></net>

<net id="2209"><net_src comp="1182" pin="3"/><net_sink comp="2206" pin=0"/></net>

<net id="2210"><net_src comp="2206" pin="1"/><net_sink comp="1373" pin=0"/></net>

<net id="2214"><net_src comp="798" pin="1"/><net_sink comp="2211" pin=0"/></net>

<net id="2215"><net_src comp="2211" pin="1"/><net_sink comp="1320" pin=0"/></net>

<net id="2216"><net_src comp="2211" pin="1"/><net_sink comp="1327" pin=0"/></net>

<net id="2217"><net_src comp="2211" pin="1"/><net_sink comp="1348" pin=0"/></net>

<net id="2218"><net_src comp="2211" pin="1"/><net_sink comp="1354" pin=0"/></net>

<net id="2219"><net_src comp="2211" pin="1"/><net_sink comp="1360" pin=0"/></net>

<net id="2223"><net_src comp="1188" pin="3"/><net_sink comp="2220" pin=0"/></net>

<net id="2224"><net_src comp="2220" pin="1"/><net_sink comp="1457" pin=0"/></net>

<net id="2228"><net_src comp="1194" pin="3"/><net_sink comp="2225" pin=0"/></net>

<net id="2229"><net_src comp="2225" pin="1"/><net_sink comp="1504" pin=0"/></net>

<net id="2233"><net_src comp="1199" pin="3"/><net_sink comp="2230" pin=0"/></net>

<net id="2234"><net_src comp="2230" pin="1"/><net_sink comp="1511" pin=0"/></net>

<net id="2238"><net_src comp="1204" pin="3"/><net_sink comp="2235" pin=0"/></net>

<net id="2239"><net_src comp="2235" pin="1"/><net_sink comp="1530" pin=0"/></net>

<net id="2243"><net_src comp="1210" pin="3"/><net_sink comp="2240" pin=0"/></net>

<net id="2244"><net_src comp="2240" pin="1"/><net_sink comp="1536" pin=0"/></net>

<net id="2248"><net_src comp="801" pin="1"/><net_sink comp="2245" pin=0"/></net>

<net id="2249"><net_src comp="2245" pin="1"/><net_sink comp="863" pin=0"/></net>

<net id="2253"><net_src comp="804" pin="2"/><net_sink comp="2250" pin=0"/></net>

<net id="2254"><net_src comp="2250" pin="1"/><net_sink comp="1236" pin=0"/></net>

<net id="2258"><net_src comp="809" pin="2"/><net_sink comp="2255" pin=0"/></net>

<net id="2259"><net_src comp="2255" pin="1"/><net_sink comp="1243" pin=0"/></net>

<net id="2263"><net_src comp="814" pin="2"/><net_sink comp="2260" pin=0"/></net>

<net id="2264"><net_src comp="2260" pin="1"/><net_sink comp="1274" pin=0"/></net>

<net id="2268"><net_src comp="819" pin="2"/><net_sink comp="2265" pin=0"/></net>

<net id="2269"><net_src comp="2265" pin="1"/><net_sink comp="1279" pin=0"/></net>

<net id="2273"><net_src comp="824" pin="1"/><net_sink comp="2270" pin=0"/></net>

<net id="2274"><net_src comp="2270" pin="1"/><net_sink comp="870" pin=1"/></net>

<net id="2275"><net_src comp="2270" pin="1"/><net_sink comp="881" pin=1"/></net>

<net id="2279"><net_src comp="827" pin="1"/><net_sink comp="2276" pin=0"/></net>

<net id="2280"><net_src comp="2276" pin="1"/><net_sink comp="892" pin=1"/></net>

<net id="2281"><net_src comp="2276" pin="1"/><net_sink comp="927" pin=1"/></net>

<net id="2282"><net_src comp="2276" pin="1"/><net_sink comp="980" pin=1"/></net>

<net id="2283"><net_src comp="2276" pin="1"/><net_sink comp="1020" pin=1"/></net>

<net id="2287"><net_src comp="830" pin="2"/><net_sink comp="2284" pin=0"/></net>

<net id="2288"><net_src comp="2284" pin="1"/><net_sink comp="1250" pin=0"/></net>

<net id="2292"><net_src comp="836" pin="1"/><net_sink comp="2289" pin=0"/></net>

<net id="2293"><net_src comp="2289" pin="1"/><net_sink comp="897" pin=1"/></net>

<net id="2294"><net_src comp="2289" pin="1"/><net_sink comp="945" pin=1"/></net>

<net id="2295"><net_src comp="2289" pin="1"/><net_sink comp="985" pin=1"/></net>

<net id="2296"><net_src comp="2289" pin="1"/><net_sink comp="1025" pin=1"/></net>

<net id="2300"><net_src comp="839" pin="2"/><net_sink comp="2297" pin=0"/></net>

<net id="2301"><net_src comp="2297" pin="1"/><net_sink comp="1258" pin=0"/></net>

<net id="2305"><net_src comp="845" pin="1"/><net_sink comp="2302" pin=0"/></net>

<net id="2306"><net_src comp="2302" pin="1"/><net_sink comp="912" pin=1"/></net>

<net id="2307"><net_src comp="2302" pin="1"/><net_sink comp="949" pin=1"/></net>

<net id="2308"><net_src comp="2302" pin="1"/><net_sink comp="990" pin=1"/></net>

<net id="2309"><net_src comp="2302" pin="1"/><net_sink comp="1030" pin=1"/></net>

<net id="2313"><net_src comp="848" pin="1"/><net_sink comp="2310" pin=0"/></net>

<net id="2314"><net_src comp="2310" pin="1"/><net_sink comp="1334" pin=0"/></net>

<net id="2315"><net_src comp="2310" pin="1"/><net_sink comp="1417" pin=1"/></net>

<net id="2316"><net_src comp="2310" pin="1"/><net_sink comp="1504" pin=1"/></net>

<net id="2317"><net_src comp="2310" pin="1"/><net_sink comp="1550" pin=1"/></net>

<net id="2318"><net_src comp="2310" pin="1"/><net_sink comp="1585" pin=1"/></net>

<net id="2322"><net_src comp="851" pin="2"/><net_sink comp="2319" pin=0"/></net>

<net id="2323"><net_src comp="2319" pin="1"/><net_sink comp="1266" pin=0"/></net>

<net id="2327"><net_src comp="857" pin="1"/><net_sink comp="2324" pin=0"/></net>

<net id="2328"><net_src comp="2324" pin="1"/><net_sink comp="1341" pin=0"/></net>

<net id="2329"><net_src comp="2324" pin="1"/><net_sink comp="1451" pin=1"/></net>

<net id="2330"><net_src comp="2324" pin="1"/><net_sink comp="1511" pin=1"/></net>

<net id="2331"><net_src comp="2324" pin="1"/><net_sink comp="1557" pin=1"/></net>

<net id="2332"><net_src comp="2324" pin="1"/><net_sink comp="1592" pin=1"/></net>

<net id="2336"><net_src comp="860" pin="1"/><net_sink comp="2333" pin=0"/></net>

<net id="2337"><net_src comp="2333" pin="1"/><net_sink comp="1366" pin=0"/></net>

<net id="2338"><net_src comp="2333" pin="1"/><net_sink comp="1387" pin=0"/></net>

<net id="2339"><net_src comp="2333" pin="1"/><net_sink comp="1393" pin=0"/></net>

<net id="2340"><net_src comp="2333" pin="1"/><net_sink comp="1399" pin=0"/></net>

<net id="2341"><net_src comp="2333" pin="1"/><net_sink comp="1405" pin=0"/></net>

<net id="2345"><net_src comp="1216" pin="3"/><net_sink comp="2342" pin=0"/></net>

<net id="2346"><net_src comp="2342" pin="1"/><net_sink comp="1543" pin=0"/></net>

<net id="2350"><net_src comp="1221" pin="3"/><net_sink comp="2347" pin=0"/></net>

<net id="2351"><net_src comp="2347" pin="1"/><net_sink comp="1550" pin=0"/></net>

<net id="2355"><net_src comp="1226" pin="3"/><net_sink comp="2352" pin=0"/></net>

<net id="2356"><net_src comp="2352" pin="1"/><net_sink comp="1557" pin=0"/></net>

<net id="2360"><net_src comp="1231" pin="3"/><net_sink comp="2357" pin=0"/></net>

<net id="2361"><net_src comp="2357" pin="1"/><net_sink comp="1564" pin=0"/></net>

<net id="2365"><net_src comp="1236" pin="3"/><net_sink comp="2362" pin=0"/></net>

<net id="2366"><net_src comp="2362" pin="1"/><net_sink comp="1571" pin=0"/></net>

<net id="2370"><net_src comp="1243" pin="3"/><net_sink comp="2367" pin=0"/></net>

<net id="2371"><net_src comp="2367" pin="1"/><net_sink comp="1578" pin=0"/></net>

<net id="2375"><net_src comp="863" pin="2"/><net_sink comp="2372" pin=0"/></net>

<net id="2376"><net_src comp="2372" pin="1"/><net_sink comp="1284" pin=0"/></net>

<net id="2380"><net_src comp="1250" pin="3"/><net_sink comp="2377" pin=0"/></net>

<net id="2381"><net_src comp="2377" pin="1"/><net_sink comp="902" pin=1"/></net>

<net id="2385"><net_src comp="1258" pin="3"/><net_sink comp="2382" pin=0"/></net>

<net id="2386"><net_src comp="2382" pin="1"/><net_sink comp="907" pin=1"/></net>

<net id="2390"><net_src comp="1266" pin="3"/><net_sink comp="2387" pin=0"/></net>

<net id="2391"><net_src comp="2387" pin="1"/><net_sink comp="935" pin=1"/></net>

<net id="2395"><net_src comp="867" pin="1"/><net_sink comp="2392" pin=0"/></net>

<net id="2396"><net_src comp="2392" pin="1"/><net_sink comp="916" pin=1"/></net>

<net id="2397"><net_src comp="2392" pin="1"/><net_sink comp="953" pin=1"/></net>

<net id="2398"><net_src comp="2392" pin="1"/><net_sink comp="995" pin=1"/></net>

<net id="2399"><net_src comp="2392" pin="1"/><net_sink comp="1048" pin=1"/></net>

<net id="2403"><net_src comp="870" pin="2"/><net_sink comp="2400" pin=0"/></net>

<net id="2404"><net_src comp="2400" pin="1"/><net_sink comp="1306" pin=0"/></net>

<net id="2408"><net_src comp="875" pin="1"/><net_sink comp="2405" pin=0"/></net>

<net id="2409"><net_src comp="2405" pin="1"/><net_sink comp="920" pin=1"/></net>

<net id="2410"><net_src comp="2405" pin="1"/><net_sink comp="957" pin=1"/></net>

<net id="2411"><net_src comp="2405" pin="1"/><net_sink comp="1013" pin=1"/></net>

<net id="2412"><net_src comp="2405" pin="1"/><net_sink comp="1052" pin=1"/></net>

<net id="2416"><net_src comp="878" pin="1"/><net_sink comp="2413" pin=0"/></net>

<net id="2417"><net_src comp="2413" pin="1"/><net_sink comp="1373" pin=0"/></net>

<net id="2418"><net_src comp="2413" pin="1"/><net_sink comp="1457" pin=1"/></net>

<net id="2419"><net_src comp="2413" pin="1"/><net_sink comp="1530" pin=1"/></net>

<net id="2420"><net_src comp="2413" pin="1"/><net_sink comp="1564" pin=1"/></net>

<net id="2421"><net_src comp="2413" pin="1"/><net_sink comp="1599" pin=1"/></net>

<net id="2425"><net_src comp="881" pin="2"/><net_sink comp="2422" pin=0"/></net>

<net id="2426"><net_src comp="2422" pin="1"/><net_sink comp="1313" pin=0"/></net>

<net id="2430"><net_src comp="886" pin="1"/><net_sink comp="2427" pin=0"/></net>

<net id="2431"><net_src comp="2427" pin="1"/><net_sink comp="912" pin=0"/></net>

<net id="2432"><net_src comp="2427" pin="1"/><net_sink comp="916" pin=0"/></net>

<net id="2433"><net_src comp="2427" pin="1"/><net_sink comp="920" pin=0"/></net>

<net id="2437"><net_src comp="889" pin="1"/><net_sink comp="2434" pin=0"/></net>

<net id="2438"><net_src comp="2434" pin="1"/><net_sink comp="1380" pin=0"/></net>

<net id="2439"><net_src comp="2434" pin="1"/><net_sink comp="1411" pin=0"/></net>

<net id="2440"><net_src comp="2434" pin="1"/><net_sink comp="1417" pin=0"/></net>

<net id="2441"><net_src comp="2434" pin="1"/><net_sink comp="1451" pin=0"/></net>

<net id="2442"><net_src comp="2434" pin="1"/><net_sink comp="1457" pin=0"/></net>

<net id="2446"><net_src comp="892" pin="2"/><net_sink comp="2443" pin=0"/></net>

<net id="2447"><net_src comp="2443" pin="1"/><net_sink comp="1320" pin=0"/></net>

<net id="2451"><net_src comp="897" pin="2"/><net_sink comp="2448" pin=0"/></net>

<net id="2452"><net_src comp="2448" pin="1"/><net_sink comp="1327" pin=0"/></net>

<net id="2456"><net_src comp="1274" pin="3"/><net_sink comp="2453" pin=0"/></net>

<net id="2457"><net_src comp="2453" pin="1"/><net_sink comp="1585" pin=0"/></net>

<net id="2461"><net_src comp="1279" pin="3"/><net_sink comp="2458" pin=0"/></net>

<net id="2462"><net_src comp="2458" pin="1"/><net_sink comp="1592" pin=0"/></net>

<net id="2466"><net_src comp="1284" pin="3"/><net_sink comp="2463" pin=0"/></net>

<net id="2467"><net_src comp="2463" pin="1"/><net_sink comp="1599" pin=0"/></net>

<net id="2471"><net_src comp="1306" pin="3"/><net_sink comp="2468" pin=0"/></net>

<net id="2472"><net_src comp="2468" pin="1"/><net_sink comp="940" pin=1"/></net>

<net id="2476"><net_src comp="1313" pin="3"/><net_sink comp="2473" pin=0"/></net>

<net id="2477"><net_src comp="2473" pin="1"/><net_sink comp="964" pin=1"/></net>

<net id="2481"><net_src comp="1320" pin="3"/><net_sink comp="2478" pin=0"/></net>

<net id="2482"><net_src comp="2478" pin="1"/><net_sink comp="969" pin=1"/></net>

<net id="2486"><net_src comp="1327" pin="3"/><net_sink comp="2483" pin=0"/></net>

<net id="2487"><net_src comp="2483" pin="1"/><net_sink comp="1000" pin=1"/></net>

<net id="2491"><net_src comp="912" pin="2"/><net_sink comp="2488" pin=0"/></net>

<net id="2492"><net_src comp="2488" pin="1"/><net_sink comp="1348" pin=0"/></net>

<net id="2496"><net_src comp="916" pin="2"/><net_sink comp="2493" pin=0"/></net>

<net id="2497"><net_src comp="2493" pin="1"/><net_sink comp="1354" pin=0"/></net>

<net id="2501"><net_src comp="920" pin="2"/><net_sink comp="2498" pin=0"/></net>

<net id="2502"><net_src comp="2498" pin="1"/><net_sink comp="1360" pin=0"/></net>

<net id="2506"><net_src comp="924" pin="1"/><net_sink comp="2503" pin=0"/></net>

<net id="2507"><net_src comp="2503" pin="1"/><net_sink comp="945" pin=0"/></net>

<net id="2508"><net_src comp="2503" pin="1"/><net_sink comp="949" pin=0"/></net>

<net id="2509"><net_src comp="2503" pin="1"/><net_sink comp="953" pin=0"/></net>

<net id="2510"><net_src comp="2503" pin="1"/><net_sink comp="957" pin=0"/></net>

<net id="2514"><net_src comp="927" pin="2"/><net_sink comp="2511" pin=0"/></net>

<net id="2515"><net_src comp="2511" pin="1"/><net_sink comp="1366" pin=0"/></net>

<net id="2519"><net_src comp="932" pin="1"/><net_sink comp="2516" pin=0"/></net>

<net id="2520"><net_src comp="2516" pin="1"/><net_sink comp="1423" pin=0"/></net>

<net id="2521"><net_src comp="2516" pin="1"/><net_sink comp="1430" pin=0"/></net>

<net id="2522"><net_src comp="2516" pin="1"/><net_sink comp="1437" pin=0"/></net>

<net id="2523"><net_src comp="2516" pin="1"/><net_sink comp="1444" pin=0"/></net>

<net id="2524"><net_src comp="2516" pin="1"/><net_sink comp="1463" pin=0"/></net>

<net id="2528"><net_src comp="1348" pin="3"/><net_sink comp="2525" pin=0"/></net>

<net id="2529"><net_src comp="2525" pin="1"/><net_sink comp="1005" pin=1"/></net>

<net id="2533"><net_src comp="1354" pin="3"/><net_sink comp="2530" pin=0"/></net>

<net id="2534"><net_src comp="2530" pin="1"/><net_sink comp="1035" pin=1"/></net>

<net id="2538"><net_src comp="1360" pin="3"/><net_sink comp="2535" pin=0"/></net>

<net id="2539"><net_src comp="2535" pin="1"/><net_sink comp="1040" pin=1"/></net>

<net id="2543"><net_src comp="1366" pin="3"/><net_sink comp="2540" pin=0"/></net>

<net id="2544"><net_src comp="2540" pin="1"/><net_sink comp="1056" pin=1"/></net>

<net id="2548"><net_src comp="945" pin="2"/><net_sink comp="2545" pin=0"/></net>

<net id="2549"><net_src comp="2545" pin="1"/><net_sink comp="1387" pin=0"/></net>

<net id="2553"><net_src comp="949" pin="2"/><net_sink comp="2550" pin=0"/></net>

<net id="2554"><net_src comp="2550" pin="1"/><net_sink comp="1393" pin=0"/></net>

<net id="2558"><net_src comp="953" pin="2"/><net_sink comp="2555" pin=0"/></net>

<net id="2559"><net_src comp="2555" pin="1"/><net_sink comp="1399" pin=0"/></net>

<net id="2563"><net_src comp="957" pin="2"/><net_sink comp="2560" pin=0"/></net>

<net id="2564"><net_src comp="2560" pin="1"/><net_sink comp="1405" pin=0"/></net>

<net id="2568"><net_src comp="961" pin="1"/><net_sink comp="2565" pin=0"/></net>

<net id="2569"><net_src comp="2565" pin="1"/><net_sink comp="1469" pin=0"/></net>

<net id="2570"><net_src comp="2565" pin="1"/><net_sink comp="1476" pin=0"/></net>

<net id="2571"><net_src comp="2565" pin="1"/><net_sink comp="1483" pin=0"/></net>

<net id="2572"><net_src comp="2565" pin="1"/><net_sink comp="1518" pin=0"/></net>

<net id="2573"><net_src comp="2565" pin="1"/><net_sink comp="1524" pin=0"/></net>

<net id="2577"><net_src comp="974" pin="1"/><net_sink comp="2574" pin=0"/></net>

<net id="2578"><net_src comp="2574" pin="1"/><net_sink comp="1490" pin=0"/></net>

<net id="2579"><net_src comp="2574" pin="1"/><net_sink comp="1497" pin=0"/></net>

<net id="2580"><net_src comp="2574" pin="1"/><net_sink comp="1504" pin=0"/></net>

<net id="2581"><net_src comp="2574" pin="1"/><net_sink comp="1511" pin=0"/></net>

<net id="2582"><net_src comp="2574" pin="1"/><net_sink comp="1530" pin=0"/></net>

<net id="2586"><net_src comp="1387" pin="3"/><net_sink comp="2583" pin=0"/></net>

<net id="2587"><net_src comp="2583" pin="1"/><net_sink comp="1061" pin=1"/></net>

<net id="2591"><net_src comp="1393" pin="3"/><net_sink comp="2588" pin=0"/></net>

<net id="2592"><net_src comp="2588" pin="1"/><net_sink comp="1066" pin=1"/></net>

<net id="2596"><net_src comp="1399" pin="3"/><net_sink comp="2593" pin=0"/></net>

<net id="2597"><net_src comp="2593" pin="1"/><net_sink comp="1070" pin=1"/></net>

<net id="2601"><net_src comp="1405" pin="3"/><net_sink comp="2598" pin=0"/></net>

<net id="2602"><net_src comp="2598" pin="1"/><net_sink comp="1074" pin=1"/></net>

<net id="2606"><net_src comp="977" pin="1"/><net_sink comp="2603" pin=0"/></net>

<net id="2607"><net_src comp="2603" pin="1"/><net_sink comp="1013" pin=0"/></net>

<net id="2611"><net_src comp="980" pin="2"/><net_sink comp="2608" pin=0"/></net>

<net id="2612"><net_src comp="2608" pin="1"/><net_sink comp="1423" pin=0"/></net>

<net id="2616"><net_src comp="985" pin="2"/><net_sink comp="2613" pin=0"/></net>

<net id="2617"><net_src comp="2613" pin="1"/><net_sink comp="1430" pin=0"/></net>

<net id="2621"><net_src comp="990" pin="2"/><net_sink comp="2618" pin=0"/></net>

<net id="2622"><net_src comp="2618" pin="1"/><net_sink comp="1437" pin=0"/></net>

<net id="2626"><net_src comp="995" pin="2"/><net_sink comp="2623" pin=0"/></net>

<net id="2627"><net_src comp="2623" pin="1"/><net_sink comp="1444" pin=0"/></net>

<net id="2631"><net_src comp="1010" pin="1"/><net_sink comp="2628" pin=0"/></net>

<net id="2632"><net_src comp="2628" pin="1"/><net_sink comp="1536" pin=0"/></net>

<net id="2633"><net_src comp="2628" pin="1"/><net_sink comp="1543" pin=0"/></net>

<net id="2634"><net_src comp="2628" pin="1"/><net_sink comp="1550" pin=0"/></net>

<net id="2635"><net_src comp="2628" pin="1"/><net_sink comp="1557" pin=0"/></net>

<net id="2636"><net_src comp="2628" pin="1"/><net_sink comp="1564" pin=0"/></net>

<net id="2640"><net_src comp="1423" pin="3"/><net_sink comp="2637" pin=0"/></net>

<net id="2641"><net_src comp="2637" pin="1"/><net_sink comp="1078" pin=1"/></net>

<net id="2645"><net_src comp="1430" pin="3"/><net_sink comp="2642" pin=0"/></net>

<net id="2646"><net_src comp="2642" pin="1"/><net_sink comp="1082" pin=1"/></net>

<net id="2650"><net_src comp="1437" pin="3"/><net_sink comp="2647" pin=0"/></net>

<net id="2651"><net_src comp="2647" pin="1"/><net_sink comp="1086" pin=1"/></net>

<net id="2655"><net_src comp="1444" pin="3"/><net_sink comp="2652" pin=0"/></net>

<net id="2656"><net_src comp="2652" pin="1"/><net_sink comp="1090" pin=1"/></net>

<net id="2660"><net_src comp="1013" pin="2"/><net_sink comp="2657" pin=0"/></net>

<net id="2661"><net_src comp="2657" pin="1"/><net_sink comp="1463" pin=0"/></net>

<net id="2665"><net_src comp="1017" pin="1"/><net_sink comp="2662" pin=0"/></net>

<net id="2666"><net_src comp="2662" pin="1"/><net_sink comp="1048" pin=0"/></net>

<net id="2667"><net_src comp="2662" pin="1"/><net_sink comp="1052" pin=0"/></net>

<net id="2671"><net_src comp="1020" pin="2"/><net_sink comp="2668" pin=0"/></net>

<net id="2672"><net_src comp="2668" pin="1"/><net_sink comp="1469" pin=0"/></net>

<net id="2676"><net_src comp="1025" pin="2"/><net_sink comp="2673" pin=0"/></net>

<net id="2677"><net_src comp="2673" pin="1"/><net_sink comp="1476" pin=0"/></net>

<net id="2681"><net_src comp="1030" pin="2"/><net_sink comp="2678" pin=0"/></net>

<net id="2682"><net_src comp="2678" pin="1"/><net_sink comp="1483" pin=0"/></net>

<net id="2686"><net_src comp="1463" pin="3"/><net_sink comp="2683" pin=0"/></net>

<net id="2687"><net_src comp="2683" pin="1"/><net_sink comp="1094" pin=1"/></net>

<net id="2691"><net_src comp="1045" pin="1"/><net_sink comp="2688" pin=0"/></net>

<net id="2692"><net_src comp="2688" pin="1"/><net_sink comp="1571" pin=0"/></net>

<net id="2693"><net_src comp="2688" pin="1"/><net_sink comp="1578" pin=0"/></net>

<net id="2694"><net_src comp="2688" pin="1"/><net_sink comp="1585" pin=0"/></net>

<net id="2695"><net_src comp="2688" pin="1"/><net_sink comp="1592" pin=0"/></net>

<net id="2696"><net_src comp="2688" pin="1"/><net_sink comp="1599" pin=0"/></net>

<net id="2700"><net_src comp="1469" pin="3"/><net_sink comp="2697" pin=0"/></net>

<net id="2701"><net_src comp="2697" pin="1"/><net_sink comp="1098" pin=1"/></net>

<net id="2705"><net_src comp="1476" pin="3"/><net_sink comp="2702" pin=0"/></net>

<net id="2706"><net_src comp="2702" pin="1"/><net_sink comp="1102" pin=1"/></net>

<net id="2710"><net_src comp="1483" pin="3"/><net_sink comp="2707" pin=0"/></net>

<net id="2711"><net_src comp="2707" pin="1"/><net_sink comp="1106" pin=1"/></net>

<net id="2715"><net_src comp="1048" pin="2"/><net_sink comp="2712" pin=0"/></net>

<net id="2716"><net_src comp="2712" pin="1"/><net_sink comp="1518" pin=0"/></net>

<net id="2720"><net_src comp="1052" pin="2"/><net_sink comp="2717" pin=0"/></net>

<net id="2721"><net_src comp="2717" pin="1"/><net_sink comp="1524" pin=0"/></net>

<net id="2725"><net_src comp="1066" pin="2"/><net_sink comp="2722" pin=0"/></net>

<net id="2726"><net_src comp="2722" pin="1"/><net_sink comp="210" pin=4"/></net>

<net id="2730"><net_src comp="1070" pin="2"/><net_sink comp="2727" pin=0"/></net>

<net id="2731"><net_src comp="2727" pin="1"/><net_sink comp="210" pin=1"/></net>

<net id="2735"><net_src comp="1518" pin="3"/><net_sink comp="2732" pin=0"/></net>

<net id="2736"><net_src comp="2732" pin="1"/><net_sink comp="1110" pin=1"/></net>

<net id="2740"><net_src comp="1524" pin="3"/><net_sink comp="2737" pin=0"/></net>

<net id="2741"><net_src comp="2737" pin="1"/><net_sink comp="1114" pin=1"/></net>

<net id="2745"><net_src comp="1074" pin="2"/><net_sink comp="2742" pin=0"/></net>

<net id="2746"><net_src comp="2742" pin="1"/><net_sink comp="210" pin=4"/></net>

<net id="2750"><net_src comp="1078" pin="2"/><net_sink comp="2747" pin=0"/></net>

<net id="2751"><net_src comp="2747" pin="1"/><net_sink comp="210" pin=1"/></net>

<net id="2755"><net_src comp="1082" pin="2"/><net_sink comp="2752" pin=0"/></net>

<net id="2756"><net_src comp="2752" pin="1"/><net_sink comp="210" pin=4"/></net>

<net id="2760"><net_src comp="1086" pin="2"/><net_sink comp="2757" pin=0"/></net>

<net id="2761"><net_src comp="2757" pin="1"/><net_sink comp="210" pin=1"/></net>

<net id="2765"><net_src comp="1090" pin="2"/><net_sink comp="2762" pin=0"/></net>

<net id="2766"><net_src comp="2762" pin="1"/><net_sink comp="210" pin=4"/></net>

<net id="2770"><net_src comp="1094" pin="2"/><net_sink comp="2767" pin=0"/></net>

<net id="2771"><net_src comp="2767" pin="1"/><net_sink comp="210" pin=1"/></net>

<net id="2775"><net_src comp="1098" pin="2"/><net_sink comp="2772" pin=0"/></net>

<net id="2776"><net_src comp="2772" pin="1"/><net_sink comp="210" pin=4"/></net>

<net id="2780"><net_src comp="1102" pin="2"/><net_sink comp="2777" pin=0"/></net>

<net id="2781"><net_src comp="2777" pin="1"/><net_sink comp="210" pin=1"/></net>

<net id="2785"><net_src comp="1106" pin="2"/><net_sink comp="2782" pin=0"/></net>

<net id="2786"><net_src comp="2782" pin="1"/><net_sink comp="210" pin=4"/></net>

<net id="2790"><net_src comp="1110" pin="2"/><net_sink comp="2787" pin=0"/></net>

<net id="2791"><net_src comp="2787" pin="1"/><net_sink comp="210" pin=1"/></net>

<net id="2795"><net_src comp="1114" pin="2"/><net_sink comp="2792" pin=0"/></net>

<net id="2796"><net_src comp="2792" pin="1"/><net_sink comp="210" pin=1"/></net>

</net_list>

</model> 
---------------- Datapath Model END ------------------

* FSMD analyzer results:
  - Output states:
	Port: prod | {10 11 12 13 14 15 16 17 18 19 20 21 22 }
 - Input state : 
	Port: matrix_mult : a | {1 2 3 4 }
	Port: matrix_mult : b | {1 2 3 4 }
  - Chain level:
	State 1
		a_load : 1
		b_load : 1
		b_load_1 : 1
		a_load_1 : 1
	State 2
		trunc_ln22 : 1
		trunc_ln22_1 : 1
		tmp : 1
		tmp_1 : 1
		tmp_2 : 1
		tmp_3 : 1
		tmp_4 : 1
		zext_ln22_6 : 2
		tmp_5 : 1
		zext_ln22_7 : 2
		tmp_6 : 1
		zext_ln22_8 : 2
		tmp_7 : 1
		zext_ln22_9 : 2
		mul_ln22_2 : 3
		mul_ln22_3 : 3
		trunc_ln22_2 : 1
		tmp_8 : 1
		tmp_9 : 1
		tmp_s : 1
		zext_ln22_13 : 2
		tmp_10 : 1
		zext_ln22_14 : 2
		mul_ln22_7 : 3
		mul_ln22_8 : 3
		b_load_2 : 1
		b_load_3 : 1
		trunc_ln22_6 : 1
		tmp_23 : 1
		tmp_24 : 1
		tmp_25 : 1
		zext_ln22_33 : 2
		tmp_26 : 1
		zext_ln22_34 : 2
		mul_ln22_27 : 3
		mul_ln22_28 : 3
		mul_ln22_32 : 3
		mul_ln22_33 : 3
		a_load_2 : 1
		a_load_3 : 1
	State 3
		trunc_ln22_3 : 1
		tmp_11 : 1
		tmp_12 : 1
		tmp_13 : 1
		zext_ln22_18 : 2
		tmp_14 : 1
		zext_ln22_19 : 2
		mul_ln22_12 : 3
		mul_ln22_13 : 3
		trunc_ln22_4 : 1
		tmp_15 : 1
		tmp_16 : 1
		tmp_17 : 1
		zext_ln22_23 : 2
		tmp_18 : 1
		zext_ln22_24 : 2
		mul_ln22_17 : 3
		mul_ln22_18 : 3
		b_load_4 : 1
		mul_ln22_37 : 3
		mul_ln22_38 : 3
		mul_ln22_42 : 3
		mul_ln22_43 : 3
		trunc_ln22_7 : 1
		tmp_27 : 1
		tmp_28 : 1
		tmp_29 : 1
		tmp_30 : 1
		zext_ln22_39 : 2
		mul_ln22_52 : 3
		mul_ln22_57 : 3
		trunc_ln22_8 : 1
		tmp_31 : 1
		tmp_32 : 1
		tmp_33 : 1
		tmp_34 : 1
		a_load_4 : 1
	State 4
		add_ln22_1 : 1
		add_ln22_5 : 1
		trunc_ln22_5 : 1
		tmp_19 : 1
		tmp_20 : 1
		tmp_21 : 1
		zext_ln22_28 : 2
		tmp_22 : 1
		zext_ln22_29 : 2
		mul_ln22_22 : 3
		mul_ln22_23 : 3
		add_ln22_21 : 1
		add_ln22_25 : 1
		mul_ln22_47 : 3
		mul_ln22_48 : 3
		mul_ln22_53 : 1
		mul_ln22_58 : 1
		mul_ln22_72 : 3
		mul_ln22_77 : 1
		trunc_ln22_9 : 1
		tmp_35 : 1
		tmp_36 : 1
		tmp_37 : 1
		tmp_38 : 1
	State 5
		add_ln22_9 : 1
		add_ln22_13 : 1
		add_ln22_29 : 1
		add_ln22_33 : 1
		add_ln22_41 : 1
		add_ln22_45 : 1
		mul_ln22_78 : 1
		mul_ln22_102 : 1
		mul_ln22_107 : 1
	State 6
		mul_ln22 : 1
		mul_ln22_5 : 1
		mul_ln22_10 : 1
		add_ln22_17 : 1
		add_ln22_37 : 1
		add_ln22_49 : 1
		add_ln22_53 : 1
		add_ln22_57 : 1
		add_ln22_61 : 1
	State 7
		mul_ln22_4 : 1
		mul_ln22_9 : 1
		mul_ln22_15 : 1
		mul_ln22_20 : 1
		mul_ln22_25 : 1
		mul_ln22_30 : 1
		add_ln22_65 : 1
		add_ln22_69 : 1
		add_ln22_73 : 1
		add_ln22_77 : 1
		mul_ln22_103 : 1
		add_ln22_81 : 2
		mul_ln22_108 : 1
		add_ln22_85 : 2
		mul_ln22_113 : 1
		mul_ln22_118 : 1
	State 8
		mul_ln22_1 : 1
		add_ln22 : 2
		mul_ln22_6 : 1
		add_ln22_4 : 2
		mul_ln22_11 : 1
		mul_ln22_14 : 1
		add_ln22_8 : 2
		mul_ln22_19 : 1
		mul_ln22_50 : 1
		add_ln22_89 : 1
		add_ln22_93 : 1
		add_ln22_97 : 1
	State 9
		add_ln22_2 : 1
		add_ln22_6 : 1
		mul_ln22_16 : 1
		add_ln22_12 : 2
		mul_ln22_21 : 1
		mul_ln22_24 : 1
		add_ln22_16 : 2
		mul_ln22_26 : 1
		mul_ln22_29 : 1
		add_ln22_20 : 2
		mul_ln22_31 : 1
		add_ln22_24 : 2
	State 10
		add_ln22_3 : 1
		store_ln22 : 2
		add_ln22_7 : 1
		store_ln22 : 2
		add_ln22_10 : 1
		add_ln22_14 : 1
		add_ln22_28 : 1
		add_ln22_32 : 1
		add_ln22_36 : 1
		mul_ln22_51 : 1
		add_ln22_40 : 2
		mul_ln22_75 : 1
		mul_ln22_80 : 1
		mul_ln22_85 : 1
		mul_ln22_90 : 1
	State 11
		add_ln22_11 : 1
		store_ln22 : 2
		add_ln22_15 : 1
		store_ln22 : 2
		add_ln22_18 : 1
		add_ln22_22 : 1
		add_ln22_44 : 1
		add_ln22_48 : 1
		add_ln22_52 : 1
		add_ln22_56 : 1
		mul_ln22_100 : 1
		mul_ln22_105 : 1
		mul_ln22_110 : 1
	State 12
		add_ln22_19 : 1
		store_ln22 : 2
		add_ln22_23 : 1
		store_ln22 : 2
		add_ln22_26 : 1
		add_ln22_30 : 1
		mul_ln22_54 : 1
		mul_ln22_59 : 1
		mul_ln22_64 : 1
		mul_ln22_69 : 1
		mul_ln22_76 : 1
		add_ln22_60 : 2
		mul_ln22_81 : 1
		add_ln22_64 : 2
		mul_ln22_86 : 1
		add_ln22_68 : 2
		mul_ln22_91 : 1
		add_ln22_72 : 2
	State 13
		add_ln22_27 : 1
		store_ln22 : 2
		add_ln22_31 : 1
		store_ln22 : 2
		add_ln22_34 : 1
		add_ln22_38 : 1
		mul_ln22_79 : 1
		mul_ln22_84 : 1
		mul_ln22_89 : 1
		mul_ln22_94 : 1
		mul_ln22_99 : 1
		add_ln22_76 : 1
		mul_ln22_101 : 1
		add_ln22_80 : 2
		mul_ln22_106 : 1
		add_ln22_84 : 2
		mul_ln22_111 : 1
		add_ln22_88 : 2
	State 14
		add_ln22_35 : 1
		store_ln22 : 2
		add_ln22_39 : 1
		store_ln22 : 2
		add_ln22_42 : 1
		add_ln22_46 : 1
		add_ln22_50 : 1
		add_ln22_54 : 1
		mul_ln22_104 : 1
		mul_ln22_109 : 1
		mul_ln22_114 : 1
		mul_ln22_119 : 1
		add_ln22_92 : 1
		mul_ln22_124 : 1
		add_ln22_96 : 1
	State 15
		add_ln22_43 : 1
		store_ln22 : 2
		add_ln22_47 : 1
		store_ln22 : 2
		add_ln22_51 : 1
		add_ln22_55 : 1
		add_ln22_58 : 1
		add_ln22_62 : 1
		add_ln22_66 : 1
		add_ln22_70 : 1
		add_ln22_74 : 1
		add_ln22_78 : 1
	State 16
		store_ln22 : 1
		store_ln22 : 1
		add_ln22_59 : 1
		add_ln22_63 : 1
		add_ln22_67 : 1
		add_ln22_71 : 1
		add_ln22_75 : 1
		add_ln22_79 : 1
		add_ln22_82 : 1
		add_ln22_86 : 1
		add_ln22_90 : 1
		add_ln22_94 : 1
		add_ln22_98 : 1
	State 17
		store_ln22 : 1
		store_ln22 : 1
		add_ln22_83 : 1
		add_ln22_87 : 1
		add_ln22_91 : 1
		add_ln22_95 : 1
		add_ln22_99 : 1
	State 18
		store_ln22 : 1
		store_ln22 : 1
	State 19
		store_ln22 : 1
		store_ln22 : 1
	State 20
		store_ln22 : 1
		store_ln22 : 1
	State 21
		store_ln22 : 1
		store_ln22 : 1
	State 22
		store_ln22 : 1


============================================================
+ Verbose Summary: Datapath Resource usage 
============================================================

* Functional unit list:
|----------|----------------------|---------|---------|---------|
| Operation|    Functional Unit   |   DSP   |    FF   |   LUT   |
|----------|----------------------|---------|---------|---------|
|          |   mul_ln22_3_fu_584  |    0    |    0    |    41   |
|          |   mul_ln22_8_fu_602  |    0    |    0    |    41   |
|          |  mul_ln22_28_fu_620  |    0    |    0    |    41   |
|          |  mul_ln22_33_fu_626  |    0    |    0    |    41   |
|          |  mul_ln22_13_fu_644  |    0    |    0    |    41   |
|          |  mul_ln22_18_fu_661  |    0    |    0    |    41   |
|          |  mul_ln22_38_fu_666  |    0    |    0    |    41   |
|          |  mul_ln22_43_fu_671  |    0    |    0    |    41   |
|          |  mul_ln22_23_fu_700  |    0    |    0    |    41   |
|          |  mul_ln22_48_fu_705  |    0    |    0    |    41   |
|          |  mul_ln22_53_fu_713  |    0    |    0    |    41   |
|          |  mul_ln22_58_fu_718  |    0    |    0    |    41   |
|          |  mul_ln22_63_fu_731  |    0    |    0    |    41   |
|          |  mul_ln22_68_fu_735  |    0    |    0    |    41   |
|          |  mul_ln22_73_fu_739  |    0    |    0    |    41   |
|          |  mul_ln22_78_fu_746  |    0    |    0    |    41   |
|          |  mul_ln22_83_fu_767  |    0    |    0    |    41   |
|          |  mul_ln22_88_fu_771  |    0    |    0    |    41   |
|          |  mul_ln22_93_fu_775  |    0    |    0    |    41   |
|          |  mul_ln22_98_fu_779  |    0    |    0    |    41   |
|          |  mul_ln22_103_fu_804 |    0    |    0    |    41   |
|          |  mul_ln22_108_fu_809 |    0    |    0    |    41   |
|          |  mul_ln22_113_fu_814 |    0    |    0    |    41   |
|          |  mul_ln22_118_fu_819 |    0    |    0    |    41   |
|    mul   |   mul_ln22_1_fu_830  |    0    |    0    |    41   |
|          |   mul_ln22_6_fu_839  |    0    |    0    |    41   |
|          |  mul_ln22_11_fu_851  |    0    |    0    |    41   |
|          |  mul_ln22_123_fu_863 |    0    |    0    |    41   |
|          |  mul_ln22_16_fu_870  |    0    |    0    |    41   |
|          |  mul_ln22_21_fu_881  |    0    |    0    |    41   |
|          |  mul_ln22_26_fu_892  |    0    |    0    |    41   |
|          |  mul_ln22_31_fu_897  |    0    |    0    |    41   |
|          |  mul_ln22_36_fu_912  |    0    |    0    |    41   |
|          |  mul_ln22_41_fu_916  |    0    |    0    |    41   |
|          |  mul_ln22_46_fu_920  |    0    |    0    |    41   |
|          |  mul_ln22_51_fu_927  |    0    |    0    |    41   |
|          |  mul_ln22_56_fu_945  |    0    |    0    |    41   |
|          |  mul_ln22_61_fu_949  |    0    |    0    |    41   |
|          |  mul_ln22_66_fu_953  |    0    |    0    |    41   |
|          |  mul_ln22_71_fu_957  |    0    |    0    |    41   |
|          |  mul_ln22_76_fu_980  |    0    |    0    |    41   |
|          |  mul_ln22_81_fu_985  |    0    |    0    |    41   |
|          |  mul_ln22_86_fu_990  |    0    |    0    |    41   |
|          |  mul_ln22_91_fu_995  |    0    |    0    |    41   |
|          |  mul_ln22_96_fu_1013 |    0    |    0    |    41   |
|          | mul_ln22_101_fu_1020 |    0    |    0    |    41   |
|          | mul_ln22_106_fu_1025 |    0    |    0    |    41   |
|          | mul_ln22_111_fu_1030 |    0    |    0    |    41   |
|          | mul_ln22_116_fu_1048 |    0    |    0    |    41   |
|          | mul_ln22_121_fu_1052 |    0    |    0    |    41   |
|----------|----------------------|---------|---------|---------|
|          |   add_ln22_3_fu_902  |    0    |    0    |    23   |
|          |   add_ln22_7_fu_907  |    0    |    0    |    23   |
|          |  add_ln22_11_fu_935  |    0    |    0    |    23   |
|          |  add_ln22_15_fu_940  |    0    |    0    |    23   |
|          |  add_ln22_19_fu_964  |    0    |    0    |    23   |
|          |  add_ln22_23_fu_969  |    0    |    0    |    23   |
|          |  add_ln22_27_fu_1000 |    0    |    0    |    23   |
|          |  add_ln22_31_fu_1005 |    0    |    0    |    23   |
|          |  add_ln22_35_fu_1035 |    0    |    0    |    23   |
|          |  add_ln22_39_fu_1040 |    0    |    0    |    23   |
|          |  add_ln22_43_fu_1056 |    0    |    0    |    23   |
|          |  add_ln22_47_fu_1061 |    0    |    0    |    23   |
|    add   |  add_ln22_51_fu_1066 |    0    |    0    |    23   |
|          |  add_ln22_55_fu_1070 |    0    |    0    |    23   |
|          |  add_ln22_59_fu_1074 |    0    |    0    |    23   |
|          |  add_ln22_63_fu_1078 |    0    |    0    |    23   |
|          |  add_ln22_67_fu_1082 |    0    |    0    |    23   |
|          |  add_ln22_71_fu_1086 |    0    |    0    |    23   |
|          |  add_ln22_75_fu_1090 |    0    |    0    |    23   |
|          |  add_ln22_79_fu_1094 |    0    |    0    |    23   |
|          |  add_ln22_83_fu_1098 |    0    |    0    |    23   |
|          |  add_ln22_87_fu_1102 |    0    |    0    |    23   |
|          |  add_ln22_91_fu_1106 |    0    |    0    |    23   |
|          |  add_ln22_95_fu_1110 |    0    |    0    |    23   |
|          |  add_ln22_99_fu_1114 |    0    |    0    |    23   |
|----------|----------------------|---------|---------|---------|
|          |      grp_fu_1118     |    1    |    0    |    0    |
|          |      grp_fu_1125     |    1    |    0    |    0    |
|          |      grp_fu_1132     |    1    |    0    |    0    |
|          |      grp_fu_1139     |    1    |    0    |    0    |
|          |      grp_fu_1146     |    1    |    0    |    0    |
|          |      grp_fu_1152     |    1    |    0    |    0    |
|          |      grp_fu_1158     |    1    |    0    |    0    |
|          |      grp_fu_1164     |    1    |    0    |    0    |
|          |      grp_fu_1170     |    1    |    0    |    0    |
|          |      grp_fu_1176     |    1    |    0    |    0    |
|          |      grp_fu_1182     |    1    |    0    |    0    |
|          |      grp_fu_1188     |    1    |    0    |    0    |
|          |      grp_fu_1194     |    1    |    0    |    0    |
|          |      grp_fu_1199     |    1    |    0    |    0    |
|          |      grp_fu_1204     |    1    |    0    |    0    |
|          |      grp_fu_1210     |    1    |    0    |    0    |
|          |      grp_fu_1216     |    1    |    0    |    0    |
|          |      grp_fu_1221     |    1    |    0    |    0    |
|          |      grp_fu_1226     |    1    |    0    |    0    |
|          |      grp_fu_1231     |    1    |    0    |    0    |
|          |      grp_fu_1236     |    1    |    0    |    0    |
|          |      grp_fu_1243     |    1    |    0    |    0    |
|          |      grp_fu_1250     |    1    |    0    |    0    |
|          |      grp_fu_1258     |    1    |    0    |    0    |
|          |      grp_fu_1266     |    1    |    0    |    0    |
|          |      grp_fu_1274     |    1    |    0    |    0    |
|          |      grp_fu_1279     |    1    |    0    |    0    |
|          |      grp_fu_1284     |    1    |    0    |    0    |
|          |      grp_fu_1290     |    1    |    0    |    0    |
|          |      grp_fu_1298     |    1    |    0    |    0    |
|          |      grp_fu_1306     |    1    |    0    |    0    |
|          |      grp_fu_1313     |    1    |    0    |    0    |
|          |      grp_fu_1320     |    1    |    0    |    0    |
|          |      grp_fu_1327     |    1    |    0    |    0    |
|          |      grp_fu_1334     |    1    |    0    |    0    |
|          |      grp_fu_1341     |    1    |    0    |    0    |
|          |      grp_fu_1348     |    1    |    0    |    0    |
|  muladd  |      grp_fu_1354     |    1    |    0    |    0    |
|          |      grp_fu_1360     |    1    |    0    |    0    |
|          |      grp_fu_1366     |    1    |    0    |    0    |
|          |      grp_fu_1373     |    1    |    0    |    0    |
|          |      grp_fu_1380     |    1    |    0    |    0    |
|          |      grp_fu_1387     |    1    |    0    |    0    |
|          |      grp_fu_1393     |    1    |    0    |    0    |
|          |      grp_fu_1399     |    1    |    0    |    0    |
|          |      grp_fu_1405     |    1    |    0    |    0    |
|          |      grp_fu_1411     |    1    |    0    |    0    |
|          |      grp_fu_1417     |    1    |    0    |    0    |
|          |      grp_fu_1423     |    1    |    0    |    0    |
|          |      grp_fu_1430     |    1    |    0    |    0    |
|          |      grp_fu_1437     |    1    |    0    |    0    |
|          |      grp_fu_1444     |    1    |    0    |    0    |
|          |      grp_fu_1451     |    1    |    0    |    0    |
|          |      grp_fu_1457     |    1    |    0    |    0    |
|          |      grp_fu_1463     |    1    |    0    |    0    |
|          |      grp_fu_1469     |    1    |    0    |    0    |
|          |      grp_fu_1476     |    1    |    0    |    0    |
|          |      grp_fu_1483     |    1    |    0    |    0    |
|          |      grp_fu_1490     |    1    |    0    |    0    |
|          |      grp_fu_1497     |    1    |    0    |    0    |
|          |      grp_fu_1504     |    1    |    0    |    0    |
|          |      grp_fu_1511     |    1    |    0    |    0    |
|          |      grp_fu_1518     |    1    |    0    |    0    |
|          |      grp_fu_1524     |    1    |    0    |    0    |
|          |      grp_fu_1530     |    1    |    0    |    0    |
|          |      grp_fu_1536     |    1    |    0    |    0    |
|          |      grp_fu_1543     |    1    |    0    |    0    |
|          |      grp_fu_1550     |    1    |    0    |    0    |
|          |      grp_fu_1557     |    1    |    0    |    0    |
|          |      grp_fu_1564     |    1    |    0    |    0    |
|          |      grp_fu_1571     |    1    |    0    |    0    |
|          |      grp_fu_1578     |    1    |    0    |    0    |
|          |      grp_fu_1585     |    1    |    0    |    0    |
|          |      grp_fu_1592     |    1    |    0    |    0    |
|          |      grp_fu_1599     |    1    |    0    |    0    |
|----------|----------------------|---------|---------|---------|
|          |      grp_fu_428      |    0    |    0    |    0    |
|          |      grp_fu_436      |    0    |    0    |    0    |
|          |      grp_fu_444      |    0    |    0    |    0    |
|          |      grp_fu_452      |    0    |    0    |    0    |
|          |      grp_fu_460      |    0    |    0    |    0    |
|          |      grp_fu_468      |    0    |    0    |    0    |
|          |      grp_fu_476      |    0    |    0    |    0    |
|partselect|      grp_fu_484      |    0    |    0    |    0    |
|          |      grp_fu_492      |    0    |    0    |    0    |
|          |      grp_fu_500      |    0    |    0    |    0    |
|          |      grp_fu_508      |    0    |    0    |    0    |
|          |      grp_fu_516      |    0    |    0    |    0    |
|          |      grp_fu_524      |    0    |    0    |    0    |
|          |      grp_fu_532      |    0    |    0    |    0    |
|          |      grp_fu_540      |    0    |    0    |    0    |
|          |      grp_fu_548      |    0    |    0    |    0    |
|----------|----------------------|---------|---------|---------|
|          |   trunc_ln22_fu_560  |    0    |    0    |    0    |
|          |  trunc_ln22_1_fu_564 |    0    |    0    |    0    |
|          |  trunc_ln22_2_fu_590 |    0    |    0    |    0    |
|          |  trunc_ln22_6_fu_608 |    0    |    0    |    0    |
|   trunc  |  trunc_ln22_3_fu_632 |    0    |    0    |    0    |
|          |  trunc_ln22_4_fu_649 |    0    |    0    |    0    |
|          |  trunc_ln22_7_fu_676 |    0    |    0    |    0    |
|          |  trunc_ln22_8_fu_684 |    0    |    0    |    0    |
|          |  trunc_ln22_5_fu_688 |    0    |    0    |    0    |
|          |  trunc_ln22_9_fu_727 |    0    |    0    |    0    |
|----------|----------------------|---------|---------|---------|
|          |  zext_ln22_6_fu_568  |    0    |    0    |    0    |
|          |  zext_ln22_7_fu_572  |    0    |    0    |    0    |
|          |  zext_ln22_8_fu_576  |    0    |    0    |    0    |
|          |  zext_ln22_9_fu_580  |    0    |    0    |    0    |
|          |  zext_ln22_13_fu_594 |    0    |    0    |    0    |
|          |  zext_ln22_14_fu_598 |    0    |    0    |    0    |
|          |  zext_ln22_33_fu_612 |    0    |    0    |    0    |
|          |  zext_ln22_34_fu_616 |    0    |    0    |    0    |
|          |  zext_ln22_18_fu_636 |    0    |    0    |    0    |
|          |  zext_ln22_19_fu_640 |    0    |    0    |    0    |
|          |  zext_ln22_23_fu_653 |    0    |    0    |    0    |
|          |  zext_ln22_24_fu_657 |    0    |    0    |    0    |
|          |  zext_ln22_39_fu_680 |    0    |    0    |    0    |
|          |  zext_ln22_28_fu_692 |    0    |    0    |    0    |
|          |  zext_ln22_29_fu_696 |    0    |    0    |    0    |
|          |  zext_ln22_38_fu_710 |    0    |    0    |    0    |
|          |  zext_ln22_44_fu_723 |    0    |    0    |    0    |
|          |  zext_ln22_43_fu_743 |    0    |    0    |    0    |
|          |  zext_ln22_49_fu_751 |    0    |    0    |    0    |
|          |   zext_ln22_fu_755   |    0    |    0    |    0    |
|          |  zext_ln22_1_fu_758  |    0    |    0    |    0    |
|          |  zext_ln22_10_fu_761 |    0    |    0    |    0    |
|          |  zext_ln22_15_fu_764 |    0    |    0    |    0    |
|          |  zext_ln22_4_fu_783  |    0    |    0    |    0    |
|   zext   |  zext_ln22_5_fu_786  |    0    |    0    |    0    |
|          |  zext_ln22_12_fu_789 |    0    |    0    |    0    |
|          |  zext_ln22_20_fu_792 |    0    |    0    |    0    |
|          |  zext_ln22_25_fu_795 |    0    |    0    |    0    |
|          |  zext_ln22_30_fu_798 |    0    |    0    |    0    |
|          |  zext_ln22_48_fu_801 |    0    |    0    |    0    |
|          |  zext_ln22_2_fu_824  |    0    |    0    |    0    |
|          |  zext_ln22_3_fu_827  |    0    |    0    |    0    |
|          |  zext_ln22_11_fu_836 |    0    |    0    |    0    |
|          |  zext_ln22_16_fu_845 |    0    |    0    |    0    |
|          |  zext_ln22_17_fu_848 |    0    |    0    |    0    |
|          |  zext_ln22_22_fu_857 |    0    |    0    |    0    |
|          |  zext_ln22_35_fu_860 |    0    |    0    |    0    |
|          |  zext_ln22_21_fu_867 |    0    |    0    |    0    |
|          |  zext_ln22_26_fu_875 |    0    |    0    |    0    |
|          |  zext_ln22_27_fu_878 |    0    |    0    |    0    |
|          |  zext_ln22_31_fu_886 |    0    |    0    |    0    |
|          |  zext_ln22_32_fu_889 |    0    |    0    |    0    |
|          |  zext_ln22_36_fu_924 |    0    |    0    |    0    |
|          |  zext_ln22_40_fu_932 |    0    |    0    |    0    |
|          |  zext_ln22_45_fu_961 |    0    |    0    |    0    |
|          |  zext_ln22_37_fu_974 |    0    |    0    |    0    |
|          |  zext_ln22_41_fu_977 |    0    |    0    |    0    |
|          | zext_ln22_42_fu_1010 |    0    |    0    |    0    |
|          | zext_ln22_46_fu_1017 |    0    |    0    |    0    |
|          | zext_ln22_47_fu_1045 |    0    |    0    |    0    |
|----------|----------------------|---------|---------|---------|
|   Total  |                      |    75   |    0    |   2625  |
|----------|----------------------|---------|---------|---------|

Memories:
N/A

* Register list:
+---------------------+--------+
|                     |   FF   |
+---------------------+--------+
|  a_addr_1_reg_1621  |    3   |
|  a_addr_2_reg_1780  |    3   |
|  a_addr_3_reg_1785  |    3   |
|  a_addr_4_reg_1926  |    3   |
|   a_addr_reg_1606   |    3   |
| add_ln22_12_reg_2468|   16   |
| add_ln22_13_reg_2116|   16   |
| add_ln22_16_reg_2473|   16   |
| add_ln22_17_reg_2206|   16   |
| add_ln22_1_reg_2018 |   16   |
| add_ln22_20_reg_2478|   16   |
| add_ln22_21_reg_2028|   16   |
| add_ln22_24_reg_2483|   16   |
| add_ln22_25_reg_2033|   16   |
| add_ln22_28_reg_2525|   16   |
| add_ln22_29_reg_2121|   16   |
| add_ln22_32_reg_2530|   16   |
| add_ln22_33_reg_2126|   16   |
| add_ln22_36_reg_2535|   16   |
| add_ln22_37_reg_2220|   16   |
| add_ln22_40_reg_2540|   16   |
| add_ln22_41_reg_2131|   16   |
| add_ln22_44_reg_2583|   16   |
| add_ln22_45_reg_2136|   16   |
| add_ln22_48_reg_2588|   16   |
| add_ln22_49_reg_2225|   16   |
| add_ln22_4_reg_2382 |   16   |
| add_ln22_51_reg_2722|   16   |
| add_ln22_52_reg_2593|   16   |
| add_ln22_53_reg_2230|   16   |
| add_ln22_55_reg_2727|   16   |
| add_ln22_56_reg_2598|   16   |
| add_ln22_57_reg_2235|   16   |
| add_ln22_59_reg_2742|   16   |
| add_ln22_5_reg_2023 |   16   |
| add_ln22_60_reg_2637|   16   |
| add_ln22_61_reg_2240|   16   |
| add_ln22_63_reg_2747|   16   |
| add_ln22_64_reg_2642|   16   |
| add_ln22_65_reg_2342|   16   |
| add_ln22_67_reg_2752|   16   |
| add_ln22_68_reg_2647|   16   |
| add_ln22_69_reg_2347|   16   |
| add_ln22_71_reg_2757|   16   |
| add_ln22_72_reg_2652|   16   |
| add_ln22_73_reg_2352|   16   |
| add_ln22_75_reg_2762|   16   |
| add_ln22_76_reg_2683|   16   |
| add_ln22_77_reg_2357|   16   |
| add_ln22_79_reg_2767|   16   |
| add_ln22_80_reg_2697|   16   |
| add_ln22_81_reg_2362|   16   |
| add_ln22_83_reg_2772|   16   |
| add_ln22_84_reg_2702|   16   |
| add_ln22_85_reg_2367|   16   |
| add_ln22_87_reg_2777|   16   |
| add_ln22_88_reg_2707|   16   |
| add_ln22_89_reg_2453|   16   |
| add_ln22_8_reg_2387 |   16   |
| add_ln22_91_reg_2782|   16   |
| add_ln22_92_reg_2732|   16   |
| add_ln22_93_reg_2458|   16   |
| add_ln22_95_reg_2787|   16   |
| add_ln22_96_reg_2737|   16   |
| add_ln22_97_reg_2463|   16   |
| add_ln22_99_reg_2792|   16   |
| add_ln22_9_reg_2111 |   16   |
|  add_ln22_reg_2377  |   16   |
|  b_addr_1_reg_1616  |    3   |
|  b_addr_2_reg_1729  |    3   |
|  b_addr_3_reg_1734  |    3   |
|  b_addr_4_reg_1862  |    3   |
|   b_addr_reg_1611   |    3   |
|mul_ln22_101_reg_2668|   16   |
|mul_ln22_103_reg_2250|   16   |
|mul_ln22_106_reg_2673|   16   |
|mul_ln22_108_reg_2255|   16   |
|mul_ln22_111_reg_2678|   16   |
|mul_ln22_113_reg_2260|   16   |
|mul_ln22_116_reg_2712|   16   |
|mul_ln22_118_reg_2265|   16   |
| mul_ln22_11_reg_2319|   16   |
|mul_ln22_121_reg_2717|   16   |
|mul_ln22_123_reg_2372|   16   |
| mul_ln22_13_reg_1821|   16   |
| mul_ln22_16_reg_2400|   16   |
| mul_ln22_18_reg_1857|   16   |
| mul_ln22_1_reg_2284 |   16   |
| mul_ln22_21_reg_2422|   16   |
| mul_ln22_23_reg_1962|   16   |
| mul_ln22_26_reg_2443|   16   |
| mul_ln22_28_reg_1770|   16   |
| mul_ln22_31_reg_2448|   16   |
| mul_ln22_33_reg_1775|   16   |
| mul_ln22_36_reg_2488|   16   |
| mul_ln22_38_reg_1867|   16   |
| mul_ln22_3_reg_1688 |   16   |
| mul_ln22_41_reg_2493|   16   |
| mul_ln22_43_reg_1872|   16   |
| mul_ln22_46_reg_2498|   16   |
| mul_ln22_48_reg_1967|   16   |
| mul_ln22_51_reg_2511|   16   |
| mul_ln22_53_reg_1979|   16   |
| mul_ln22_56_reg_2545|   16   |
| mul_ln22_58_reg_1984|   16   |
| mul_ln22_61_reg_2550|   16   |
| mul_ln22_63_reg_2038|   16   |
| mul_ln22_66_reg_2555|   16   |
| mul_ln22_68_reg_2043|   16   |
| mul_ln22_6_reg_2297 |   16   |
| mul_ln22_71_reg_2560|   16   |
| mul_ln22_73_reg_2048|   16   |
| mul_ln22_76_reg_2608|   16   |
| mul_ln22_78_reg_2061|   16   |
| mul_ln22_81_reg_2613|   16   |
| mul_ln22_83_reg_2141|   16   |
| mul_ln22_86_reg_2618|   16   |
| mul_ln22_88_reg_2146|   16   |
| mul_ln22_8_reg_1724 |   16   |
| mul_ln22_91_reg_2623|   16   |
| mul_ln22_93_reg_2151|   16   |
| mul_ln22_96_reg_2657|   16   |
| mul_ln22_98_reg_2156|   16   |
|       reg_556       |    8   |
|   tmp_11_reg_1795   |    8   |
|   tmp_12_reg_1800   |    8   |
|   tmp_15_reg_1831   |    8   |
|   tmp_16_reg_1836   |    8   |
|   tmp_19_reg_1936   |    8   |
|    tmp_1_reg_1641   |    8   |
|   tmp_20_reg_1941   |    8   |
|   tmp_23_reg_1744   |    8   |
|   tmp_24_reg_1749   |    8   |
|   tmp_27_reg_1882   |    8   |
|   tmp_28_reg_1887   |    8   |
|   tmp_29_reg_1892   |    8   |
|    tmp_2_reg_1646   |    8   |
|   tmp_31_reg_1911   |    8   |
|   tmp_32_reg_1916   |    8   |
|   tmp_33_reg_1921   |    8   |
|   tmp_35_reg_2003   |    8   |
|   tmp_36_reg_2008   |    8   |
|   tmp_37_reg_2013   |    8   |
|    tmp_3_reg_1651   |    8   |
|    tmp_8_reg_1698   |    8   |
|    tmp_9_reg_1703   |    8   |
|     tmp_reg_1636    |    8   |
|trunc_ln22_1_reg_1631|    8   |
|trunc_ln22_2_reg_1693|    8   |
|trunc_ln22_3_reg_1790|    8   |
|trunc_ln22_4_reg_1826|    8   |
|trunc_ln22_5_reg_1931|    8   |
|trunc_ln22_6_reg_1739|    8   |
|trunc_ln22_7_reg_1877|    8   |
|trunc_ln22_8_reg_1906|    8   |
|trunc_ln22_9_reg_1998|    8   |
| trunc_ln22_reg_1626 |    8   |
|zext_ln22_10_reg_2093|   16   |
|zext_ln22_11_reg_2289|   16   |
|zext_ln22_12_reg_2179|   16   |
|zext_ln22_13_reg_1708|   16   |
|zext_ln22_14_reg_1715|   16   |
|zext_ln22_15_reg_2102|   16   |
|zext_ln22_16_reg_2302|   16   |
|zext_ln22_17_reg_2310|   16   |
|zext_ln22_18_reg_1805|   16   |
|zext_ln22_19_reg_1812|   16   |
| zext_ln22_1_reg_2084|   16   |
|zext_ln22_20_reg_2188|   16   |
|zext_ln22_21_reg_2392|   16   |
|zext_ln22_22_reg_2324|   16   |
|zext_ln22_23_reg_1841|   16   |
|zext_ln22_24_reg_1848|   16   |
|zext_ln22_25_reg_2197|   16   |
|zext_ln22_26_reg_2405|   16   |
|zext_ln22_27_reg_2413|   16   |
|zext_ln22_28_reg_1946|   16   |
|zext_ln22_29_reg_1953|   16   |
| zext_ln22_2_reg_2270|   16   |
|zext_ln22_30_reg_2211|   16   |
|zext_ln22_31_reg_2427|   16   |
|zext_ln22_32_reg_2434|   16   |
|zext_ln22_33_reg_1754|   16   |
|zext_ln22_34_reg_1761|   16   |
|zext_ln22_35_reg_2333|   16   |
|zext_ln22_36_reg_2503|   16   |
|zext_ln22_37_reg_2574|   16   |
|zext_ln22_38_reg_1972|   16   |
|zext_ln22_39_reg_1897|   16   |
| zext_ln22_3_reg_2276|   16   |
|zext_ln22_40_reg_2516|   16   |
|zext_ln22_41_reg_2603|   16   |
|zext_ln22_42_reg_2628|   16   |
|zext_ln22_43_reg_2053|   16   |
|zext_ln22_44_reg_1989|   16   |
|zext_ln22_45_reg_2565|   16   |
|zext_ln22_46_reg_2662|   16   |
|zext_ln22_47_reg_2688|   16   |
|zext_ln22_48_reg_2245|   16   |
|zext_ln22_49_reg_2066|   16   |
| zext_ln22_4_reg_2161|   16   |
| zext_ln22_5_reg_2170|   16   |
| zext_ln22_6_reg_1656|   16   |
| zext_ln22_7_reg_1663|   16   |
| zext_ln22_8_reg_1670|   16   |
| zext_ln22_9_reg_1679|   16   |
|  zext_ln22_reg_2075 |   16   |
+---------------------+--------+
|        Total        |  2910  |
+---------------------+--------+

* Multiplexer (MUX) list: 
|-------------------|------|------|------|--------||---------||---------||---------|
|        Comp       |  Pin | Size |  BW  | S x BW ||  Delay  ||    FF   ||   LUT   |
|-------------------|------|------|------|--------||---------||---------||---------|
|  grp_access_fu_94 |  p0  |   6  |   3  |   18   ||    0    ||    31   |
|  grp_access_fu_94 |  p2  |   4  |   0  |    0   ||    0    ||    20   |
| grp_access_fu_112 |  p0  |   6  |   3  |   18   ||    0    ||    31   |
| grp_access_fu_112 |  p2  |   4  |   0  |    0   ||    0    ||    20   |
| grp_access_fu_210 |  p0  |  13  |   5  |   65   ||    0    ||    65   |
| grp_access_fu_210 |  p1  |  13  |  16  |   208  ||    0    ||    65   |
| grp_access_fu_210 |  p2  |  12  |   0  |    0   ||    0    ||    65   |
| grp_access_fu_210 |  p4  |  12  |   5  |   60   ||    0    ||    65   |
|    grp_fu_1118    |  p0  |   3  |   8  |   24   ||    0    ||    14   |
|    grp_fu_1118    |  p1  |   2  |   8  |   16   ||    0    ||    9    |
|    grp_fu_1125    |  p0  |   3  |   8  |   24   ||    0    ||    14   |
|    grp_fu_1125    |  p1  |   2  |   8  |   16   ||    0    ||    9    |
|    grp_fu_1132    |  p0  |   3  |   8  |   24   ||    0    ||    14   |
|    grp_fu_1132    |  p1  |   2  |   8  |   16   ||    0    ||    9    |
|    grp_fu_1139    |  p0  |   3  |   8  |   24   ||    0    ||    14   |
|    grp_fu_1139    |  p1  |   2  |   8  |   16   ||    0    ||    9    |
|    grp_fu_1146    |  p0  |   3  |   8  |   24   ||    0    ||    14   |
|    grp_fu_1152    |  p0  |   3  |   8  |   24   ||    0    ||    14   |
|    grp_fu_1158    |  p0  |   2  |   8  |   16   ||    0    ||    9    |
|    grp_fu_1158    |  p1  |   2  |   8  |   16   ||    0    ||    9    |
|    grp_fu_1164    |  p0  |   2  |   8  |   16   ||    0    ||    9    |
|    grp_fu_1164    |  p1  |   2  |   8  |   16   ||    0    ||    9    |
|    grp_fu_1170    |  p0  |   3  |   8  |   24   ||    0    ||    14   |
|    grp_fu_1176    |  p0  |   3  |   8  |   24   ||    0    ||    14   |
|    grp_fu_1182    |  p0  |   3  |   8  |   24   ||    0    ||    14   |
|    grp_fu_1188    |  p0  |   2  |   8  |   16   ||    0    ||    9    |
|    grp_fu_1188    |  p1  |   2  |   8  |   16   ||    0    ||    9    |
|    grp_fu_1194    |  p0  |   2  |   8  |   16   ||    0    ||    9    |
|    grp_fu_1199    |  p0  |   2  |   8  |   16   ||    0    ||    9    |
|    grp_fu_1204    |  p0  |   2  |   8  |   16   ||    0    ||    9    |
|    grp_fu_1204    |  p1  |   2  |   8  |   16   ||    0    ||    9    |
|    grp_fu_1210    |  p0  |   3  |   8  |   24   ||    0    ||    14   |
|    grp_fu_1216    |  p0  |   2  |   8  |   16   ||    0    ||    9    |
|    grp_fu_1221    |  p0  |   2  |   8  |   16   ||    0    ||    9    |
|    grp_fu_1226    |  p0  |   2  |   8  |   16   ||    0    ||    9    |
|    grp_fu_1231    |  p0  |   2  |   8  |   16   ||    0    ||    9    |
|    grp_fu_1236    |  p0  |   3  |   8  |   24   ||    0    ||    14   |
|    grp_fu_1243    |  p0  |   3  |   8  |   24   ||    0    ||    14   |
|    grp_fu_1250    |  p0  |   3  |   8  |   24   ||    0    ||    14   |
|    grp_fu_1250    |  p1  |   2  |   8  |   16   ||    0    ||    9    |
|    grp_fu_1258    |  p0  |   3  |   8  |   24   ||    0    ||    14   |
|    grp_fu_1258    |  p1  |   2  |   8  |   16   ||    0    ||    9    |
|    grp_fu_1266    |  p0  |   3  |   8  |   24   ||    0    ||    14   |
|    grp_fu_1266    |  p1  |   2  |   8  |   16   ||    0    ||    9    |
|    grp_fu_1274    |  p0  |   2  |   8  |   16   ||    0    ||    9    |
|    grp_fu_1279    |  p0  |   2  |   8  |   16   ||    0    ||    9    |
|    grp_fu_1284    |  p0  |   2  |   8  |   16   ||    0    ||    9    |
|    grp_fu_1290    |  p0  |   3  |   8  |   24   ||    0    ||    14   |
|    grp_fu_1290    |  p1  |   2  |   8  |   16   ||    0    ||    9    |
|    grp_fu_1298    |  p0  |   3  |   8  |   24   ||    0    ||    14   |
|    grp_fu_1298    |  p1  |   2  |   8  |   16   ||    0    ||    9    |
|    grp_fu_1306    |  p0  |   3  |   8  |   24   ||    0    ||    14   |
|    grp_fu_1313    |  p0  |   3  |   8  |   24   ||    0    ||    14   |
|    grp_fu_1320    |  p0  |   3  |   8  |   24   ||    0    ||    14   |
|    grp_fu_1327    |  p0  |   3  |   8  |   24   ||    0    ||    14   |
|    grp_fu_1334    |  p0  |   3  |   8  |   24   ||    0    ||    14   |
|    grp_fu_1341    |  p0  |   3  |   8  |   24   ||    0    ||    14   |
|    grp_fu_1348    |  p0  |   2  |   8  |   16   ||    0    ||    9    |
|    grp_fu_1354    |  p0  |   2  |   8  |   16   ||    0    ||    9    |
|    grp_fu_1360    |  p0  |   2  |   8  |   16   ||    0    ||    9    |
|    grp_fu_1366    |  p0  |   3  |   8  |   24   ||    0    ||    14   |
|    grp_fu_1373    |  p0  |   3  |   8  |   24   ||    0    ||    14   |
|    grp_fu_1380    |  p0  |   3  |   8  |   24   ||    0    ||    14   |
|    grp_fu_1387    |  p0  |   2  |   8  |   16   ||    0    ||    9    |
|    grp_fu_1393    |  p0  |   2  |   8  |   16   ||    0    ||    9    |
|    grp_fu_1399    |  p0  |   2  |   8  |   16   ||    0    ||    9    |
|    grp_fu_1405    |  p0  |   2  |   8  |   16   ||    0    ||    9    |
|    grp_fu_1411    |  p0  |   2  |   8  |   16   ||    0    ||    9    |
|    grp_fu_1417    |  p0  |   2  |   8  |   16   ||    0    ||    9    |
|    grp_fu_1423    |  p0  |   3  |   8  |   24   ||    0    ||    14   |
|    grp_fu_1430    |  p0  |   3  |   8  |   24   ||    0    ||    14   |
|    grp_fu_1437    |  p0  |   3  |   8  |   24   ||    0    ||    14   |
|    grp_fu_1444    |  p0  |   3  |   8  |   24   ||    0    ||    14   |
|    grp_fu_1451    |  p0  |   2  |   8  |   16   ||    0    ||    9    |
|    grp_fu_1457    |  p0  |   2  |   8  |   16   ||    0    ||    9    |
|    grp_fu_1463    |  p0  |   2  |   8  |   16   ||    0    ||    9    |
|    grp_fu_1469    |  p0  |   3  |   8  |   24   ||    0    ||    14   |
|    grp_fu_1476    |  p0  |   3  |   8  |   24   ||    0    ||    14   |
|    grp_fu_1483    |  p0  |   3  |   8  |   24   ||    0    ||    14   |
|    grp_fu_1490    |  p0  |   3  |   8  |   24   ||    0    ||    14   |
|    grp_fu_1497    |  p0  |   3  |   8  |   24   ||    0    ||    14   |
|    grp_fu_1504    |  p0  |   3  |   8  |   24   ||    0    ||    14   |
|    grp_fu_1511    |  p0  |   3  |   8  |   24   ||    0    ||    14   |
|    grp_fu_1518    |  p0  |   2  |   8  |   16   ||    0    ||    9    |
|    grp_fu_1524    |  p0  |   2  |   8  |   16   ||    0    ||    9    |
|    grp_fu_1530    |  p0  |   2  |   8  |   16   ||    0    ||    9    |
|    grp_fu_1536    |  p0  |   3  |   8  |   24   ||    0    ||    14   |
|    grp_fu_1543    |  p0  |   3  |   8  |   24   ||    0    ||    14   |
|    grp_fu_1550    |  p0  |   3  |   8  |   24   ||    0    ||    14   |
|    grp_fu_1557    |  p0  |   3  |   8  |   24   ||    0    ||    14   |
|    grp_fu_1564    |  p0  |   3  |   8  |   24   ||    0    ||    14   |
|    grp_fu_1571    |  p0  |   3  |   8  |   24   ||    0    ||    14   |
|    grp_fu_1578    |  p0  |   3  |   8  |   24   ||    0    ||    14   |
|    grp_fu_1585    |  p0  |   3  |   8  |   24   ||    0    ||    14   |
|    grp_fu_1592    |  p0  |   3  |   8  |   24   ||    0    ||    14   |
|    grp_fu_1599    |  p0  |   3  |   8  |   24   ||    0    ||    14   |
|-------------------|------|------|------|--------||---------||---------||---------|
|       Total       |      |      |      |  2153  ||  163.9  ||    0    ||   1389  |
|-------------------|------|------|------|--------||---------||---------||---------|



* Summary:
+-----------+--------+--------+--------+--------+
|           |   DSP  |  Delay |   FF   |   LUT  |
+-----------+--------+--------+--------+--------+
|  Function |   75   |    -   |    0   |  2625  |
|   Memory  |    -   |    -   |    -   |    -   |
|Multiplexer|    -   |   163  |    0   |  1389  |
|  Register |    -   |    -   |  2910  |    -   |
+-----------+--------+--------+--------+--------+
|   Total   |   75   |   163  |  2910  |  4014  |
+-----------+--------+--------+--------+--------+
